,actual,predicted
0,52.0,56.768272
1,45.0,55.192116
2,45.0,50.992966
3,53.0,52.409893
4,53.0,57.29702
5,62.0,58.51217
6,62.0,63.324562
7,59.0,61.957615
8,59.0,57.327557
9,83.0,56.174633
10,83.0,78.332825
11,97.0,75.08486
12,97.0,87.06352
13,94.0,83.80761
14,94.0,83.71961
15,79.0,83.36
16,79.0,73.72243
17,64.0,71.61835
18,64.0,61.445107
19,60.0,58.636955
20,60.0,57.498623
21,61.0,57.89812
22,61.0,59.737404
23,57.0,61.057865
24,57.0,57.81645
25,59.0,58.933
26,59.0,60.74049
27,45.0,61.494854
28,45.0,51.80186
29,43.0,49.887592
30,43.0,48.167538
31,55.0,47.010574
32,55.0,53.628822
33,55.0,54.394287
34,55.0,52.707348
35,58.0,52.49671
36,58.0,54.595093
37,59.0,58.533276
38,59.0,59.298325
39,60.0,60.39252
40,60.0,60.73333
41,57.0,59.938705
42,57.0,58.821102
43,56.0,61.016838
44,56.0,55.134823
45,53.0,58.576317
46,53.0,50.79946
47,53.0,49.001823
48,53.0,50.451366
49,53.0,51.07115
50,53.0,51.77716
51,57.0,56.99021
52,57.0,58.44687
53,64.0,62.620365
54,64.0,65.562256
55,72.0,63.71471
56,72.0,73.030876
57,63.0,72.33043
58,63.0,61.663757
59,62.0,60.800507
60,62.0,59.866207
61,62.0,58.33198
62,62.0,59.693413
63,55.0,61.000565
64,55.0,55.477257
65,68.0,55.580933
66,68.0,68.47224
67,57.0,68.55317
68,57.0,57.495228
69,54.0,57.462685
70,54.0,56.31742
71,55.0,56.142185
72,55.0,57.115532
73,53.0,57.003735
74,53.0,55.665268
75,46.0,55.340717
76,46.0,49.127228
77,52.0,46.972546
78,52.0,51.357796
79,49.0,50.870087
80,49.0,48.029205
81,56.0,48.760136
82,56.0,53.02909
83,53.0,53.205727
84,53.0,50.914112
85,50.0,52.7227
86,50.0,50.921074
87,53.0,53.67398
88,53.0,57.167
89,50.0,58.42629
90,50.0,56.00665
91,50.0,56.81779
92,50.0,53.417347
93,54.0,54.554794
94,54.0,57.055878
95,56.0,56.76339
96,56.0,54.214375
97,63.0,51.71281
98,63.0,60.69099
99,64.0,59.74767
100,64.0,63.326405
101,62.0,65.51695
102,62.0,60.18646
103,69.0,58.87371
104,69.0,68.00488
105,63.0,68.18603
106,63.0,61.827377
107,62.0,60.43156
108,62.0,58.010014
109,86.0,57.846367
110,86.0,88.62117
111,91.0,84.86337
112,91.0,89.26435
113,87.0,89.28513
114,87.0,85.2474
115,94.0,86.07985
116,94.0,93.56477
117,90.0,90.58216
118,90.0,86.25039
119,87.0,86.92566
120,87.0,85.71328
121,79.0,86.53156
122,79.0,77.830475
123,69.0,77.7788
124,69.0,68.33631
125,76.0,68.031815
126,76.0,76.33603
127,77.0,74.83751
128,77.0,70.25191
129,66.0,74.20037
130,66.0,61.078808
131,66.0,60.742702
132,66.0,64.18225
133,66.0,65.83579
134,66.0,66.990005
135,62.0,67.22937
136,62.0,63.284176
137,61.0,63.878075
138,61.0,63.021355
139,56.0,63.29003
140,56.0,59.77793
141,52.0,60.91075
142,52.0,58.66144
143,51.0,58.193565
144,51.0,57.646206
145,46.0,57.808712
146,46.0,52.881588
147,58.0,52.5363
148,58.0,65.09249
149,60.0,64.90576
150,60.0,63.370235
151,70.0,60.573875
152,70.0,68.811646
153,77.0,66.993965
154,77.0,75.545265
155,100.0,73.27644
156,100.0,99.42494
157,105.0,92.45228
158,105.0,96.64293
159,85.0,93.11468
160,85.0,79.04614
161,75.0,79.52998
162,75.0,72.418236
163,72.0,70.26529
164,72.0,68.24664
165,73.0,68.29362
166,73.0,70.29126
167,68.0,71.6913
168,68.0,66.338776
169,59.0,66.02342
170,59.0,58.932644
171,57.0,58.658684
172,57.0,58.671654
173,57.0,59.716145
174,57.0,59.859005
175,52.0,59.859276
176,52.0,53.078796
177,55.0,52.653576
178,55.0,53.410984
179,54.0,52.33103
180,54.0,51.42537
181,51.0,53.343124
182,51.0,49.026535
183,51.0,54.359535
184,51.0,55.053513
185,42.0,53.39202
186,42.0,46.69195
187,38.0,47.83308
188,38.0,45.651154
189,50.0,45.186367
190,50.0,59.38814
191,57.0,57.88596
192,57.0,61.104813
193,60.0,58.500046
194,60.0,64.05984
195,70.0,61.61594
196,70.0,68.19226
197,75.0,66.65811
198,75.0,71.146194
199,77.0,70.20823
200,77.0,72.96222
201,75.0,72.31996
202,75.0,71.63006
203,61.0,70.47185
204,61.0,59.525955
205,67.0,57.339577
206,67.0,63.558815
207,60.0,64.166245
208,60.0,60.31682
209,63.0,60.7389
210,63.0,64.28278
211,62.0,65.04554
212,62.0,62.98119
213,58.0,62.391323
214,58.0,59.19772
215,56.0,59.52735
216,56.0,57.74061
217,55.0,57.67786
218,55.0,57.45939
219,55.0,57.955925
220,55.0,58.787136
221,60.0,59.576088
222,60.0,62.45095
223,56.0,60.52784
224,56.0,53.547226
225,56.0,53.48319
226,56.0,53.31308
227,52.0,53.13268
228,52.0,50.00928
229,45.0,50.223476
230,45.0,44.252148
231,52.0,47.735607
232,52.0,55.30988
233,53.0,54.311428
234,53.0,55.28731
235,57.0,57.368336
236,57.0,59.800907
237,57.0,59.38424
238,57.0,59.69546
239,54.0,58.986553
240,54.0,56.168
241,53.0,56.112278
242,53.0,58.04574
243,53.0,57.537422
244,53.0,56.40902
245,52.0,60.178917
246,52.0,55.90982
247,60.0,54.112907
248,60.0,58.39001
249,52.0,58.027874
250,52.0,51.860703
251,52.0,51.76528
252,52.0,52.21275
253,55.0,52.18647
254,55.0,55.448696
255,53.0,56.356274
256,53.0,56.342075
257,59.0,56.99772
258,59.0,62.56135
259,54.0,62.19265
260,54.0,56.842537
261,60.0,56.264538
262,60.0,62.91318
263,38.0,63.259483
264,38.0,46.724064
265,48.000004,43.404697
266,48.000004,54.26056
267,43.0,53.19574
268,43.0,48.59202
269,44.0,49.951954
270,44.0,52.092167
271,45.0,52.924713
272,45.0,50.03535
273,48.000004,49.96542
274,48.000004,50.215263
275,52.0,51.01016
276,52.0,54.680717
277,51.0,55.399296
278,51.0,54.318768
279,52.0,53.55386
280,52.0,54.458855
281,51.0,53.89299
282,51.0,52.81654
283,51.0,53.32053
284,51.0,53.843
285,50.0,54.93178
286,50.0,53.310234
287,47.0,56.474247
288,47.0,54.036507
289,51.0,53.223488
290,51.0,58.009445
291,62.0,57.29302
292,62.0,69.23587
293,66.0,68.31912
294,66.0,69.54427
295,61.0,64.642044
296,61.0,57.61576
297,53.0,56.091465
298,53.0,51.39606
299,53.0,51.063004
300,53.0,51.463608
301,50.0,51.153065
302,50.0,49.053623
303,56.0,49.83233
304,56.0,55.181065
305,61.0,56.80081
306,61.0,60.75094
307,49.0,61.930016
308,49.0,52.721584
309,53.0,51.514194
310,53.0,54.707508
311,48.000004,54.07099
312,48.000004,49.72916
313,43.0,49.63242
314,43.0,46.964348
315,42.0,46.477657
316,42.0,45.831295
317,33.0,44.888676
318,33.0,38.95127
319,35.0,37.805065
320,35.0,38.75248
321,34.0,37.77166
322,34.0,34.007935
323,40.0,33.759254
324,40.0,40.260025
325,51.0,43.108227
326,51.0,53.701977
327,59.0,53.36686
328,59.0,59.109467
329,57.0,58.07796
330,57.0,57.720646
331,56.0,60.153046
332,56.0,59.760227
333,58.0,61.457508
334,58.0,63.036606
335,58.0,63.25692
336,58.0,64.26314
337,58.0,62.82736
338,58.0,64.71894
339,63.0,64.56046
340,63.0,67.78833
341,66.0,67.28906
342,66.0,64.9818
343,68.0,62.727192
344,68.0,62.554962
345,74.0,62.565346
346,74.0,67.687546
347,78.0,68.63973
348,78.0,72.030136
349,69.0,72.22962
350,69.0,64.534935
351,65.0,64.63451
352,65.0,63.15228
353,63.0,63.17965
354,63.0,61.731586
355,59.0,61.964367
356,59.0,59.166092
357,63.0,59.80444
358,63.0,63.384224
359,62.0,63.991405
360,62.0,62.73229
361,56.0,63.469173
362,56.0,58.541866
363,60.0,58.28437
364,60.0,61.76965
365,57.0,61.722385
366,57.0,57.452087
367,56.0,56.19053
368,56.0,54.026176
369,61.0,54.92947
370,61.0,59.536198
371,66.0,58.96605
372,66.0,65.07935
373,67.0,69.3346
374,67.0,70.531784
375,74.0,72.02476
376,74.0,78.34564
377,67.0,76.73282
378,67.0,66.89032
379,64.0,68.283714
380,64.0,66.00812
381,54.0,65.28666
382,54.0,57.42863
383,63.0,57.043835
384,63.0,67.097244
385,65.0,65.45315
386,65.0,69.7354
387,60.0,67.93668
388,60.0,61.417255
389,62.0,64.23396
390,62.0,63.577396
391,60.0,61.96028
392,60.0,58.911263
393,57.0,57.87467
394,57.0,55.885723
395,66.0,55.792763
396,66.0,64.16826
397,70.0,63.68262
398,70.0,68.10375
399,74.0,68.37219
400,74.0,72.57813
401,68.0,72.5942
402,68.0,66.62596
403,69.0,65.341034
404,69.0,67.10521
405,64.0,66.95318
406,64.0,63.348076
407,64.0,63.174175
408,64.0,64.09771
409,59.0,64.46352
410,59.0,59.395767
411,57.0,59.914795
412,57.0,58.59514
413,54.0,59.44011
414,54.0,55.563442
415,59.0,54.118443
416,59.0,56.793674
417,56.0,56.80298
418,56.0,53.512035
419,67.0,54.279564
420,67.0,65.744774
421,65.0,69.22216
422,65.0,66.68176
423,62.0,67.32469
424,62.0,63.68831
425,71.0,63.872204
426,71.0,72.74711
427,76.0,69.08128
428,76.0,74.74231
429,62.0,74.62551
430,62.0,59.42428
431,61.0,60.891827
432,61.0,60.781208
433,61.0,60.778305
434,61.0,62.408524
435,63.0,61.327503
436,63.0,62.844997
437,66.0,62.250362
438,66.0,68.266685
439,64.0,64.232315
440,64.0,61.520443
441,67.0,60.82508
442,67.0,63.060513
443,66.0,62.300293
444,66.0,60.3847
445,60.0,61.836376
446,60.0,58.189896
447,69.0,58.481262
448,69.0,67.0599
449,65.0,67.44416
450,65.0,63.599403
451,60.0,64.041534
452,60.0,59.750626
453,60.0,59.854332
454,60.0,59.644997
455,59.0,59.485023
456,59.0,59.229588
457,51.0,59.90001
458,51.0,54.28804
459,55.0,53.674454
460,55.0,57.707005
461,50.0,57.89093
462,50.0,52.465412
463,55.0,51.976624
464,55.0,54.76999
465,53.0,54.6437
466,53.0,50.900093
467,46.0,51.00041
468,46.0,45.038906
469,53.0,45.916977
470,53.0,55.330452
471,48.000004,55.89984
472,48.000004,49.132862
473,49.0,52.578274
474,49.0,54.1498
475,49.0,53.30726
476,49.0,55.631348
477,55.0,55.973316
478,55.0,60.168358
479,52.0,60.909122
480,52.0,57.68957
481,52.0,57.894527
482,52.0,58.410698
483,61.0,58.80483
484,61.0,68.18111
485,61.0,66.651215
486,61.0,63.964478
487,41.0,58.427227
488,41.0,42.6547
489,48.000004,39.020706
490,48.000004,45.724037
491,49.0,46.948967
492,49.0,47.522255
493,47.0,48.407463
494,47.0,47.460342
495,58.0,48.663124
496,58.0,56.72883
497,56.0,57.803688
498,56.0,56.218822
499,52.0,56.757458
500,52.0,54.268333
501,49.0,54.09299
502,49.0,51.762714
503,41.0,50.673275
504,41.0,45.810684
505,43.0,44.77791
506,43.0,47.141235
507,43.0,47.921852
508,43.0,48.60877
509,40.0,50.282658
510,40.0,48.82767
511,45.0,49.014523
512,45.0,50.921326
513,50.0,50.015045
514,50.0,52.808235
515,50.0,53.085323
516,50.0,51.76366
517,41.0,53.110332
518,41.0,45.578854
519,54.0,44.306606
520,54.0,57.40035
521,44.0,57.004253
522,44.0,49.336945
523,38.0,48.293133
524,38.0,45.08193
525,38.0,46.665558
526,38.0,47.41395
527,44.0,47.328686
528,44.0,53.419994
529,54.0,53.431526
530,54.0,64.48869
531,55.0,61.808777
532,55.0,60.36092
533,59.0,58.48951
534,59.0,59.60525
535,65.0,55.194603
536,65.0,58.049423
537,67.0,58.69
538,67.0,60.87623
539,64.0,62.669712
540,64.0,60.74804
541,72.0,60.923367
542,72.0,68.464264
543,77.0,69.22414
544,77.0,74.875984
545,71.0,76.11793
546,71.0,70.041824
547,64.0,70.60576
548,64.0,63.870747
549,60.0,62.311073
550,60.0,60.263477
551,56.0,59.735016
552,56.0,57.396404
553,55.0,58.386448
554,55.0,58.736355
555,59.0,59.70186
556,59.0,64.68362
557,59.0,65.53527
558,59.0,63.06944
559,66.0,63.78955
560,66.0,66.96488
561,69.0,68.47272
562,69.0,69.026695
563,74.0,69.14051
564,74.0,75.509094
565,75.0,77.90141
566,75.0,78.375694
567,75.0,76.49282
568,75.0,75.481544
569,71.0,72.25411
570,71.0,66.752655
571,71.0,67.20025
572,71.0,68.14449
573,71.0,68.67043
574,71.0,68.73343
575,76.0,69.741264
576,76.0,76.149864
577,77.0,79.21759
578,77.0,82.77185
579,72.0,82.00607
580,72.0,74.78462
581,67.0,75.01812
582,67.0,70.13776
583,62.0,66.48131
584,62.0,62.422184
585,62.0,61.74254
586,62.0,65.22233
587,62.0,66.9406
588,62.0,64.442375
589,68.0,65.69908
590,68.0,73.00431
591,66.0,72.283295
592,66.0,68.82632
593,64.0,68.44523
594,64.0,65.4547
595,59.0,64.643845
596,59.0,59.447014
597,55.0,57.623405
598,55.0,54.892853
599,50.0,55.89816
600,50.0,52.34323
601,45.0,52.08328
602,45.0,48.529934
603,53.0,48.697758
604,53.0,56.562134
605,55.0,57.094227
606,55.0,57.370373
607,57.0,56.98891
608,57.0,56.79352
609,54.0,57.577347
610,54.0,53.3085
611,58.0,53.010136
612,58.0,58.03239
613,65.0,60.6255
614,65.0,68.93806
615,59.0,69.57063
616,59.0,62.254723
617,56.0,61.26755
618,56.0,57.706974
619,74.0,58.63485
620,74.0,75.570045
621,115.0,74.51022
622,115.0,116.70914
623,90.0,112.7186
624,90.0,78.4682
625,68.0,81.569855
626,68.0,63.833122
627,55.0,61.77749
628,55.0,55.75062
629,62.0,55.386635
630,62.0,61.83676
631,66.0,59.009403
632,66.0,63.344677
633,60.0,64.65823
634,60.0,58.70132
635,61.0,57.278763
636,61.0,58.15766
637,63.0,58.106674
638,63.0,60.64559
639,62.0,61.546223
640,62.0,61.631493
641,55.0,61.595436
642,55.0,55.4809
643,53.0,54.165974
644,53.0,52.57978
645,57.0,52.169647
646,57.0,55.264965
647,58.0,55.27861
648,58.0,56.50464
649,53.0,57.375835
650,53.0,54.792404
651,54.0,55.04234
652,54.0,56.59928
653,106.0,56.697063
654,106.0,112.57148
655,90.0,99.253746
656,90.0,76.962135
657,76.0,77.32727
658,76.0,69.80263
659,57.0,68.18161
660,57.0,51.71868
661,59.0,48.53322
662,59.0,54.76548
663,53.0,60.115776
664,53.0,58.010136
665,48.000004,61.70534
666,48.000004,53.283154
667,43.0,50.45773
668,43.0,45.674107
669,46.0,45.853348
670,46.0,50.932793
671,42.0,49.374817
672,42.0,45.29542
673,42.0,48.0426
674,42.0,49.334946
675,54.0,52.22779
676,54.0,59.350513
677,43.0,57.799023
678,43.0,47.34523
679,44.0,44.00451
680,44.0,42.5854
681,43.0,40.870487
682,43.0,38.87329
683,36.0,37.208366
684,36.0,33.868443
685,35.0,35.055305
686,35.0,35.5137
687,35.0,36.232533
688,35.0,36.391747
689,40.0,36.795185
690,40.0,40.520264
691,39.0,41.644527
692,39.0,40.887215
693,32.0,41.35019
694,32.0,36.29578
695,30.0,34.38908
696,30.0,32.546726
697,40.0,31.20329
698,40.0,38.29241
699,39.0,39.909275
700,39.0,39.284992
701,51.0,39.71084
702,51.0,50.548763
703,46.0,51.581455
704,46.0,45.924995
705,52.0,46.44595
706,52.0,50.204914
707,56.0,48.358406
708,56.0,51.541626
709,55.0,53.700714
710,55.0,53.071823
711,50.0,54.620094
712,50.0,51.211353
713,45.0,51.98293
714,45.0,47.03623
715,54.0,47.0566
716,54.0,56.20215
717,58.0,56.36563
718,58.0,61.009792
719,55.0,59.913033
720,55.0,58.655018
721,56.0,58.964245
722,56.0,58.799725
723,52.0,59.070107
724,52.0,54.655582
725,56.0,51.67908
726,56.0,52.661537
727,53.0,53.414516
728,53.0,52.011517
729,51.0,51.602154
730,51.0,50.30676
731,54.0,50.15735
732,54.0,53.089764
733,55.0,53.789696
734,55.0,55.133965
735,53.0,56.674904
736,53.0,55.530224
737,43.0,55.9362
738,43.0,48.852356
739,40.0,48.472748
740,40.0,47.522953
741,51.0,47.622326
742,51.0,57.050205
743,52.0,56.71236
744,52.0,56.959408
745,33.0,58.35736
746,33.0,45.381516
747,37.0,39.92488
748,37.0,44.169914
749,33.0,44.685204
750,33.0,40.591785
751,35.0,40.334694
752,35.0,41.417274
753,36.0,42.850376
754,36.0,41.205006
755,30.0,38.37378
756,30.0,31.422575
757,34.0,28.087536
758,34.0,32.297062
759,35.0,32.26842
760,35.0,32.59847
761,26.0,33.31318
762,26.0,24.89596
763,11.0,22.674229
764,11.0,10.223634
765,12.000001,11.429139
766,12.000001,12.944716
767,16.0,10.986567
768,16.0,16.27784
769,27.0,16.257835
770,27.0,28.708296
771,47.0,37.910614
772,47.0,46.900883
773,58.0,44.56514
774,58.0,50.948196
775,52.0,54.186405
776,52.0,49.007442
777,52.0,50.336163
778,52.0,51.940292
779,51.0,52.854553
780,51.0,52.71145
781,52.0,53.272175
782,52.0,55.97149
783,41.0,55.94765
784,41.0,47.357307
785,43.0,45.095394
786,43.0,46.287945
787,36.0,46.21475
788,36.0,41.008266
789,28.0,39.83382
790,28.0,34.718723
791,23.0,32.724384
792,23.0,29.09327
793,22.0,27.473381
794,22.0,28.432571
795,42.0,30.44966
796,42.0,49.867325
797,42.0,52.369473
798,42.0,50.19203
799,22.0,50.823727
800,22.0,35.646793
801,28.0,31.68617
802,28.0,32.01896
803,35.0,29.501802
804,35.0,39.223072
805,34.0,41.199913
806,34.0,41.346943
807,38.0,43.24224
808,38.0,44.57624
809,40.0,41.84045
810,40.0,41.35938
811,36.0,41.809914
812,36.0,39.028454
813,33.0,40.94674
814,33.0,39.437946
815,35.0,38.43082
816,35.0,40.47242
817,30.0,40.031357
818,30.0,36.787212
819,25.0,35.21128
820,25.0,34.980137
821,25.0,36.045345
822,25.0,31.698805
823,29.0,29.284472
824,29.0,30.768423
825,31.0,29.601463
826,31.0,32.8487
827,30.0,33.673626
828,30.0,31.41149
829,28.0,31.256304
830,28.0,30.317911
831,28.0,30.886505
832,28.0,31.042078
833,25.0,31.400928
834,25.0,29.456778
835,25.0,29.516052
836,25.0,30.584318
837,23.0,31.394028
838,23.0,31.339008
839,47.0,31.530142
840,47.0,54.993156
841,42.0,56.37943
842,42.0,50.1545
843,31.0,51.04628
844,31.0,44.31014
845,32.0,43.79955
846,32.0,44.008648
847,28.0,43.012062
848,28.0,39.873466
849,29.0,39.688133
850,29.0,35.750435
851,29.0,38.175915
852,29.0,39.17122
853,39.0,41.365936
854,39.0,48.31819
855,43.0,47.41879
856,43.0,46.64044
857,44.0,46.462063
858,44.0,45.241688
859,52.0,46.53551
860,52.0,50.823887
861,48.000004,52.111794
862,48.000004,50.648163
863,40.0,49.45938
864,40.0,42.84427
865,41.0,43.073753
866,41.0,44.023968
867,41.0,46.214413
868,41.0,45.968285
869,45.0,47.76031
870,45.0,46.310062
871,41.0,47.45679
872,41.0,43.043556
873,43.0,41.028572
874,43.0,42.595116
875,40.0,43.158554
876,40.0,41.001762
877,49.0,42.17436
878,49.0,48.88339
879,49.0,51.425446
880,49.0,51.54971
881,48.000004,52.627083
882,48.000004,51.991753
883,38.0,51.983425
884,38.0,45.05919
885,51.0,43.025192
886,51.0,54.199738
887,50.0,55.525967
888,50.0,53.831608
889,57.0,54.480312
890,57.0,60.49004
891,54.0,60.869877
892,54.0,57.42752
893,64.0,56.82608
894,64.0,65.430145
895,63.0,65.398155
896,63.0,62.733856
897,61.0,63.51792
898,61.0,60.31173
899,61.0,60.228134
900,61.0,59.0887
901,58.0,60.711838
902,58.0,58.32834
903,65.0,58.49298
904,65.0,62.215942
905,68.0,60.80018
906,68.0,59.929493
907,62.0,59.61291
908,62.0,58.572853
909,58.0,63.50422
910,58.0,59.76897
911,53.0,57.880695
912,53.0,55.89356
913,56.0,56.58579
914,56.0,58.977196
915,54.0,59.231373
916,54.0,58.42006
917,48.000004,57.484043
918,48.000004,51.879673
919,51.0,50.068436
920,51.0,51.848312
921,42.0,51.099022
922,42.0,45.48793
923,42.0,43.731033
924,42.0,43.78808
925,56.0,43.166737
926,56.0,55.648273
927,76.0,57.311214
928,76.0,79.11064
929,81.0,77.87745
930,81.0,83.14701
931,83.0,82.794
932,83.0,84.265854
933,95.0,84.17601
934,95.0,95.76714
935,98.0,90.66446
936,98.0,94.14488
937,114.0,93.07001
938,114.0,115.187584
939,109.0,110.78274
940,109.0,103.90999
941,113.0,106.42058
942,113.0,116.82824
943,131.0,118.0491
944,131.0,137.15955
945,144.0,132.27588
946,144.0,143.14961
947,124.0,141.36891
948,124.0,121.71802
949,102.0,125.80927
950,102.0,102.446945
951,85.0,100.59896
952,85.0,86.88049
953,77.0,85.12046
954,77.0,78.118935
955,78.0,79.34532
956,78.0,85.886185
957,79.0,80.28753
958,79.0,76.34664
959,74.0,76.17536
960,74.0,75.69934
961,68.0,76.158325
962,68.0,74.60281
963,57.0,72.32505
964,57.0,61.37852
965,48.000004,62.39771
966,48.000004,54.81715
967,38.0,50.2258
968,38.0,43.857994
969,34.0,41.145626
970,34.0,38.085102
971,38.0,38.16148
972,38.0,41.02522
973,42.0,42.233406
974,42.0,45.464516
975,33.0,47.626854
976,33.0,42.6512
977,25.0,40.016155
978,25.0,34.039505
979,23.0,36.169437
980,23.0,34.819702
981,43.0,36.57911
982,43.0,56.38985
983,53.0,53.964252
984,53.0,61.005013
985,58.0,61.12697
986,58.0,63.904095
987,61.0,63.867977
988,61.0,63.815422
989,63.0,62.385025
990,63.0,64.49809
991,62.0,65.32705
992,62.0,62.754337
993,65.0,65.726974
994,65.0,67.80654
995,70.0,66.2499
996,70.0,68.999596
997,76.0,65.59304
998,76.0,68.5728
999,83.0,74.55066
1000,83.0,80.71437
1001,87.0,88.18867
1002,87.0,88.56829
1003,94.0,88.20333
1004,94.0,93.93957
1005,98.0,92.67517
1006,98.0,99.13166
1007,90.0,99.37409
1008,90.0,83.07199
1009,77.0,76.77369
1010,77.0,73.88605
1011,70.0,73.26754
1012,70.0,71.425125
1013,66.0,71.72563
1014,66.0,69.30817
1015,66.0,68.22547
1016,66.0,69.95478
1017,68.0,68.62175
1018,68.0,67.2849
1019,61.0,64.96404
1020,61.0,58.39882
1021,59.0,58.50512
1022,59.0,58.206745
1023,73.0,58.420765
1024,73.0,75.667496
1025,67.0,75.96676
1026,67.0,68.20739
1027,61.0,68.03668
1028,61.0,61.804207
1029,61.0,61.319675
1030,61.0,61.572746
1031,43.0,61.57363
1032,43.0,48.857014
1033,59.0,47.09603
1034,59.0,67.446594
1035,62.0,66.44473
1036,62.0,67.16311
1037,73.0,67.59748
1038,73.0,82.11146
1039,55.0,83.604965
1040,55.0,57.090866
1041,56.0,54.39301
1042,56.0,54.493114
1043,73.0,51.620586
1044,73.0,72.94078
1045,83.0,72.824585
1046,83.0,85.466385
1047,72.0,88.287926
1048,72.0,75.404175
1049,67.0,77.857605
1050,67.0,72.92014
1051,65.0,72.82301
1052,65.0,67.932274
1053,57.0,64.051636
1054,57.0,56.575897
1055,56.0,63.736206
1056,56.0,59.75605
1057,49.0,54.81546
1058,49.0,55.54674
1059,49.0,58.25327
1060,49.0,57.45973
1061,41.0,55.916924
1062,41.0,46.78102
1063,43.0,44.400494
1064,43.0,41.70794
1065,40.0,39.504276
1066,40.0,38.946297
1067,47.0,38.224182
1068,47.0,44.535347
1069,51.0,46.75052
1070,51.0,50.433685
1071,40.0,51.229095
1072,40.0,43.572754
1073,22.0,42.375668
1074,22.0,33.259647
1075,30.0,30.70487
1076,30.0,36.264065
1077,50.0,37.018764
1078,50.0,53.283115
1079,46.0,53.72669
1080,46.0,48.87113
1081,58.0,49.054047
1082,58.0,59.438335
1083,75.0,59.180347
1084,75.0,74.37776
1085,58.0,73.212265
1086,58.0,57.97973
1087,46.0,56.99088
1088,46.0,48.746536
1089,35.0,47.455235
1090,35.0,37.875546
1091,34.0,32.963505
1092,34.0,31.251322
1093,32.0,31.48396
1094,32.0,32.340843
1095,28.0,32.753677
1096,28.0,28.582388
1097,27.0,29.825468
1098,27.0,31.478168
1099,26.0,34.598034
1100,26.0,36.599777
1101,25.0,37.486717
1102,25.0,36.4584
1103,23.0,35.18151
1104,23.0,33.72078
1105,22.0,32.48014
1106,22.0,32.003414
1107,29.0,36.02479
1108,29.0,44.55331
1109,44.0,45.960693
1110,44.0,56.629787
1111,53.0,50.46997
1112,53.0,52.80545
1113,52.0,52.047443
1114,52.0,52.643692
1115,57.0,52.921803
1116,57.0,56.925022
1117,61.0,57.670265
1118,61.0,61.281136
1119,59.0,60.613613
1120,59.0,58.730812
1121,54.0,58.476414
1122,54.0,54.257412
1123,40.0,54.200623
1124,40.0,45.482285
1125,35.0,44.02158
1126,35.0,41.823902
1127,30.0,40.659496
1128,30.0,37.456398
1129,27.0,36.537308
1130,27.0,34.45942
1131,32.0,33.11418
1132,32.0,36.01894
1133,51.0,36.552536
1134,51.0,52.378006
1135,62.0,53.231106
1136,62.0,58.795395
1137,57.0,61.279118
1138,57.0,54.286068
1139,50.0,53.991024
1140,50.0,48.5105
1141,48.000004,49.57683
1142,48.000004,50.795403
1143,40.0,51.41189
1144,40.0,45.15958
1145,37.0,43.445404
1146,37.0,43.724415
1147,31.0,45.064465
1148,31.0,42.51148
1149,38.0,40.40843
1150,38.0,46.20447
1151,48.000004,49.019123
1152,48.000004,56.909267
1153,52.0,57.379776
1154,52.0,61.270157
1155,54.0,60.67332
1156,54.0,61.28201
1157,52.0,62.095562
1158,52.0,57.23605
1159,71.0,52.192974
1160,71.0,68.39076
1161,83.0,65.63559
1162,83.0,75.99901
1163,69.0,74.92236
1164,69.0,63.568302
1165,72.0,61.32767
1166,72.0,64.23326
1167,69.0,63.915413
1168,69.0,62.858135
1169,59.0,63.132927
1170,59.0,57.61012
1171,52.0,57.34195
1172,52.0,53.25968
1173,53.0,52.6571
1174,53.0,53.689037
1175,48.000004,53.992138
1176,48.000004,50.157722
1177,41.0,50.771614
1178,41.0,46.08507
1179,35.0,45.44643
1180,35.0,41.614952
1181,45.0,40.72078
1182,45.0,48.125668
1183,37.0,47.97048
1184,37.0,41.400494
1185,29.0,40.48558
1186,29.0,32.38524
1187,35.0,28.784342
1188,35.0,32.720264
1189,36.0,33.645325
1190,36.0,34.937782
1191,33.0,36.819973
1192,33.0,35.53469
1193,31.0,36.26665
1194,31.0,37.410927
1195,34.0,39.434296
1196,34.0,42.696426
1197,32.0,43.278435
1198,32.0,39.652782
1199,37.0,39.030468
1200,37.0,41.10106
1201,39.0,43.376453
1202,39.0,44.430874
1203,51.0,43.95161
1204,51.0,51.596123
1205,42.0,49.810562
1206,42.0,41.034866
1207,59.0,40.440987
1208,59.0,57.68111
1209,57.0,54.67592
1210,57.0,52.172794
1211,61.0,53.659584
1212,61.0,58.814507
1213,63.0,60.39596
1214,63.0,63.718353
1215,74.0,65.67789
1216,74.0,81.318634
1217,75.0,81.43494
1218,75.0,79.55108
1219,90.0,79.30485
1220,90.0,93.14494
1221,71.0,88.80092
1222,71.0,69.80268
1223,57.0,70.86482
1224,57.0,60.39608
1225,52.0,58.769188
1226,52.0,56.81665
1227,43.0,55.45416
1228,43.0,50.30449
1229,32.0,49.54698
1230,32.0,41.930683
1231,39.0,40.10929
1232,39.0,44.7695
1233,52.0,45.634422
1234,52.0,55.44403
1235,45.0,55.98864
1236,45.0,47.80559
1237,41.0,46.16798
1238,41.0,43.388504
1239,31.0,42.28406
1240,31.0,34.69693
1241,26.0,33.74487
1242,26.0,27.881153
1243,25.0,25.967566
1244,25.0,28.29435
1245,50.0,28.398138
1246,50.0,53.77229
1247,50.0,51.044174
1248,50.0,46.586224
1249,40.0,46.92973
1250,40.0,37.843258
1251,53.0,37.977615
1252,53.0,50.20617
1253,52.0,50.03622
1254,52.0,47.429596
1255,63.0,45.937454
1256,63.0,58.60602
1257,59.0,57.37227
1258,59.0,53.882107
1259,56.0,55.13562
1260,56.0,52.04881
1261,47.0,52.990673
1262,47.0,46.729195
1263,32.0,46.383793
1264,32.0,37.787674
1265,33.0,35.522343
1266,33.0,36.46679
1267,37.0,36.494793
1268,37.0,40.037678
1269,50.0,41.02535
1270,50.0,52.45169
1271,48.000004,53.426228
1272,48.000004,50.246204
1273,67.0,50.288918
1274,67.0,70.88818
1275,55.0,69.25824
1276,55.0,55.630035
1277,64.0,53.92641
1278,64.0,65.03425
1279,73.0,64.116196
1280,73.0,70.00159
1281,72.0,69.61436
1282,72.0,66.04328
1283,67.0,66.602486
1284,67.0,62.348923
1285,57.0,62.24048
1286,57.0,56.076946
1287,45.0,57.13957
1288,45.0,48.320877
1289,37.0,47.47036
1290,37.0,41.85866
1291,50.0,43.810425
1292,50.0,56.90994
1293,53.0,59.23054
1294,53.0,61.191208
1295,41.0,60.640015
1296,41.0,45.473835
1297,39.0,43.268417
1298,39.0,42.26599
1299,49.0,41.854645
1300,49.0,53.30375
1301,45.0,54.090427
1302,45.0,47.505966
1303,45.0,44.933346
1304,45.0,43.96051
1305,54.0,43.305454
1306,54.0,52.695873
1307,34.0,52.833298
1308,34.0,35.772842
1309,51.0,32.762886
1310,51.0,48.07972
1311,59.0,50.949394
1312,59.0,57.585125
1313,55.0,58.79875
1314,55.0,55.345936
1315,57.0,55.173737
1316,57.0,56.403854
1317,55.0,56.17669
1318,55.0,55.346714
1319,54.0,55.057823
1320,54.0,55.74613
1321,54.0,55.37757
1322,54.0,55.486317
1323,59.0,55.35496
1324,59.0,59.538273
1325,59.0,60.2457
1326,59.0,58.442562
1327,60.0,58.489105
1328,60.0,56.996426
1329,61.0,57.442783
1330,61.0,56.857082
1331,61.0,55.53381
1332,61.0,56.7153
1333,53.0,57.789818
1334,53.0,51.944225
1335,39.0,53.403885
1336,39.0,41.415733
1337,32.0,41.76768
1338,32.0,40.518085
1339,24.000002,41.47917
1340,24.000002,43.03144
1341,23.0,39.924892
1342,23.0,36.79232
1343,24.000002,31.398836
1344,24.000002,30.987482
1345,22.0,27.41139
1346,22.0,26.419024
1347,32.0,28.836472
1348,32.0,39.27219
1349,33.0,36.559998
1350,33.0,35.704517
1351,33.0,36.90486
1352,33.0,45.839497
1353,35.0,48.398407
1354,35.0,40.93948
1355,51.0,39.687447
1356,51.0,49.03
1357,40.0,48.53409
1358,40.0,38.783745
1359,33.0,37.842606
1360,33.0,36.32951
1361,27.0,34.29822
1362,27.0,29.428562
1363,45.0,28.528963
1364,45.0,43.96742
1365,39.0,45.37126
1366,39.0,40.139782
1367,25.0,39.40417
1368,25.0,30.721228
1369,33.0,28.200312
1370,33.0,34.329773
1371,31.0,35.84061
1372,31.0,35.60173
1373,56.0,34.10649
1374,56.0,55.18907
1375,56.0,56.350754
1376,56.0,52.278034
1377,37.0,53.912563
1378,37.0,39.03068
1379,44.0,36.73644
1380,44.0,42.848186
1381,47.0,42.965504
1382,47.0,47.99392
1383,51.0,48.697094
1384,51.0,53.731434
1385,52.0,54.978848
1386,52.0,54.559433
1387,49.0,55.672165
1388,49.0,53.474915
1389,56.0,53.24311
1390,56.0,61.19319
1391,56.0,61.414684
1392,56.0,58.461494
1393,52.0,58.770775
1394,52.0,54.067326
1395,45.0,53.441658
1396,45.0,48.01928
1397,41.0,46.878998
1398,41.0,43.505287
1399,54.0,42.710438
1400,54.0,53.473988
1401,55.0,53.425816
1402,55.0,52.887035
1403,54.0,52.67897
1404,54.0,50.69626
1405,51.0,50.954025
1406,51.0,49.002323
1407,55.0,49.43354
1408,55.0,53.57265
1409,57.0,53.957886
1410,57.0,55.216694
1411,48.000004,55.041607
1412,48.000004,49.304764
1413,52.0,48.12664
1414,52.0,51.374794
1415,41.0,51.726463
1416,41.0,44.905346
1417,31.0,43.517975
1418,31.0,38.004543
1419,45.0,36.980667
1420,45.0,47.995193
1421,45.0,48.364372
1422,45.0,47.041615
1423,50.0,46.721355
1424,50.0,49.56617
1425,53.0,50.206043
1426,53.0,51.43224
1427,61.0,52.033
1428,61.0,60.32139
1429,54.0,61.85122
1430,54.0,54.46557
1431,51.0,56.019875
1432,51.0,54.91237
1433,48.000004,55.678326
1434,48.000004,52.090225
1435,41.0,54.194195
1436,41.0,47.04687
1437,41.0,44.49261
1438,41.0,43.210285
1439,43.0,40.44473
1440,43.0,43.23934
1441,73.0,43.603523
1442,73.0,74.97397
1443,61.0,71.99439
1444,61.0,58.312714
1445,66.0,57.96982
1446,66.0,63.747437
1447,73.0,65.530106
1448,73.0,73.25146
1449,61.0,70.581
1450,61.0,59.073997
1451,63.0,56.88893
1452,63.0,58.385868
1453,59.0,58.065285
1454,59.0,55.03625
1455,60.0,53.69375
1456,60.0,56.72472
1457,63.0,58.09446
1458,63.0,60.03478
1459,58.0,60.169838
1460,58.0,57.213608
1461,64.0,56.60237
1462,64.0,61.29727
1463,35.0,61.634354
1464,35.0,43.630634
1465,30.0,38.80507
1466,30.0,37.68336
1467,48.000004,37.041813
1468,48.000004,50.17041
1469,51.0,50.988865
1470,51.0,51.739845
1471,59.0,50.93579
1472,59.0,54.17102
1473,54.0,55.323235
1474,54.0,49.692085
1475,43.0,49.906944
1476,43.0,42.354465
1477,46.0,40.867493
1478,46.0,45.527794
1479,44.0,48.189312
1480,44.0,47.450436
1481,38.0,45.47261
1482,38.0,43.119812
1483,38.0,46.192585
1484,38.0,48.969143
1485,44.0,48.535694
1486,44.0,51.175198
1487,56.0,51.046005
1488,56.0,61.8296
1489,47.0,63.631905
1490,47.0,55.258373
1491,46.0,53.36051
1492,46.0,53.3288
1493,48.000004,53.443268
1494,48.000004,52.14391
1495,52.0,49.48258
1496,52.0,49.82815
1497,54.0,48.474606
1498,54.0,49.62911
1499,54.0,49.962452
1500,54.0,48.45331
1501,43.0,49.199783
1502,43.0,42.454388
1503,42.0,41.5286
1504,42.0,41.705853
1505,35.0,41.26942
1506,35.0,36.923916
1507,51.0,35.33207
1508,51.0,47.29119
1509,30.0,48.14091
1510,30.0,34.56215
1511,33.0,31.056723
1512,33.0,34.18838
1513,27.0,35.741245
1514,27.0,31.330666
1515,20.0,30.415758
1516,20.0,26.76816
1517,26.0,23.606012
1518,26.0,27.483711
1519,25.0,28.439577
1520,25.0,28.624512
1521,23.0,26.380154
1522,23.0,20.483677
1523,32.0,18.77866
1524,32.0,26.142172
1525,37.0,26.70796
1526,37.0,30.502623
1527,52.0,34.326443
1528,52.0,49.601482
1529,55.0,50.37589
1530,55.0,52.171337
1531,48.000004,56.011127
1532,48.000004,50.748466
1533,39.0,48.64849
1534,39.0,44.420948
1535,32.0,45.826286
1536,32.0,46.260296
1537,24.000002,42.7778
1538,24.000002,38.49907
1539,39.0,33.47937
1540,39.0,46.06614
1541,45.0,44.57347
1542,45.0,43.853683
1543,37.0,43.27357
1544,37.0,35.22737
1545,35.0,32.47864
1546,35.0,34.305424
1547,40.0,36.04991
1548,40.0,37.92201
1549,49.0,39.213135
1550,49.0,44.922585
1551,57.0,46.757946
1552,57.0,52.349434
1553,45.0,53.288845
1554,45.0,44.959133
1555,37.0,44.575695
1556,37.0,40.68442
1557,29.0,39.431583
1558,29.0,35.22784
1559,27.0,32.745308
1560,27.0,32.032845
1561,34.0,30.952118
1562,34.0,35.81614
1563,34.0,36.13057
1564,34.0,35.45859
1565,33.0,35.52622
1566,33.0,34.711
1567,27.0,34.78447
1568,27.0,31.097532
1569,28.0,28.644993
1570,28.0,23.517551
1571,30.0,24.538158
1572,30.0,24.37804
1573,36.0,24.222044
1574,36.0,32.14907
1575,37.0,33.273956
1576,37.0,35.95107
1577,37.0,37.798977
1578,37.0,41.14434
1579,39.0,39.96987
1580,39.0,43.55996
1581,38.0,45.493027
1582,38.0,45.927315
1583,44.0,45.74401
1584,44.0,51.88647
1585,55.0,51.194717
1586,55.0,60.043964
1587,50.0,61.034588
1588,50.0,56.130405
1589,52.0,54.92018
1590,52.0,52.69462
1591,45.0,50.38839
1592,45.0,43.280098
1593,56.0,41.187634
1594,56.0,49.64007
1595,42.0,50.433662
1596,42.0,41.148922
1597,31.0,39.55519
1598,31.0,34.71344
1599,36.0,33.536476
1600,36.0,37.69646
1601,35.0,38.309223
1602,35.0,36.93835
1603,38.0,36.32935
1604,38.0,38.442795
1605,38.0,38.78022
1606,38.0,38.261414
1607,38.0,38.47255
1608,38.0,38.265785
1609,44.0,38.819893
1610,44.0,42.85646
1611,40.0,43.58399
1612,40.0,41.519726
1613,35.0,40.870502
1614,35.0,38.58844
1615,40.0,37.95651
1616,40.0,41.47564
1617,37.0,40.282993
1618,37.0,36.20262
1619,39.0,36.57442
1620,39.0,37.148968
1621,40.0,37.256138
1622,40.0,40.539684
1623,33.0,40.624386
1624,33.0,35.964935
1625,29.0,38.50591
1626,29.0,38.389984
1627,33.0,36.74074
1628,33.0,39.15603
1629,29.0,41.031216
1630,29.0,39.060173
1631,25.0,35.687054
1632,25.0,27.879272
1633,25.0,30.432293
1634,25.0,29.489805
1635,23.0,34.935715
1636,23.0,38.41303
1637,28.0,34.67811
1638,28.0,34.418274
1639,30.0,30.617123
1640,30.0,34.25476
1641,38.0,32.72055
1642,38.0,35.543613
1643,35.0,35.92664
1644,35.0,31.502878
1645,28.0,31.264826
1646,28.0,26.889704
1647,37.0,28.360704
1648,37.0,35.48852
1649,31.0,36.872513
1650,31.0,32.924095
1651,51.0,32.759357
1652,51.0,47.02266
1653,44.0,48.2353
1654,44.0,42.786766
1655,47.0,42.341415
1656,47.0,45.74066
1657,46.0,46.86427
1658,46.0,46.1047
1659,46.0,46.046066
1660,46.0,48.371483
1661,42.0,48.431076
1662,42.0,45.3138
1663,46.0,44.938248
1664,46.0,46.992214
1665,38.0,46.8973
1666,38.0,37.95095
1667,29.0,37.410896
1668,29.0,27.210054
1669,35.0,26.105114
1670,35.0,33.071785
1671,38.0,33.70622
1672,38.0,36.642216
1673,40.0,38.580246
1674,40.0,41.911808
1675,28.0,47.47985
1676,28.0,41.077908
1677,58.0,39.077732
1678,58.0,62.979645
1679,60.0,56.615234
1680,60.0,57.194344
1681,60.0,57.29395
1682,60.0,55.13011
1683,62.0,57.589035
1684,62.0,60.80956
1685,44.0,59.092556
1686,44.0,46.918697
1687,35.0,43.992924
1688,35.0,39.628586
1689,42.0,37.596756
1690,42.0,42.28806
1691,42.0,42.242157
1692,42.0,40.89888
1693,54.0,40.737183
1694,54.0,49.267544
1695,45.0,50.871113
1696,45.0,44.856056
1697,49.0,44.040886
1698,49.0,47.876156
1699,41.0,48.704826
1700,41.0,43.557137
1701,41.0,42.338997
1702,41.0,43.904396
1703,31.0,43.69911
1704,31.0,36.790524
1705,28.0,34.969494
1706,28.0,33.596825
1707,30.0,33.023285
1708,30.0,34.765327
1709,36.0,34.36117
1710,36.0,38.0948
1711,39.0,38.57049
1712,39.0,39.862583
1713,44.0,39.44662
1714,44.0,40.99191
1715,43.0,40.737404
1716,43.0,39.66653
1717,53.0,43.604366
1718,53.0,49.28118
1719,27.0,55.237755
1720,27.0,34.756943
1721,34.0,31.03337
1722,34.0,39.10988
1723,38.0,39.100967
1724,38.0,42.428734
1725,38.0,44.041775
1726,38.0,47.280785
1727,33.0,45.50196
1728,33.0,34.97964
1729,31.0,33.385254
1730,31.0,30.851461
1731,24.000002,32.700905
1732,24.000002,32.005398
1733,22.0,29.692719
1734,22.0,28.726995
1735,46.0,24.063572
1736,46.0,38.99167
1737,33.0,42.37365
1738,33.0,32.621235
1739,27.0,29.665537
1740,27.0,27.446562
1741,30.0,28.032074
1742,30.0,33.01975
1743,32.0,36.4389
1744,32.0,38.2781
1745,28.0,37.07902
1746,28.0,33.729923
1747,31.0,33.621025
1748,31.0,36.23575
1749,30.0,37.31268
1750,30.0,36.425922
1751,28.0,34.4569
1752,28.0,32.49072
1753,26.0,31.840885
1754,26.0,29.628666
1755,28.0,29.685652
1756,28.0,32.300514
1757,24.000002,32.372974
1758,24.000002,30.014511
1759,41.0,29.043152
1760,41.0,39.14919
1761,37.0,39.55179
1762,37.0,31.7722
1763,27.0,33.47171
1764,27.0,23.29978
1765,18.0,22.531631
1766,18.0,17.128445
1767,17.0,15.079842
1768,17.0,18.653862
1769,17.0,25.086208
1770,17.0,27.207424
1771,21.0,25.236248
1772,21.0,32.7009
1773,21.0,31.019764
1774,21.0,29.834944
1775,23.0,27.895418
1776,23.0,30.989904
1777,28.0,30.52676
1778,28.0,36.344177
1779,35.0,40.27926
1780,35.0,42.30872
1781,48.000004,39.857883
1782,48.000004,48.08831
1783,51.0,48.23021
1784,51.0,48.97676
1785,40.0,46.326717
1786,40.0,38.008884
1787,43.0,37.866043
1788,43.0,40.044525
1789,42.0,41.35659
1790,42.0,40.784756
1791,40.0,41.29696
1792,40.0,40.915123
1793,30.0,40.972744
1794,30.0,34.513836
1795,23.0,33.502396
1796,23.0,30.135992
1797,57.0,28.42031
1798,57.0,53.709118
1799,29.0,54.107384
1800,29.0,34.544815
1801,45.0,29.57354
1802,45.0,42.855732
1803,45.0,43.76022
1804,45.0,44.78824
1805,20.0,45.031204
1806,20.0,30.935806
1807,28.0,25.79531
1808,28.0,33.142258
1809,26.0,31.209347
1810,26.0,24.507662
1811,28.0,23.57201
1812,28.0,23.185863
1813,24.000002,23.62661
1814,24.000002,22.041693
1815,27.0,21.551601
1816,27.0,29.278402
1817,30.0,34.131184
1818,30.0,41.42512
1819,40.0,40.38168
1820,40.0,47.678944
1821,45.0,50.515457
1822,45.0,51.279804
1823,45.0,49.615185
1824,45.0,49.12024
1825,55.0,50.33358
1826,55.0,56.640553
1827,57.0,57.230934
1828,57.0,59.798416
1829,56.0,58.25894
1830,56.0,53.85761
1831,58.0,53.78551
1832,58.0,56.4073
1833,56.0,54.55372
1834,56.0,52.0794
1835,54.0,51.7553
1836,54.0,49.999126
1837,51.0,50.65381
1838,51.0,48.571663
1839,35.0,48.94496
1840,35.0,38.89169
1841,30.0,35.94497
1842,30.0,33.390095
1843,40.0,32.529675
1844,40.0,40.01699
1845,39.0,40.775383
1846,39.0,39.134823
1847,34.0,38.951496
1848,34.0,35.474007
1849,31.0,35.307327
1850,31.0,33.627148
1851,30.0,33.24196
1852,30.0,34.09459
1853,38.0,33.9397
1854,38.0,39.652134
1855,44.0,40.02457
1856,44.0,41.772205
1857,36.0,41.042667
1858,36.0,33.978333
1859,28.0,35.02416
1860,28.0,27.89907
1861,27.0,26.37571
1862,27.0,27.954563
1863,26.0,27.530582
1864,26.0,29.444386
1865,28.0,30.003113
1866,28.0,34.274605
1867,33.0,34.300747
1868,33.0,40.575794
1869,50.0,41.041687
1870,50.0,46.51842
1871,55.0,51.51317
1872,55.0,53.915184
1873,66.0,50.952957
1874,66.0,61.25226
1875,59.0,59.63812
1876,59.0,49.18726
1877,58.0,53.674603
1878,58.0,54.597107
1879,59.0,54.665817
1880,59.0,55.40664
1881,55.0,54.95202
1882,55.0,51.869217
1883,50.0,51.009537
1884,50.0,47.037987
1885,42.0,46.367455
1886,42.0,41.529903
1887,48.000004,41.143307
1888,48.000004,47.198853
1889,40.0,48.303345
1890,40.0,42.16616
1891,49.0,41.290325
1892,49.0,48.15577
1893,56.0,48.971535
1894,56.0,52.649185
1895,30.0,53.41594
1896,30.0,37.06421
1897,23.0,32.665577
1898,23.0,29.736437
1899,30.0,27.851486
1900,30.0,33.796646
1901,32.0,34.179676
1902,32.0,35.697174
1903,49.0,34.146793
1904,49.0,43.527348
1905,20.0,43.492825
1906,20.0,22.481476
1907,25.0,22.400255
1908,25.0,25.591545
1909,27.0,27.205923
1910,27.0,30.92894
1911,24.000002,29.118805
1912,24.000002,28.252525
1913,22.0,26.794012
1914,22.0,27.621939
1915,30.0,28.52347
1916,30.0,35.5488
1917,35.0,35.16628
1918,35.0,39.934353
1919,38.0,44.141598
1920,38.0,45.43457
1921,57.0,41.05189
1922,57.0,55.400978
1923,62.0,52.750168
1924,62.0,55.61227
1925,56.0,58.20857
1926,56.0,53.94891
1927,52.0,53.73575
1928,52.0,50.397602
1929,53.0,50.081696
1930,53.0,51.648426
1931,48.000004,50.57582
1932,48.000004,45.62589
1933,43.0,45.0812
1934,43.0,41.628414
1935,40.0,41.618732
1936,40.0,40.542225
1937,37.0,40.452797
1938,37.0,38.843933
1939,45.0,38.588024
1940,45.0,44.440804
1941,41.0,45.180496
1942,41.0,41.62228
1943,41.0,41.336933
1944,41.0,41.579
1945,37.0,41.469776
1946,37.0,38.644455
1947,41.0,38.008183
1948,41.0,42.059963
1949,40.0,42.888435
1950,40.0,42.38344
1951,45.0,42.36995
1952,45.0,44.276707
1953,45.0,43.4682
1954,45.0,41.789276
1955,44.0,44.055042
1956,44.0,44.004612
1957,50.0,44.494793
1958,50.0,49.669346
1959,46.0,49.650417
1960,46.0,49.084003
1961,44.0,52.96209
1962,44.0,52.611412
1963,47.0,54.42024
1964,47.0,55.73439
1965,66.0,56.59711
1966,66.0,70.772705
1967,63.0,70.75243
1968,63.0,66.03528
1969,64.0,61.36394
1970,64.0,60.224686
1971,65.0,59.844048
1972,65.0,62.648487
1973,51.0,62.299564
1974,51.0,50.249084
1975,57.0,48.406853
1976,57.0,55.07122
1977,44.0,55.11797
1978,44.0,46.019688
1979,32.0,42.9074
1980,32.0,35.032143
1981,35.0,32.4925
1982,35.0,35.52351
1983,30.0,36.407528
1984,30.0,32.97174
1985,35.0,32.751373
1986,35.0,35.82887
1987,32.0,36.091095
1988,32.0,33.26317
1989,30.0,33.332134
1990,30.0,32.418007
1991,34.0,32.030045
1992,34.0,34.966595
1993,31.0,35.554504
1994,31.0,33.279476
1995,30.0,33.134575
1996,30.0,33.434402
1997,34.0,33.204838
1998,34.0,35.764153
1999,40.0,36.2619
2000,40.0,40.017746
2001,34.0,39.301567
2002,34.0,32.204285
2003,30.0,33.093143
2004,30.0,28.209417
2005,30.0,27.609625
2006,30.0,29.744783
2007,35.0,28.853094
2008,35.0,36.753075
2009,38.0,41.01414
2010,38.0,44.846413
2011,53.0,43.951206
2012,53.0,58.736057
2013,59.0,59.61427
2014,59.0,65.43087
2015,59.0,65.514015
2016,59.0,64.603
2017,63.0,64.048134
2018,63.0,64.30406
2019,73.0,63.101494
2020,73.0,71.50212
2021,76.0,67.68371
2022,76.0,68.94505
2023,68.0,68.38393
2024,68.0,61.79423
2025,53.0,62.065742
2026,53.0,51.829807
2027,42.0,49.2812
2028,42.0,43.000202
2029,37.0,40.991398
2030,37.0,39.011753
2031,23.0,38.763336
2032,23.0,30.115429
2033,24.000002,27.747671
2034,24.000002,29.076853
2035,28.0,29.115995
2036,28.0,30.941355
2037,31.0,31.872696
2038,31.0,32.6326
2039,28.0,31.390167
2040,28.0,28.460005
2041,22.0,28.27428
2042,22.0,24.574446
2043,21.0,23.918371
2044,21.0,25.671896
2045,48.000004,25.11326
2046,48.000004,44.735573
2047,45.0,46.010014
2048,45.0,40.30196
2049,39.0,39.612343
2050,39.0,34.634613
2051,52.0,36.76867
2052,52.0,48.254345
2053,45.0,49.19721
2054,45.0,44.977406
2055,35.0,45.20851
2056,35.0,38.642536
2057,30.0,38.42269
2058,30.0,37.75546
2059,40.0,37.08656
2060,40.0,48.045727
2061,57.0,50.27878
2062,57.0,65.08801
2063,63.0,64.39843
2064,63.0,68.79318
2065,71.0,68.265274
2066,71.0,75.08091
2067,72.0,72.78938
2068,72.0,71.37227
2069,75.0,69.51802
2070,75.0,74.07423
2071,74.0,72.00239
2072,74.0,70.548454
2073,68.0,69.63422
2074,68.0,63.482327
2075,58.0,62.84556
2076,58.0,55.102383
2077,55.0,54.268463
2078,55.0,53.24528
2079,52.0,53.388725
2080,52.0,51.672577
2081,38.0,51.691914
2082,38.0,41.784283
2083,53.0,39.823814
2084,53.0,52.31598
2085,35.0,53.80442
2086,35.0,39.540504
2087,30.0,36.76091
2088,30.0,34.677677
2089,44.0,33.33215
2090,44.0,44.8419
2091,37.0,45.60279
2092,37.0,41.550407
2093,31.0,39.67707
2094,31.0,35.285007
2095,47.0,34.524555
2096,47.0,43.96732
2097,40.0,44.233765
2098,40.0,35.68048
2099,45.0,39.10867
2100,45.0,43.32967
2101,37.0,43.323166
2102,37.0,36.724834
2103,29.0,36.086548
2104,29.0,32.652237
2105,27.0,35.823746
2106,27.0,36.676178
2107,26.0,33.940144
2108,26.0,36.52125
2109,46.0,39.71072
2110,46.0,57.278164
2111,62.0,57.410297
2112,62.0,71.12373
2113,70.0,69.64095
2114,70.0,73.29915
2115,91.0,72.370636
2116,91.0,97.41536
2117,96.00001,88.090385
2118,96.00001,90.45541
2119,88.0,86.23269
2120,88.0,78.96788
2121,64.0,82.78723
2122,64.0,61.62132
2123,59.0,59.122074
2124,59.0,55.710342
2125,60.0,56.520206
2126,60.0,58.61442
2127,40.0,58.92605
2128,40.0,44.178085
2129,37.0,41.38994
2130,37.0,40.34271
2131,31.0,39.809128
2132,31.0,35.60564
2133,28.0,34.817333
2134,28.0,33.107803
2135,24.000002,32.30128
2136,24.000002,30.093206
2137,25.0,29.683233
2138,25.0,30.885391
2139,25.0,30.511612
2140,25.0,30.2679
2141,35.0,29.667141
2142,35.0,37.12806
2143,38.0,38.553062
2144,38.0,38.645496
2145,40.0,39.400253
2146,40.0,37.707912
2147,37.0,38.61817
2148,37.0,34.14392
2149,31.0,33.79922
2150,31.0,29.435984
2151,30.0,33.075424
2152,30.0,34.62886
2153,28.0,33.145485
2154,28.0,35.02768
2155,26.0,37.70467
2156,26.0,37.341995
2157,38.0,36.223663
2158,38.0,48.191414
2159,48.000004,47.83415
2160,48.000004,56.150845
2161,58.0,58.49368
2162,58.0,66.81731
2163,64.0,65.448814
2164,64.0,67.552956
2165,70.0,64.85252
2166,70.0,69.96907
2167,54.0,66.14211
2168,54.0,51.295483
2169,43.0,49.421726
2170,43.0,41.904408
2171,34.0,42.280403
2172,34.0,36.672634
2173,27.0,34.215508
2174,27.0,29.736101
2175,40.0,29.591438
2176,40.0,41.921864
2177,39.0,44.014378
2178,39.0,40.17816
2179,38.0,40.00448
2180,38.0,38.93334
2181,31.0,39.108044
2182,31.0,34.355534
2183,28.0,33.10207
2184,28.0,31.327618
2185,28.0,30.051283
2186,28.0,30.42664
2187,33.0,30.504444
2188,33.0,35.969315
2189,43.0,36.68945
2190,43.0,43.43829
2191,43.0,44.336
2192,43.0,42.018505
2193,38.0,41.843067
2194,38.0,35.953854
2195,33.0,38.074844
2196,33.0,32.737427
2197,33.0,32.374676
2198,33.0,34.2463
2199,33.0,34.117054
2200,33.0,36.76744
2201,40.0,37.98155
2202,40.0,46.64836
2203,43.0,47.176563
2204,43.0,51.712048
2205,53.0,51.972206
2206,53.0,61.416016
2207,50.0,62.953728
2208,50.0,61.165222
2209,44.0,59.66797
2210,44.0,53.216824
2211,51.0,52.70653
2212,51.0,55.933403
2213,58.0,56.172184
2214,58.0,60.733875
2215,56.0,57.959682
2216,56.0,53.476833
2217,55.0,53.07936
2218,55.0,52.13921
2219,52.0,52.18564
2220,52.0,48.48443
2221,40.0,48.51123
2222,40.0,40.320023
2223,47.0,39.469627
2224,47.0,46.97171
2225,51.0,47.808655
2226,51.0,51.113907
2227,44.0,51.230354
2228,44.0,45.444756
2229,54.0,44.535873
2230,54.0,53.63165
2231,55.0,54.760178
2232,55.0,57.091972
2233,45.0,56.438133
2234,45.0,48.586468
2235,35.0,49.33267
2236,35.0,41.86036
2237,32.0,39.3528
2238,32.0,36.032288
2239,37.0,33.72754
2240,37.0,35.37346
2241,48.000004,37.55449
2242,48.000004,45.079956
2243,45.0,46.164288
2244,45.0,43.18369
2245,54.0,45.28755
2246,54.0,55.207195
2247,54.0,58.18289
2248,54.0,56.497814
2249,60.0,54.861603
2250,60.0,60.445705
2251,64.0,61.537014
2252,64.0,65.287415
2253,59.0,64.739655
2254,59.0,60.315567
2255,53.0,60.296623
2256,53.0,55.44064
2257,50.0,54.48631
2258,50.0,51.91303
2259,38.0,51.347446
2260,38.0,44.3876
2261,38.0,43.80453
2262,38.0,44.330162
2263,31.0,40.554996
2264,31.0,34.303097
2265,26.0,31.782866
2266,26.0,26.310509
2267,42.0,23.443466
2268,42.0,38.208157
2269,40.0,41.763985
2270,40.0,40.977043
2271,26.0,42.24427
2272,26.0,32.233246
2273,28.0,27.881718
2274,28.0,29.987598
2275,41.0,30.877926
2276,41.0,42.38267
2277,31.0,43.726116
2278,31.0,36.5449
2279,28.0,34.41502
2280,28.0,32.790012
2281,24.000002,31.753008
2282,24.000002,29.005169
2283,35.0,28.229454
2284,35.0,37.41913
2285,32.0,39.207363
2286,32.0,36.22885
2287,43.0,36.950874
2288,43.0,44.47217
2289,51.0,46.11297
2290,51.0,50.280624
2291,46.0,51.367638
2292,46.0,45.056183
2293,54.0,47.508766
2294,54.0,54.3685
2295,52.0,56.73671
2296,52.0,53.91921
2297,45.0,52.447777
2298,45.0,44.358917
2299,48.000004,44.334084
2300,48.000004,50.18896
2301,38.0,52.99305
2302,38.0,43.796043
2303,55.0,45.618256
2304,55.0,59.716633
2305,33.0,57.33525
2306,33.0,40.42289
2307,53.0,32.782906
2308,53.0,53.27323
2309,55.0,54.765858
2310,55.0,56.33638
2311,52.0,55.21321
2312,52.0,55.95018
2313,59.0,54.837532
2314,59.0,57.099297
2315,58.0,59.54458
2316,58.0,57.727543
2317,55.0,57.238586
2318,55.0,55.28628
2319,50.0,54.63113
2320,50.0,50.906677
2321,50.0,49.293205
2322,50.0,50.46626
2323,59.0,50.8776
2324,59.0,60.96068
2325,42.0,62.769753
2326,42.0,47.307713
2327,55.0,43.515694
2328,55.0,58.385574
2329,61.0,58.24204
2330,61.0,66.45974
2331,62.0,68.96297
2332,62.0,70.61091
2333,56.0,74.61587
2334,56.0,60.87309
2335,57.0,67.62923
2336,57.0,58.544945
2337,54.0,58.008312
2338,54.0,52.999397
2339,47.0,52.184315
2340,47.0,44.835506
2341,42.0,45.00686
2342,42.0,39.167717
2343,48.000004,42.36795
2344,48.000004,50.2432
2345,51.0,50.24827
2346,51.0,52.764225
2347,36.0,56.189724
2348,36.0,45.23955
2349,39.0,42.634018
2350,39.0,45.292233
2351,36.0,46.57494
2352,36.0,45.183056
2353,47.0,45.459934
2354,47.0,54.600113
2355,44.0,53.0891
2356,44.0,50.286087
2357,52.0,47.274662
2358,52.0,54.23232
2359,67.0,56.998917
2360,67.0,66.67979
2361,60.0,66.62144
2362,60.0,60.08245
2363,64.0,59.014866
2364,64.0,60.83861
2365,58.0,60.03262
2366,58.0,55.965183
2367,56.0,56.32454
2368,56.0,56.303886
2369,68.0,56.941425
2370,68.0,71.378845
2371,63.0,69.446075
2372,63.0,63.490433
2373,64.0,63.249847
2374,64.0,65.09814
2375,62.0,64.32621
2376,62.0,62.230125
2377,60.0,61.567783
2378,60.0,60.506207
2379,47.0,60.72899
2380,47.0,51.03774
2381,54.0,49.303265
2382,54.0,56.225235
2383,51.0,56.802696
2384,51.0,50.10833
2385,46.0,51.896755
2386,46.0,45.45811
2387,54.0,44.82138
2388,54.0,49.43009
2389,49.0,51.04221
2390,49.0,47.78225
2391,43.0,48.19732
2392,43.0,43.47844
2393,40.0,43.42136
2394,40.0,43.039455
2395,37.0,50.04028
2396,37.0,49.29124
2397,33.0,45.749905
2398,33.0,42.94624
2399,37.0,42.791576
2400,37.0,49.265568
2401,50.0,45.963493
2402,50.0,48.987133
2403,59.0,50.744347
2404,59.0,61.33668
2405,61.0,60.109104
2406,61.0,60.262074
2407,57.0,59.00957
2408,57.0,52.356865
2409,53.0,60.21753
2410,53.0,55.305798
2411,43.0,52.49159
2412,43.0,42.121098
2413,40.0,42.33813
2414,40.0,41.240364
2415,37.0,41.178772
2416,37.0,39.72165
2417,52.0,39.580326
2418,52.0,53.38613
2419,53.0,53.519833
2420,53.0,53.54141
2421,53.0,55.171562
2422,53.0,55.72249
2423,48.000004,56.182285
2424,48.000004,52.451935
2425,40.0,51.507633
2426,40.0,47.041096
2427,52.0,45.73047
2428,52.0,56.86272
2429,48.000004,55.869915
2430,48.000004,51.064926
2431,40.0,50.73777
2432,40.0,43.852085
2433,33.0,43.427414
2434,33.0,37.836826
2435,37.0,36.93205
2436,37.0,36.838787
2437,35.0,38.599503
2438,35.0,37.02784
2439,26.0,35.383396
2440,26.0,26.493778
2441,25.0,24.55268
2442,25.0,24.900349
2443,27.0,27.193449
2444,27.0,28.629742
2445,28.0,29.617476
2446,28.0,29.594006
2447,39.0,26.744167
2448,39.0,41.977264
2449,44.0,44.48897
2450,44.0,50.83697
2451,52.0,52.934406
2452,52.0,56.084187
2453,55.0,55.596462
2454,55.0,55.476723
2455,73.0,54.881336
2456,73.0,78.91595
2457,73.0,74.8107
2458,73.0,70.1143
2459,66.0,72.297844
2460,66.0,64.68892
2461,66.0,65.91556
2462,66.0,67.96962
2463,59.0,66.543304
2464,59.0,60.15883
2465,54.0,60.200665
2466,54.0,56.177082
2467,43.0,55.80394
2468,43.0,48.13029
2469,44.0,46.969856
2470,44.0,47.78175
2471,35.0,48.23261
2472,35.0,42.804314
2473,30.0,41.310196
2474,30.0,38.28085
2475,27.0,38.021122
2476,27.0,37.284027
2477,43.0,38.053257
2478,43.0,51.15004
2479,44.0,51.649845
2480,44.0,49.51439
2481,39.0,50.246723
2482,39.0,44.273746
2483,30.0,43.316574
2484,30.0,33.026134
2485,23.0,30.652744
2486,23.0,22.524445
2487,53.0,16.5219
2488,53.0,40.044777
2489,48.000004,35.992264
2490,48.000004,28.304985
2491,51.0,31.590082
2492,51.0,40.887478
2493,48.000004,46.902584
2494,48.000004,46.403095
2495,43.0,47.85918
2496,43.0,44.07557
2497,58.0,45.068832
2498,58.0,62.49543
2499,63.0,62.978825
2500,63.0,67.7712
2501,70.0,65.63107
2502,70.0,73.36525
2503,92.0,67.537094
2504,92.0,94.18362
2505,113.0,84.86184
2506,113.0,113.22995
2507,143.0,106.452126
2508,143.0,149.22865
2509,151.0,141.63591
2510,151.0,151.07706
2511,130.0,146.49936
2512,130.0,119.30107
2513,146.0,124.92584
2514,146.0,145.65617
2515,151.0,144.11658
2516,151.0,149.57376
2517,156.0,144.26758
2518,156.0,152.94122
2519,158.0,152.4095
2520,158.0,152.92929
2521,151.0,154.53732
2522,151.0,146.9539
2523,121.0,145.79233
2524,121.0,116.86656
2525,136.0,117.09215
2526,136.0,136.18307
2527,122.0,137.95174
2528,122.0,111.65617
2529,95.0,116.280846
2530,95.0,87.46069
2531,83.0,87.45748
2532,83.0,79.97829
2533,65.0,80.37367
2534,65.0,67.1026
2535,55.0,65.2258
2536,55.0,59.068546
2537,48.000004,57.43489
2538,48.000004,52.84498
2539,45.0,53.78133
2540,45.0,52.898323
2541,45.0,52.69003
2542,45.0,53.451443
2543,57.0,51.85593
2544,57.0,60.317844
2545,58.0,60.212254
2546,58.0,63.51417
2547,63.0,56.724827
2548,63.0,67.4886
2549,57.0,61.461582
2550,57.0,56.52782
2551,50.0,54.6146
2552,50.0,52.5986
2553,50.0,52.174915
2554,50.0,53.12857
2555,43.0,52.798004
2556,43.0,45.374027
2557,54.0,45.31697
2558,54.0,55.37569
2559,56.0,55.635345
2560,56.0,57.57877
2561,51.0,56.880577
2562,51.0,53.26759
2563,59.0,53.407616
2564,59.0,61.59665
2565,61.0,62.333096
2566,61.0,65.120384
2567,58.0,63.605312
2568,58.0,61.7006
2569,62.0,61.094337
2570,62.0,65.79905
2571,75.0,64.51446
2572,75.0,82.42773
2573,83.0,79.96131
2574,83.0,88.00533
2575,85.0,85.34494
2576,85.0,83.98512
2577,99.0,83.19507
2578,99.0,97.04034
2579,95.0,92.24283
2580,95.0,90.147865
2581,78.0,91.366135
2582,78.0,74.85596
2583,77.0,76.35966
2584,77.0,76.829575
2585,81.0,78.03673
2586,81.0,82.92992
2587,83.0,81.814476
2588,83.0,84.93699
2589,77.0,84.382385
2590,77.0,77.24161
2591,92.0,76.273544
2592,92.0,90.68698
2593,100.0,91.01574
2594,100.0,96.81864
2595,81.0,93.3202
2596,81.0,77.118774
2597,80.0,77.96211
2598,80.0,79.86818
2599,72.0,77.44391
2600,72.0,69.78521
2601,53.0,68.71558
2602,53.0,54.837955
2603,52.0,54.828327
2604,52.0,52.421066
2605,32.0,54.28887
2606,32.0,44.22727
2607,33.0,53.55298
2608,33.0,49.409584
2609,31.0,44.57582
2610,31.0,44.664066
2611,32.0,48.461987
2612,32.0,50.97558
2613,30.0,51.400978
2614,30.0,44.658222
2615,28.0,41.88594
2616,28.0,38.43238
2617,24.000002,40.556858
2618,24.000002,35.008614
2619,53.0,40.8008
2620,53.0,65.55423
2621,58.0,58.294937
2622,58.0,62.03375
2623,60.0,65.313576
2624,60.0,62.99717
2625,52.0,64.73486
2626,52.0,54.80114
2627,56.0,57.649223
2628,56.0,50.0189
2629,58.0,51.841312
2630,58.0,52.084694
2631,45.0,53.035038
2632,45.0,44.10967
2633,35.0,43.271732
2634,35.0,39.192574
2635,43.0,38.993958
2636,43.0,48.304466
2637,42.0,49.50951
2638,42.0,48.874107
2639,46.0,46.461784
2640,46.0,49.294754
2641,52.0,49.757397
2642,52.0,56.95338
2643,59.0,53.610603
2644,59.0,62.50308
2645,64.0,59.296284
2646,64.0,64.833885
2647,60.0,62.27962
2648,60.0,57.275887
2649,61.0,56.609573
2650,61.0,59.147465
2651,60.0,59.397717
2652,60.0,58.427113
2653,55.0,58.99422
2654,55.0,55.012936
2655,58.0,55.22346
2656,58.0,58.845676
2657,30.0,66.08415
2658,30.0,44.819237
2659,48.000004,51.17466
2660,48.000004,58.555763
2661,41.0,60.003212
2662,41.0,52.553726
2663,31.0,51.338463
2664,31.0,45.423878
2665,34.0,44.31312
2666,34.0,44.649124
2667,59.0,40.792213
2668,59.0,65.684425
2669,54.0,66.7318
2670,54.0,59.321247
2671,69.0,61.531906
2672,69.0,74.725464
2673,64.0,73.09103
2674,64.0,61.414413
2675,60.0,60.257442
2676,60.0,57.273094
2677,60.0,56.695126
2678,60.0,54.6694
2679,58.0,56.666786
2680,58.0,56.55603
2681,67.0,58.881714
2682,67.0,67.32858
2683,72.0,67.46273
2684,72.0,71.68962
2685,64.0,72.982704
2686,64.0,65.78736
2687,56.0,66.21225
2688,56.0,61.590523
2689,55.0,60.40988
2690,55.0,61.890682
2691,59.0,60.155334
2692,59.0,63.70962
2693,62.0,63.441124
2694,62.0,64.87263
2695,55.0,58.998634
2696,55.0,53.429836
2697,46.0,52.88605
2698,46.0,46.723312
2699,48.000004,46.434208
2700,48.000004,47.251354
2701,43.0,48.46413
2702,43.0,45.885838
2703,51.0,47.719048
2704,51.0,55.17607
2705,44.0,57.073036
2706,44.0,49.78523
2707,40.0,48.850166
2708,40.0,46.34015
2709,61.0,46.365562
2710,61.0,69.36649
2711,63.0,68.290184
2712,63.0,68.145256
2713,72.0,67.10326
2714,72.0,76.80617
2715,68.0,76.94916
2716,68.0,73.41739
2717,83.0,71.68744
2718,83.0,85.25752
2719,85.0,83.881645
2720,85.0,81.68966
2721,82.0,80.42175
2722,82.0,73.94287
2723,73.0,75.41768
2724,73.0,66.41365
2725,74.0,69.0293
2726,74.0,73.00075
2727,66.0,73.89015
2728,66.0,66.35363
2729,61.0,67.66447
2730,61.0,65.1808
2731,59.0,64.26988
2732,59.0,59.299076
2733,70.0,61.012802
2734,70.0,72.17507
2735,61.0,72.9084
2736,61.0,64.52395
2737,72.0,66.41346
2738,72.0,80.21081
2739,60.0,73.747536
2740,60.0,67.57392
2741,71.0,66.69958
2742,71.0,77.85367
2743,80.0,77.34593
2744,80.0,80.82344
2745,86.0,79.497154
2746,86.0,80.64998
2747,82.0,80.94423
2748,82.0,76.349655
2749,77.0,77.77592
2750,77.0,74.57605
2751,58.0,75.47722
2752,30.0,63.054863
2753,46.0,35.69695
2754,40.0,50.164505
2755,28.0,47.10686
2756,24.000002,38.282166
2757,37.0,33.332687
2758,31.0,44.130993
2759,47.0,39.54878
2760,44.0,55.946045
2761,52.0,60.661453
2762,41.0,61.738953
2763,37.0,50.382618
2764,35.0,43.183533
2765,24.000002,43.415573
2766,22.0,35.73865
2767,40.0,29.483742
2768,37.0,50.284924
2769,35.0,47.24673
2770,30.0,40.354675
2771,54.0,32.839672
2772,47.0,50.310345
2773,36.0,47.450054
2774,51.0,37.46854
2775,28.0,47.59064
2776,45.0,36.313713
2777,43.0,52.01348
2778,47.0,50.359123
2779,42.0,51.928104
2780,57.0,47.78733
2781,31.0,60.10761
2782,52.0,44.06116
2783,57.0,58.905468
2784,50.0,62.14433
2785,39.0,54.488373
2786,34.0,43.781708
2787,40.0,39.07794
2788,43.0,42.69049
2789,38.0,47.317432
2790,44.0,36.22184
2791,45.0,45.009857
2792,45.0,46.30462
2793,45.0,49.811256
2794,41.0,50.595203
2795,38.0,42.44818
2796,29.0,42.60486
2797,20.0,35.5936
2798,14.0,27.6553
2799,24.000002,22.167524
2800,22.0,26.138954
2801,21.0,26.186167
2802,21.0,22.586914
2803,25.0,24.654615
2804,25.0,29.979424
2805,21.0,32.701424
2806,17.0,29.177223
2807,13.0,25.774256
2808,10.0,23.917505
2809,18.0,20.144903
2810,30.0,21.824055
2811,31.0,26.320919
2812,32.0,28.04784
2813,26.0,30.096308
2814,21.0,29.710123
2815,38.0,30.041462
2816,53.0,45.80455
2817,50.0,57.716946
2818,54.0,55.215767
2819,47.0,61.16117
2820,54.0,52.39285
2821,41.0,60.608765
2822,41.0,49.871666
2823,33.0,46.15573
2824,33.0,39.875664
2825,25.0,35.98637
2826,27.0,31.087284
2827,24.000002,37.89015
2828,45.0,40.963768
2829,45.0,59.10656
2830,48.000004,59.069244
2831,42.0,57.119457
2832,40.0,52.84958
2833,40.0,46.109623
2834,53.0,42.850647
2835,53.0,48.69569
2836,48.000004,46.551212
2837,45.0,41.681618
2838,47.0,42.001446
2839,45.0,44.82707
2840,33.0,44.129425
2841,27.0,39.256886
2842,30.0,35.593807
2843,36.0,35.812607
2844,35.0,43.481236
2845,25.0,41.540554
2846,29.0,30.91148
2847,31.0,30.223637
2848,26.0,32.223293
2849,25.0,29.990463
2850,31.0,30.251638
2851,38.0,37.33525
2852,46.0,45.252445
2853,54.0,56.649776
2854,54.0,63.92412
2855,45.0,74.295616
2856,39.0,51.459126
2857,34.0,40.39592
2858,29.0,34.31754
2859,29.0,29.063353
2860,27.0,29.728552
2861,30.0,27.096716
2862,32.0,32.31331
2863,35.0,37.196014
2864,55.0,40.328037
2865,64.0,61.861496
2866,71.0,72.44708
2867,67.0,73.39694
2868,72.0,68.21647
2869,68.0,73.08187
2870,45.0,68.105255
2871,39.0,45.373672
2872,28.0,40.055305
2873,18.0,34.373764
2874,25.0,23.918493
2875,25.0,28.195543
2876,25.0,32.54394
2877,21.0,36.880028
2878,29.0,38.31556
2879,33.0,46.6129
2880,29.0,51.063988
2881,31.0,44.763554
2882,38.0,35.538185
2883,36.0,38.874096
2884,35.0,35.549557
2885,44.0,37.634808
2886,51.0,48.110367
2887,58.0,54.6433
2888,80.0,59.257725
2889,67.0,78.47753
2890,61.0,65.82285
2891,57.0,61.455082
2892,60.0,58.611748
2893,55.0,61.090908
2894,52.0,54.77414
2895,59.0,54.101963
2896,54.0,60.02809
2897,43.0,55.67019
2898,32.0,46.489403
2899,47.0,38.086185
2900,15.0,52.247284
2901,37.0,34.623188
2902,23.0,46.30782
2903,18.0,39.346245
2904,19.0,30.251179
2905,28.0,30.339584
2906,28.0,31.061178
2907,25.0,31.825916
2908,23.0,29.296124
2909,32.0,28.417484
2910,45.0,33.0934
2911,37.0,44.97399
2912,39.0,44.72527
2913,38.0,47.45973
2914,32.0,41.57255
2915,33.0,36.199993
2916,27.0,37.254436
2917,26.0,32.513054
2918,23.0,26.42737
2919,35.0,23.081766
2920,40.0,32.358887
2921,33.0,36.00183
2922,33.0,31.634329
2923,27.0,31.034163
2924,38.0,28.022589
2925,32.0,35.6048
2926,24.000002,34.02516
2927,27.0,26.877636
2928,24.000002,30.208254
2929,24.000002,29.847849
2930,23.0,26.289692
2931,24.000002,27.35594
2932,24.000002,22.375973
2933,29.0,27.612913
2934,27.0,32.062035
2935,24.000002,33.402447
2936,41.0,28.07034
2937,29.0,41.288742
2938,12.000001,29.103127
2939,10.0,10.957879
2940,34.0,13.422397
2941,36.0,34.044777
2942,30.0,35.67453
2943,38.0,29.747265
2944,35.0,39.155624
2945,36.0,36.867317
2946,35.0,39.19198
2947,25.0,43.521748
2948,31.0,35.809086
2949,26.0,39.946884
2950,21.0,38.77387
2951,27.0,31.706375
2952,30.0,34.619305
2953,25.0,36.153854
2954,25.0,31.101528
2955,25.0,27.28831
2956,25.0,25.469292
2957,23.0,29.06764
2958,30.0,26.889637
2959,40.0,41.899506
2960,60.0,55.4563
2961,51.0,60.728012
2962,48.000004,53.26295
2963,45.0,48.947346
2964,35.0,47.691532
2965,25.0,34.32157
2966,35.0,23.776892
2967,39.0,26.426723
2968,51.0,27.367105
2969,33.0,37.26785
2970,35.0,29.22107
2971,30.0,29.47506
2972,34.0,29.491869
2973,31.0,30.68291
2974,30.0,30.7444
2975,28.0,29.92807
2976,22.0,29.607525
2977,21.0,23.725973
2978,23.0,20.004547
2979,20.0,22.541445
2980,18.0,23.347334
2981,19.0,21.559122
2982,20.0,22.35628
2983,31.0,25.795912
2984,32.0,33.48463
2985,45.0,33.922104
2986,60.0,41.062355
2987,56.0,56.57778
2988,64.0,51.105377
2989,46.0,55.060486
2990,42.0,39.754856
2991,27.0,30.135511
2992,20.0,20.179625
2993,20.0,10.933072
2994,23.0,9.807671
2995,26.0,12.569582
2996,23.0,15.122963
2997,18.0,12.356623
2998,46.0,9.452992
2999,33.0,30.932838
3000,31.0,27.302794
3001,32.0,22.143078
3002,33.0,21.542957
3003,29.0,24.97706
3004,27.0,28.261662
3005,28.0,29.88019
3006,39.0,30.959806
3007,54.0,39.065517
3008,57.0,55.518883
3009,39.0,64.904976
3010,51.0,50.745663
3011,58.0,59.073513
3012,47.0,60.653694
3013,36.0,48.496643
3014,41.0,38.713497
3015,37.0,39.88757
3016,58.0,37.207275
3017,26.0,52.325294
3018,30.0,33.647713
3019,27.0,26.332476
3020,22.0,29.282625
3021,19.0,25.007635
3022,30.0,23.369946
3023,28.0,31.958567
3024,30.0,31.627808
3025,36.0,29.846413
3026,45.0,30.520483
3027,41.0,41.01061
3028,39.0,39.39742
3029,40.0,38.476463
3030,37.0,45.42838
3031,31.0,45.29094
3032,40.0,40.585613
3033,56.0,48.479305
3034,46.0,56.699226
3035,40.0,46.79696
3036,45.0,40.24915
3037,37.0,45.134285
3038,45.0,38.947773
3039,41.0,38.701572
3040,41.0,33.704075
3041,39.0,33.904095
3042,40.0,32.19206
3043,45.0,35.494602
3044,45.0,41.547966
3045,47.0,43.092808
3046,47.0,45.006615
3047,50.0,48.640812
3048,50.0,55.842346
3049,47.0,52.33982
3050,41.0,47.42925
3051,58.0,42.104065
3052,64.0,55.31216
3053,59.0,62.60417
3054,53.0,56.810524
3055,42.0,53.63711
3056,38.0,49.7792
3057,29.0,47.866447
3058,33.0,43.709812
3059,29.0,38.04154
3060,31.0,35.624557
3061,24.000002,36.10005
3062,18.0,30.203854
3063,9.0,23.706184
3064,10.0,11.824069
3065,11.0,10.421755
3066,3.0000002,15.149044
3067,27.0,12.481165
3068,36.0,34.315605
3069,22.0,45.764965
3070,32.0,36.21802
3071,22.0,42.094803
3072,25.0,35.15536
3073,35.0,35.712063
3074,36.0,41.56103
3075,33.0,42.413605
3076,33.0,35.76211
3077,33.0,37.534374
3078,25.0,35.59365
3079,29.0,33.62229
3080,37.0,26.882912
3081,58.0,39.037323
3082,54.0,57.46798
3083,39.0,54.68942
3084,28.0,46.13937
3085,24.000002,37.51076
3086,18.0,32.153923
3087,18.0,25.580654
3088,19.0,20.97113
3089,22.0,22.786207
3090,21.0,24.931341
3091,23.0,27.449701
3092,20.0,27.442232
3093,26.0,25.975927
3094,21.0,31.35169
3095,10.0,30.100294
3096,18.0,19.742382
3097,30.0,22.783875
3098,42.0,29.758516
3099,52.0,45.341236
3100,54.0,57.156364
3101,55.0,55.446747
3102,53.0,59.75551
3103,58.0,55.592842
3104,64.0,62.410774
3105,66.0,62.142273
3106,66.0,61.748096
3107,76.0,60.305607
3108,60.0,70.28159
3109,64.0,61.931477
3110,60.0,63.58277
3111,68.0,59.534786
3112,60.0,66.7887
3113,70.0,63.21382
3114,65.0,70.08847
3115,70.0,66.76377
3116,75.0,71.69685
3117,75.0,75.46038
3118,84.0,76.66291
3119,64.0,82.48814
3120,62.0,64.33484
3121,61.0,60.170208
3122,57.0,60.791195
3123,54.0,60.08279
3124,52.0,58.378372
3125,57.0,57.392834
3126,55.0,62.30144
3127,50.0,60.37217
3128,58.0,58.273216
3129,45.0,70.788216
3130,45.0,56.355583
3131,45.0,49.53305
3132,54.0,51.9326
3133,53.0,60.703724
3134,70.0,49.31335
3135,59.0,63.294197
3136,60.0,54.69963
3137,60.0,61.215668
3138,55.0,61.150772
3139,60.0,56.557896
3140,61.0,63.30314
3141,62.0,67.200905
3142,58.0,67.77315
3143,72.0,67.345215
3144,75.0,78.48291
3145,76.0,83.57509
3146,78.0,75.29922
3147,65.0,74.28921
3148,58.0,65.213264
3149,54.0,56.433323
3150,49.0,59.72085
3151,56.0,50.866657
3152,64.0,57.457027
3153,66.0,61.889683
3154,44.0,66.80578
3155,52.0,51.131714
3156,52.0,52.748314
3157,53.0,53.17452
3158,66.0,51.48131
3159,56.0,62.576107
3160,69.0,54.64407
3161,41.0,68.69863
3162,39.0,54.410572
3163,38.0,45.573433
3164,51.0,48.735226
3165,31.0,60.499226
3166,38.0,50.89513
3167,36.0,57.235043
3168,39.0,57.316555
3169,46.0,57.39216
3170,52.0,57.11999
3171,55.0,57.244804
3172,56.0,57.159603
3173,57.0,57.60653
3174,59.0,58.43362
3175,60.0,61.30151
3176,58.0,63.006294
3177,59.0,62.708477
3178,55.0,64.6852
3179,49.0,59.206886
3180,59.0,53.950554
3181,45.0,61.735634
3182,31.0,52.149963
3183,49.0,39.721424
3184,43.0,55.666836
3185,46.0,48.3708
3186,38.0,50.95934
3187,48.000004,45.838387
3188,40.0,53.36796
3189,28.0,48.837677
3190,50.0,40.391983
3191,25.0,58.302246
3192,41.0,39.464333
3193,43.0,42.084297
3194,47.0,44.36972
3195,42.0,48.444683
3196,40.0,44.981537
3197,36.0,40.75917
3198,30.0,41.177284
3199,32.0,37.529522
3200,35.0,47.519997
3201,30.0,50.111423
3202,33.0,43.947212
3203,35.0,39.95951
3204,32.0,41.179184
3205,30.0,38.80997
3206,44.0,36.345512
3207,33.0,47.78564
3208,27.0,38.849087
3209,30.0,28.808037
3210,51.0,33.008064
3211,23.0,55.195602
3212,30.0,38.376556
3213,34.0,37.55635
3214,50.0,39.76833
3215,44.0,52.5566
3216,43.0,49.672123
3217,34.0,44.912262
3218,29.0,35.48286
3219,27.0,28.808952
3220,26.0,30.649511
3221,30.0,26.480614
3222,25.0,34.591022
3223,40.0,33.245064
3224,38.0,45.945053
3225,46.0,44.521473
3226,46.0,49.6272
3227,44.0,48.1173
3228,49.0,47.948887
3229,49.0,51.89365
3230,39.0,51.140144
3231,56.0,42.315636
3232,37.0,62.235447
3233,53.0,44.83535
3234,23.0,55.031395
3235,24.000002,37.25902
3236,30.0,29.552988
3237,32.0,35.3802
3238,54.0,38.22309
3239,42.0,60.232246
3240,31.0,50.694046
3241,34.0,34.603386
3242,44.0,31.776522
3243,39.0,40.15402
3244,36.0,39.47711
3245,41.0,34.99676
3246,52.0,39.962154
3247,53.0,46.733932
3248,52.0,48.36199
3249,52.0,53.05937
3250,54.0,52.765472
3251,53.0,54.054573
3252,52.0,55.782
3253,49.0,55.193848
3254,51.0,54.60108
3255,59.0,53.45457
3256,54.0,59.96621
3257,42.0,54.902927
3258,57.0,45.038742
3259,61.0,60.418324
3260,53.0,63.50594
3261,52.0,56.90297
3262,52.0,54.97181
3263,62.0,54.854343
3264,55.0,63.74617
3265,53.0,56.2605
3266,42.0,53.65518
3267,27.0,45.90682
3268,20.0,34.59806
3269,16.0,27.315186
3270,33.0,26.789158
3271,43.0,40.386745
3272,47.0,51.22341
3273,52.0,53.54967
3274,62.0,56.14416
3275,65.0,67.02968
3276,64.0,68.96343
3277,67.0,62.719013
3278,67.0,63.012836
3279,64.0,61.046448
3280,63.0,58.132946
3281,67.0,57.519295
3282,48.000004,62.15291
3283,43.0,51.833126
3284,40.0,46.77643
3285,43.0,44.744576
3286,44.0,47.89113
3287,49.0,48.943817
3288,39.0,52.688984
3289,34.0,47.74735
3290,36.0,41.04013
3291,32.0,41.615807
3292,30.0,34.645336
3293,30.0,35.45885
3294,41.0,35.137466
3295,56.0,46.317734
3296,40.0,60.163525
3297,41.0,45.815365
3298,35.0,43.25267
3299,36.0,43.54086
3300,43.0,43.654667
3301,36.0,49.24886
3302,58.0,43.069706
3303,48.000004,59.517597
3304,39.0,48.945957
3305,28.0,40.539417
3306,30.0,30.473223
3307,51.0,32.725964
3308,51.0,55.124424
3309,36.0,54.897923
3310,44.0,43.843666
3311,40.0,48.092087
3312,41.0,44.57924
3313,33.0,43.867046
3314,37.0,34.98804
3315,33.0,37.513786
3316,31.0,37.178425
3317,47.0,30.611208
3318,44.0,47.8282
3319,47.0,52.540344
3320,48.000004,51.8641
3321,52.0,53.096806
3322,53.0,56.921967
3323,70.0,58.68136
3324,58.0,67.86356
3325,52.0,60.407963
3326,39.0,56.709362
3327,38.0,45.063118
3328,31.0,43.670433
3329,34.0,36.933834
3330,32.0,35.65521
3331,51.0,38.597027
3332,17.0,56.8484
3333,64.0,35.567364
3334,69.0,73.43774
3335,74.0,77.40507
3336,76.0,78.42339
3337,68.0,75.17026
3338,65.0,65.619965
3339,64.0,60.945843
3340,64.0,61.891403
3341,58.0,59.383137
3342,47.0,55.345886
3343,30.0,50.30789
3344,48.000004,36.60525
3345,30.0,53.45554
3346,52.0,41.46277
3347,79.0,57.06638
3348,80.0,90.152374
3349,81.0,83.038765
3350,75.0,83.36382
3351,72.0,73.715904
3352,62.0,72.041824
3353,64.0,65.47576
3354,64.0,63.54187
3355,63.0,63.29584
3356,66.0,63.579235
3357,62.0,66.66954
3358,66.0,65.85295
3359,61.0,70.80713
3360,56.0,66.35442
3361,49.0,57.011673
3362,45.0,50.474865
3363,53.0,47.623756
3364,55.0,54.545654
3365,50.0,57.69329
3366,54.0,51.36742
3367,54.0,55.138176
3368,56.0,55.09331
3369,55.0,58.021168
3370,54.0,58.15863
3371,54.0,56.521744
3372,59.0,56.33627
3373,57.0,60.72788
3374,59.0,58.90569
3375,60.0,58.765278
3376,63.0,57.131237
3377,59.0,61.3335
3378,60.0,59.147736
3379,61.0,62.172558
3380,67.0,66.625946
3381,65.0,74.99317
3382,69.0,72.98029
3383,79.0,79.12492
3384,79.0,86.59725
3385,73.0,81.63284
3386,61.0,72.986984
3387,64.0,58.505642
3388,66.0,60.782482
3389,69.0,70.00912
3390,78.0,69.41072
3391,81.0,84.53397
3392,77.0,84.18244
3393,76.0,73.51914
3394,68.0,84.31507
3395,68.0,72.26127
3396,75.0,71.65058
3397,64.0,75.55176
3398,64.0,64.23284
3399,53.0,64.17826
3400,42.0,53.867928
3401,46.0,40.30906
3402,48.000004,44.793106
3403,51.0,46.871975
3404,63.0,50.86162
3405,61.0,70.611694
3406,78.0,66.39654
3407,87.0,88.83871
3408,81.0,92.90867
3409,75.0,77.72983
3410,75.0,72.41963
3411,72.0,75.51785
3412,71.0,71.68829
3413,70.0,71.26399
3414,60.0,71.20259
3415,62.0,65.22246
3416,67.0,69.126564
3417,60.0,77.5158
3418,69.0,69.11552
3419,61.0,75.36265
3420,60.0,60.28208
3421,40.0,60.73462
3422,47.0,44.95473
3423,42.0,46.220886
3424,40.0,43.664146
3425,51.0,42.262764
3426,46.0,54.289692
3427,31.0,45.08621
3428,32.0,37.286793
3429,30.0,33.815094
3430,25.0,42.28961
3431,21.0,37.53413
3432,31.0,29.421616
3433,47.0,35.96241
3434,44.0,53.541233
3435,49.0,48.99501
3436,52.0,60.40077
3437,59.0,59.3466
3438,54.0,69.26822
3439,60.0,61.230145
3440,65.0,72.88847
3441,63.0,76.971565
3442,62.0,73.65598
3443,63.0,66.37115
3444,63.0,64.49782
3445,59.0,60.603935
3446,54.0,54.26065
3447,64.0,49.54393
3448,68.0,63.659744
3449,64.0,72.80611
3450,61.0,62.423775
3451,62.0,62.11883
3452,64.0,65.45107
3453,68.0,70.02831
3454,71.0,77.464516
3455,70.0,80.08623
3456,70.0,72.83307
3457,79.0,70.44578
3458,84.0,78.9076
3459,83.0,87.68147
3460,83.0,86.52343
3461,74.0,84.80675
3462,71.0,76.83585
3463,47.0,78.71709
3464,67.0,56.995354
3465,81.0,71.27765
3466,94.0,82.01126
3467,67.0,97.81981
3468,60.0,68.220764
3469,52.0,58.748756
3470,52.0,50.219982
3471,48.000004,51.51104
3472,38.0,47.446842
3473,44.0,41.862
3474,54.0,45.33
3475,54.0,60.388058
3476,63.0,60.37195
3477,103.0,75.91496
3478,83.0,133.28227
3479,80.0,91.31064
3480,73.0,88.08019
3481,76.0,74.97704
3482,77.0,73.07324
3483,79.0,73.573135
3484,79.0,72.98727
3485,63.0,73.4773
3486,54.0,57.062737
3487,51.0,51.18698
3488,46.0,52.23929
3489,53.0,50.204647
3490,48.000004,59.358097
3491,40.0,55.277786
3492,30.0,43.588932
3493,21.0,32.993317
3494,33.0,24.155598
3495,35.0,31.891613
3496,40.0,36.140514
3497,43.0,41.116398
3498,51.0,45.25512
3499,60.0,55.400063
3500,80.0,65.627716
3501,57.0,93.28882
3502,72.0,66.798225
3503,54.0,83.21384
3504,53.0,60.609306
3505,55.0,59.37023
3506,66.0,57.22061
3507,61.0,78.56111
3508,59.0,66.733116
3509,62.0,62.89027
3510,70.0,66.36366
3511,75.0,77.01124
3512,75.0,79.55424
3513,67.0,77.456985
3514,63.0,66.43053
3515,64.0,60.552155
3516,68.0,60.929916
3517,68.0,70.70667
3518,71.0,70.756325
3519,67.0,76.113205
3520,76.0,73.223976
3521,70.0,85.170616
3522,69.0,74.62055
3523,66.0,75.82894
3524,73.0,78.14777
3525,75.0,81.95799
3526,81.0,80.19731
3527,84.0,85.91238
3528,97.0,84.31944
3529,101.0,100.35714
3530,97.0,99.74077
3531,95.0,90.901665
3532,94.0,90.27996
3533,91.0,88.47462
3534,90.0,84.80517
3535,87.0,88.51595
3536,89.0,92.206276
3537,96.00001,100.33202
3538,109.0,105.34457
3539,78.0,108.08779
3540,62.0,76.79876
3541,63.0,64.53376
3542,56.0,63.890945
3543,53.0,59.433777
3544,70.0,60.07
3545,62.0,73.71644
3546,62.0,65.652
3547,63.0,66.96437
3548,55.0,63.747246
3549,52.0,57.00733
3550,48.000004,52.715096
3551,58.0,48.34731
3552,58.0,59.52565
3553,62.0,59.832005
3554,75.0,60.43614
3555,84.0,75.932724
3556,80.0,82.721016
3557,78.0,76.52715
3558,58.0,74.20011
3559,61.0,57.908802
3560,66.0,61.638306
3561,56.0,71.17558
3562,63.0,60.50543
3563,83.0,68.05068
3564,83.0,92.060646
3565,79.0,80.565186
3566,86.0,72.61109
3567,93.0,81.90139
3568,81.0,88.328384
3569,71.0,75.52993
3570,69.0,66.906265
3571,74.0,66.676834
3572,77.0,73.89069
3573,80.0,78.17076
3574,72.0,79.206535
3575,68.0,69.213524
3576,66.0,64.68122
3577,59.0,63.330563
3578,59.0,56.1648
3579,47.0,54.220318
3580,42.0,44.37654
3581,42.0,41.03493
3582,41.0,43.43267
3583,34.0,44.434845
3584,31.0,39.764618
3585,53.0,40.30474
3586,59.0,56.02347
3587,81.0,59.80418
3588,74.0,76.10313
3589,145.0,67.77886
3590,95.0,125.80112
3591,69.0,83.122734
3592,58.0,63.902264
3593,57.0,56.44425
3594,50.0,54.267986
3595,57.0,50.617195
3596,46.0,57.742336
3597,38.0,50.263966
3598,72.0,44.543682
3599,122.0,72.04104
3600,87.0,116.69874
3601,71.0,73.062965
3602,59.0,57.159836
3603,47.0,52.2402
3604,36.0,45.87753
3605,30.0,35.87524
3606,23.0,29.585718
3607,20.0,25.904829
3608,20.0,25.657509
3609,80.0,32.939465
3610,81.0,82.56745
3611,83.0,76.77439
3612,81.0,79.58693
3613,83.0,79.79516
3614,86.0,80.32979
3615,88.0,82.456474
3616,97.0,87.68412
3617,95.0,93.27641
3618,91.0,85.2222
3619,89.0,77.20001
3620,75.0,81.9421
3621,79.0,69.495445
3622,68.0,73.29806
3623,61.0,65.87322
3624,54.0,59.256355
3625,53.0,57.559467
3626,48.000004,57.043518
3627,37.0,56.709633
3628,31.0,47.929283
3629,30.0,41.967323
3630,42.0,40.477272
3631,55.0,47.8235
3632,97.0,61.172176
3633,122.0,107.76545
3634,122.0,114.35465
3635,98.0,121.06309
3636,84.0,98.04662
3637,71.0,85.42344
3638,80.0,74.88899
3639,79.0,86.09468
3640,79.0,79.44959
3641,76.0,75.18682
3642,72.0,68.28926
3643,64.0,66.08196
3644,58.0,60.515022
3645,56.0,54.246536
3646,55.0,52.242588
3647,54.0,52.972973
3648,52.0,52.697773
3649,54.0,55.588028
3650,53.0,56.378414
3651,52.0,56.914673
3652,53.0,55.151134
3653,56.0,55.567883
3654,57.0,60.84058
3655,59.0,63.2568
3656,77.0,63.191803
3657,78.0,79.91079
3658,86.0,80.28483
3659,87.0,90.04819
3660,90.0,90.824936
3661,105.0,93.735306
3662,111.0,106.43455
3663,98.0,112.60573
3664,101.0,94.37134
3665,113.0,99.017624
3666,93.0,114.449905
3667,88.0,85.30725
3668,94.0,81.80141
3669,93.0,94.52507
3670,85.0,92.05818
3671,81.0,83.613
3672,74.0,81.23693
3673,61.0,75.63988
3674,65.0,64.6234
3675,60.0,72.14841
3676,52.0,66.55039
3677,41.0,59.300064
3678,37.0,47.486332
3679,53.0,43.110462
3680,56.0,56.53847
3681,59.0,60.017212
3682,65.0,60.962173
3683,113.0,70.43466
3684,136.0,133.44972
3685,110.0,140.13565
3686,91.0,105.37603
3687,90.0,87.64831
3688,89.0,95.169235
3689,86.0,98.97714
3690,83.0,92.78358
3691,79.0,80.856575
3692,74.0,74.67048
3693,67.0,70.249794
3694,59.0,60.98171
3695,58.0,52.56566
3696,54.0,63.20222
3697,59.0,59.18649
3698,43.0,77.49555
3699,38.0,59.292477
3700,51.0,50.97678
3701,52.0,57.364338
3702,61.0,52.563744
3703,79.0,60.420242
3704,97.0,88.22762
3705,109.0,106.14828
3706,96.00001,119.69542
3707,88.0,96.317825
3708,92.0,88.54754
3709,87.0,97.40398
3710,80.0,90.134674
3711,71.0,80.385956
3712,72.0,73.22122
3713,71.0,78.139595
3714,79.0,73.31001
3715,85.0,80.75646
3716,90.0,82.93888
3717,87.0,81.21862
3718,68.0,75.34957
3719,58.0,62.52999
3720,56.0,58.56017
3721,47.0,66.77174
3722,48.000004,59.118557
3723,55.0,61.74655
3724,58.0,64.01271
3725,59.0,66.755005
3726,66.0,68.637794
3727,72.0,75.91614
3728,71.0,88.806244
3729,65.0,85.455956
3730,65.0,69.38777
3731,68.0,72.15546
3732,66.0,76.03346
3733,68.0,74.66508
3734,71.0,76.77679
3735,70.0,77.736336
3736,72.0,72.935
3737,74.0,74.5703
3738,75.0,74.27439
3739,78.0,71.78503
3740,70.0,75.51285
3741,66.0,68.58046
3742,55.0,65.09166
3743,50.0,60.420807
3744,54.0,58.01955
3745,54.0,58.735104
3746,62.0,63.05859
3747,67.0,71.48224
3748,89.0,76.85075
3749,93.0,91.055664
3750,93.0,88.62103
3751,89.0,90.65693
3752,91.0,84.61455
3753,90.0,86.61772
3754,101.0,79.81974
3755,110.0,93.99449
3756,121.0,98.51064
3757,108.0,109.809975
3758,120.0,97.14195
3759,107.0,108.40754
3760,89.0,95.23697
3761,81.0,80.79024
3762,82.0,74.125786
3763,83.0,74.93822
3764,81.0,78.76779
3765,66.0,74.27775
3766,58.0,61.217106
3767,58.0,56.469765
3768,62.0,60.310932
3769,56.0,66.91484
3770,61.0,63.179516
3771,77.0,69.28262
3772,88.0,91.08122
3773,76.0,97.428696
3774,83.0,80.60184
3775,80.0,85.43733
3776,71.0,80.10247
3777,64.0,68.52089
3778,64.0,61.203876
3779,73.0,62.990692
3780,71.0,74.740326
3781,70.0,72.86551
3782,65.0,75.23131
3783,66.0,73.619865
3784,79.0,73.84334
3785,65.0,86.19483
3786,66.0,66.32499
3787,64.0,62.948017
3788,59.0,64.87509
3789,56.0,58.80568
3790,54.0,55.502834
3791,58.0,54.57521
3792,46.0,55.98339
3793,44.0,48.0268
3794,51.0,43.77042
3795,51.0,52.35044
3796,57.0,53.230175
3797,56.0,61.46937
3798,60.0,57.57068
3799,59.0,57.100883
3800,55.0,55.3916
3801,50.0,51.304226
3802,40.0,47.054184
3803,28.0,40.569073
3804,22.0,30.906982
3805,21.0,24.60689
3806,23.0,26.251516
3807,26.0,31.771282
3808,46.0,37.673153
3809,60.0,55.499016
3810,63.0,67.10122
3811,62.0,65.401924
3812,60.0,60.74438
3813,71.0,57.609642
3814,80.0,71.06836
3815,77.0,79.42514
3816,69.0,70.41973
3817,63.0,63.069607
3818,60.0,60.240303
3819,63.0,62.279697
3820,61.0,66.10858
3821,61.0,62.6555
3822,65.0,60.178917
3823,58.0,62.841827
3824,60.0,56.94113
3825,55.0,59.251595
3826,63.0,66.78553
3827,80.0,62.984806
3828,87.0,88.602684
3829,91.0,95.548164
3830,103.0,100.97073
3831,106.0,109.83768
3832,99.0,110.47434
3833,98.0,110.113716
3834,99.0,101.92215
3835,93.0,105.15531
3836,77.0,88.98227
3837,78.0,73.41139
3838,78.0,74.87923
3839,72.0,77.78878
3840,64.0,69.633865
3841,60.0,64.022385
3842,58.0,61.338963
3843,55.0,60.895294
3844,60.0,59.81521
3845,63.0,65.98331
3846,67.0,63.36406
3847,62.0,64.57285
3848,60.0,59.98358
3849,60.0,56.720654
3850,63.0,57.064713
3851,62.0,61.30103
3852,59.0,59.975338
3853,54.0,59.959908
3854,59.0,61.215794
3855,73.0,69.56066
3856,75.0,86.89735
3857,78.0,84.20224
3858,80.0,84.74349
3859,73.0,86.5749
3860,68.0,80.513245
3861,65.0,73.635056
3862,63.0,62.739086
3863,62.0,61.908043
3864,60.0,55.763397
3865,59.0,56.744335
3866,61.0,62.52359
3867,58.0,68.230675
3868,54.0,60.886105
3869,61.0,57.30947
3870,63.0,61.75428
3871,67.0,63.74169
3872,66.0,69.27815
3873,70.0,67.85388
3874,64.0,69.803
3875,72.0,66.93649
3876,73.0,72.97739
3877,77.0,77.0644
3878,86.0,82.64313
3879,111.0,92.211655
3880,142.0,115.50107
3881,154.0,139.31157
3882,152.0,144.24133
3883,131.0,140.06873
3884,122.0,116.30798
3885,101.0,107.54445
3886,91.0,92.10178
3887,77.0,85.47836
3888,72.0,73.90633
3889,67.0,67.998215
3890,61.0,66.06336
3891,59.0,63.467964
3892,61.0,64.03216
3893,65.0,64.749146
3894,61.0,63.382736
3895,67.0,59.683025
3896,59.0,65.49192
3897,68.0,64.03777
3898,78.0,68.16181
3899,80.0,85.374084
3900,81.0,82.07278
3901,71.0,88.012856
3902,75.0,76.04596
3903,76.0,80.98784
3904,70.0,81.4298
3905,71.0,70.46989
3906,74.0,74.54375
3907,71.0,74.38073
3908,59.0,71.17075
3909,50.0,62.603016
3910,52.0,54.374535
3911,61.0,54.873882
3912,62.0,60.417454
3913,69.0,59.421894
3914,58.0,65.6248
3915,80.0,57.273838
3916,68.0,78.478615
3917,72.0,66.64472
3918,89.0,68.06628
3919,66.0,89.15817
3920,69.0,69.63298
3921,95.0,68.68257
3922,101.0,103.33577
3923,92.0,97.43708
3924,85.0,87.682686
3925,81.0,83.49105
3926,79.0,80.38996
3927,79.0,80.545845
3928,75.0,75.07442
3929,72.0,71.01595
3930,68.0,68.4259
3931,69.0,67.006584
3932,62.0,68.822914
3933,57.0,61.76614
3934,55.0,56.91578
3935,70.0,56.23416
3936,72.0,68.02989
3937,77.0,72.23144
3938,67.0,73.32657
3939,74.0,64.57751
3940,64.0,69.071594
3941,70.0,59.893536
3942,71.0,64.68194
3943,80.0,68.99885
3944,85.0,78.89119
3945,77.0,85.735954
3946,65.0,79.82918
3947,63.0,65.54621
3948,50.0,62.733257
3949,41.0,49.110134
3950,50.0,38.335007
3951,53.0,41.231342
3952,33.0,49.5682
3953,25.0,35.756863
3954,33.0,33.792667
3955,33.0,41.62903
3956,52.0,41.316635
3957,51.0,57.263065
3958,57.0,60.63618
3959,57.0,57.592564
3960,62.0,53.358067
3961,63.0,53.753666
3962,61.0,68.872314
3963,59.0,59.133114
3964,93.0,68.113556
3965,122.0,109.132034
3966,111.0,131.52899
3967,113.0,109.62912
3968,114.0,115.75725
3969,112.0,121.406624
3970,96.00001,109.78743
3971,108.0,95.18605
3972,137.0,106.33642
3973,133.0,142.25029
3974,125.0,122.07548
3975,121.0,111.23179
3976,102.0,109.833
3977,84.0,98.02117
3978,92.0,83.785164
3979,94.0,96.62086
3980,102.0,95.99767
3981,130.0,99.45305
3982,127.0,122.00263
3983,111.0,109.96794
3984,115.0,102.268776
3985,107.0,107.16598
3986,102.0,99.40781
3987,101.0,97.63325
3988,113.0,99.168274
3989,89.0,116.8745
3990,85.0,91.62706
3991,74.0,92.60249
3992,80.0,86.31369
3993,73.0,90.287025
3994,84.0,87.174614
3995,90.0,97.26706
3996,94.0,95.067215
3997,80.0,96.00763
3998,71.0,78.74383
3999,61.0,70.367424
4000,56.0,62.731018
4001,52.0,53.42679
4002,51.0,50.73219
4003,59.0,50.780727
4004,63.0,60.97017
4005,66.0,70.213234
4006,63.0,67.23084
4007,57.0,66.89203
4008,54.0,54.404675
4009,56.0,51.622696
4010,68.0,53.90103
4011,68.0,68.77669
4012,62.0,67.47291
4013,79.0,64.53431
4014,78.0,87.74441
4015,85.0,85.43606
4016,100.0,93.13269
4017,104.0,113.08663
4018,93.0,100.60563
4019,95.0,102.895035
4020,103.0,99.96119
4021,95.0,115.05683
4022,94.0,90.15351
4023,93.0,88.9009
4024,93.0,91.003685
4025,93.0,89.7442
4026,79.0,82.901474
4027,56.0,70.66084
4028,56.0,54.114
4029,55.0,52.323666
4030,52.0,53.792027
4031,49.0,49.558044
4032,79.0,47.278862
4033,68.0,76.48447
4034,68.0,58.92361
4035,71.0,51.85075
4036,64.0,56.408936
4037,59.0,54.27973
4038,68.0,52.886826
4039,68.0,62.790756
4040,68.0,64.46273
4041,75.0,67.87439
4042,77.0,78.219284
4043,76.0,83.570114
4044,75.0,78.64299
4045,65.0,76.29551
4046,57.0,67.296295
4047,53.0,55.642277
4048,48.000004,49.70327
4049,47.0,47.125668
4050,48.000004,46.04175
4051,52.0,47.04684
4052,48.000004,50.917385
4053,55.0,53.121845
4054,50.0,69.40099
4055,54.0,56.960365
4056,61.0,56.927223
4057,55.0,64.88962
4058,53.0,64.83106
4059,55.0,74.75172
4060,57.0,72.72825
4061,65.0,73.7179
4062,67.0,83.33424
4063,97.0,86.079445
4064,92.0,117.89114
4065,138.0,108.1792
4066,152.0,156.65799
4067,134.0,148.43419
4068,108.0,114.252716
4069,85.0,97.83078
4070,75.0,82.23088
4071,70.0,72.762665
4072,65.0,68.34279
4073,59.0,63.50171
4074,56.0,59.036587
4075,55.0,57.778748
4076,59.0,62.725246
4077,69.0,72.033295
4078,61.0,73.04834
4079,62.0,62.5339
4080,66.0,60.42921
4081,59.0,73.09057
4082,70.0,64.08487
4083,61.0,78.891525
4084,76.0,68.612915
4085,80.0,89.27543
4086,88.0,94.96518
4087,79.0,100.91608
4088,73.0,91.3319
4089,77.0,79.197296
4090,79.0,85.2926
4091,92.0,86.89856
4092,93.0,97.07081
4093,92.0,96.22954
4094,84.0,82.78021
4095,80.0,82.31563
4096,79.0,78.68952
4097,81.0,78.51016
4098,62.0,82.9108
4099,55.0,68.68623
4100,59.0,61.161854
4101,58.0,68.44348
4102,59.0,62.92565
4103,75.0,65.02099
4104,76.0,71.94179
4105,97.0,72.57784
4106,84.0,97.20196
4107,107.0,81.28649
4108,98.0,108.04905
4109,88.0,90.66629
4110,77.0,83.854576
4111,91.0,76.18124
4112,107.0,100.416885
4113,106.0,115.85747
4114,103.0,104.95083
4115,88.0,99.16656
4116,78.0,87.23812
4117,76.0,76.33732
4118,70.0,78.21309
4119,66.0,68.24171
4120,63.0,59.71884
4121,56.0,63.534054
4122,58.0,61.705048
4123,56.0,64.53706
4124,56.0,63.492687
4125,57.0,60.084908
4126,65.0,60.43822
4127,75.0,67.54085
4128,72.0,73.21181
4129,72.0,67.34658
4130,81.0,65.950386
4131,72.0,71.747086
4132,78.0,62.821716
4133,80.0,70.1143
4134,92.0,73.728325
4135,103.0,99.80599
4136,115.0,111.48975
4137,110.0,119.47943
4138,103.0,104.396324
4139,117.0,107.399574
4140,93.0,107.68341
4141,80.0,83.23719
4142,73.0,69.30907
4143,69.0,61.743507
4144,75.0,60.857185
4145,65.0,66.264885
4146,65.0,53.553844
4147,50.0,52.84327
4148,56.0,44.365074
4149,67.0,47.583878
4150,86.0,60.744156
4151,88.0,80.42819
4152,83.0,76.90884
4153,66.0,75.442894
4154,78.0,74.94967
4155,64.0,90.374
4156,65.0,76.05625
4157,87.0,75.04185
4158,70.0,101.63766
4159,74.0,83.91414
4160,92.0,88.75429
4161,121.0,116.45804
4162,140.0,133.34367
4163,143.0,140.39441
4164,117.0,132.44264
4165,125.0,98.03898
4166,110.0,111.781784
4167,102.0,95.144775
4168,91.0,89.98508
4169,94.0,84.59999
4170,100.0,83.943115
4171,80.0,92.719696
4172,83.0,78.91196
4173,73.0,75.95855
4174,82.0,73.3839
4175,89.0,73.86399
4176,106.0,84.00757
4177,129.0,101.34361
4178,130.0,123.256744
4179,120.0,131.53471
4180,112.0,118.43771
4181,99.0,116.81153
4182,89.0,98.29619
4183,106.0,83.72158
4184,124.0,118.54748
4185,126.0,135.08858
4186,129.0,127.92202
4187,130.0,126.021805
4188,115.0,120.92996
4189,114.0,105.57171
4190,96.00001,104.81872
4191,88.0,90.41251
4192,80.0,89.69816
4193,72.0,76.82189
4194,59.0,69.746506
4195,59.0,61.03304
4196,68.0,59.637936
4197,83.0,68.09453
4198,94.0,83.59189
4199,96.00001,95.069954
4200,83.0,92.565765
4201,90.0,84.19537
4202,159.0,101.005745
4203,157.0,151.40852
4204,155.0,140.39015
4205,152.0,145.68327
4206,154.0,148.5686
4207,136.0,157.32816
4208,121.0,133.85628
4209,112.0,116.99114
4210,117.0,118.6631
4211,94.0,120.65374
4212,77.0,88.58245
4213,74.0,72.99355
4214,76.0,74.065384
4215,77.0,69.11676
4216,93.0,73.89195
4217,86.0,96.73945
4218,84.0,93.26455
4219,96.00001,82.095
4220,96.00001,93.49215
4221,87.0,87.325874
4222,74.0,81.38413
4223,67.0,70.71091
4224,75.0,62.107582
4225,68.0,69.484375
4226,68.0,64.76504
4227,73.0,62.716892
4228,62.0,74.17655
4229,74.0,65.53196
4230,80.0,79.854576
4231,93.0,89.61704
4232,103.0,103.29626
4233,94.0,114.960266
4234,97.0,98.76232
4235,106.0,104.77379
4236,153.0,111.39014
4237,152.0,155.3304
4238,153.0,139.73738
4239,153.0,138.19437
4240,154.0,149.63
4241,156.0,149.46481
4242,123.0,149.10164
4243,114.0,109.16233
4244,83.0,111.51202
4245,81.0,91.69664
4246,88.0,84.93411
4247,85.0,85.17324
4248,92.0,78.3791
4249,83.0,90.55149
4250,81.0,89.3092
4251,81.0,86.37031
4252,102.0,86.64901
4253,129.0,101.28057
4254,152.0,133.24022
4255,154.0,146.7159
4256,157.0,152.04514
4257,166.0,163.43294
4258,167.0,165.5389
4259,156.0,154.07556
4260,135.0,149.81667
4261,132.0,130.11858
4262,115.0,122.21377
4263,106.0,97.17164
4264,87.0,93.56816
4265,73.0,77.94119
4266,62.0,68.397316
4267,59.0,62.923187
4268,67.0,64.436295
4269,62.0,71.19912
4270,55.0,63.559155
4271,60.0,57.85011
4272,65.0,59.931824
4273,56.0,61.1099
4274,60.0,52.44995
4275,75.0,53.23371
4276,55.0,68.4365
4277,61.0,51.32608
4278,71.0,51.730602
4279,96.00001,64.03235
4280,76.0,87.128525
4281,66.0,70.694374
4282,63.0,59.365604
4283,69.0,54.818928
4284,61.0,64.653625
4285,62.0,56.779785
4286,65.0,57.380257
4287,66.0,58.036125
4288,57.0,62.291065
4289,57.0,57.71064
4290,61.0,59.60452
4291,56.0,61.804176
4292,53.0,57.47319
4293,66.0,55.588654
4294,77.0,63.862255
4295,72.0,69.25396
4296,74.0,62.56063
4297,68.0,65.02266
4298,64.0,63.0846
4299,72.0,62.76517
4300,84.0,72.971886
4301,107.0,86.65581
4302,112.0,109.83572
4303,107.0,112.13437
4304,117.0,104.865166
4305,123.0,123.69227
4306,136.0,124.04466
4307,150.0,128.50995
4308,130.0,141.91692
4309,108.0,115.01826
4310,93.0,98.35913
4311,87.0,86.757965
4312,97.0,79.23404
4313,77.0,93.25833
4314,75.0,72.397194
4315,80.0,70.94018
4316,99.0,77.8696
4317,107.0,101.61193
4318,107.0,105.00123
4319,119.0,100.30267
4320,128.0,110.57338
4321,111.0,123.28971
4322,109.0,104.82685
4323,74.0,107.611176
4324,72.0,76.74764
4325,76.0,75.447136
4326,104.0,93.17178
4327,139.0,122.74969
4328,137.0,147.86072
4329,113.0,138.67812
4330,103.0,112.74536
4331,109.0,104.49337
4332,108.0,118.33546
4333,92.0,113.045334
4334,88.0,88.7992
4335,86.0,77.35508
4336,92.0,78.446945
4337,105.0,89.168945
4338,110.0,112.10322
4339,105.0,107.2604
4340,85.0,99.22777
4341,87.0,82.05066
4342,90.0,89.72328
4343,93.0,86.57877
4344,88.0,85.001755
4345,97.0,80.85999
4346,113.0,93.19932
4347,104.0,115.4716
4348,108.0,103.67493
4349,133.0,114.95017
4350,109.0,142.87933
4351,91.0,105.44006
4352,94.0,85.99001
4353,87.0,95.943794
4354,89.0,93.96032
4355,78.0,96.381256
4356,89.0,81.922554
4357,103.0,96.27564
4358,97.0,106.08523
4359,95.0,95.94638
4360,94.0,92.16226
4361,99.0,93.49782
4362,84.0,99.6405
4363,75.0,82.50446
4364,68.0,75.34271
4365,74.0,71.352875
4366,85.0,70.02563
4367,89.0,80.01266
4368,75.0,80.904205
4369,61.0,68.70137
4370,55.0,58.038937
4371,64.0,55.508656
4372,63.0,70.89207
4373,68.0,67.04529
4374,71.0,74.34505
4375,92.0,82.11285
4376,86.0,104.98806
4377,92.0,93.54422
4378,103.0,97.8478
4379,95.0,101.24971
4380,88.0,88.14702
4381,91.0,77.55239
4382,93.0,79.46057
4383,94.0,83.35703
4384,95.0,85.82636
4385,90.0,94.1486
4386,90.0,92.90849
4387,90.0,94.73259
4388,92.0,95.91293
4389,98.0,89.2955
4390,96.00001,97.11141
4391,80.0,93.46943
4392,66.0,79.29975
4393,71.0,68.75792
4394,63.0,73.31198
4395,64.0,66.85308
4396,54.0,62.66712
4397,61.0,57.67482
4398,85.0,59.197613
4399,67.0,89.66986
4400,72.0,67.09997
4401,104.0,68.88423
4402,91.0,111.19671
4403,86.0,90.58249
4404,77.0,84.69817
4405,83.0,73.036194
4406,81.0,77.36804
4407,81.0,80.705215
4408,70.0,76.312
4409,66.0,69.2123
4410,81.0,61.795723
4411,69.0,74.47989
4412,71.0,62.76857
4413,70.0,65.019356
4414,76.0,60.74453
4415,61.0,73.454575
4416,55.0,65.42737
4417,52.0,58.201504
4418,55.0,50.167286
4419,53.0,58.938805
4420,58.0,61.0917
4421,65.0,55.746033
4422,70.0,64.739876
4423,70.0,69.5452
4424,77.0,71.79646
4425,93.0,78.53964
4426,92.0,89.15146
4427,75.0,83.24053
4428,74.0,68.40364
4429,75.0,69.70352
4430,66.0,64.85387
4431,62.0,65.49463
4432,53.0,61.28675
4433,57.0,56.880745
4434,67.0,53.671688
4435,74.0,58.13127
4436,92.0,59.69534
4437,82.0,83.80229
4438,80.0,77.0691
4439,81.0,78.16004
4440,75.0,82.86532
4441,75.0,75.01414
4442,76.0,73.46087
4443,71.0,70.22729
4444,54.0,61.252857
4445,41.0,50.00025
4446,56.0,40.4147
4447,55.0,51.91623
4448,71.0,56.414665
4449,87.0,78.13018
4450,90.0,101.7963
4451,87.0,95.75662
4452,94.0,90.93865
4453,91.0,94.65512
4454,93.0,90.55645
4455,94.0,91.70057
4456,93.0,88.5057
4457,93.0,92.22196
4458,83.0,95.41081
4459,85.0,83.44355
4460,104.0,87.11743
4461,100.0,110.448494
4462,83.0,94.31267
4463,56.0,78.36548
4464,52.0,55.920765
4465,57.0,52.31406
4466,45.0,57.289867
4467,39.0,46.623413
4468,32.0,35.514347
4469,33.0,28.142426
4470,52.0,28.680912
4471,47.0,39.24623
4472,53.0,38.173885
4473,61.0,47.318302
4474,77.0,59.92602
4475,69.0,79.46838
4476,69.0,71.942345
4477,60.0,68.912094
4478,55.0,60.646317
4479,53.0,54.33516
4480,40.0,51.116367
4481,52.0,41.188026
4482,49.0,50.155163
4483,61.0,48.455666
4484,59.0,56.19088
4485,82.0,55.58107
4486,92.0,83.056015
4487,91.0,90.58979
4488,73.0,89.88061
4489,60.0,73.18483
4490,58.0,64.69791
4491,56.0,57.804733
4492,62.0,53.877117
4493,67.0,58.512894
4494,103.0,73.26341
4495,107.0,124.45583
4496,99.0,110.173225
4497,91.0,99.24351
4498,107.0,92.45692
4499,87.0,111.65163
4500,92.0,87.917786
4501,85.0,94.24319
4502,81.0,87.1998
4503,80.0,81.41051
4504,78.0,76.95338
4505,70.0,71.45252
4506,75.0,63.76122
4507,71.0,69.148994
4508,74.0,70.48933
4509,83.0,76.01634
4510,83.0,91.76287
4511,93.0,85.26352
4512,94.0,101.48557
4513,110.0,107.21097
4514,105.0,120.51449
4515,110.0,110.398895
4516,105.0,116.98922
4517,111.0,110.96517
4518,99.0,124.18056
4519,102.0,109.64594
4520,93.0,109.548546
4521,95.0,88.22682
4522,98.0,97.36241
4523,101.0,100.17447
4524,101.0,102.28061
4525,106.0,102.35479
4526,115.0,104.678215
4527,119.0,115.875
4528,116.0,117.70704
4529,117.0,110.22848
4530,107.0,114.94248
4531,99.0,107.33023
4532,118.0,104.6707
4533,131.0,122.74159
4534,134.0,133.15639
4535,141.0,130.57814
4536,106.0,140.25856
4537,97.0,96.12857
4538,87.0,95.70467
4539,82.0,89.71634
4540,91.0,84.13432
4541,96.00001,90.77402
4542,85.0,91.17278
4543,79.0,82.27672
4544,79.0,77.192406
4545,92.0,81.82914
4546,86.0,102.32546
4547,92.0,88.482796
4548,94.0,85.309044
4549,98.0,91.33451
4550,95.0,94.06521
4551,97.0,94.36704
4552,98.0,91.07694
4553,91.0,96.10275
4554,88.0,86.346344
4555,86.0,88.452774
4556,89.0,96.56712
4557,93.0,90.366104
4558,101.0,99.182106
4559,91.0,101.70947
4560,85.0,85.28804
4561,86.0,81.375595
4562,76.0,90.51176
4563,81.0,81.222565
4564,93.0,87.21929
4565,94.0,99.14323
4566,110.0,97.36671
4567,111.0,116.3335
4568,113.0,108.94492
4569,101.0,120.13665
4570,99.0,108.44702
4571,99.0,104.85652
4572,104.0,102.353584
4573,110.0,103.02616
4574,103.0,103.418465
4575,100.0,102.37639
4576,96.00001,100.08966
4577,100.0,96.0483
4578,99.0,105.99043
4579,102.0,105.77859
4580,112.0,115.78571
4581,119.0,114.60745
4582,121.0,125.80433
4583,123.0,118.06249
4584,124.0,120.32329
4585,114.0,125.99896
4586,114.0,116.301575
4587,116.0,107.286
4588,120.0,117.98604
4589,125.0,131.37772
4590,134.0,140.13707
4591,131.0,136.67038
4592,139.0,127.88146
4593,94.0,135.43439
4594,104.0,94.68155
4595,116.0,101.87832
4596,124.0,118.77434
4597,118.0,130.7674
4598,121.0,108.09195
4599,123.0,116.063896
4600,105.0,125.829414
4601,85.0,95.06606
4602,81.0,80.343925
4603,73.0,82.29987
4604,89.0,79.12715
4605,94.0,96.50003
4606,105.0,103.02762
4607,96.00001,102.017944
4608,82.0,96.084175
4609,78.0,83.82245
4610,89.0,77.57634
4611,72.0,99.72266
4612,80.0,72.333336
4613,88.0,80.82302
4614,93.0,91.493614
4615,79.0,103.223335
4616,89.0,86.04458
4617,106.0,96.87148
4618,100.0,116.31733
4619,98.0,97.30743
4620,104.0,95.83073
4621,100.0,101.18573
4622,103.0,102.56712
4623,104.0,102.43104
4624,105.0,102.814095
4625,95.0,105.12958
4626,95.0,96.12824
4627,97.0,105.70039
4628,108.0,104.80561
4629,107.0,111.67409
4630,121.0,104.74123
4631,120.0,115.299934
4632,118.0,112.618416
4633,133.0,117.49838
4634,110.0,138.5212
4635,85.0,105.42782
4636,103.0,79.203255
4637,137.0,109.56209
4638,126.0,144.08673
4639,153.0,128.93488
4640,157.0,150.02063
4641,162.0,152.46922
4642,152.0,163.96463
4643,135.0,148.70146
4644,134.0,141.56757
4645,139.0,134.97482
4646,130.0,135.22714
4647,126.0,134.88147
4648,142.0,129.29698
4649,153.0,144.26485
4650,139.0,147.59756
4651,127.0,133.08821
4652,103.0,121.29285
4653,99.0,99.63083
4654,107.0,102.52689
4655,113.0,111.01832
4656,114.0,105.46307
4657,117.0,115.09021
4658,138.0,123.46929
4659,120.0,139.6514
4660,96.00001,123.901764
4661,110.0,99.2028
4662,92.0,124.19375
4663,89.0,103.53204
4664,74.0,97.015236
4665,94.0,76.05435
4666,108.0,100.34718
4667,99.0,116.611946
4668,107.0,97.39964
4669,119.0,103.45834
4670,126.0,121.292915
4671,129.0,128.18687
4672,131.0,128.22577
4673,149.0,126.15141
4674,140.0,149.71004
4675,127.0,129.39357
4676,106.0,122.250984
4677,93.0,95.475006
4678,117.0,90.7251
4679,128.0,113.35105
4680,130.0,124.58794
4681,104.0,127.673065
4682,84.0,97.43241
4683,73.0,80.01784
4684,70.0,73.84359
4685,68.0,75.41076
4686,63.0,72.77689
4687,75.0,68.011345
4688,81.0,79.53833
4689,81.0,82.5126
4690,87.0,85.37716
4691,84.0,92.52976
4692,93.0,92.05112
4693,98.0,92.91118
4694,100.0,93.71766
4695,101.0,94.03232
4696,102.0,98.40503
4697,118.0,107.80901
4698,113.0,120.42281
4699,110.0,111.79308
4700,108.0,108.872345
4701,97.0,105.46389
4702,71.0,95.709114
4703,80.0,72.244446
4704,75.0,79.23723
4705,68.0,77.04347
4706,75.0,67.81719
4707,77.0,73.96554
4708,68.0,82.48026
4709,140.0,74.31615
4710,161.0,154.17279
4711,166.0,157.2428
4712,169.00002,157.11653
4713,155.0,158.98929
4714,158.0,142.62344
4715,155.0,145.5506
4716,154.0,149.10983
4717,142.0,152.5106
4718,112.0,138.42613
4719,96.00001,103.74135
4720,84.0,90.693695
4721,80.0,83.29414
4722,81.0,82.42854
4723,84.0,90.27526
4724,90.0,98.82162
4725,116.0,102.739136
4726,136.0,123.522545
4727,144.0,131.36656
4728,123.0,134.403
4729,115.0,105.58149
4730,97.0,106.54493
4731,113.0,84.16664
4732,108.0,117.70508
4733,127.0,107.736664
4734,129.0,128.77817
4735,154.0,131.46611
4736,143.0,156.0495
4737,133.0,130.90468
4738,151.0,133.13974
4739,152.0,153.96303
4740,151.0,162.90155
4741,139.0,154.28627
4742,146.0,136.45372
4743,150.0,145.35217
4744,152.0,145.10797
4745,153.0,151.01897
4746,149.0,146.42078
4747,138.0,143.62218
4748,134.0,128.56247
4749,119.0,127.17984
4750,121.0,110.24536
4751,119.0,113.75873
4752,91.0,109.71065
4753,80.0,86.52155
4754,77.0,80.209076
4755,92.0,77.13045
4756,70.0,101.621796
4757,88.0,76.26103
4758,115.0,93.508965
4759,98.0,118.45182
4760,70.0,110.97805
4761,76.0,74.0967
4762,78.0,99.69406
4763,74.0,92.06461
4764,75.0,85.25848
4765,74.0,76.95681
4766,68.0,73.2729
4767,64.0,68.31392
4768,63.0,64.5546
4769,58.0,64.21987
4770,58.0,62.7899
4771,75.0,64.17613
4772,87.0,78.14174
4773,87.0,84.81357
4774,88.0,84.91382
4775,93.0,85.77609
4776,105.0,90.05805
4777,90.0,102.95752
4778,75.0,84.13115
4779,66.0,70.60664
4780,57.0,65.97656
4781,69.0,57.936607
4782,58.0,72.98138
4783,84.0,64.898094
4784,82.0,95.71179
4785,79.0,88.27558
4786,67.0,85.98913
4787,68.0,74.41485
4788,93.0,75.83356
4789,96.00001,98.247826
4790,92.0,100.34374
4791,90.0,90.01818
4792,102.0,93.14759
4793,95.0,102.84838
4794,96.00001,101.75741
4795,88.0,97.31387
4796,89.0,87.72047
4797,91.0,86.798
4798,94.0,90.39156
4799,77.0,90.70875
4800,68.0,73.07461
4801,65.0,70.11011
4802,75.0,66.78232
4803,86.0,79.605576
4804,86.0,92.07279
4805,132.0,88.01692
4806,156.0,146.21193
4807,150.0,153.26869
4808,127.0,146.60774
4809,110.0,121.514366
4810,111.0,105.716125
4811,121.0,112.39229
4812,113.0,129.44351
4813,91.0,112.48319
4814,90.0,88.19588
4815,89.0,98.54572
4816,91.0,97.16405
4817,106.0,108.63089
4818,105.0,120.95655
4819,92.0,103.56372
4820,100.0,93.31995
4821,98.0,104.86156
4822,87.0,100.69969
4823,92.0,89.479866
4824,85.0,90.48701
4825,76.0,85.201004
4826,81.0,74.65537
4827,69.0,79.43209
4828,62.0,71.81023
4829,77.0,65.39777
4830,75.0,79.68632
4831,64.0,79.17342
4832,70.0,70.45465
4833,74.0,71.21054
4834,78.0,77.05529
4835,93.0,82.20812
4836,121.0,101.038895
4837,109.0,125.31496
4838,114.0,105.12672
4839,116.0,110.670525
4840,127.0,117.33068
4841,114.0,126.01889
4842,97.0,110.17042
4843,96.00001,88.92942
4844,75.0,89.69588
4845,70.0,76.69348
4846,63.0,73.48797
4847,63.0,67.91214
4848,71.0,66.72482
4849,70.0,74.34175
4850,79.0,73.863945
4851,83.0,84.26549
4852,81.0,88.97056
4853,87.0,83.67809
4854,79.0,87.87203
4855,71.0,80.36809
4856,96.00001,71.784035
4857,95.0,102.76296
4858,104.0,101.337036
4859,108.0,109.23811
4860,108.0,107.61245
4861,122.0,107.353775
4862,146.0,125.05704
4863,152.0,151.2461
4864,152.0,148.35121
4865,134.0,149.86394
4866,113.0,128.04778
4867,88.0,102.2731
4868,91.0,81.81804
4869,84.0,88.968956
4870,82.0,82.952515
4871,74.0,80.50997
4872,73.0,67.46554
4873,77.0,70.438576
4874,76.0,83.13362
4875,108.0,83.935616
4876,113.0,126.42579
4877,104.0,121.77112
4878,90.0,108.732544
4879,74.0,95.87934
4880,91.0,81.896416
4881,99.0,103.47868
4882,102.0,109.40906
4883,113.0,98.94928
4884,130.0,111.63353
4885,117.0,125.02932
4886,111.0,121.12594
4887,86.0,111.136055
4888,75.0,85.1836
4889,68.0,72.420364
4890,68.0,66.615685
4891,68.0,66.48471
4892,77.0,71.06528
4893,69.0,77.602394
4894,76.0,70.42694
4895,71.0,73.59082
4896,69.0,68.36584
4897,77.0,68.80421
4898,92.0,76.19437
4899,107.0,92.36559
4900,100.0,102.8654
4901,98.0,92.05324
4902,98.0,96.62007
4903,109.0,102.04083
4904,117.0,122.17634
4905,127.0,129.38152
4906,121.0,133.51125
4907,125.0,117.74106
4908,104.0,125.34482
4909,86.0,95.89602
4910,76.0,81.064415
4911,67.0,67.34399
4912,63.0,58.1618
4913,50.0,56.690666
4914,54.0,47.11559
4915,54.0,52.28543
4916,51.0,55.524933
4917,58.0,54.374905
4918,59.0,60.628345
4919,60.0,61.9499
4920,69.0,61.202065
4921,68.0,66.56261
4922,70.0,65.09377
4923,70.0,66.402954
4924,74.0,66.92201
4925,72.0,72.29379
4926,77.0,73.07162
4927,85.0,79.21372
4928,85.0,86.91189
4929,93.0,84.87136
4930,96.00001,91.47988
4931,97.0,92.19696
4932,100.0,100.67394
4933,96.00001,102.561134
4934,96.00001,93.28516
4935,87.0,89.84054
4936,83.0,84.02124
4937,75.0,81.585815
4938,79.0,73.80622
4939,76.0,75.89955
4940,82.0,76.17612
4941,96.00001,84.506165
4942,96.00001,99.227974
4943,102.0,95.62576
4944,81.0,104.69894
4945,82.0,86.63746
4946,68.0,94.679115
4947,68.0,79.51288
4948,70.0,70.950165
4949,74.0,69.89903
4950,76.0,75.847206
4951,78.0,78.195435
4952,89.0,80.88913
4953,79.0,97.06024
4954,73.0,87.17168
4955,74.0,76.41875
4956,88.0,72.14607
4957,78.0,89.6602
4958,78.0,77.64801
4959,72.0,72.31564
4960,69.0,68.87103
4961,61.0,63.83509
4962,56.0,61.55761
4963,54.0,58.069942
4964,64.0,57.75143
4965,64.0,68.00872
4966,68.0,65.43874
4967,68.0,69.16015
4968,103.0,68.87595
4969,130.0,108.096085
4970,120.0,131.68394
4971,105.0,111.27128
4972,90.0,98.473076
4973,85.0,83.101395
4974,90.0,77.148254
4975,98.0,102.78596
4976,95.0,110.05021
4977,93.0,99.46888
4978,92.0,92.47316
4979,114.0,95.14872
4980,139.0,124.479614
4981,111.0,143.2485
4982,90.0,103.941734
4983,96.00001,84.57449
4984,98.0,95.51106
4985,100.0,95.46918
4986,80.0,96.90991
4987,83.0,80.68791
4988,79.0,84.78876
4989,86.0,78.09051
4990,89.0,88.4479
4991,83.0,88.55177
4992,108.0,82.68728
4993,95.0,109.47313
4994,85.0,92.78486
4995,84.0,86.23134
4996,78.0,86.74968
4997,72.0,81.84293
4998,87.0,74.20604
4999,76.0,93.636765
5000,80.0,79.32692
5001,89.0,86.08546
5002,97.0,101.96683
5003,118.0,113.10239
5004,138.0,133.0529
5005,147.0,139.92984
5006,154.0,139.39673
5007,156.0,154.39261
5008,136.0,153.45726
5009,120.0,129.1388
5010,92.0,108.06575
5011,72.0,85.76882
5012,68.0,74.03115
5013,75.0,72.52092
5014,85.0,78.88285
5015,80.0,84.54373
5016,81.0,78.62043
5017,106.0,82.17444
5018,86.0,107.83096
5019,99.0,86.58203
5020,122.0,102.720634
5021,114.0,124.37803
5022,112.0,112.94065
5023,139.0,115.6908
5024,123.0,148.26193
5025,110.0,119.01727
5026,97.0,116.25568
5027,124.0,101.24748
5028,110.0,140.88211
5029,108.0,109.493004
5030,93.0,107.1773
5031,98.0,94.32691
5032,102.0,93.313
5033,112.0,114.451454
5034,113.0,116.66932
5035,111.0,109.67378
5036,103.0,102.11725
5037,91.0,94.8242
5038,78.0,86.34514
5039,78.0,78.4483
5040,76.0,79.417725
5041,75.0,77.558975
5042,79.0,76.57818
5043,66.0,82.49004
5044,64.0,67.60058
5045,62.0,66.85999
5046,72.0,66.90896
5047,73.0,83.37207
5048,90.0,84.35892
5049,90.0,109.3461
5050,154.0,100.91068
5051,155.0,158.75836
5052,155.0,150.45688
5053,152.0,141.41035
5054,146.0,137.75099
5055,135.0,133.82437
5056,130.0,121.43401
5057,122.0,119.22462
5058,137.0,117.39225
5059,110.0,130.00722
5060,95.0,99.06954
5061,92.0,95.66641
5062,100.0,93.10059
5063,93.0,102.72744
5064,75.0,92.14929
5065,73.0,75.92064
5066,72.0,71.51593
5067,80.0,72.681076
5068,80.0,84.48392
5069,87.0,85.20342
5070,95.0,87.379196
5071,76.0,100.48289
5072,79.0,82.06499
5073,95.0,85.12639
5074,120.0,106.19192
5075,117.0,130.89828
5076,105.0,114.50704
5077,101.0,95.52327
5078,97.0,95.3851
5079,96.00001,90.46407
5080,96.00001,86.28078
5081,75.0,88.87495
5082,65.0,76.182884
5083,60.0,68.88182
5084,65.0,68.57144
5085,68.0,69.10866
5086,59.0,83.49429
5087,61.0,64.374535
5088,93.0,61.51068
5089,79.0,98.895905
5090,93.0,79.08736
5091,116.0,99.011955
5092,139.0,124.63861
5093,116.0,138.62613
5094,115.0,112.10448
5095,116.0,114.899055
5096,156.0,124.41677
5097,129.0,152.26779
5098,117.0,130.71945
5099,112.0,120.24637
5100,97.0,113.834175
5101,85.0,93.31192
5102,86.0,82.29662
5103,85.0,77.399574
5104,85.0,77.307945
5105,72.0,77.89233
5106,63.0,69.91373
5107,61.0,61.33523
5108,68.0,66.4232
5109,77.0,74.07576
5110,85.0,83.99122
5111,89.0,89.29891
5112,77.0,91.458855
5113,73.0,73.99329
5114,63.0,69.638306
5115,55.0,58.83229
5116,55.0,57.82511
5117,50.0,59.221066
5118,45.0,53.38167
5119,41.0,49.630413
5120,33.0,50.338238
5121,52.0,43.567196
5122,60.0,55.163265
5123,54.0,61.928467
5124,57.0,54.937286
5125,59.0,53.514854
5126,59.0,58.1987
5127,50.0,60.328
5128,45.0,51.571472
5129,53.0,45.271217
5130,58.0,55.363132
5131,59.0,64.00499
5132,70.0,66.52347
5133,65.0,71.84302
5134,63.0,65.65167
5135,62.0,63.785988
5136,59.0,65.070114
5137,62.0,62.318367
5138,73.0,64.68196
5139,54.0,73.81683
5140,52.0,56.08705
5141,56.0,52.335373
5142,52.0,54.977684
5143,58.0,54.125572
5144,60.0,60.428444
5145,70.0,62.905655
5146,71.0,70.35708
5147,66.0,70.833015
5148,79.0,64.00344
5149,74.0,76.712265
5150,73.0,72.35173
5151,64.0,69.57742
5152,59.0,62.95926
5153,59.0,58.46834
5154,56.0,59.958485
5155,68.0,60.70811
5156,68.0,72.363
5157,69.0,72.02408
5158,76.0,72.841515
5159,83.0,80.351425
5160,78.0,84.136284
5161,72.0,81.45628
