Actual,Predicted
52.0,44.39039013915959
45.0,57.56239482003452
45.0,50.83817940799336
53.0,51.075835106673956
53.0,52.793259909037275
62.0,52.92635333975944
62.0,56.997282228030926
59.0,58.06550037550704
59.0,51.13864088486986
83.0,47.84138916551751
83.0,70.29270407501951
97.0,69.28996984281393
97.0,86.16841489497702
94.0,85.6664650027549
94.0,84.1043407566012
79.0,83.45338429159231
79.0,66.67485493130495
64.0,69.47950439411723
64.0,52.96849612836486
60.0,56.0332939562104
60.0,52.36098686509092
61.0,55.48627272573136
61.0,57.594584811642356
57.0,59.78366839490007
57.0,57.96714325992781
59.0,59.56718431017042
59.0,63.05946511845553
45.0,63.880777526166774
45.0,55.42461883288571
43.0,57.55012351281486
43.0,56.03102956829208
55.0,54.427857247845516
55.0,61.457970452152814
55.0,61.848535993532096
55.0,55.667437159404884
58.0,63.10385750838353
58.0,64.99585691178903
59.0,68.10081499208492
59.0,63.6760250401518
60.0,69.8894264604372
60.0,62.32930344442421
57.0,59.35766873453284
57.0,66.01898563287897
56.0,51.2615481061653
56.0,49.14074907848257
53.0,63.41598674548861
53.0,84.60603874579618
53.0,76.69778176786575
53.0,71.01214846523122
53.0,69.03615179274954
53.0,63.275591343813325
57.0,59.8833363917411
57.0,58.23496690113661
64.0,61.32313387057844
64.0,71.85255995819139
72.0,65.64758330889681
72.0,70.87330080768524
63.0,72.71441240675466
63.0,65.63640454521662
62.0,68.17573594967018
62.0,67.89414473822319
62.0,69.34742874746485
62.0,68.47950099983551
55.0,69.07789405437383
55.0,63.264258240697856
68.0,63.58223143629749
68.0,72.78970688291166
57.0,72.87414840009527
57.0,65.13858776207505
54.0,65.16601215283168
54.0,64.19556400613008
55.0,64.83785971457155
55.0,67.04189160378591
53.0,68.40187787350885
53.0,67.25656541919064
46.0,67.28337028089254
46.0,62.56005860611966
52.0,62.57855239735144
52.0,64.16380325559884
49.0,61.43517820844358
49.0,57.035106670266195
56.0,56.84708595403124
56.0,62.08814632820962
53.0,65.1757097791038
53.0,56.15211228572489
50.0,58.15903408044159
50.0,54.36399759975979
53.0,60.10118762229636
53.0,62.200302408640056
50.0,61.14750104953866
50.0,54.489335022563786
50.0,45.17938101548643
50.0,54.60582721126615
54.0,52.079327763158815
54.0,42.860667216043446
56.0,58.17543417457712
56.0,77.15701302629297
63.0,70.81627281674481
63.0,68.18260021449187
64.0,64.7256290290638
64.0,38.99955292903415
62.0,47.709840079189995
62.0,56.57588995912688
69.0,59.86300865988582
69.0,65.18838567466827
63.0,67.79324665087134
63.0,61.83055823213834
62.0,65.2222247433396
62.0,65.80462538570936
86.0,67.0607588780126
86.0,88.77050168665373
91.0,88.94713915633582
91.0,93.09963110713986
87.0,90.76442173034708
87.0,86.70455268831859
94.0,87.68163274712367
94.0,94.23383918617765
90.0,93.88996550390368
90.0,91.01367913210348
87.0,90.86413361310207
87.0,89.91037463423831
79.0,90.6146418740871
79.0,85.69240039176086
69.0,85.71856233101632
69.0,78.63574629268169
76.0,78.8127420214471
76.0,82.70425489513931
77.0,80.5896159571132
77.0,78.49599984268693
66.0,80.1665004353342
66.0,65.28835950504102
66.0,71.18196010624098
66.0,68.08386589426533
66.0,74.98113919155482
66.0,69.45683359735928
62.0,73.011236596183
62.0,65.28381597448585
61.0,69.8347400397908
61.0,63.91056547255621
56.0,63.37540437408034
56.0,56.19841615565798
52.0,57.06768588913236
52.0,58.562023403466235
51.0,51.23485165888403
51.0,56.136489679707665
46.0,49.35364026835869
46.0,48.50294115535135
58.0,51.450873454243286
58.0,59.55976398438711
60.0,64.4240688713742
60.0,62.29297636134645
70.0,63.690190078037304
70.0,68.77467508487774
77.0,67.27637015662903
77.0,72.79891787931138
100.0,71.33384350472642
100.0,95.1521935479343
105.0,94.25644673221099
105.0,100.88847949470224
85.0,98.80966283927779
85.0,76.7437382533117
75.0,78.87119713980515
75.0,66.91363721540392
72.0,69.53994852471455
72.0,66.31623219470623
73.0,68.89091050157903
73.0,69.82645591790508
68.0,71.9711640792423
68.0,67.74735692271932
59.0,68.73842262135338
59.0,62.07268054050719
57.0,61.3211007793455
57.0,60.96493361071625
57.0,63.70660159577403
57.0,65.81823307005737
52.0,64.24357598833953
52.0,57.8120335829103
55.0,59.26117173896015
55.0,60.117801328571
54.0,66.47709220858964
54.0,56.15978675394445
51.0,59.98885370128438
51.0,56.86792748599497
51.0,64.93655216060655
51.0,61.46952264865819
42.0,57.43074578897707
42.0,37.408548966103375
38.0,46.36694690062474
38.0,46.875083454666836
50.0,38.87207137566676
50.0,58.05835093025983
57.0,42.93324873815113
57.0,45.753755821676265
60.0,48.46937338800962
60.0,63.131039635697626
70.0,76.9135778419098
70.0,78.44345839855299
75.0,80.1152076438935
75.0,82.42600153140401
77.0,82.34152326786223
77.0,82.11664058738462
75.0,79.41963197059658
75.0,75.42015407755156
61.0,75.58901584542053
61.0,62.17598037329059
67.0,63.02149727969016
67.0,67.80374294068987
60.0,68.26507913790282
60.0,63.41713603030519
63.0,64.55201947092482
63.0,66.83003879801578
62.0,67.02373855638245
62.0,66.66834537421973
58.0,66.89342421026697
58.0,63.841247003132835
56.0,63.435223354233464
56.0,62.67632559013381
55.0,62.84995349124976
55.0,63.942853920136784
55.0,65.8445933908017
55.0,66.40631785596139
60.0,66.85258779714873
60.0,70.40011977799644
56.0,67.94057790408598
56.0,62.07856986918421
56.0,62.73031026690425
56.0,61.97606175526749
52.0,66.93315489548333
52.0,56.695631177562056
45.0,60.98893436349213
45.0,53.40814261043859
52.0,59.35659568413046
52.0,62.05797805771743
53.0,61.439109031992245
53.0,52.23032581709892
57.0,64.56055307909847
57.0,69.34291939473007
57.0,69.2789395521179
57.0,64.66057405269851
54.0,66.13035422490194
54.0,65.2416366850006
53.0,58.634417745716924
53.0,63.13799245572569
53.0,61.5653036266127
53.0,62.61117511757922
52.0,62.54654967469778
52.0,57.68501031882848
60.0,55.15006705068742
60.0,60.00127230749338
52.0,58.90036584780125
52.0,51.6181595081479
52.0,51.40931690833459
52.0,53.958947167145645
55.0,56.22839310677979
55.0,60.09845127031572
53.0,61.192324000647794
53.0,60.930784785651205
59.0,61.98076478432938
59.0,66.48076005986694
54.0,66.77756491966201
54.0,62.3591451074022
60.0,62.33853563279916
60.0,67.49707133665801
38.0,67.34325778512141
38.0,50.73099848509381
48.000004,52.338907381503375
48.000004,60.72903116841256
43.0,61.64167061004655
43.0,58.78221719507601
44.0,60.47789729859992
44.0,59.600979385908566
45.0,57.38417575489416
45.0,57.11891775798848
48.000004,60.83693906792427
48.000004,59.25119123325179
52.0,66.446685925978
52.0,59.862364118637906
51.0,69.56194618566974
51.0,59.07719163573637
52.0,65.85032558400817
52.0,58.4265530617888
51.0,61.92100227926716
51.0,54.27919982193194
51.0,53.010111926908195
51.0,59.34074722395767
50.0,50.431826446649175
50.0,48.53250390946839
47.0,47.468610807323195
47.0,52.860116771624746
51.0,40.68313354501992
51.0,48.680017667394225
62.0,53.86906680641408
62.0,64.97248514856442
66.0,64.75752534652311
66.0,63.118327429025406
61.0,60.147892909557804
61.0,52.45320627768723
53.0,47.41855983763612
53.0,36.961981867405896
53.0,35.482541362098274
53.0,37.639712901842145
50.0,41.96991398270252
50.0,40.98372367030693
56.0,42.064985468573774
56.0,50.786486608501725
61.0,53.55890363675484
61.0,60.38936307477553
49.0,62.86255304268751
49.0,54.1032437687589
53.0,55.507762584292834
53.0,59.27162050574469
48.000004,60.21555386850834
48.000004,55.847176460503455
43.0,56.034644871822636
43.0,52.13554045596133
42.0,51.58570558501167
42.0,51.196108577280555
33.0,51.58158524895534
33.0,41.46021444969354
35.0,37.93674252256855
35.0,40.000430426454855
34.0,39.02240208013353
34.0,35.643456719174104
40.0,42.22915669764419
40.0,41.368044794989984
51.0,48.86380079826639
51.0,50.61045020908442
59.0,56.412299016008454
59.0,57.420631422165016
57.0,58.05116996338968
57.0,53.399102151926165
56.0,55.44228611486483
56.0,57.96056693540705
58.0,55.35089060525658
58.0,56.57560113376676
58.0,59.162917017024405
58.0,54.633080046695646
58.0,53.66248887589151
58.0,60.079962611798855
63.0,57.64480029887965
63.0,63.87490591368714
66.0,62.165902070920346
66.0,59.250072418303795
68.0,58.81363655277691
68.0,59.331252298212256
74.0,55.71801638048385
74.0,63.800747404915484
78.0,64.2192533215639
78.0,71.95801647426326
69.0,73.74562731473459
69.0,65.73515865242409
65.0,66.57274430752287
65.0,63.66630610791955
63.0,64.7846963064049
63.0,61.983811789858756
59.0,63.5736809166757
59.0,60.65923948631002
63.0,61.536185042378165
63.0,65.66488580771484
62.0,66.19971978581921
62.0,66.75094741197782
56.0,67.49452666494106
56.0,64.38570085199727
60.0,64.91079910164653
60.0,68.76066614319386
57.0,68.9250358315651
57.0,64.9949729964483
56.0,61.96339625150834
56.0,58.369020787284256
61.0,59.31168949758574
61.0,61.38100480974136
66.0,62.28131615743628
66.0,66.81099090136526
67.0,67.536719992465
67.0,68.04713466312336
74.0,71.57630943981732
74.0,70.33469986735496
67.0,76.5325861996498
67.0,64.28984423919013
64.0,73.59596673356847
64.0,71.44130601190658
54.0,68.26900414350881
54.0,49.78418450806651
63.0,50.14718169172814
63.0,67.14347690756516
65.0,57.17570704974707
65.0,65.90206903284235
60.0,67.49776392467321
60.0,64.31965975694494
62.0,68.47518959508878
62.0,67.03349343563877
60.0,67.39736817535103
60.0,62.40328845947843
57.0,60.2974060613787
57.0,56.426313700895726
66.0,56.58102062290401
66.0,64.11380791805756
70.0,65.02578289027846
70.0,68.77125497503285
74.0,67.82337641789235
74.0,71.88359331275683
68.0,71.76277273717592
68.0,65.53076208563033
69.0,65.11506405207578
69.0,65.8664037607625
64.0,66.38051212782145
64.0,62.082587278508925
64.0,62.73293349608547
64.0,63.167636731707134
59.0,62.89280112825267
59.0,61.21349147374313
57.0,63.0074413957751
57.0,62.48773060389991
54.0,63.86942256003289
54.0,61.416533047997746
59.0,60.70122936731593
59.0,63.44564935480158
56.0,64.34848908569951
56.0,62.479248501082836
67.0,66.35139862348457
67.0,74.4276910879586
65.0,80.14168255324975
65.0,74.1374078786841
62.0,79.69476952877366
62.0,71.32507624079524
71.0,79.62401929736068
71.0,84.084808383098
76.0,78.28505973589628
76.0,85.50512112267782
62.0,75.64313223762791
62.0,71.52888982872186
61.0,64.04964292132956
61.0,63.618051174378735
61.0,49.54435069596878
61.0,53.951782212508824
63.0,62.242252866890766
63.0,61.60892473662078
66.0,65.00081483970833
66.0,65.57446407867228
64.0,64.9956838598626
64.0,57.43504900019037
67.0,55.64040565032963
67.0,58.02534438977436
66.0,57.068250254169655
66.0,57.43392247545566
60.0,59.04814603901056
60.0,55.65848003185552
69.0,57.304612154649774
69.0,67.44600660846889
65.0,69.07201470612563
65.0,66.54346995291148
60.0,67.21292278079203
60.0,63.84636555586141
60.0,64.54660430085622
60.0,64.64544487884947
59.0,65.48055603905955
59.0,65.41629580918666
51.0,65.97899830660887
51.0,60.9273080522866
55.0,60.90390676439991
55.0,64.7064560524625
50.0,65.40829042850248
50.0,61.75577388050478
55.0,60.603145916463134
55.0,63.280482291918545
53.0,62.93778048571051
53.0,58.49459182513788
46.0,65.00547452975664
46.0,51.592939609164645
53.0,54.7257289221323
53.0,58.812546332511765
48.000004,59.28177550975537
48.000004,48.05195501377969
49.0,55.363252481847944
49.0,55.71301420038564
49.0,48.169900644686045
49.0,46.707238499857716
55.0,46.624447753654444
55.0,56.924737437800204
52.0,62.703920614153844
52.0,60.055772204158465
52.0,58.58430421840876
52.0,58.10388869118656
61.0,58.173209152708395
61.0,65.78124399838113
61.0,64.25094046120557
61.0,58.91765785114958
41.0,57.056991339450605
41.0,34.13994114774454
48.000004,26.91773525964783
48.000004,34.659904683498986
49.0,36.672486571072135
49.0,39.05777425959695
47.0,41.77827603764556
47.0,42.789001058943164
58.0,44.63434708540872
58.0,55.376512923096755
56.0,56.48981996148736
56.0,56.7147496443103
52.0,57.40715751662193
52.0,55.34540087452099
49.0,56.19137490636363
49.0,53.99058363628285
41.0,55.04576533850922
41.0,48.82379037124823
43.0,48.99209718683185
43.0,50.22133795087996
43.0,50.23076853659433
43.0,51.852973359901284
40.0,54.63004304655848
40.0,52.02817699037804
45.0,50.844101889566666
45.0,53.358593734129265
50.0,54.8851415319629
50.0,52.9246565963329
50.0,60.880891420505804
50.0,53.14311028885546
41.0,59.18207887391042
41.0,44.63161658151053
54.0,49.009432465302446
54.0,53.08527438890423
44.0,56.216617104299694
44.0,37.83286188712256
38.0,38.675294155983444
38.0,29.515639711482805
38.0,32.10351604832571
38.0,37.31661236956728
44.0,28.710086268518605
44.0,37.84911519264436
54.0,36.809032897151624
54.0,59.29964322984151
55.0,48.97789659521419
55.0,47.374753723217836
59.0,46.70522553688112
59.0,51.3821084368811
65.0,40.72879194954464
65.0,43.519795247718804
67.0,39.39923428300733
67.0,44.60334486467724
64.0,46.63523705546412
64.0,47.052446583795586
72.0,51.44061151924937
72.0,63.362068053627375
77.0,64.27116102038762
77.0,73.27719106913794
71.0,74.49552317951519
71.0,70.87725196421448
64.0,72.29828186745067
64.0,67.60681286226165
60.0,68.3665896877139
60.0,64.84333101653597
56.0,65.97431636701177
56.0,62.87149125773206
55.0,63.48759613466187
55.0,63.12831783492129
59.0,63.2493768368961
59.0,68.88463497150019
59.0,70.11702132696155
59.0,70.23369562529997
66.0,68.88688522652323
66.0,73.55192045595217
69.0,75.15650302679954
69.0,70.95255971199926
74.0,77.11322454666143
74.0,75.31887396410954
75.0,83.9585396923827
75.0,74.89784873847886
75.0,89.4748208859776
75.0,76.35414944301827
71.0,82.82225843619075
71.0,71.23473611901139
71.0,69.64671764527606
71.0,71.49768303832654
71.0,66.65335257023064
71.0,72.74998279338786
76.0,68.72774878998565
76.0,80.03417517248275
77.0,78.11309789422931
77.0,86.38977392487597
72.0,81.69184960711416
72.0,71.11820851292202
67.0,77.13487801102896
67.0,79.09470363133109
62.0,75.91978146706687
62.0,77.18929374412555
62.0,74.32479657697496
62.0,75.37269603159056
62.0,78.66509758118829
62.0,74.48137677330307
68.0,75.71836199540338
68.0,81.44319125840047
66.0,78.3748820353658
66.0,75.11418514600415
64.0,74.63330497760784
64.0,71.53774513198555
59.0,71.62822915251718
59.0,66.06131944603545
55.0,66.45533194463518
55.0,62.2434303939211
50.0,62.544722145197284
50.0,57.31571741898053
45.0,55.819924088268884
45.0,51.6481089762699
53.0,51.10348505336762
53.0,57.46043335768233
55.0,58.27205628126348
55.0,59.62429107905599
57.0,58.47125536365499
57.0,59.60077810365533
54.0,60.81585327067648
54.0,58.97253814969946
58.0,61.111618503820225
58.0,59.47343473454066
65.0,66.88928513452295
65.0,70.49774198233477
59.0,74.80210028738901
59.0,64.63598150718398
56.0,67.58797412774265
56.0,61.14628123484124
74.0,61.14773526602606
74.0,81.49236605781137
115.0,80.82343096416035
115.0,118.79904397042169
90.0,122.62654603054794
90.0,89.03163363481274
68.0,85.76556187912074
68.0,71.05363962456173
55.0,72.98759168646508
55.0,60.7634147837858
62.0,65.95826581685401
62.0,71.94544861245873
66.0,68.92549621822155
66.0,68.83886447315297
60.0,71.0490763528099
60.0,65.73090876774174
61.0,65.59157250440806
61.0,66.84279602518764
63.0,67.41745865493526
63.0,67.36201698601879
62.0,67.0662313049397
62.0,64.67419541483288
55.0,64.42354004119491
55.0,56.00034712791701
53.0,54.8626359043365
53.0,51.05287677343493
57.0,50.286808237932135
57.0,51.918483069782
58.0,48.72826838799935
58.0,48.59003599083715
53.0,46.72000084484326
53.0,43.65405543093005
54.0,44.66558387854542
54.0,49.148761909775935
106.0,51.21482695230139
106.0,105.0449804622818
90.0,102.70008600683897
90.0,84.0694742785951
76.0,85.30842268596092
76.0,72.35949446420963
57.0,79.38984023404815
57.0,57.81885728097177
59.0,60.74981135229042
59.0,70.75989387012054
53.0,67.01092935377049
53.0,54.54615608064582
48.000004,48.23517970173786
48.000004,45.23958368006925
43.0,55.50983695944657
43.0,57.11712436412326
46.0,69.7605516086933
46.0,66.5336549107849
42.0,54.238394926529125
42.0,52.77117648062784
42.0,47.66750685093537
42.0,42.156959188399256
54.0,52.69056578386198
54.0,69.51244019326974
43.0,72.62749108381045
43.0,54.38317756591037
44.0,57.65576603887131
44.0,56.89857741139795
43.0,57.48435538924482
43.0,55.217452498344876
36.0,55.87931656515955
36.0,50.7761857139097
35.0,50.49488126306217
35.0,50.19598373078335
35.0,50.189227920132936
35.0,50.00560949924459
40.0,51.497372407238046
40.0,53.76108894464187
39.0,53.55162696271794
39.0,52.95961851783066
32.0,53.120472612773206
32.0,49.41114940089384
30.0,46.591765749236686
30.0,46.013413437012176
40.0,46.02110322003122
40.0,50.441316442076875
39.0,51.54582052594555
39.0,50.95452918297095
51.0,52.65273986832903
51.0,63.401258041528735
46.0,63.34139161078377
46.0,60.185951313240295
52.0,62.804979423315956
52.0,64.44102110301648
56.0,68.03651575345938
56.0,65.27721373464351
55.0,69.15837937773611
55.0,65.06840236032946
50.0,66.84390724013339
50.0,64.23642467089188
45.0,62.10577442952858
45.0,53.01208884708424
54.0,51.86432758563603
54.0,65.49193958188371
58.0,63.13973996748644
58.0,53.32281201247045
55.0,59.98428709179526
55.0,65.67702263171418
56.0,67.39473429990221
56.0,61.89022112485697
52.0,63.154540876449744
52.0,58.377313923649375
56.0,60.1186729941597
56.0,62.247696622244376
53.0,62.039853389086396
53.0,60.05751566068451
51.0,59.34882763931438
51.0,59.372865098523555
54.0,60.934360790639005
54.0,63.70406888253899
55.0,65.07055419716403
55.0,66.04656627858608
53.0,66.32188945442945
53.0,66.70785622462577
43.0,67.8548638844172
43.0,61.300676962811565
40.0,61.546932323399325
40.0,61.133943922275975
51.0,62.883922305183475
51.0,68.79864489433781
52.0,68.11925768806216
52.0,69.18856540127744
33.0,70.42561962148307
33.0,64.88429314976561
37.0,66.75054061961947
37.0,66.52479333937781
33.0,63.123861754089894
33.0,57.495171169979116
35.0,54.758478576427166
35.0,55.48288571094097
36.0,57.56666298850096
36.0,58.466669602208874
30.0,61.287721295192
30.0,52.957826492966184
34.0,55.90545127463991
34.0,59.63764905169522
35.0,58.78911062086427
35.0,57.617042609810184
26.0,52.59048605474383
26.0,41.50375663045074
11.0,40.942241499552
11.0,33.393300411899254
12.000001,36.849977140348784
12.000001,39.458093887945836
16.0,29.495259258301235
16.0,22.286624823481457
27.0,28.608611282073433
27.0,26.765951309614852
47.0,42.51322227305404
47.0,67.52304181953454
58.0,55.80925566232226
58.0,60.75436314693563
52.0,68.97595858004232
52.0,65.52629037784955
52.0,64.35388637146656
52.0,65.59831826214734
51.0,67.07500770454428
51.0,66.76065636007651
52.0,66.72762099969852
52.0,67.1936108862602
41.0,67.4870859029954
41.0,59.98265733199873
43.0,60.561838660210675
43.0,61.178256323744854
36.0,60.34184354741272
36.0,55.772372108263525
28.0,55.79271073164239
28.0,51.0186148624428
23.0,50.73599417831406
23.0,46.99643057131305
22.0,46.26426404685915
22.0,45.62064761135487
42.0,46.365759422975074
42.0,59.19486974395938
42.0,60.591974625083374
42.0,62.86250595619758
22.0,65.71528223520586
22.0,56.32128177251644
28.0,57.732617641250044
28.0,59.79323609111134
35.0,62.767609014755365
35.0,55.59196063326253
34.0,62.34003291380461
34.0,56.64063336808901
38.0,59.8104491011862
38.0,60.72427022901639
40.0,60.90707136687698
40.0,51.20660256519786
36.0,54.869150906096856
36.0,52.56487384824662
33.0,50.59722713774469
33.0,47.53581537076119
35.0,36.57849170455072
35.0,42.198023443723386
30.0,40.70112760359523
30.0,41.179151532382306
25.0,40.12338628995252
25.0,34.7506050607823
25.0,38.28908635209337
25.0,38.86330496914883
29.0,45.227758173594786
29.0,46.248245110303095
31.0,41.11216598019524
31.0,41.09079789301622
30.0,41.65083014384431
30.0,42.04293763184007
28.0,41.17258749829485
28.0,40.577193051607594
28.0,40.13321946998565
28.0,41.71460263716058
25.0,43.154308476940955
25.0,41.673532518178625
25.0,40.83626526044576
25.0,41.68356895930109
23.0,43.50666930194123
23.0,44.12706449795492
47.0,46.61091384480144
47.0,62.25139655301393
42.0,64.00506857330434
42.0,62.903148223227305
31.0,64.57941344281954
31.0,60.68193560286373
32.0,61.59484926850483
32.0,62.8128117524458
28.0,62.67740719355718
28.0,62.719625654432534
29.0,65.43577997238442
29.0,65.76396895256352
29.0,68.52688678508375
29.0,60.385215804415374
39.0,67.705061776333
39.0,64.90957455542194
43.0,72.68809913487156
43.0,62.95979170690722
44.0,74.20429487677715
44.0,62.022920934646464
52.0,63.41712428894137
52.0,65.6868020815021
48.000004,64.97486085711833
48.000004,76.7598832899942
40.0,62.4737318920167
40.0,63.2811099983796
41.0,51.638802405934356
41.0,58.78373424050312
41.0,45.67146131272155
41.0,49.398736850177805
45.0,45.99558781939055
45.0,49.309439880840095
41.0,39.10560199258724
41.0,36.5011286640787
43.0,38.26978497654638
43.0,39.39200749797918
40.0,39.45780250508042
40.0,39.59050916984699
49.0,42.13030709093464
49.0,52.6704853987662
49.0,54.04442341713013
49.0,56.98546351387324
48.000004,58.51792304335895
48.000004,59.45017182601165
38.0,60.599972577038386
38.0,53.9331038161069
51.0,55.103394265120755
51.0,63.64102682278249
50.0,64.06227443773321
50.0,63.81861707293177
57.0,63.27173899976236
57.0,68.59287449916232
54.0,67.34196139094134
54.0,64.6358068502183
64.0,64.80031518704443
64.0,73.06596893914887
63.0,70.309060337992
63.0,71.33000294494292
61.0,71.05131088265718
61.0,72.84090866994231
61.0,73.24751791795757
61.0,68.59527243876371
58.0,75.04437768752271
58.0,68.95513924439904
65.0,73.78800846185753
65.0,75.34960770114824
68.0,78.35710342798302
68.0,64.64224984203348
62.0,63.12142357722323
62.0,69.48171148007062
58.0,67.83361869708017
58.0,69.54191357935545
53.0,60.46673610626924
53.0,68.78205133459007
56.0,67.43129488445209
56.0,69.38125816355362
54.0,72.32741669243633
54.0,67.1931689606899
48.000004,66.84662111328358
48.000004,59.69997078507325
51.0,58.513892434646316
51.0,59.152038907635315
42.0,56.992553627134505
42.0,48.45169741989258
42.0,48.74821777259124
42.0,48.842782817500236
56.0,49.931450253040396
56.0,60.83959720683635
76.0,60.24206903447117
76.0,76.60707257758128
81.0,77.03081479237682
81.0,83.52585579996591
83.0,82.55033039702514
83.0,86.09577457814393
95.0,86.14306040431484
95.0,97.04681513567584
98.0,94.82823517498245
98.0,99.84907595340054
114.0,99.07599477332504
114.0,118.84597526722524
109.0,111.4570276420962
109.0,118.51986085171035
113.0,120.4339302457784
113.0,123.334374235145
131.0,117.44017853048575
131.0,130.69404852577176
144.0,126.9675151723704
144.0,144.3182373487085
124.0,139.2769610784606
124.0,119.79224797321066
102.0,123.678155607373
102.0,105.74662706677198
85.0,113.15883191328543
85.0,111.10634325416564
77.0,107.31184402030183
77.0,109.87829181160829
78.0,108.00695454698689
78.0,85.92371526342073
79.0,87.33220129560524
79.0,109.75093013251559
74.0,76.26056600718753
74.0,75.04497014324707
68.0,82.17278069553679
68.0,83.1687747705016
57.0,69.50121139353251
57.0,59.581690605653
48.000004,62.666822323959906
48.000004,46.33663908079922
38.0,46.5618685797367
38.0,40.80226957696686
34.0,43.53114800910755
34.0,42.205035722944
38.0,38.355068537912615
38.0,45.212074692140504
42.0,49.418402980947
42.0,55.24192597920433
33.0,58.976626028898316
33.0,54.753173743118545
25.0,57.98620513029728
25.0,46.71248533753306
23.0,43.71142881916829
23.0,39.18306760607207
43.0,37.51272254066994
43.0,61.1062193527306
53.0,62.03926899246997
53.0,71.78179632550905
58.0,68.10741922986783
58.0,73.32355884906958
61.0,82.10014771340926
61.0,76.23583348987553
63.0,67.22980655641015
63.0,73.28438064267745
62.0,72.06810915188157
62.0,79.04520977988372
65.0,82.05427721591009
65.0,84.34440976207586
70.0,86.50575905753846
70.0,88.44234211518099
76.0,88.6974730626452
76.0,88.57577757652456
83.0,93.94943395337741
83.0,100.72832125786005
87.0,97.88175370764401
87.0,115.07538940600286
94.0,102.25421685366734
94.0,95.69518496651253
98.0,97.773112047152
98.0,101.25375947955693
90.0,85.94082849509829
90.0,94.05450051778345
77.0,92.56660399545731
77.0,61.033625611429244
70.0,75.84920631834463
70.0,66.41664108316996
66.0,78.22983780131567
66.0,77.78955258363114
66.0,66.75804477793181
66.0,68.17521326589839
68.0,64.45107882526696
68.0,68.48476605331764
61.0,70.54136765088192
61.0,65.32197964732312
59.0,68.8944649881338
59.0,67.93501451369872
73.0,68.51783332318978
73.0,79.49582065405775
67.0,79.69295842692553
67.0,75.63718411569384
61.0,74.71260883548182
61.0,70.51053765926126
61.0,71.23557232906816
61.0,71.70785834936183
43.0,72.99407196303797
43.0,62.29512449585407
59.0,64.5984293842386
59.0,76.73567999560821
62.0,77.35774828452823
62.0,80.26113391535816
73.0,80.33362668968337
73.0,87.95152669702557
55.0,87.07298714891841
55.0,64.804442642905
56.0,68.95347616051536
56.0,63.9794203514498
73.0,69.48842369565207
73.0,77.3331908881019
83.0,80.57590591773568
83.0,86.24470200327372
72.0,87.18816628288417
72.0,73.96127380529855
67.0,71.77224263779561
67.0,67.83246945198013
65.0,64.96805742728043
65.0,61.15633446077659
57.0,70.73880180211312
57.0,58.59267478963661
56.0,50.06970923611047
56.0,57.28170545757077
49.0,60.954997580296975
49.0,57.88218094134529
49.0,66.54455334474483
49.0,64.13885109617783
41.0,49.714919336156015
41.0,39.709479642315586
43.0,42.207330743228425
43.0,42.9231249443082
40.0,41.010157163819564
40.0,37.586162727768496
47.0,36.69921500483023
47.0,44.15678275659804
51.0,45.63764453675916
51.0,50.35855163587219
40.0,54.3153305295684
40.0,47.19749541379297
22.0,50.35963679612339
22.0,37.67463327926702
30.0,36.4427863970047
30.0,42.070954543690085
50.0,41.46433571076713
50.0,55.06381146364424
46.0,57.05195622012826
46.0,54.053323875686175
58.0,54.44242575132056
58.0,64.22296442376297
75.0,65.84659580004168
75.0,82.52816613949507
58.0,84.02408972447402
58.0,69.55848095701752
46.0,68.66837074778134
46.0,56.84350145401093
35.0,58.504246207907535
35.0,43.327379161790994
34.0,49.790872669890035
34.0,43.248087851228846
32.0,49.762885139205764
32.0,42.405792010346744
28.0,43.57215632679192
28.0,37.10224177666162
27.0,33.96675058610825
27.0,29.309218256746647
26.0,31.869483825677506
26.0,25.944610781420145
25.0,25.929995312547305
25.0,19.04637570360271
23.0,16.465468808715464
23.0,20.91646746844542
22.0,16.330198189432732
22.0,22.676827311042423
29.0,23.04893921589154
29.0,30.46031123480813
44.0,30.435653416893256
44.0,42.586225982681384
53.0,44.992469125422595
53.0,48.74642221703075
52.0,43.61527140603227
52.0,43.50771981082811
57.0,41.551943266249076
57.0,48.41141737713555
61.0,49.85743554683874
61.0,53.2749084562285
59.0,53.5581290406319
59.0,52.67826323109395
54.0,53.508764510677246
54.0,48.40526864337709
40.0,47.36284677395603
40.0,35.802978919879415
35.0,38.16223441468026
35.0,35.944844064975285
30.0,39.026979796232084
30.0,35.5855275320329
27.0,38.54121257697183
27.0,36.177024272136826
32.0,37.15906501694308
32.0,41.16655538803313
51.0,42.283016403062135
51.0,56.88142393607997
62.0,55.31310112437155
62.0,64.48293857846434
57.0,67.01914758287528
57.0,59.292671039740924
50.0,63.55028054193986
50.0,53.802582632441386
48.000004,60.02204490432207
48.000004,52.2737821232313
40.0,56.067793241820574
40.0,35.64352685703705
37.0,38.79948709817097
37.0,27.281855016232775
31.0,22.913771209289564
31.0,19.23317096618147
38.0,8.889112283601488
38.0,24.823044078542207
48.000004,21.391181702915826
48.000004,40.822721721802615
52.0,39.485925615337955
52.0,51.02406007380603
54.0,52.34000177719278
54.0,49.895355142485435
52.0,50.540837874623875
52.0,38.47481994826794
71.0,35.436125671536146
71.0,51.156602493188046
83.0,45.11572114386937
83.0,59.02733505456384
69.0,59.21116101980023
69.0,44.47710904804833
72.0,47.15470056654728
72.0,52.66262690405784
69.0,52.75431114446206
69.0,51.434055847659145
59.0,55.2785756469826
59.0,43.873935062859964
52.0,44.013125630526616
52.0,38.41456362160502
53.0,41.381443476382344
53.0,41.34176142855064
48.000004,41.793463215999665
48.000004,38.255669836028915
41.0,40.66202285691635
41.0,34.71846438972101
35.0,35.80631815591821
35.0,32.06596427042776
45.0,34.435890445471564
45.0,42.752890440593546
37.0,42.476125894665415
37.0,36.20524571586407
29.0,36.63660514208605
29.0,28.620619401825618
35.0,28.717101472233608
35.0,36.565982073155624
36.0,43.34908080457391
36.0,41.31107830832039
33.0,39.95687386639805
33.0,34.56765714705084
31.0,32.20535811672036
31.0,33.5349047115925
34.0,31.449396604342947
34.0,37.398195206163635
32.0,34.1368638269791
32.0,25.623142029753264
37.0,27.516159131631028
37.0,29.568335976729596
39.0,41.89473088583534
39.0,42.726627853501334
51.0,44.9379262831358
51.0,51.89675338801317
42.0,57.45884442676961
42.0,47.088782525815766
59.0,49.39975566106284
59.0,61.94032041056925
57.0,61.838685916070965
57.0,62.00422424942424
61.0,64.75389413579619
61.0,71.31766894363182
63.0,72.87348283408303
63.0,77.1365630599575
74.0,78.8165316362451
74.0,88.91725992727304
75.0,88.36569601434441
75.0,85.5683325996084
90.0,83.99207422609678
90.0,94.44894534162614
71.0,91.85993281548792
71.0,72.08311578811549
57.0,73.31941969690209
57.0,61.96886362182213
52.0,63.231865004850064
52.0,60.38062681553384
43.0,63.12139919294769
43.0,56.06119048489108
32.0,56.059130089257756
32.0,46.92572121902693
39.0,48.941278123952145
39.0,53.794962150911104
52.0,51.7306639396292
52.0,55.346079954621366
45.0,58.90864362128405
45.0,51.09634577865766
41.0,52.925399127438276
41.0,46.49006064785384
31.0,44.5729823454471
31.0,31.370669552677175
26.0,25.892939129569587
26.0,22.88750216128163
25.0,23.692816114371325
25.0,21.992289730258857
50.0,26.17404150168889
50.0,52.71281297221618
50.0,48.874935087594196
50.0,41.99231206284924
40.0,42.960212080473745
40.0,39.99260397103495
53.0,40.55836116759614
53.0,52.91793149393108
52.0,62.93514592314837
52.0,61.8167203489949
63.0,62.98269943726634
63.0,70.02653473758424
59.0,66.60348316676956
59.0,64.3111468187974
56.0,65.81079893701015
56.0,65.3287135856026
47.0,66.85103162778013
47.0,60.528229646711864
32.0,61.839054005650404
32.0,51.29890406373489
33.0,50.96327105869857
33.0,52.2200639183415
37.0,53.057098319455235
37.0,55.67048048917174
50.0,57.02137875989574
50.0,65.57910776643776
48.000004,66.59269618300132
48.000004,65.79322354181491
67.0,65.61958331638283
67.0,78.69735139296355
55.0,78.46007239969693
55.0,68.70179281447963
64.0,67.40465985751804
64.0,72.28517755641384
73.0,70.60964570449458
73.0,76.39281660865365
72.0,74.82206342353338
72.0,71.58635701405852
67.0,70.13083890125623
67.0,64.19849539000477
57.0,72.22580619846293
57.0,53.70719617385089
45.0,60.3063863770695
45.0,43.132953906492936
37.0,45.14049686864683
37.0,42.56469021964912
50.0,26.860738438173804
50.0,42.42477397347667
53.0,45.54757876414885
53.0,52.269155353140086
41.0,62.238227289379566
41.0,50.19001109485321
39.0,51.74917577240053
39.0,50.81287747126013
49.0,55.74106841970588
49.0,58.0352843680667
45.0,61.21976047532793
45.0,55.6483629837817
45.0,56.513562983654055
45.0,53.54420272625439
54.0,51.15322557077818
54.0,56.69035808050719
34.0,57.39081863971884
34.0,41.436736988660755
51.0,41.60117181266205
51.0,54.058226830577105
59.0,53.41756685837003
59.0,59.771901433929585
55.0,60.9399948540264
55.0,58.58494979655325
57.0,57.8717087570489
57.0,60.27181579572494
55.0,60.267742988006525
55.0,59.10792719004568
54.0,59.55711461720441
54.0,59.85010041409604
54.0,60.76778634142941
54.0,62.18611375662596
59.0,63.08203797708379
59.0,68.01450364817194
59.0,68.77860115030445
59.0,67.78871298713288
60.0,65.90371918653389
60.0,64.5122234569501
61.0,65.11633156870514
61.0,63.94095130952403
61.0,66.81596501431956
61.0,67.61655163639813
53.0,67.11641084930433
53.0,56.23088656699147
39.0,55.84401768869838
39.0,38.109845380503735
32.0,39.5310215959856
32.0,33.45007425289161
24.000002,20.928675925603578
24.000002,22.71212873050943
23.0,32.65860577677987
23.0,33.96543487434493
24.000002,41.12312330246878
24.000002,30.747830763736125
22.0,27.47223737861383
22.0,27.626191673378205
32.0,28.57278472449851
32.0,31.30375544913265
33.0,33.7827964317553
33.0,21.492451384147365
33.0,25.171691873923947
33.0,34.38212326249074
35.0,43.091142105816026
35.0,54.5477775407124
51.0,40.105539042354465
51.0,52.63635913481353
40.0,57.1019572403285
40.0,50.200927243349206
33.0,52.408893503880016
33.0,48.95373412031322
27.0,48.77512932160507
27.0,44.22060561973401
45.0,44.818708758342986
45.0,56.14605614824865
39.0,57.0799985457222
39.0,53.36820578805864
25.0,53.965413642228974
25.0,45.1819364833574
33.0,43.37343232738093
33.0,47.361121369497475
31.0,47.66130848215952
31.0,47.003304259764526
56.0,47.61756811122674
56.0,65.01648832242589
56.0,65.93122181675673
56.0,66.2105407329158
37.0,65.10292919069292
37.0,54.141189813668845
44.0,56.03620409347106
44.0,58.132310072913405
47.0,63.238616498272506
47.0,58.48830238793919
51.0,63.083517941620606
51.0,63.522787140142356
52.0,64.65952425884795
52.0,65.22551186359546
49.0,63.31422510246388
49.0,64.0077693471066
56.0,61.9879417720351
56.0,68.05006043547779
56.0,68.32698894344794
56.0,67.00089863650916
52.0,67.99657855602071
52.0,65.55038519727422
45.0,62.1768708639912
45.0,46.84880788599623
41.0,39.76188328880241
41.0,35.50782834863707
54.0,38.43898480524027
54.0,49.296618265177344
55.0,49.44730563488701
55.0,49.73591981756071
54.0,50.507155774410265
54.0,50.43991484925844
51.0,50.957318020969595
51.0,47.694046163635136
55.0,46.86139077029766
55.0,50.32494578785745
57.0,50.75897200910972
57.0,52.08271837489534
48.000004,51.63948371740224
48.000004,43.833417210345644
52.0,43.339042984066666
52.0,47.31274666015737
41.0,48.02263634400532
41.0,37.978550365584006
31.0,39.18021240693707
31.0,32.3014788650616
45.0,34.62006841161798
45.0,46.05495337690315
45.0,48.19852746445987
45.0,49.43133163381192
50.0,52.265596429541084
50.0,57.14219053733609
53.0,54.49113609209509
53.0,56.70012812927224
61.0,59.431828384328895
61.0,65.51319383175634
54.0,69.37475351871738
54.0,61.58970635524826
51.0,67.97817907689601
51.0,62.248542669756425
48.000004,49.170839164166956
48.000004,48.068888567237835
41.0,32.49128837924394
41.0,41.18727722327324
41.0,41.64641989732559
41.0,61.45990275648952
43.0,66.95048113191032
43.0,50.71622346764683
73.0,54.61686460935106
73.0,77.99450752965498
61.0,82.25124810469556
61.0,66.08476422619147
66.0,60.785934431117255
66.0,59.5754238645346
73.0,61.914146409571146
73.0,70.64429861602113
61.0,67.56003091698334
61.0,53.93412845473936
63.0,58.968252123138974
63.0,60.158735217058485
59.0,64.12171760991095
59.0,58.39664687305397
60.0,59.1865532015606
60.0,59.61646410241344
63.0,59.18206388840218
63.0,60.39431467555522
58.0,58.95749288204048
58.0,54.506384404954936
64.0,54.11305783226236
64.0,59.85703812693415
35.0,59.204357598836445
35.0,33.02258400512905
30.0,34.53891648277461
30.0,29.065505654538168
48.000004,28.32455731088897
48.000004,44.61606988034434
51.0,48.50384920097255
51.0,50.536356175583144
59.0,51.813245676138656
59.0,60.270304053779384
54.0,56.47622705362387
54.0,52.00414551497699
43.0,55.35241345088094
43.0,45.17725379928218
46.0,45.290057617907436
46.0,50.93461543140786
44.0,50.61033653149114
44.0,39.25987385308618
38.0,34.856177301325786
38.0,31.10536536664587
38.0,30.12252155928505
38.0,30.499724437989755
44.0,20.36921780045215
44.0,31.70636366394119
56.0,36.18780468540764
56.0,49.97357157344886
47.0,57.75531485632628
47.0,41.71804824612362
46.0,49.04403477959265
46.0,38.720244550400494
48.000004,38.221243967285346
48.000004,31.956461900506174
52.0,35.60610324220467
52.0,29.13488377280797
54.0,19.312034642707665
54.0,22.209608259007254
54.0,24.05147754016143
54.0,26.50744949480653
43.0,30.670359042400314
43.0,21.988234430602695
42.0,26.881837586244643
42.0,26.52799658259063
35.0,27.010003824019368
35.0,20.1024735698235
51.0,20.358640942091615
51.0,33.83236660483949
30.0,31.20742849603454
30.0,15.664777213468437
33.0,22.023763933784313
33.0,24.30525797967044
27.0,21.866452077725324
27.0,17.944793514402935
20.0,29.843816551656
20.0,26.96349487945352
26.0,30.137454980269602
26.0,32.17416412706015
25.0,32.89707023347245
25.0,38.966446241560305
23.0,39.14556059862637
23.0,41.30983954380623
32.0,45.73612700550179
32.0,47.20244256994421
37.0,52.090211464112016
37.0,57.10895311214301
52.0,59.77201424239784
52.0,61.099038182133654
55.0,53.177287142593855
55.0,49.78191815738595
48.000004,58.03752913201177
48.000004,51.434485534750976
39.0,33.77072112301725
39.0,33.59501425851629
32.0,35.1896885232324
32.0,30.325895377673934
24.000002,23.511187760485722
24.000002,13.119136194820165
39.0,26.266063280643277
39.0,22.982646608261174
45.0,23.503638977511308
45.0,29.25297778725326
37.0,46.00016689988623
37.0,34.91018398850024
35.0,29.574138391736174
35.0,28.048267271954717
40.0,31.196131014695798
40.0,35.152284668795026
49.0,37.15914345975533
49.0,45.8544160310506
57.0,48.135548486352064
57.0,55.874776715784336
45.0,57.12268626286381
45.0,47.518633440272076
37.0,46.98375245522483
37.0,42.869830026236585
29.0,44.87447336105272
29.0,39.38200089628675
27.0,41.84293462075754
27.0,40.32797121319282
34.0,41.58898735488233
34.0,45.66169752704266
34.0,46.457582928286705
34.0,47.28112819098614
33.0,47.45836231483537
33.0,46.62410301477096
27.0,44.12770149605615
27.0,44.1748387351711
28.0,42.911975726329594
28.0,42.290967704036476
30.0,46.38928175935084
30.0,41.50998898720951
36.0,42.92799023066227
36.0,47.991829329791116
37.0,44.071826491092224
37.0,34.2141048493462
37.0,31.59162680960838
37.0,22.328772160205933
39.0,12.39073710866496
39.0,17.020177258122402
38.0,14.714386313073332
38.0,26.944406534261752
44.0,26.734949354597255
44.0,37.74155282819866
55.0,41.146393068497645
55.0,47.393086041757584
50.0,62.32382531161453
50.0,56.510334928407445
52.0,52.50249595860315
52.0,36.62022885809134
45.0,32.90748172630986
45.0,16.116076628511493
56.0,8.473766319907401
56.0,20.07102444054232
42.0,21.19830376859197
42.0,8.42933468979374
31.0,14.301473800221203
31.0,5.7316163726322165
36.0,9.081982875884094
36.0,15.764201221452694
35.0,22.362567555968322
35.0,20.866626731573497
38.0,23.049186518913015
38.0,27.446988637775828
38.0,29.210662747712142
38.0,31.112954935162232
38.0,33.34380860799478
38.0,34.07907249040784
44.0,34.993672439663435
44.0,38.2106882592961
40.0,38.43777853992472
40.0,36.390975937119755
35.0,37.15871459806451
35.0,34.19358674928317
40.0,30.648076940482035
40.0,40.81590221054923
37.0,39.021066579481314
37.0,35.507009064141066
39.0,39.51118813265494
39.0,44.81555039850307
40.0,44.52721159110759
40.0,44.603650944233934
33.0,41.20851738806524
33.0,30.356323129173493
29.0,31.96581740235612
29.0,24.79042958801334
33.0,6.44959708553161
33.0,18.86888030252532
29.0,21.549122368176583
29.0,20.979788639363818
25.0,23.77293072741299
25.0,29.914861370687927
25.0,42.0246033617425
25.0,19.124936059306282
23.0,27.098769665055606
23.0,25.037100895419613
28.0,30.840952761995588
28.0,29.92987837431061
30.0,24.04734977907694
30.0,15.581689272673854
38.0,20.419773950873772
38.0,24.24138568955269
35.0,23.03602132655779
35.0,23.082328065882574
28.0,25.906123998259798
28.0,20.704263401213677
37.0,21.756494697649842
37.0,29.7507116480734
31.0,32.47728270650763
31.0,27.88345425630597
51.0,30.78529289621446
51.0,47.38186656736911
44.0,48.61963348933256
44.0,44.3465802519624
47.0,47.778521020079936
47.0,50.09582629362302
46.0,47.58064381874649
46.0,47.32216033237969
46.0,49.43377335912704
46.0,50.369069662707865
42.0,50.7924903244063
42.0,48.12586218541084
46.0,47.613705897753576
46.0,51.69678660430539
38.0,51.080399360875575
38.0,44.09823182695989
29.0,45.25682150313189
29.0,42.647191313839215
35.0,43.24203675361979
35.0,49.00451130895468
38.0,45.949254116100796
38.0,43.09791576724582
40.0,40.36271417945102
40.0,32.72979573544504
28.0,18.77286379390085
28.0,24.38009195333793
58.0,24.97108450705717
58.0,72.44282009641266
60.0,70.17440905871653
60.0,42.734830066016315
60.0,47.460976659926715
60.0,55.87971476492286
62.0,62.966102501972735
62.0,56.7220766629288
44.0,61.01157520888234
44.0,41.29833816734836
35.0,47.45335820194791
35.0,39.42268425868898
42.0,39.85909596526026
42.0,41.857554294413745
42.0,42.867376999132794
42.0,42.10651445481953
54.0,41.883152597525296
54.0,51.92657869494235
45.0,51.579310827311645
45.0,45.36430244476508
49.0,47.490532103823654
49.0,50.07757289559737
41.0,48.16379537548369
41.0,42.41873740610012
41.0,44.99047788519682
41.0,45.263404866569964
31.0,45.10167790325007
31.0,37.939014193498764
28.0,38.83899777681153
28.0,35.49221502755082
30.0,34.8596953448271
30.0,36.93419902638345
36.0,37.35847468063096
36.0,40.93589405890502
39.0,39.41471094627582
39.0,45.1458392022961
44.0,42.11119549784
44.0,45.949588566362145
43.0,47.01827102354732
43.0,49.987656998038624
53.0,44.55130335387072
53.0,49.226237082574656
27.0,45.35754682728082
27.0,25.66137789711741
34.0,26.70016656801538
34.0,42.91099531316306
38.0,42.57460419792028
38.0,29.094805971953168
38.0,28.815346641219424
38.0,46.75801917224996
33.0,49.1849900245941
33.0,36.15080882790424
31.0,34.68848470286449
31.0,17.770390510237164
24.000002,38.53920124745454
24.000002,33.25905145433165
22.0,46.99011655785838
22.0,41.013851839396416
46.0,38.39315688530666
46.0,45.80165908860557
33.0,43.123348265235755
33.0,32.53979689173242
27.0,39.05662431043189
27.0,37.92104163646132
30.0,36.505642987805906
30.0,36.77299979252316
32.0,38.296234245871695
32.0,40.95649154583336
28.0,39.79001403586865
28.0,36.29247054334316
31.0,38.41895939913082
31.0,41.80082801948937
30.0,42.47332554964605
30.0,42.55651061119315
28.0,42.62074615786231
28.0,41.4851966782663
26.0,43.21104219201103
26.0,38.29977328895247
28.0,36.396015849093466
28.0,38.23933191723545
24.000002,39.71108976713206
24.000002,38.8377574949491
41.0,39.991789626356805
41.0,56.29052244362493
37.0,54.028255027353616
37.0,48.338806386187976
27.0,54.81046567171352
27.0,45.021219227910294
18.0,42.946595258083256
18.0,33.06588351056405
17.0,29.989036774420402
17.0,25.121006151453667
17.0,26.812263891685003
17.0,19.148713149453783
21.0,7.7581984968626925
21.0,11.00867979011306
21.0,7.523708105889315
21.0,26.07050816973798
23.0,21.674791539154587
23.0,6.929984243608607
28.0,21.0696366781605
28.0,24.13618141053597
35.0,29.312357608747693
35.0,32.439454996530124
48.000004,21.791746994168147
48.000004,32.67658471854829
51.0,47.17586303616889
51.0,48.324011335203906
40.0,41.5888831094024
40.0,29.82865848262947
43.0,27.491135737438192
43.0,31.388338351576614
42.0,32.92881408355255
42.0,33.83067764806978
40.0,39.00729514624626
40.0,38.73058947116288
30.0,40.37706633907001
30.0,32.76078744794481
23.0,33.42207792948795
23.0,28.717083051969357
57.0,29.611922267847525
57.0,54.0498607949511
29.0,56.200384407551795
29.0,35.70421871649958
45.0,38.02558232734233
45.0,48.295837144692115
45.0,44.552981383784825
45.0,45.67657782505395
20.0,49.3167437507174
20.0,30.192335656904152
28.0,29.685732718502543
28.0,39.22846694219882
26.0,34.507292363652276
26.0,28.026330200565667
28.0,35.267354661344925
28.0,39.170579435562544
24.000002,38.14337842240617
24.000002,31.99489256615615
27.0,28.10988488790434
27.0,30.28280103190159
30.0,32.23041995814036
30.0,28.69003927948681
40.0,22.627389060453915
40.0,31.295228982768908
45.0,40.73800623775814
45.0,51.019001033372696
45.0,44.650499055424504
45.0,48.772668886269244
55.0,53.72725746066372
55.0,58.74038290221239
57.0,53.6160271285433
57.0,51.67889305164539
56.0,53.37839582665451
56.0,48.879368248439526
58.0,50.499245856773484
58.0,47.298813414693264
56.0,43.61450562168881
56.0,41.295735086152106
54.0,42.533230127493546
54.0,40.397910650109836
51.0,44.277190663351725
51.0,42.385070207408525
35.0,45.34497386729638
35.0,34.22453279682881
30.0,35.442081317941316
30.0,30.796084735570954
40.0,29.36984227413018
40.0,36.38945954398175
39.0,38.46497727224463
39.0,38.786869527626344
34.0,41.06983792084998
34.0,36.767213623390354
31.0,35.537488688676326
31.0,31.990803747784884
30.0,31.98428142197632
30.0,32.70704692205682
38.0,34.0964855403513
38.0,40.38268216818667
44.0,39.50204640844187
44.0,51.00736679143407
36.0,46.81681471676809
36.0,35.04692612667774
28.0,46.722242542340275
28.0,45.851732871506165
27.0,44.29261281007617
27.0,43.47120288212567
26.0,39.94834886977767
26.0,30.263599506742768
28.0,34.96787958489369
28.0,34.39935831431846
33.0,32.227215031943224
33.0,41.26136684170045
50.0,17.56700446554597
50.0,36.15324292800751
55.0,31.592255225352393
55.0,53.855434999069445
66.0,56.58399603806796
66.0,65.77354520802868
59.0,70.22454756197203
59.0,52.9887318811599
58.0,59.06535780679562
58.0,58.96724011856328
59.0,62.66205327149022
59.0,56.06368140906775
55.0,51.34038325791307
55.0,42.85561909930104
50.0,40.248468694136115
50.0,35.41624247470756
42.0,35.58312151667415
42.0,27.804157734373234
48.000004,28.36804803600055
48.000004,34.593663667812216
40.0,36.77439963938677
40.0,30.519974291487976
49.0,34.946841192399255
49.0,43.33782196768969
56.0,44.684812832591774
56.0,52.25773340580506
30.0,55.19104836712945
30.0,34.4443933737513
23.0,35.05848103859822
23.0,28.489766658781754
30.0,25.306740206178446
30.0,29.017458575484067
32.0,30.93607230021741
32.0,35.222462589424005
49.0,37.03821099231229
49.0,54.989586594877096
20.0,52.51534366718619
20.0,32.308902991778524
25.0,44.18081382657915
25.0,51.997462613134324
27.0,42.46627549036806
27.0,37.59320803333612
24.000002,37.270681631226125
24.000002,28.453790759633957
22.0,21.269995946783332
22.0,15.745230629591665
30.0,15.307792514183566
30.0,31.37755021202242
35.0,15.465948525477492
35.0,9.901260019620612
38.0,19.84366765164426
38.0,37.72762666553519
57.0,41.42061534231413
57.0,48.39911614411421
62.0,58.55006977956427
62.0,54.754776820359425
56.0,59.106361581929285
56.0,55.85410499998061
52.0,58.44312835635471
52.0,46.8220739080458
53.0,42.99540077112561
53.0,39.46658970063484
48.000004,38.53169619360785
48.000004,34.70733265149016
43.0,37.59401539476073
43.0,34.16145777390651
40.0,35.61705055357559
40.0,33.8830554250721
37.0,35.91283059026444
37.0,33.82481169665502
45.0,36.375656878682136
45.0,41.893366733337295
41.0,42.014936787110706
41.0,39.860883611136266
41.0,41.182830657571536
41.0,40.512456669288035
37.0,38.821989221494796
37.0,36.1330488445653
41.0,37.716240978487875
41.0,39.525793124439346
40.0,38.62942678520908
40.0,39.72891988328418
45.0,39.88400138420724
45.0,50.98465275499708
45.0,46.698390764381294
45.0,42.23925577000532
44.0,52.77695227571057
44.0,57.58667230657775
50.0,51.831220651578
50.0,55.70754598520851
46.0,48.77294705264648
46.0,44.018539323403566
44.0,41.22519659382331
44.0,31.917441716846074
47.0,25.845750353052658
47.0,25.62124881056933
66.0,54.97213560200265
66.0,75.28449399119249
63.0,57.93754955350359
63.0,55.28588070555554
64.0,68.19405443574902
64.0,61.18206803688734
65.0,62.54248606777136
65.0,57.547536580141944
51.0,61.41068954876818
51.0,46.231681699378896
57.0,48.509189882291174
57.0,45.63570009461186
44.0,37.4997003593927
44.0,21.40705595537131
32.0,24.197280229372492
32.0,14.029287214181599
35.0,16.635219952879268
35.0,19.341410044297763
30.0,22.048708146572352
30.0,19.378978044277783
35.0,24.27927452960986
35.0,29.721191846144784
32.0,32.20648191331067
32.0,30.80067786237396
30.0,34.791560296133085
30.0,35.178253765902255
34.0,37.4526595482804
34.0,39.68886712611295
31.0,39.78179128625714
31.0,37.470306738234996
30.0,38.444777347808056
30.0,38.03593461038428
34.0,36.40310210930324
34.0,37.70320426536634
40.0,35.54069306388386
40.0,46.74949235056638
34.0,43.1033174083054
34.0,38.05333027479327
30.0,42.78612414390344
30.0,38.177857140012
30.0,40.757957580995935
30.0,38.70396546284643
35.0,32.83833103257742
35.0,32.90832863431108
38.0,33.23560942720495
38.0,30.427530752139607
53.0,25.767656826273686
53.0,37.34009569669285
59.0,38.965591019803874
59.0,50.499880388291885
59.0,44.635609416427435
59.0,43.33991129249312
63.0,50.657642884954306
63.0,57.216003780561756
73.0,71.13628528351079
73.0,64.5400949020779
76.0,65.66396698300672
76.0,64.08108202961981
68.0,68.8633934160391
68.0,57.57569107403185
53.0,57.46130688847215
53.0,39.26976590888021
42.0,41.268422182267926
42.0,30.371525369607873
37.0,32.22254512271003
37.0,26.974421056465353
23.0,29.164827532409223
23.0,18.802206124687853
24.000002,23.205806987005435
24.000002,24.170519856983542
28.0,24.774262325248575
28.0,26.011656916404355
31.0,28.112052633805867
31.0,31.797798022642695
28.0,33.486236720243696
28.0,31.341109914136116
22.0,33.54458332442098
22.0,28.522120628157893
21.0,29.30817345704159
21.0,29.9019213315842
48.000004,29.48482810900088
48.000004,48.443404015978956
45.0,48.494970817345354
45.0,49.32796726078296
39.0,47.67647320393458
39.0,45.460067535701754
52.0,46.816062043571705
52.0,60.34141631712654
45.0,59.61135287142099
45.0,51.98543583228424
35.0,57.80338513180075
35.0,46.471619904228625
30.0,45.54082914526649
30.0,33.130908125336695
40.0,22.418871400117983
40.0,35.177428123247644
57.0,35.46927698929226
57.0,56.15714879107441
63.0,60.56748697505851
63.0,65.17731926758589
71.0,67.44429874534997
71.0,69.7387671854716
72.0,75.72782185059573
72.0,76.56349351578342
75.0,80.45610202542636
75.0,74.25383322905328
74.0,74.92291501948641
74.0,68.62766329298056
68.0,66.39625225381161
68.0,57.65883900390926
58.0,57.805670997216694
58.0,46.062942525928975
55.0,48.635756701509706
55.0,44.708769802185124
52.0,44.84664891252532
52.0,43.248852841941066
38.0,44.681431893530345
38.0,32.63510316299337
53.0,34.05244572344096
53.0,47.256553496913924
35.0,47.96385537571562
35.0,34.52887066794634
30.0,39.881880501358914
30.0,35.56218169775754
44.0,33.02542808487111
44.0,44.20226160124705
37.0,48.32916855853564
37.0,44.803814627790445
31.0,47.27124619212941
31.0,42.05772116509187
47.0,40.01168566136606
47.0,55.257332617583785
40.0,50.742294283899064
40.0,41.34821880261753
45.0,49.042835071330444
45.0,53.72058522606278
37.0,49.93647927432492
37.0,43.26123340482825
29.0,42.53346993269525
29.0,28.595601271456207
27.0,30.21267550699651
27.0,21.17357658455839
26.0,13.347069929560092
26.0,11.126597340487017
46.0,17.916759440826592
46.0,50.32558539472316
62.0,47.519212695928296
62.0,57.38122571632617
70.0,61.43170214453889
70.0,68.581665091059
91.0,72.71063614698387
91.0,88.984283084008
96.00001,92.87216187121159
96.00001,97.06842995198922
88.0,96.48259443297798
88.0,81.9794153669301
64.0,81.08001509917916
64.0,53.352738966602836
59.0,57.133122618554125
59.0,51.088211499114706
60.0,55.16315670916436
60.0,56.77141673855679
40.0,58.77112444853587
40.0,41.112589039441204
37.0,42.10969951266059
37.0,39.06503770526804
31.0,38.63542829190644
31.0,33.28667058698432
28.0,34.72910882270687
28.0,33.85155981065608
24.000002,35.48732106082761
24.000002,33.92369277013055
25.0,36.32252627685208
25.0,36.96196372491162
25.0,39.95776785867102
25.0,41.13392378776453
35.0,42.701484672307124
35.0,47.7542166114686
38.0,44.0305720107614
38.0,47.797667432161425
40.0,45.8641240952188
40.0,45.62261083839438
37.0,44.42138383113316
37.0,42.33363491942153
31.0,41.32939090940708
31.0,37.075672456242174
30.0,40.21642409622483
30.0,33.01479321039885
28.0,27.24523206490793
28.0,14.722156489840629
26.0,18.02051010688903
26.0,19.77401797087199
38.0,17.163193511947373
38.0,34.05567486571322
48.000004,30.94406598892825
48.000004,41.82545300838131
58.0,47.80341608093531
58.0,59.4996214682022
64.0,68.48015952741021
64.0,68.61295113437764
70.0,70.40325789330312
70.0,69.3359194210033
54.0,71.30158989189681
54.0,53.13191333437393
43.0,48.98817853314946
43.0,36.788750343554895
34.0,36.26168085548877
34.0,28.964038897771825
27.0,33.74733935132543
27.0,29.54782955686179
40.0,31.23103734923405
40.0,40.90763806402628
39.0,42.293473351385686
39.0,41.571028106892065
38.0,40.46901683296652
38.0,40.292719841779146
31.0,38.770162210969055
31.0,34.15925564116275
28.0,35.5637629032465
28.0,33.02603440752085
28.0,33.83028465172935
28.0,33.43934188261604
33.0,34.906600115588404
33.0,40.553142575599644
43.0,42.744130696687286
43.0,49.50417751287594
43.0,50.82164481959752
43.0,51.858492622823825
38.0,48.79424921067866
38.0,45.28964882576736
33.0,44.34846061036995
33.0,42.81666180207723
33.0,42.1277030147541
33.0,42.31636035338963
33.0,40.06869622974365
33.0,34.091076385888634
40.0,35.99440274912523
40.0,38.918617122569934
43.0,35.26770916066595
43.0,34.153646064793996
53.0,37.418447194993135
53.0,51.27833213650464
50.0,54.728925022328006
50.0,53.4115337038368
44.0,52.50162954293874
44.0,50.40409331502135
51.0,53.308774587284596
51.0,54.818031472230736
58.0,57.12960907792156
58.0,59.50760547043599
56.0,60.4129980426604
56.0,55.552971389995086
55.0,55.25149767166534
55.0,56.89027490694535
52.0,58.013502512065344
52.0,56.30193060388343
40.0,58.383785201025304
40.0,50.17451128243709
47.0,51.50544123299052
47.0,55.60134704420114
51.0,54.82438000120213
51.0,57.21225307285155
44.0,57.219000617059656
44.0,51.64122096506745
54.0,50.997495991346355
54.0,58.35824710809833
55.0,56.22823504720252
55.0,57.16056476370399
45.0,57.591796948932085
45.0,54.106536390350186
35.0,55.49217059617309
35.0,50.359361618555134
32.0,54.05424565779067
32.0,51.36214026896299
37.0,50.28037210168643
37.0,52.38734928293634
48.000004,51.061303586999244
48.000004,57.55879203989703
45.0,54.73045354222308
45.0,52.840245544200776
54.0,56.85272619151695
54.0,65.33924404913967
54.0,71.66870878477202
54.0,63.463432060259656
60.0,71.25975671563053
60.0,68.46786140695713
64.0,66.77561472164882
64.0,71.54940993335664
59.0,62.270138685854484
59.0,64.93352101119655
53.0,61.664734128328476
53.0,60.60565913288529
50.0,62.01265119030471
50.0,47.686997476238524
38.0,57.33746781530165
38.0,52.70409474928253
38.0,57.86352627658829
38.0,58.136376042212135
31.0,57.87320777990592
31.0,49.19657339394734
26.0,51.80808095237187
26.0,46.5496038847296
42.0,44.99733751381839
42.0,54.65407603978641
40.0,54.5923289368741
40.0,53.85055391160713
26.0,55.04936101724896
26.0,47.48943601972175
28.0,47.705765041444174
28.0,48.98510410487646
41.0,49.659381644992514
41.0,56.6378628113477
31.0,57.58153945316157
31.0,52.79297461225123
28.0,53.810295290335425
28.0,52.82806774875592
24.000002,52.41800753654096
24.000002,49.83270715792377
35.0,50.38551436367617
35.0,56.533301790306965
32.0,55.78448019908301
32.0,51.87355880108819
43.0,50.708844350249194
43.0,58.23791891291325
51.0,56.87690154591801
51.0,61.14631336016871
46.0,62.23177586259418
46.0,58.069756005175556
54.0,61.38290208989794
54.0,68.87631695120386
52.0,71.83491687285404
52.0,64.26722318420529
45.0,69.23921177417469
45.0,60.686865672282764
48.000004,58.80500224192542
48.000004,67.63355019861889
38.0,54.75395269974591
38.0,52.256175679040446
55.0,46.02371555207194
55.0,69.42579171170937
33.0,74.70294665097565
33.0,56.62788123653034
53.0,61.12373898243652
53.0,72.37052547204755
55.0,74.84650957544812
55.0,66.84763654285656
52.0,66.18070046154688
52.0,61.51121173569777
59.0,61.57682663138103
59.0,67.7523127437489
58.0,65.90411151359473
58.0,68.01566535222268
55.0,70.39016574887398
55.0,68.53510798566225
50.0,68.6492310861896
50.0,66.06366556930254
50.0,66.70796811198052
50.0,65.64085346302268
59.0,65.74632946600785
59.0,73.32330717089754
42.0,72.8319502948817
42.0,63.07322545516994
55.0,65.28941927746918
55.0,73.19898018709847
61.0,73.28570255615861
61.0,79.09886538210523
62.0,77.53772009498232
62.0,81.16550674204477
56.0,81.55674728774223
56.0,77.40288912057358
57.0,74.37593564179718
57.0,74.41053985901846
54.0,73.10883359296345
54.0,56.87633745642457
47.0,66.86732219316727
47.0,57.466384828418434
42.0,63.451572635564666
42.0,59.55045483262095
48.000004,62.50057734843732
48.000004,64.84834098669302
51.0,63.93289324692314
51.0,63.19506369973553
36.0,61.01890125644841
36.0,47.3781175962486
39.0,45.233334102918256
39.0,56.1467405707473
36.0,49.81349220247497
36.0,41.85708065484296
47.0,44.43736352412582
47.0,55.814483221600646
44.0,45.94897139498314
44.0,32.70810627624019
52.0,40.21662720245225
52.0,51.23570210340609
67.0,58.89238294448872
67.0,70.97217817399871
60.0,70.18256018651637
60.0,68.86800876471669
64.0,70.10229660189397
64.0,73.04197289219348
58.0,73.6350347399352
58.0,70.18905083748363
56.0,70.73682572777028
56.0,68.99539837268686
68.0,69.0816160286844
68.0,76.17230709173181
63.0,76.05426374576996
63.0,71.2212745422327
64.0,70.9619739552444
64.0,71.18285353623045
62.0,71.62074258819118
62.0,70.14247835278873
60.0,71.13426934541808
60.0,71.04877582560745
47.0,71.15275889127889
47.0,63.48680837224757
54.0,64.81617077867858
54.0,68.70205335665905
51.0,65.57505801630168
51.0,62.42072727729994
46.0,62.091498160575114
46.0,54.00229582460114
54.0,56.70923209725701
54.0,61.8387423225847
49.0,64.95931991872905
49.0,52.36230694408234
43.0,55.40276031453813
43.0,47.21641080123795
40.0,46.81662690908597
40.0,41.62713595765987
37.0,48.19318220946174
37.0,50.847123686403364
33.0,48.047067703678415
33.0,38.92497614119228
37.0,47.76962120547241
37.0,65.18726200864594
50.0,49.19553452482064
50.0,42.874900710137176
59.0,39.07092481477613
59.0,40.07855790311246
61.0,60.34018506116751
61.0,65.66672347843692
57.0,67.40542391808567
57.0,66.28217188594043
53.0,60.455534748297175
53.0,59.94389610139758
43.0,63.25949718259078
43.0,58.20642763943794
40.0,60.964850932667154
40.0,59.507261987186666
37.0,60.45840221223658
37.0,59.26014040540946
52.0,59.77516526383024
52.0,67.66785003285918
53.0,67.69270253672974
53.0,68.1928963314891
53.0,67.5417945241363
53.0,66.94374818475295
48.000004,65.13964052316761
48.000004,61.323817499735725
40.0,60.76655437997182
40.0,55.93921462893654
52.0,56.16204000842752
52.0,66.03672340981825
48.000004,65.86064697338338
48.000004,61.15549003989995
40.0,60.5386631808791
40.0,55.1599736212722
33.0,54.84145120061485
33.0,49.839126477529824
37.0,48.630178631788375
37.0,54.766012290098914
35.0,58.509256164610214
35.0,53.424336547114734
26.0,58.61134148665708
26.0,50.3141592287477
25.0,52.199657018757705
25.0,50.51030940661276
27.0,43.30518488418383
27.0,40.730970024134756
28.0,33.354923560251315
28.0,32.96197856540847
39.0,27.922184510233365
39.0,39.47880421994986
44.0,36.51247304377791
44.0,36.22022009911238
52.0,51.428731838461665
52.0,62.321497750722344
55.0,63.18815641377873
55.0,58.84400691089573
73.0,66.08127951807141
73.0,79.42792859361882
73.0,78.09001494687448
73.0,76.87854715075795
66.0,77.71968795854696
66.0,71.70235734791636
66.0,69.80633710981253
66.0,69.59370860922967
59.0,70.90538218510969
59.0,65.90422536760755
54.0,66.86375060767213
54.0,62.45838997787678
43.0,64.40537453537732
43.0,55.27860681991456
44.0,57.29358543032331
44.0,58.816151992752495
35.0,59.150041037985986
35.0,53.05638441948644
30.0,53.947295157113686
30.0,51.32300524028477
27.0,50.69163133274637
27.0,48.87615815146244
43.0,49.681765210819165
43.0,62.31508981736536
44.0,65.66336371016776
44.0,68.69613760510032
39.0,67.30709328016874
39.0,59.64790320119046
30.0,59.653678145647625
30.0,51.0484137937693
23.0,50.036073515335076
23.0,38.97812009305819
53.0,41.11222353708403
53.0,64.37977796803042
48.000004,69.13405084286488
48.000004,54.70110636578433
51.0,62.30501312454639
51.0,63.46516049147964
48.000004,60.816281744546096
48.000004,59.41885192389707
43.0,58.934262269158495
43.0,57.17073927178148
58.0,56.21003154900741
58.0,69.53660205212417
63.0,74.3800317667311
63.0,81.64661216868505
70.0,83.21568608989202
70.0,84.68625210491743
92.0,81.46352895595899
92.0,98.57995851454908
113.0,95.18323142406791
113.0,113.88065559595651
143.0,112.6663377928347
143.0,147.1316160073473
151.0,142.85324462040384
151.0,156.40817976112072
130.0,147.21100395178607
130.0,120.41575093081647
146.0,126.11094810971996
146.0,142.88644072801662
151.0,144.51291739387113
151.0,151.44469961376393
156.0,147.75718532349003
156.0,154.31153376014382
158.0,154.98021019265562
158.0,158.12882908432147
151.0,158.2717089580468
151.0,154.32862319993941
121.0,152.5705823069294
121.0,116.17316228003592
136.0,119.40874238602754
136.0,134.56193046384647
122.0,134.3898805969503
122.0,111.28897341073711
95.0,110.90182200465368
95.0,74.3480315155722
83.0,84.87429453730331
83.0,77.46785260248998
65.0,84.64411975741389
65.0,59.19290362204714
55.0,77.35272334306948
55.0,58.57792776399112
48.000004,66.94846038281838
48.000004,50.00654992200148
45.0,51.75257424963502
45.0,47.29000651587269
45.0,38.23422061922155
45.0,42.863972456171716
57.0,32.585192422029486
57.0,52.504410574398236
58.0,44.996344582433295
58.0,57.553188845144085
63.0,40.71268958635228
63.0,59.66696233805695
57.0,69.5473766873529
57.0,80.42398517250122
50.0,73.66635160418203
50.0,69.71174802350689
50.0,65.7566174002313
50.0,64.83836203558144
43.0,63.13510174287978
43.0,60.15747686342237
54.0,62.5709295005482
54.0,69.76397379430776
56.0,69.89067587077467
56.0,72.01950383003842
51.0,72.64717225637887
51.0,70.29939006465217
59.0,70.46180230168972
59.0,74.71262728261942
61.0,74.68551988429935
61.0,76.60787231373611
58.0,76.5559183112716
58.0,74.6252285119866
62.0,74.22288937593788
62.0,78.64226136918273
75.0,77.67221510784698
75.0,87.2285905274293
83.0,86.68317319887643
83.0,92.48259097998597
85.0,89.41978842191808
85.0,87.75556997328987
99.0,86.0025546444308
99.0,104.15040285777053
95.0,117.77935029349437
95.0,91.04510074876715
78.0,103.50819310543181
78.0,84.40454311368202
77.0,85.80846719347679
77.0,80.16592929638499
81.0,81.20204761546302
81.0,94.51648533356399
83.0,89.28910645734989
83.0,74.72428380618285
77.0,80.19535847587144
77.0,79.9109216761571
92.0,92.6412116256
92.0,91.98966757606003
100.0,101.55498573967066
100.0,106.38818272816536
81.0,97.60908044275732
81.0,87.90134101027496
80.0,87.68225129941561
80.0,84.746647896742
72.0,80.79505012722777
72.0,68.10335357229665
53.0,64.44865583244588
53.0,45.113366668153205
52.0,48.753520652806884
52.0,49.50755237954176
32.0,44.85133748074942
32.0,34.491915909259276
33.0,41.01314172226659
33.0,35.84116279773125
31.0,51.71364730472573
31.0,61.15938337654213
32.0,64.47293905122973
32.0,66.53446851657326
30.0,67.17916912800078
30.0,66.90778166078749
28.0,67.26789721902007
28.0,67.02955267335949
24.000002,67.54887245364493
24.000002,68.3375882618856
53.0,67.0129781907171
53.0,86.60022104709275
58.0,81.3311676974307
58.0,60.578902088299486
60.0,68.24365531870993
60.0,65.8601355838868
52.0,65.47329565532495
52.0,54.39183692974562
56.0,59.536142378415256
56.0,64.3289098021703
58.0,67.9625714018155
58.0,62.03613192806598
45.0,75.780244860864
45.0,51.42695607773964
35.0,69.35175064344722
35.0,49.22412136043384
43.0,44.82756010145233
43.0,44.07439018347312
42.0,41.06030013411518
42.0,50.223028799632466
46.0,39.140278063996796
46.0,44.40038549788528
52.0,42.99562512120367
52.0,63.65963085056793
59.0,57.82570412355717
59.0,68.20166718659601
64.0,68.22779050475884
64.0,74.628592534271
60.0,70.36458165463456
60.0,60.26173177154309
61.0,53.776342426852096
61.0,57.2890071923567
60.0,56.46438149277764
60.0,60.06889117088715
55.0,64.81645366229424
55.0,65.14533829025119
58.0,66.95788428900465
58.0,77.58526142328617
30.0,77.58294932764822
30.0,57.56423989649623
48.000004,57.215806080872696
48.000004,53.84046751750343
41.0,65.83460876818151
41.0,73.41379358509543
31.0,69.39477850128027
31.0,67.79329707464603
34.0,66.99174670715206
34.0,66.38055883629416
59.0,67.05717004103687
59.0,76.90592536800247
54.0,76.36520872829908
54.0,75.95715289676856
69.0,75.0988723204153
69.0,82.1951535289943
64.0,78.97354487250867
64.0,77.1860541391557
60.0,76.5566865898977
60.0,73.610942805244
60.0,74.44270625324897
60.0,71.49036305434738
58.0,72.56024315358397
58.0,71.09877584912122
67.0,72.84589858974279
67.0,69.57308766955836
72.0,75.81906976600757
72.0,78.90915254983878
64.0,77.11174097356387
64.0,63.96476383263111
56.0,68.11263094611542
56.0,64.52507541007554
55.0,59.964284002320994
55.0,65.70548828921683
59.0,62.98315376870825
59.0,66.66403473878835
62.0,68.83884028679995
62.0,73.6797144664869
55.0,68.89718599738448
55.0,57.691615583777725
46.0,57.58580535660564
46.0,53.362606097625786
48.000004,53.559554681530834
48.000004,56.848108550150485
43.0,59.08990563099702
43.0,59.792594759674884
51.0,61.7716562330724
51.0,68.81954038966092
44.0,69.93703048919436
44.0,67.4256397258434
40.0,67.84320050820862
40.0,67.27108012879697
61.0,67.43847582685429
61.0,77.20044552552805
63.0,77.54285821337237
63.0,78.7792233282895
72.0,79.31512595325832
72.0,83.0828447533712
68.0,82.45830093840814
68.0,80.81069906615218
83.0,80.48854903305218
83.0,86.88548556676501
85.0,85.40650703088848
85.0,87.45422632297861
82.0,85.52152251663998
82.0,86.275447242255
73.0,81.94314933955128
73.0,80.45724499411644
74.0,80.76119359807551
74.0,78.85895071547581
66.0,84.06052926731948
66.0,77.09967052950331
61.0,81.65467349179434
61.0,72.69860728761952
59.0,70.85179247298596
59.0,63.70650980140947
70.0,65.16606556425283
70.0,85.51354483552883
61.0,75.0665472078867
61.0,70.22909201200697
72.0,78.84105713166787
72.0,80.2051457809737
60.0,84.01471816590103
60.0,64.9647266965977
71.0,66.26128955800142
71.0,78.22774726857736
80.0,73.8279945966317
80.0,82.08443434397658
86.0,82.56894864596936
86.0,87.9459764804034
82.0,88.14535074897718
82.0,85.82686951663933
77.0,84.59279361413685
77.0,79.63795129891012
58.0,80.52971980677572
30.0,71.38703993089037
46.0,54.51991017569021
40.0,69.80495982113557
28.0,61.09392138313848
24.000002,52.15848714181461
37.0,54.43279552839906
31.0,66.69040118961428
47.0,71.81289082359872
44.0,75.87322405655846
52.0,56.84883475825072
41.0,65.68498749459461
37.0,59.087049355032384
35.0,60.814725877793386
24.000002,48.70299283155839
22.0,40.502105863079635
40.0,43.55932049391317
37.0,55.857412389519624
35.0,62.94270441408389
30.0,52.365489787978035
54.0,52.03880773578964
47.0,69.75002501329558
36.0,57.69556174770083
51.0,42.98191028793442
28.0,56.615731810487645
45.0,44.07114964681184
43.0,60.460726350117
47.0,61.99369386164397
42.0,67.80634478823195
57.0,72.34234746419062
31.0,76.94904076055722
52.0,49.459379159196175
57.0,72.08487972869564
50.0,78.9465428558364
39.0,69.82014532800761
34.0,62.31456744680397
40.0,63.11439405487885
43.0,68.06113929828322
38.0,63.276713072923286
44.0,51.18174187510316
45.0,58.22655451658636
45.0,54.207187912808735
45.0,59.96465516504229
41.0,62.342856901328034
38.0,58.303382274979754
29.0,53.066291667395674
20.0,51.68154995336625
14.0,46.84845441748253
24.000002,43.71396635755865
22.0,50.90409079575828
21.0,52.918094194172035
21.0,53.836042334790676
25.0,53.340703975560075
25.0,53.74776828378262
21.0,50.91349397077263
17.0,48.493646049629035
13.0,45.45188493858886
10.0,41.08021028745018
18.0,34.02370321165672
30.0,35.48703391971997
31.0,47.875757201858335
32.0,29.769371193535743
26.0,12.274778179814907
21.0,13.546840370469965
38.0,24.969228969104833
53.0,58.20636437593147
50.0,53.68233094478198
54.0,50.61062058320392
47.0,63.50504710269392
54.0,61.42859910502051
41.0,55.43012319439906
41.0,51.20083843053899
33.0,60.12089924304886
33.0,57.420368133562945
25.0,49.425015029564086
27.0,47.68488837949275
24.000002,50.04889366746191
45.0,47.60150564596339
45.0,58.27808287472922
48.000004,57.37737593399554
42.0,60.807930983947465
40.0,59.56476725077306
40.0,60.37383296641562
53.0,58.30217295720859
53.0,64.064379234551
48.000004,60.4920347440499
45.0,51.20301067408617
47.0,52.257383134620426
45.0,51.790662095380405
33.0,45.42675519568372
27.0,41.50082608539127
30.0,51.749285709453716
36.0,47.40570963646877
35.0,44.34807056307175
25.0,42.45682729017138
29.0,37.413303533427566
31.0,40.26639916952807
26.0,42.65223717476672
25.0,42.17703412220858
31.0,45.400739762800846
38.0,50.98700586071414
46.0,54.37365891993749
54.0,62.00376368314046
54.0,68.14664651235734
45.0,64.01506689344815
39.0,67.63862610173838
34.0,63.23740271889095
29.0,55.128562177181045
29.0,49.543533788387755
27.0,40.670900583432655
30.0,24.97114712339601
32.0,21.48399353124246
35.0,20.431806574347288
55.0,26.450326650937164
64.0,62.71262798647923
71.0,73.71881323657095
67.0,82.99661636041965
72.0,75.78814798090953
68.0,84.50072772466476
45.0,82.83216283664504
39.0,56.45941491706601
28.0,54.0836564019764
18.0,41.91498475797883
25.0,34.66632255931573
25.0,53.745814208424946
25.0,57.002595968325195
21.0,53.17523566275244
29.0,52.83777342455408
33.0,57.81355568010933
29.0,55.9534929038014
31.0,42.44506766937669
38.0,40.92051166230037
36.0,44.69523686662095
35.0,40.06468380938969
44.0,39.177797335071475
51.0,48.11263138387882
58.0,52.194266036066665
80.0,63.75618466416027
67.0,75.28768241880879
61.0,66.72755703922073
57.0,71.93264747415373
60.0,69.85811099359624
55.0,67.78012409898211
52.0,66.07634907897605
59.0,63.5875797463775
54.0,65.72151136846018
43.0,67.29104236863041
32.0,63.13106151739912
47.0,59.61716585492118
15.0,68.0180302958314
37.0,47.18429896457635
23.0,60.71171129718063
18.0,53.26769463807724
19.0,48.89013969774568
28.0,50.72015900622869
28.0,55.216813112232515
25.0,49.02382535345879
23.0,37.18236025035653
32.0,36.67030993045164
45.0,48.011785573777516
37.0,55.78026200076594
39.0,42.197277151419605
38.0,45.882731929695176
32.0,53.382705883334694
33.0,41.32662226222907
27.0,46.810913163234694
26.0,45.9441537933373
23.0,50.6740300383005
35.0,48.71862016264143
40.0,56.029572807832395
33.0,58.161628886914286
33.0,54.4979626184526
27.0,54.36622427177182
38.0,52.04621247055825
32.0,55.59796108438177
24.000002,51.938227208304895
27.0,47.48331368117138
24.000002,52.161154644514106
24.000002,51.505030435831365
23.0,46.64960983131113
24.000002,41.798524154651965
24.000002,46.01077322105651
29.0,40.48112110643679
27.0,48.26820066786364
24.000002,41.45114083616404
41.0,46.16929315263458
29.0,62.546693056375
12.000001,49.913978367324
10.0,40.41615147901957
34.0,44.454052338008474
36.0,58.48457076329628
30.0,56.87993517808912
38.0,54.13243751084627
35.0,65.31003339560802
36.0,63.34120603872308
35.0,61.253866573749804
25.0,60.0723641961182
31.0,53.425858923298534
26.0,56.02437626220404
21.0,52.867987395131415
27.0,47.92871503433677
30.0,48.45911073057936
25.0,46.4325437835298
25.0,39.5620280309805
25.0,36.594531027017645
25.0,32.50044250412887
23.0,28.395215657884822
30.0,26.95298328490069
40.0,21.817182868990084
60.0,39.71099338996837
51.0,54.1816141079011
48.000004,51.785879541105714
45.0,51.509419621845666
35.0,45.568515039653455
25.0,41.32534950498682
35.0,36.656031049268364
39.0,44.501880681804934
51.0,42.292314782774085
33.0,47.592857736432414
35.0,34.69720729480083
30.0,39.0982399578377
34.0,35.59774464426909
31.0,34.35811974700087
30.0,35.28540311721915
28.0,34.71170915062437
22.0,36.358685338985715
21.0,32.84044975711614
23.0,30.204959750037176
20.0,37.7308122475085
18.0,23.863633787972095
19.0,14.850489706817294
20.0,9.936774727074473
31.0,13.15312901191322
32.0,25.397709049632876
45.0,28.422167519333012
60.0,44.08814261364624
56.0,55.56924332858667
64.0,53.3120626691341
46.0,59.59196951523958
42.0,38.34835643217262
27.0,36.47668899302181
20.0,28.819597800769106
20.0,29.85025011182944
23.0,32.959870493383576
26.0,34.44388782959787
23.0,36.78921958034084
18.0,33.30204284297145
46.0,28.771252717100438
33.0,46.81059884787699
31.0,29.948823081856222
32.0,23.393503946745245
33.0,29.233314950060766
29.0,27.47491366685739
27.0,30.674502267649345
28.0,25.29197783425101
39.0,18.127283702416378
54.0,29.3031982501422
57.0,44.08004124650044
39.0,54.75822387440283
51.0,44.49049849818517
58.0,67.904259804335
47.0,64.152388650459
36.0,43.53923450716823
41.0,38.7414126215463
37.0,46.1440955765061
58.0,40.89472432641969
26.0,59.332205938193134
30.0,42.823069229276065
27.0,49.8491435719649
22.0,47.46347845307189
19.0,38.12278733966344
30.0,35.16518577832548
28.0,43.960802106821404
30.0,38.14679610697833
36.0,36.40547891037711
45.0,39.68184938058482
41.0,42.97274335881519
39.0,33.97763033424981
40.0,24.67455537853756
37.0,33.90353477613746
31.0,50.86475763318996
40.0,48.86563585372665
56.0,50.90233265704474
46.0,58.37844765050647
40.0,53.635525274962255
45.0,52.505319180094794
37.0,48.62217263647309
45.0,44.87773119021668
41.0,52.846560298251156
41.0,51.041899955787436
39.0,52.34335710371191
40.0,52.35254434613401
45.0,52.341212119505656
45.0,54.23233104196181
47.0,55.55682314950858
47.0,59.514552232003304
50.0,56.6015877356474
50.0,57.89131699715392
47.0,59.42765983739517
41.0,63.09247563551455
58.0,56.22499827616467
64.0,69.73561524052451
59.0,67.0415504246602
53.0,59.81350292421883
42.0,61.286337404817104
38.0,60.749149182599865
29.0,63.373694237705905
33.0,54.68283893043806
29.0,57.455017317141355
31.0,52.04908876909347
24.000002,51.8870281205989
18.0,52.30964012075421
9.0,51.197367149357476
10.0,50.6524693113145
11.0,53.770589313152165
3.0000002,54.01425812393276
27.0,48.95484964547161
36.0,58.05628236054401
22.0,58.847555498367846
32.0,46.159091662599074
22.0,55.42248702844364
25.0,49.58669635325222
35.0,47.871031283911314
36.0,59.52217849077889
33.0,55.375028183965966
33.0,50.87289516469703
33.0,49.36291503064654
25.0,52.62059090048956
29.0,52.92145232657883
37.0,57.19909103446612
58.0,60.403595210461525
54.0,76.64025513971372
39.0,68.48943705760175
28.0,58.1877492354373
24.000002,51.15593406659424
18.0,51.063785153480424
18.0,49.20537243254157
19.0,51.40079160523532
22.0,55.298631368428026
21.0,59.335645768206184
23.0,61.0776666097459
20.0,63.78737559934103
26.0,64.6363780411874
21.0,66.86657024805395
10.0,62.59382898948521
18.0,56.16550200255288
30.0,58.231695527449055
42.0,62.94714015428012
52.0,63.45933962713293
54.0,61.3089343463363
55.0,53.85961229747928
53.0,57.34374330904379
58.0,64.36619276310185
64.0,70.22647789384816
66.0,73.49448663770546
66.0,74.54823931912156
76.0,79.61275411488924
60.0,85.78861505805614
64.0,78.95235500403727
60.0,78.83332998984785
68.0,76.14296929671052
60.0,81.42728415538403
70.0,76.76490812496948
65.0,82.19238350387919
70.0,78.85354970049552
75.0,82.75632319963546
75.0,85.81874196861126
84.0,83.1177597612543
64.0,88.50516618213162
62.0,76.15101220307895
61.0,78.81871267845467
57.0,78.7169904865264
54.0,74.91358697460957
52.0,68.6799567368039
57.0,58.606845785069005
55.0,62.16273952548492
50.0,66.27463262403639
58.0,65.23212034183574
45.0,68.51783266366495
45.0,66.94956726453238
45.0,52.99419660666939
54.0,55.9090374974127
53.0,73.45027425533625
70.0,66.81301754844974
59.0,80.33542130909319
60.0,63.9512410981101
60.0,66.52692826105914
55.0,84.33946689773556
60.0,76.97113741579042
61.0,70.38469509433462
62.0,77.55354250112244
58.0,75.52564527821023
72.0,56.552149085192866
75.0,79.54770169124606
76.0,86.88075048952881
78.0,80.87817585013335
65.0,81.99733774599562
58.0,70.12592263735488
54.0,70.39117835800963
49.0,69.33992348435666
56.0,30.700253487185947
64.0,56.14042773567803
66.0,81.95467321288541
44.0,77.95374267110132
52.0,67.04022621418882
52.0,76.36222831824121
53.0,69.64653141707703
66.0,65.80033456307994
56.0,72.6808720182758
69.0,61.63060188573401
41.0,69.76199746061755
39.0,44.64380500776674
38.0,42.80672718688306
51.0,40.82451957790811
31.0,46.2920177577824
38.0,27.05191009495586
36.0,31.953307854523274
39.0,39.10565236494607
46.0,47.52965790081305
52.0,55.2918517255478
55.0,62.712070327624154
56.0,61.55453612709856
57.0,59.42374569604324
59.0,58.398897181284816
60.0,63.83421065958243
58.0,66.97294763834064
59.0,64.51136984445364
55.0,69.79848795821306
49.0,66.87253590441777
59.0,61.07703298649898
45.0,68.74819454556486
31.0,60.555849698104986
49.0,56.31650304724751
43.0,68.76501025882072
46.0,64.68804309212896
38.0,68.02403363034237
48.000004,65.76505854804768
40.0,71.12921820604937
28.0,67.04151311446466
50.0,61.62954138191094
25.0,72.32015625850818
41.0,57.78439945617508
43.0,66.40081499713976
47.0,65.93150593612701
42.0,61.82741825802158
40.0,53.86796242270837
36.0,48.61782622827637
30.0,45.764418613570925
32.0,57.20683712817723
35.0,32.99039708578195
30.0,41.46087216567105
33.0,42.37557957823533
35.0,58.62126132128822
32.0,53.25920386611317
30.0,47.52671386057577
44.0,49.81079271021058
33.0,63.26163057434755
27.0,60.98976147305817
30.0,62.33618011117518
51.0,65.71124381214753
23.0,74.41261420903103
30.0,64.33560906107392
34.0,68.19968717461754
50.0,69.78269843886022
44.0,77.96142821861443
43.0,70.47556225553843
34.0,62.00832285977156
29.0,58.57244469661785
27.0,57.05395802022406
26.0,52.90324959122699
30.0,41.45429973795803
25.0,57.57364900813485
40.0,50.50012540981046
38.0,46.96276039593841
46.0,43.281268033497334
46.0,62.04602648931914
44.0,69.1631159539848
49.0,66.10111814357374
49.0,69.97440114245849
39.0,68.9560547152021
56.0,62.859944718550615
37.0,73.47469104665515
53.0,62.6912681862331
23.0,72.08695627397483
24.000002,59.447565931433886
30.0,62.705008576589826
32.0,64.93074438272967
54.0,66.51607865257479
42.0,75.31154826828936
31.0,67.02504496971558
34.0,56.92413312039261
44.0,58.39549638919929
39.0,63.55886781384955
36.0,53.23481899171554
41.0,48.65320057591091
52.0,41.39398026961728
53.0,72.78883272860412
52.0,60.30904382823663
52.0,45.133498573845266
54.0,70.57592082437357
53.0,61.94010988163274
52.0,65.27777194174699
49.0,64.38334292114826
51.0,65.06606313001805
59.0,67.5300711797153
54.0,71.94339939289218
42.0,68.70461568186893
57.0,62.23982333131351
61.0,73.72729851778152
53.0,74.1847730474623
52.0,68.41903108008398
52.0,66.7390655503252
62.0,68.6466321865566
55.0,70.02873993039482
53.0,61.35691663761157
42.0,58.760462970582694
27.0,45.23762341510237
20.0,30.836308455287497
16.0,24.549310330008634
33.0,19.678326418691544
43.0,45.86672092806662
47.0,48.68662043045221
52.0,55.42008941450771
62.0,71.92426160028876
65.0,76.6292125488169
64.0,67.77283580369712
67.0,63.95057848284194
67.0,67.45486315444285
64.0,67.2880346512247
63.0,65.15020913335358
67.0,67.77203030657758
48.000004,74.31523222994811
43.0,57.765200915516544
40.0,55.24336575772784
43.0,54.31701411793299
44.0,55.92947238129457
49.0,55.726680521929794
39.0,58.905460783528525
34.0,48.050185447986436
36.0,47.87464681795016
32.0,50.63831941552561
30.0,52.98095538792648
30.0,49.47237548497706
41.0,50.06184854240235
56.0,54.15228250671339
40.0,58.132500174229506
41.0,50.4112321468004
35.0,55.28646773638035
36.0,52.40028073420911
43.0,56.96758757072146
36.0,61.68657762372016
58.0,58.86043260364979
48.000004,71.89347160913547
39.0,66.57881142270467
28.0,62.77573409671773
30.0,57.84418992443991
51.0,59.66780531777405
51.0,69.24063118742461
36.0,69.1042770946671
44.0,63.41279433912906
40.0,67.89885457946083
41.0,65.97519546008344
33.0,62.933741029489966
37.0,52.036465091357414
33.0,57.81054691544495
31.0,49.617279779725486
47.0,40.32376871472091
44.0,52.521337363221065
47.0,62.969184602906914
48.000004,55.3284848768239
52.0,55.00037075026661
53.0,58.85183405477163
70.0,67.87289023119709
58.0,75.42673586012846
52.0,78.96488930604735
39.0,68.2689283717421
38.0,62.502701883065036
31.0,63.86815671178852
34.0,62.58286496976362
32.0,65.85132037698378
51.0,64.72274540510966
17.0,71.92687960419258
64.0,59.0733381122263
69.0,76.5384608943338
74.0,78.55509111364552
76.0,81.87494254747506
68.0,81.68560197178515
65.0,75.6876109824431
64.0,74.5620215042628
64.0,72.81412598094877
58.0,74.19289846390701
47.0,70.59129827707204
30.0,66.15268116016401
48.000004,64.69696825872413
30.0,70.8022098317588
52.0,60.79178227504414
79.0,71.98121154105456
80.0,89.00137599820795
81.0,86.65660138618172
75.0,86.14409202728189
72.0,83.05033762285093
62.0,79.9925236417529
64.0,75.55835886546717
64.0,76.20115064467402
63.0,75.06224397606414
66.0,76.90853724734859
62.0,78.37374094202929
66.0,76.31774872388701
61.0,80.9868931273045
56.0,73.99964582557881
49.0,72.09917287019314
45.0,65.19982089885556
53.0,63.49917152905492
55.0,69.70973672432802
50.0,62.017436782539654
54.0,54.05677612996768
54.0,63.7398802214838
56.0,72.53965688599209
55.0,72.50261078629536
54.0,73.81258728578811
54.0,73.91266973226017
59.0,69.63986635392203
57.0,70.61461988531336
59.0,67.6276696344276
60.0,66.72646975639277
63.0,68.52614787015138
59.0,73.99118770198524
60.0,72.42838146556034
61.0,73.11109509868287
67.0,77.80083527907759
65.0,80.61743518688375
69.0,81.82193767565481
79.0,83.73982578305865
79.0,85.95962331459918
73.0,85.37580808606826
61.0,82.56174803791673
64.0,77.96446862074416
66.0,71.0602587046427
69.0,74.4393840197284
78.0,58.22986860888712
81.0,84.45902619365303
77.0,95.94531866477718
76.0,64.00998612363983
68.0,82.50556624670777
68.0,74.91098548195986
75.0,83.13185676702466
64.0,84.0534346137647
64.0,71.74071968754907
53.0,71.62775313866912
42.0,62.459711956351825
46.0,59.038570747889324
48.000004,63.63565024704986
51.0,65.33193945365934
63.0,68.14516661606972
61.0,79.36111977389042
78.0,75.98654728957356
87.0,90.299801432297
81.0,92.18204256484893
75.0,81.06301103127166
75.0,69.47907948909324
72.0,80.6454981927324
71.0,70.87959860439072
70.0,68.37785678258443
60.0,69.73311258362584
62.0,67.02468442325807
67.0,70.13000564303005
60.0,85.16197537455801
69.0,74.55167821320767
61.0,72.88801660435844
60.0,71.60222133919817
40.0,72.70255105325641
47.0,61.3265060173949
42.0,69.09208149218382
40.0,67.67117484439666
51.0,69.48941968246055
46.0,74.03327673621324
31.0,71.55101647046094
32.0,66.48388212853818
30.0,62.682757890107204
25.0,64.44403491340161
21.0,55.93984767810327
31.0,49.18138592992671
47.0,49.5865651050133
44.0,66.5108034086551
49.0,61.598084177716366
52.0,65.06298416656414
59.0,79.18823638206119
54.0,70.27832387359797
60.0,60.29032634272537
65.0,64.63976644382288
63.0,66.06503161088779
62.0,64.50115027816442
63.0,70.90832285467265
63.0,76.93951266710854
59.0,78.58527578979877
54.0,70.2147786751254
64.0,63.78261793122753
68.0,70.89541949432426
64.0,75.48781089132902
61.0,73.83486800795136
62.0,74.16214693481882
64.0,73.82519470338629
68.0,82.42878231327931
71.0,83.11397846658059
70.0,88.57249376481576
70.0,80.13341329156685
79.0,82.19912203060046
84.0,79.56683321179149
83.0,90.98928997825
83.0,86.55391703421228
74.0,81.9965581916983
71.0,82.02984418449728
47.0,69.95707214571426
67.0,45.83561977839637
81.0,71.99513411475625
94.0,75.51969982954327
67.0,104.54395470368691
60.0,79.71146314320329
52.0,71.211808645984
52.0,62.93233252393583
48.000004,64.22519446193493
38.0,60.795126778530765
44.0,56.3421953084244
54.0,63.558198946097804
54.0,75.09664126845287
63.0,72.8868877054656
103.0,75.97956313867992
83.0,104.0479088283981
80.0,94.43926330942526
73.0,92.05173036922592
76.0,80.74529518056629
77.0,78.70413169798933
79.0,83.12428387021109
79.0,86.81543445851067
63.0,87.90892086573676
54.0,66.6861943507924
51.0,60.63957471079941
46.0,71.90319178028518
53.0,63.22407391802936
48.000004,65.5688957740589
40.0,61.7390882447659
30.0,57.15680982175787
21.0,47.41693529408802
33.0,39.59493121976987
35.0,48.37753504431046
40.0,53.33147170118536
43.0,60.39662655601784
51.0,68.19695489369875
60.0,80.4753496459738
80.0,86.78502942076207
57.0,98.16776542323946
72.0,77.21264685972207
54.0,86.46901092397009
53.0,67.27086226926224
55.0,65.40704505238776
66.0,75.14491002025366
61.0,85.1029343272406
59.0,57.20209720621014
62.0,75.89419482612293
70.0,85.36674132625737
75.0,80.2391972293021
75.0,95.63354539565354
67.0,81.44269935064527
63.0,74.8406896168973
64.0,84.59680959585194
68.0,74.68237226513548
68.0,81.97723789616482
71.0,83.85884086588771
67.0,85.01732937799753
76.0,85.65763507137193
70.0,89.22300735624145
69.0,81.49856786690036
66.0,84.64559080887919
73.0,89.18587181327074
75.0,100.78579369087339
81.0,95.38965148279276
84.0,94.3166966267165
97.0,90.3516656658849
101.0,104.1593895249313
97.0,102.26626961728839
95.0,88.9407368789608
94.0,89.72311129425125
91.0,91.8021626925495
90.0,84.61671779607107
87.0,94.40811225703284
89.0,91.82273534138979
96.00001,101.04961786083912
109.0,105.27680793713115
78.0,117.36389680517655
62.0,77.36402989423186
63.0,63.41354350843095
56.0,64.3327742080139
53.0,68.43685065015191
70.0,70.25931612572543
62.0,83.02143898255547
62.0,76.2442750161015
63.0,76.56373054567942
55.0,77.57845377356138
52.0,75.32378922694585
48.000004,74.55255681425089
58.0,71.94834869535181
58.0,78.08442385977834
62.0,75.09586200625867
75.0,75.89799543801361
84.0,81.39012194528168
80.0,88.11479944972237
78.0,84.20467026233278
58.0,75.32176822188987
61.0,54.437341694118466
66.0,60.1929316582281
56.0,69.58287581161035
63.0,64.33218377625728
83.0,67.0511865552999
83.0,86.66161749625735
79.0,86.34322206834605
86.0,80.27928967554321
93.0,85.99900925508354
81.0,93.2519972740757
71.0,82.69766554266722
69.0,76.19771482196862
74.0,74.45483525162642
77.0,80.05630766777719
80.0,83.44360366132837
72.0,84.96562707933046
68.0,78.36674931385657
66.0,72.24347855688399
59.0,70.04897881254911
59.0,63.91075234732476
47.0,65.8404799482799
42.0,57.35244289557687
42.0,49.26501071482993
41.0,43.92490521057546
34.0,52.816902183319755
31.0,53.56281360876323
53.0,40.328949753027864
59.0,55.466656268776674
81.0,62.45058981468208
74.0,79.7904761298024
145.0,62.79534266291533
95.0,131.8854307924305
69.0,84.85111801249093
58.0,68.38343450529617
57.0,55.7218552478726
50.0,61.36001080453998
57.0,50.41822540099967
46.0,59.466982195769035
38.0,51.74450109557746
72.0,47.61645350958491
122.0,75.41978537958033
87.0,120.4011286827626
71.0,79.20171828421776
59.0,58.37312242250933
47.0,61.77614925784383
36.0,46.17804228347095
30.0,26.327371501879213
23.0,31.406312743318015
20.0,29.745964964882823
20.0,31.909471642414264
80.0,18.38068818138289
81.0,65.96130122361188
83.0,73.64201453120809
81.0,86.29563014751773
83.0,98.51179914460795
86.0,95.1344753923128
88.0,98.45130829313838
97.0,96.6495221689437
95.0,101.89938804847887
91.0,101.0535328984069
89.0,99.90804383580766
75.0,94.41233950230453
79.0,71.59943018182616
68.0,79.08471059838897
61.0,75.0291887409479
54.0,70.44670412726292
53.0,68.21992599015209
48.000004,52.31256824996575
37.0,59.03225498841022
31.0,66.96948546303086
30.0,70.0127043673641
42.0,55.94289595876183
55.0,46.46729445383983
97.0,67.23809669075438
122.0,100.18599764287274
122.0,116.76923976079755
98.0,117.28040516102068
84.0,99.00572679697491
71.0,90.15376934103718
80.0,80.05407149603052
79.0,90.31314385012277
79.0,88.31151904768117
76.0,93.62444283726062
72.0,86.45914144925884
64.0,74.7028863115938
58.0,68.77757533932726
56.0,67.71381266885233
55.0,73.11101330345248
54.0,72.08107586868108
52.0,59.099926224470124
54.0,51.28580357883943
53.0,78.19985604474778
52.0,90.23538966670272
53.0,84.12441096710786
56.0,64.7807635172227
57.0,63.436280113318354
59.0,76.40841138747952
77.0,77.50325556854605
78.0,89.14364979199478
86.0,88.26352474190492
87.0,89.99361846383708
90.0,95.83570069312714
105.0,94.42890356472738
111.0,110.11411182472575
98.0,115.20245928867001
101.0,107.99537897236524
113.0,111.36605435741252
93.0,117.84477504370537
88.0,82.81756159668807
94.0,70.45118072362246
93.0,87.04318110023523
85.0,83.83245958671212
81.0,79.96345312618922
74.0,73.6161546354669
61.0,83.09807790883528
65.0,65.17003128238491
60.0,75.42881891358361
52.0,63.234828759107785
41.0,67.08804198511437
37.0,62.83615170891356
53.0,50.29717604557841
56.0,53.45600612317521
59.0,66.17397244195318
65.0,72.25124519070809
113.0,83.53465130388848
136.0,116.62494809490777
110.0,133.2651555255237
91.0,109.84212462934856
90.0,90.33298022769435
89.0,86.67026662957853
86.0,89.94623863042
83.0,87.17761752775267
79.0,72.1977436817454
74.0,70.07944435618083
67.0,64.89460695770178
59.0,48.672360992832196
58.0,50.081740275353035
54.0,70.91844485141928
59.0,101.85668584273719
43.0,72.96249676077173
38.0,38.899986718647355
51.0,46.42412630648036
52.0,55.935545929277325
61.0,69.33944532511678
79.0,83.38032732085817
97.0,90.05253063573657
109.0,104.62457973424091
96.00001,112.36925023935768
88.0,98.82150486717876
92.0,91.9590101705012
87.0,99.63467020384488
80.0,98.01107652582934
71.0,92.08177292159576
72.0,87.16189114552239
71.0,84.70932195849689
79.0,75.4098445211786
85.0,79.96502345381406
90.0,77.44384866958248
87.0,73.65792002322499
68.0,84.61330998617831
58.0,56.26295626217771
56.0,64.28621246168566
47.0,75.79021295252181
48.000004,54.483580064547574
55.0,58.54591380533407
58.0,43.10710585298573
59.0,59.44971169516483
66.0,66.9992103728939
72.0,69.32613809185071
71.0,81.8693487554843
65.0,84.33123792908226
65.0,79.10921681838417
68.0,79.13562934577176
66.0,82.43560933345668
68.0,79.58642764832274
71.0,78.4351872270753
70.0,78.29318452594053
72.0,78.79266503542259
74.0,77.96138108543809
75.0,70.23706199353826
78.0,64.76631549697285
70.0,65.00070869199425
66.0,48.366382451231225
55.0,52.85446182447413
50.0,54.68819489350166
54.0,47.81569786684584
54.0,35.58146882150165
62.0,34.56145269490294
67.0,71.98878854947768
89.0,65.85069302668325
93.0,89.84901787268036
93.0,94.06417881719223
89.0,96.10375734289148
91.0,80.71968193125308
90.0,84.20489863026354
101.0,80.79368243899283
110.0,95.83647335328118
121.0,109.61601808009323
108.0,122.10244508318674
120.0,106.62217079445504
107.0,117.9317648213675
89.0,102.68083868160114
81.0,83.40091755606552
82.0,67.92003307592502
83.0,76.98232457733795
81.0,73.87697541947124
66.0,74.39347934314114
58.0,47.94780159649594
58.0,50.20851263813204
62.0,57.087337815443355
56.0,61.146814741831356
61.0,58.575457725552916
77.0,64.51758626138971
88.0,88.66796881710141
76.0,100.0163315789382
83.0,85.16221705644416
80.0,86.58960734105489
71.0,81.86731499722967
64.0,79.43629345084354
64.0,75.3701243563673
73.0,75.79809185476783
71.0,84.60404377284065
70.0,82.48941078321073
65.0,82.28836697643511
66.0,76.70144748419766
79.0,76.32162062959769
65.0,88.24543011242719
66.0,75.78606977161581
64.0,70.89858334976704
59.0,68.44759232868508
56.0,58.546072584106966
54.0,54.404282595038296
58.0,56.05923320427206
46.0,56.36211609255674
44.0,45.439806648394104
51.0,46.08755055749551
51.0,56.21473724515257
57.0,59.09588670033138
56.0,62.71652734704329
60.0,61.21651632765857
59.0,54.82863784695103
55.0,56.363906186264764
50.0,52.614112682180114
40.0,49.077540237019186
28.0,41.126508712545096
22.0,32.7498261402723
21.0,30.44013231578519
23.0,32.84690337565388
26.0,38.23720544201805
46.0,42.89208943161487
60.0,59.686488839984534
63.0,73.43603913727624
62.0,71.32432638857276
60.0,67.50315336264894
71.0,60.11132718955065
80.0,75.45913031104477
77.0,88.20024510895963
69.0,74.83033097682686
63.0,54.531259427429006
60.0,52.51557017219848
63.0,77.42391600803128
61.0,77.30417756358413
61.0,73.72674259719332
65.0,68.1019648882253
58.0,71.33130752573886
60.0,70.98372772953232
55.0,77.74942268570217
63.0,73.15672963646055
80.0,87.49315337591423
87.0,95.66025832741892
91.0,104.99264583359552
103.0,90.15202892860012
106.0,94.35574467739148
99.0,94.61189211758273
98.0,105.47775931001792
99.0,100.47078741532576
93.0,102.31202777554975
77.0,96.29574583467038
78.0,58.101415097429054
78.0,60.52056098236721
72.0,76.86987442086954
64.0,70.55372664957888
60.0,70.28213112741818
58.0,59.92833185205573
55.0,49.03075892077181
60.0,54.571011952773276
63.0,63.323002116470974
67.0,57.22535824866253
62.0,59.442799529904704
60.0,63.42819832740006
60.0,65.00689659430678
63.0,63.596457006396484
62.0,70.00557559873353
59.0,71.78173236279743
54.0,74.4335240572923
59.0,74.38975435717897
73.0,76.59039346015048
75.0,87.4241331594976
78.0,78.93579832609232
80.0,74.75999710666753
73.0,91.81221252887869
68.0,80.42308030623894
65.0,69.94457142862497
63.0,50.70409824433818
62.0,74.36744849089249
60.0,49.64700479523142
59.0,30.601084612441888
61.0,84.87347949524693
58.0,72.8409106850406
54.0,87.38358510012407
61.0,64.42748305748636
63.0,63.6384786325854
67.0,68.18196866932321
66.0,78.26798582768004
70.0,78.35165354143943
64.0,82.1454769905072
72.0,79.65461027594532
73.0,88.4625101258249
77.0,89.64795345698204
86.0,94.61031685308397
111.0,98.28118945984147
142.0,111.37942207950304
154.0,139.6478616332663
152.0,151.50687904656536
131.0,158.00433614995305
122.0,124.18969963793809
101.0,101.92364028729732
91.0,90.27857415276452
77.0,78.1184021575644
72.0,74.92183048761443
67.0,71.5387859152189
61.0,58.41546946717063
59.0,65.66112224263121
61.0,79.35853463783143
65.0,83.58140705475824
61.0,74.899027396748
67.0,60.70257756877306
59.0,71.09500834363898
68.0,70.70535192185349
78.0,80.81300822065751
80.0,89.05124884287353
81.0,95.48316439605452
71.0,85.16516995269907
75.0,68.32050102007054
76.0,76.87070122745774
70.0,78.61808740338114
71.0,68.247436364507
74.0,71.36271622799299
71.0,89.27600831835903
59.0,84.93739263437655
50.0,71.33188593476113
52.0,57.962493380074726
61.0,58.16842160312538
62.0,69.50041418947436
69.0,67.58819738170651
58.0,72.41571071998716
80.0,63.49116103495802
68.0,85.3378570063576
72.0,74.5158809996253
89.0,79.38004588060926
66.0,94.7439942866394
69.0,72.62792470987553
95.0,78.71542444886047
101.0,103.87780627722454
92.0,108.76016665549206
85.0,98.45760868048801
81.0,87.02395490696547
79.0,82.7105727367232
79.0,83.92167445810534
75.0,90.6126991073595
72.0,87.7869375566178
68.0,65.86920756138446
69.0,68.80738666809084
62.0,89.64130485956161
57.0,87.16136231506
55.0,76.81529313092483
70.0,54.50538601892646
72.0,72.45203130673401
77.0,73.00081450064549
67.0,77.82658581236481
74.0,66.6709299088337
64.0,74.92108658293787
70.0,66.89402784334145
71.0,75.35805887938538
80.0,78.94229518557565
85.0,88.92679916045236
77.0,93.26751695861665
65.0,86.43465809415517
63.0,75.22837431780206
50.0,71.180147446795
41.0,52.84532924223814
50.0,30.687347757396562
53.0,41.03558855068473
33.0,36.526150797823774
25.0,20.69347094688796
33.0,13.215040571874766
33.0,31.689333583855966
52.0,21.981625043762858
51.0,40.444413948354594
57.0,52.12236222465031
57.0,60.63765643049247
62.0,53.29522473147759
63.0,75.13707593821616
61.0,69.73661670691361
59.0,80.80939388461806
93.0,73.58175737884982
122.0,114.71960655857123
111.0,97.67516903524067
113.0,98.18678906476873
114.0,104.4713215505554
112.0,114.01294164990105
96.00001,115.68076424542222
108.0,86.81800799439637
137.0,96.43822318560858
133.0,141.0975949687371
125.0,129.34543515230848
121.0,118.84589538329668
102.0,112.86878220689695
84.0,84.28469535909605
92.0,88.22998683842425
94.0,106.83605793868465
102.0,105.239533654457
130.0,105.93158715607211
127.0,135.93072149055553
111.0,130.0835449930981
115.0,111.25389408829128
107.0,110.304301305684
102.0,99.686098831052
101.0,101.98321713063194
113.0,100.20811790556212
89.0,115.4141335100168
85.0,86.55741618803482
74.0,88.57540263572021
80.0,75.74914927670687
73.0,82.03637522858774
84.0,71.32271762467757
90.0,90.70645255955029
94.0,97.46556721752152
80.0,105.69195721211514
71.0,77.1630541806226
61.0,66.907175838301
56.0,62.46547539651031
52.0,45.756509561019456
51.0,44.563911788121544
59.0,44.16668873789365
63.0,48.099396637547805
66.0,57.432970427398814
63.0,74.25738156251658
57.0,41.638276526657386
54.0,60.957045330590155
56.0,42.49798414729444
68.0,71.64028378623121
68.0,77.76423801307193
62.0,75.92917790007327
79.0,69.06592641939986
78.0,84.17486019020382
85.0,79.85398160332015
100.0,92.93209459198502
104.0,112.47337307607225
93.0,99.73234434446552
95.0,100.87071901460088
103.0,97.00961792323598
95.0,102.01406869838587
94.0,111.74873768792746
93.0,113.46901766308653
93.0,114.64377627466888
93.0,92.24694088779312
79.0,57.893004516060415
56.0,111.09766480604048
56.0,58.33356026870382
55.0,61.61277066834947
52.0,66.603088762308
49.0,53.90593762771034
79.0,50.23271326560063
68.0,85.50340652466156
68.0,74.44916264124844
71.0,77.3437651601451
64.0,80.19369425242402
59.0,72.13508256432554
68.0,70.16760118432632
68.0,81.21384872095727
68.0,76.49209047666012
75.0,75.4272565489959
77.0,86.05425565751199
76.0,76.05160419769517
75.0,74.33755300273748
65.0,85.71037772233773
57.0,53.59683394812412
53.0,57.247047001274915
48.000004,39.62783065772292
47.0,52.34618390987344
48.000004,55.19085660737383
52.0,29.309821249430662
48.000004,28.378845675003948
55.0,48.70820320417695
50.0,52.1359536537356
54.0,70.44012372049218
61.0,45.584459392022
55.0,69.4943641853077
53.0,38.669142126869026
55.0,51.09359057826676
57.0,57.31796415614898
65.0,65.83136877024538
67.0,84.27461248825398
97.0,79.72639805231692
92.0,109.86945999736798
138.0,100.71006259110696
152.0,146.06934800480454
134.0,139.90343144780465
108.0,121.28909817917992
85.0,73.87726489042622
75.0,44.63461025623191
70.0,42.43365958823615
65.0,68.72390139919197
59.0,59.81383984647414
56.0,56.13745822237991
55.0,58.193665716280464
59.0,60.976213653642084
69.0,79.44433938217765
61.0,83.64986736738696
62.0,74.19572546532429
66.0,74.37304648954843
59.0,67.07827770911179
70.0,70.05240333086633
61.0,78.10738943954235
76.0,65.52809223941574
80.0,91.17939077127879
88.0,88.95187699402761
79.0,94.16742073498494
73.0,83.85504762695054
77.0,81.69545092046089
79.0,85.65555354658018
92.0,80.883417073421
93.0,85.21186462099129
92.0,75.7522474259268
84.0,78.69752408267925
80.0,56.8903784676759
79.0,42.69053743421881
81.0,88.28682739350371
62.0,116.26140400054751
55.0,104.25441604708746
59.0,38.156559354684234
58.0,53.134374469216006
59.0,81.75758315426052
75.0,102.18466010253631
76.0,100.75690404918133
97.0,77.3646312090145
84.0,98.16750408738045
107.0,86.28322849571843
98.0,110.05811942731506
88.0,95.56024286553553
77.0,98.14432851789749
91.0,86.60451438628398
107.0,99.14743850363216
106.0,112.01262661099803
103.0,107.34594498536839
88.0,101.47766758472946
78.0,77.36354098188318
76.0,58.72706711417806
70.0,65.24824523561014
66.0,63.20185141677144
63.0,42.04745387116658
56.0,64.25558847946746
58.0,68.09980391517261
56.0,34.57067959281902
56.0,44.520479435751966
57.0,44.754461254812576
65.0,83.54207340769302
75.0,78.73053779113401
72.0,65.4090047231451
72.0,70.15340529764711
81.0,74.00588340865379
72.0,80.66578187265878
78.0,75.17968279849403
80.0,78.49842554668437
92.0,77.65648308747247
103.0,85.76274872368205
115.0,101.90304787115147
110.0,106.2360133310648
103.0,66.27145085850877
117.0,101.06960561062898
93.0,130.6018313674935
80.0,112.41741068929038
73.0,133.3737170963491
69.0,146.27201354396425
75.0,119.45318773285267
65.0,84.90250743298878
65.0,55.51224914175293
50.0,54.50362411790812
56.0,61.70261037460089
67.0,63.3268677845409
86.0,84.01942940340601
88.0,93.49730831343426
83.0,96.63592890003368
66.0,93.37018809281435
78.0,80.22131183146392
64.0,103.87674536488831
65.0,82.9182073914004
87.0,96.32172097447729
70.0,106.52431735168096
74.0,82.7149930820845
92.0,87.25823082388939
121.0,103.61979879239627
140.0,133.14558163374997
143.0,144.68648761993725
117.0,129.79829992260107
125.0,85.38418580960581
110.0,109.11471937986289
102.0,81.06555700994198
91.0,94.79459054832222
94.0,86.11048143795392
100.0,70.38166808594676
80.0,93.18961137424806
83.0,119.06791395128093
73.0,99.58022013708116
82.0,78.27570718203577
89.0,80.0662362783942
106.0,90.54732654757355
129.0,110.48431811683471
130.0,133.78806748962117
120.0,129.76479808564704
112.0,126.73990592923741
99.0,120.90426915729326
89.0,101.93719633618656
106.0,97.39393811607064
124.0,121.92810495696949
126.0,125.44348758915292
129.0,136.5321019626478
130.0,144.9284221365862
115.0,137.9779527227288
114.0,113.04273454211163
96.00001,104.1655937718705
88.0,94.52325582336405
80.0,89.67908775800852
72.0,70.08219757622055
59.0,51.941964373999866
59.0,74.28330539660071
68.0,77.71210416835626
83.0,89.75753439385286
94.0,84.27208561296028
96.00001,92.92181709388306
83.0,94.49816636830666
90.0,87.49041233576698
159.0,95.20503893039269
157.0,166.17396820341546
155.0,159.09560623694617
152.0,164.11359629539976
154.0,144.71241785123593
136.0,159.62551985334082
121.0,147.97063283722036
112.0,131.58626592060594
117.0,116.0672468692963
94.0,113.63795664756348
77.0,72.4324496036074
74.0,40.61504985925602
76.0,48.11422771946039
77.0,46.43020874457193
93.0,57.09232477142861
86.0,74.53411954219538
84.0,99.30446001801758
96.00001,73.63089417774489
96.00001,90.09947271890482
87.0,93.59242520532084
74.0,98.1285035784585
67.0,79.67586130842015
75.0,64.09917273621473
68.0,74.27336649981382
68.0,70.77789518178895
73.0,70.30537182184534
62.0,76.51835116105754
74.0,69.88637874703763
80.0,81.31516792131286
93.0,85.64868440706017
103.0,99.50539501490078
94.0,111.83513458704182
97.0,103.3234515791118
106.0,103.54592590546925
153.0,108.41703049390229
152.0,167.14327459766415
153.0,156.53310538235564
153.0,146.89865699552192
154.0,146.9133362149988
156.0,158.75353192593488
123.0,144.94517145011557
114.0,79.68063435723909
83.0,90.50845387526871
81.0,90.23901329559561
88.0,108.23005852489133
85.0,160.9663272492773
92.0,135.1234141942658
83.0,103.09944087572295
81.0,78.86801626537388
81.0,83.84070371627274
102.0,86.91633060687937
129.0,110.4290856294995
152.0,137.70903659250627
154.0,163.33369352918123
157.0,158.81599469889795
166.0,169.0795118473614
167.0,150.6545470244863
156.0,150.36078836351388
135.0,169.4526952378938
132.0,136.03718644028132
115.0,74.86026338855756
106.0,83.28721480848095
87.0,97.77356024186501
73.0,62.184714667215026
62.0,58.65675924118543
59.0,61.97053484166327
67.0,76.59294605320109
62.0,82.99173093851326
55.0,76.19564019205174
60.0,51.85930808137283
65.0,59.44017767619748
56.0,65.46365662702367
60.0,54.546986912454656
75.0,61.73923760669342
55.0,76.09811524687274
61.0,57.63078272280384
71.0,62.47732417994495
96.00001,70.93776363548001
76.0,93.83940577236685
66.0,79.32584990134308
63.0,64.32679815073914
69.0,63.523823051336585
61.0,68.21550928062936
62.0,55.013422098433374
65.0,53.44520420220066
66.0,51.28426712870293
57.0,46.95283507464721
57.0,44.35029270177229
61.0,68.11444970008226
56.0,61.97250499885129
53.0,51.97177985147706
66.0,42.73367338293082
77.0,62.94954849663717
72.0,80.51262375500511
74.0,77.24884483622081
68.0,80.90455649322858
64.0,77.86260103306454
72.0,77.13205186410295
84.0,87.39044527616784
107.0,96.02769051422412
112.0,113.47404141317199
107.0,116.27556038765282
117.0,103.2176364112473
123.0,110.69694943264048
136.0,117.27182041389744
150.0,131.99885478211928
130.0,158.61089048961725
108.0,120.58389549618946
93.0,81.23986206207988
87.0,74.58690479601812
97.0,85.88902992425568
77.0,103.42076706832431
75.0,74.86693377283244
80.0,66.11872092230297
99.0,88.54103473132275
107.0,102.37196418294769
107.0,106.30984430943487
119.0,100.98275203083054
128.0,111.89299712294545
111.0,128.62996104142994
109.0,112.35419245982821
74.0,109.30103402361127
72.0,76.3241991626254
76.0,94.776115020568
104.0,99.56712003560884
139.0,112.41140902366148
137.0,144.1684462447247
113.0,131.03581283135125
103.0,110.89854927582405
109.0,94.80766857136042
108.0,98.44761863174611
92.0,103.33110404416492
88.0,68.78515119756851
86.0,62.42491951631541
92.0,75.66869494569022
105.0,73.90425451612141
110.0,122.02547470099347
105.0,128.90089895377366
85.0,100.18523362671353
87.0,85.01192831476155
90.0,90.66476083276832
93.0,91.22870906971153
88.0,97.28043399463388
97.0,84.6049965125635
113.0,97.0536863190459
104.0,117.14024712962285
108.0,115.00447190467887
133.0,124.30601529586677
109.0,143.48195803282138
91.0,114.59336454001352
94.0,94.28468190306926
87.0,92.50939727207117
89.0,86.87328478371256
78.0,90.79954507513894
89.0,72.96614142463733
103.0,85.62460597289065
97.0,99.1008352468784
95.0,99.86366578245969
94.0,82.54759443290448
99.0,98.43454087076375
84.0,101.1093020981043
75.0,87.55478433204169
68.0,82.29602025305365
74.0,80.04495323797228
85.0,91.81059949886944
89.0,103.19707135786545
75.0,102.2914375274837
61.0,84.47065063140019
55.0,72.70498909252984
64.0,63.90046627656989
63.0,70.90369074979027
68.0,75.14183843649073
71.0,81.38181763209296
92.0,80.59077527385602
86.0,103.61123716502418
92.0,95.5517991643552
103.0,99.48828232084817
95.0,107.47173738307882
88.0,78.63025037291946
91.0,82.17828911298913
93.0,79.57298897483328
94.0,87.29996735177633
95.0,91.04460702060399
90.0,103.67173018502413
90.0,107.33647858934793
90.0,85.08277438267964
92.0,97.98119644221946
98.0,104.92392816808068
96.00001,86.93637061943363
80.0,106.55660866548573
66.0,89.15551515216606
71.0,76.10636837440444
63.0,73.8791268554376
64.0,68.3613037761743
54.0,77.85495840936485
61.0,67.90436510647889
85.0,71.99261691272653
67.0,92.07966181189698
72.0,78.5825566572253
104.0,78.56297419741217
91.0,100.50715083391638
86.0,88.89307296719412
77.0,95.18686046659008
83.0,82.36602310961655
81.0,82.88891660399835
81.0,83.39547210989272
70.0,84.54273441586999
66.0,70.46055974008473
81.0,58.00687860732239
69.0,57.597529820080155
71.0,61.173372366665205
70.0,50.6657945588082
76.0,80.00143508013433
61.0,93.23810641486386
55.0,50.54877171507685
52.0,51.42394817591576
55.0,45.96675054082338
53.0,50.78626799112668
58.0,59.06179012925846
65.0,73.8445386297431
70.0,66.49776130508646
70.0,69.32895549234757
77.0,73.91921043217845
93.0,81.69076046046281
92.0,97.17407513415156
75.0,99.1182108330667
74.0,74.95398172628765
75.0,77.4635560411983
66.0,76.16256507440933
62.0,66.80565447129403
53.0,48.20592437399646
57.0,49.84686199049524
67.0,27.335487548473072
74.0,65.18146658482938
92.0,79.65635492231159
82.0,90.28259158781975
80.0,82.58013418719659
81.0,83.56269279514889
75.0,87.83907259043532
75.0,87.63537327115266
76.0,89.53131783936827
71.0,85.39158230782826
54.0,81.20519701975
41.0,70.23462033084
56.0,63.25208893375362
55.0,74.59456142982951
71.0,76.13761824870473
87.0,79.76593663639106
90.0,90.27317590566945
87.0,93.64397089019924
94.0,82.81697998629515
91.0,85.12221273235522
93.0,87.3062781948345
94.0,100.80735306881304
93.0,99.69592027307569
93.0,93.91173865652482
83.0,94.70766504943471
85.0,86.137782287063
104.0,97.87948317986714
100.0,119.30433770504101
83.0,94.08190801123541
56.0,93.53968885631166
52.0,74.9983546750287
57.0,60.00752868017723
45.0,67.05825935573283
39.0,63.532108987932745
32.0,58.95788215319335
33.0,52.43052445804911
52.0,51.828674829776126
47.0,60.70936250318042
53.0,56.092214476708
61.0,59.461791985301325
77.0,66.6704443643149
69.0,81.25380715138414
69.0,75.21840181001903
60.0,72.18245141190343
55.0,65.94476117299732
53.0,70.38705902564818
40.0,71.80029552163215
52.0,58.05292241360647
49.0,64.9938531693597
61.0,67.5053275219795
59.0,75.03466806955414
82.0,75.4152678565439
92.0,90.27123464602963
91.0,105.70300690664996
73.0,91.84391126171933
60.0,72.11296465084563
58.0,68.13611983212594
56.0,71.50802682933482
62.0,74.59830800736482
67.0,83.141774550741
103.0,86.18037552234608
107.0,114.36349604877503
99.0,110.82997905317094
91.0,102.12252740806922
107.0,88.23374364850307
87.0,108.11363696728195
92.0,83.46274918627823
85.0,91.2425328968751
81.0,86.52873883721779
80.0,74.70053613795676
78.0,79.641069175272
70.0,68.48909991749463
75.0,72.09875895415107
71.0,63.07148558343444
74.0,66.2858601043201
83.0,85.81449815020706
83.0,91.19215562946164
93.0,98.47377078782628
94.0,93.11334514042466
110.0,97.97431537735942
105.0,115.0933801400453
110.0,105.89745881209153
105.0,113.91081970840757
111.0,112.17683461947905
99.0,113.64412541731852
102.0,109.00457543488096
93.0,106.11650981249406
95.0,97.74637412936637
98.0,94.66498600460385
101.0,104.45798493851602
101.0,98.94140843058354
106.0,96.16862799841863
115.0,104.00933532424995
119.0,113.73279837444153
116.0,114.99080532674274
117.0,116.08025813392118
107.0,112.47423086180771
99.0,106.04395472156035
118.0,101.8992632758618
131.0,119.191459166258
134.0,135.0766940028306
141.0,135.25303172472118
106.0,145.90994320934396
97.0,102.9482075683615
87.0,99.99259201707349
82.0,103.36659991000649
91.0,97.96929372696884
96.00001,84.71070832686598
85.0,98.2155877076957
79.0,89.89749390522371
79.0,89.32347468239713
92.0,90.56404170815433
86.0,104.0380908135481
92.0,98.17991216194027
94.0,85.70753367583846
98.0,94.50492867779721
95.0,97.96683219442185
97.0,83.76073436209754
98.0,103.10974441264321
91.0,92.2688183431034
88.0,99.73674886376921
86.0,81.23442444478383
89.0,91.6867065527021
93.0,95.57473479357932
101.0,100.49820041633039
91.0,108.77117633291522
85.0,93.32398365292629
86.0,88.98911794663283
76.0,97.53714432142107
81.0,96.97823867067011
93.0,105.22684518651779
94.0,109.83062821080627
110.0,109.26815521610187
111.0,121.88733290513953
113.0,101.74872747148866
101.0,111.33789768632718
99.0,101.15319054583796
99.0,132.59365107632414
104.0,101.50225209017651
110.0,120.98644565533232
103.0,98.59936966130343
100.0,98.97675421242084
96.00001,102.57269427386714
100.0,93.76647632520105
99.0,98.04872126850385
102.0,100.38376245950971
112.0,105.22932954996347
119.0,107.3532460587867
121.0,109.60832129830413
123.0,115.31768959803023
124.0,116.55094358224738
114.0,121.31812492272694
114.0,119.451075732261
116.0,111.64255928503975
120.0,117.97499692190527
125.0,135.60109631589015
134.0,144.03591246246714
131.0,134.40526212512742
139.0,129.63166732481875
94.0,136.20476802603685
104.0,83.95191088194112
116.0,123.5566441736228
124.0,100.51364307487636
118.0,122.67684103568804
121.0,100.6821715951764
123.0,106.52810477084223
105.0,116.81608058193206
85.0,96.49361881912887
81.0,85.28000140030302
73.0,77.09254718285476
89.0,86.17949284948482
94.0,102.04249838193469
105.0,107.27583354720336
96.00001,117.98548458344496
82.0,105.39265287703552
78.0,91.26755605832214
89.0,87.596323653183
72.0,104.24808787506633
80.0,94.41975562320309
88.0,97.75960607355326
93.0,101.51137328050258
79.0,105.92301689194602
89.0,94.63981707820953
106.0,101.69470188302223
100.0,117.91456123365917
98.0,94.01386642736513
104.0,99.4307732826034
100.0,87.99415464111345
103.0,104.54667788092907
104.0,100.27847552098751
105.0,109.94152747435557
95.0,103.57546745676963
95.0,103.68558421686237
97.0,101.03599247828396
108.0,110.00382938591632
107.0,112.80723254429223
121.0,112.28326332356072
120.0,122.89424826366377
118.0,121.7268440586782
133.0,124.39218662926412
110.0,140.99838462421937
85.0,113.87927967364422
103.0,95.21904666042501
137.0,111.23891211703047
126.0,147.95303623116686
153.0,138.26423492672754
157.0,164.8614391620591
162.0,138.62365235211422
152.0,166.63251784561433
135.0,148.749310119848
134.0,125.25706207891572
139.0,115.32014484610883
130.0,129.2561870699131
126.0,142.91221282606742
142.0,128.48961285084104
153.0,144.34843066378616
139.0,150.98467563403184
127.0,136.1219414340324
103.0,117.63222664710729
99.0,99.97313022758348
107.0,91.8122862161651
113.0,109.76306908659227
114.0,133.09602428731546
117.0,125.21585542955316
138.0,129.22078581453977
120.0,144.45835418105005
96.00001,119.60401151293188
110.0,102.3001604979609
92.0,111.3933712685091
89.0,105.45167531801202
74.0,96.82297684688302
94.0,84.45867254409562
108.0,94.36313605687126
99.0,119.67638404213882
107.0,93.77289759412199
119.0,109.84718826954557
126.0,112.21829035110555
129.0,119.37721181264999
131.0,111.54398834931803
149.0,135.3813287596061
140.0,145.06529160049314
127.0,124.48796751795327
106.0,111.01412766826616
93.0,91.03260262190761
117.0,83.17110987036013
128.0,111.19214853184806
130.0,121.78810717530446
104.0,134.1598256341693
84.0,106.68586061623638
73.0,86.87094693719568
70.0,84.06772500279351
68.0,85.5027492091229
63.0,87.26415181287368
75.0,86.86873269681614
81.0,96.54920283802127
81.0,87.02223281078466
87.0,89.0709901657046
84.0,86.55269855347649
93.0,92.75818507408523
98.0,94.62356186013258
100.0,95.0296848077309
101.0,100.7672580496695
102.0,102.82600546573828
118.0,105.16591151264176
113.0,119.3114514709346
110.0,118.14892541708791
108.0,117.38975968906566
97.0,102.59694946577292
71.0,94.6077698323727
80.0,67.22755652074954
75.0,82.98423927750655
68.0,77.02197493134722
75.0,78.78819177733666
77.0,82.93618106093706
68.0,89.92382873831782
140.0,86.39672492056543
161.0,134.95387608832314
166.0,146.15138558555125
169.00002,150.91880409369148
155.0,152.25524749953524
158.0,130.88057435518934
155.0,148.5886862373935
154.0,153.56637798416654
142.0,156.8515447141674
112.0,131.73039715740293
96.00001,93.87426939282479
84.0,84.30387785244069
80.0,85.92867531267687
81.0,89.50328122178234
84.0,86.52048957294224
90.0,90.95004366914559
116.0,102.85021379481627
136.0,124.7627243141927
144.0,146.51448283905458
123.0,155.957790448246
115.0,124.04515158793666
97.0,124.05712376159308
113.0,102.30409959772672
108.0,120.73665430207537
127.0,112.53157151025054
129.0,124.10863678344408
154.0,129.8563761760342
143.0,135.83315390462275
133.0,124.7821196153652
151.0,130.47305115513882
152.0,144.1220418990441
151.0,138.8815120005541
139.0,132.29062534635298
146.0,129.35160001886427
150.0,143.30315479384635
152.0,148.69570248067978
153.0,148.218793716342
149.0,144.75201587423348
138.0,139.53410374737496
134.0,126.3567783430341
119.0,125.31346612943233
121.0,105.35217059303265
119.0,116.21315205134242
91.0,120.10580844904861
80.0,86.54584116118531
77.0,82.54091409232137
92.0,82.3644935114354
70.0,105.48695361822682
88.0,89.64351450207239
115.0,100.6363988682867
98.0,112.61719637688368
70.0,105.23713852142676
76.0,86.49551186641744
78.0,89.29198272787299
74.0,73.32631169257989
75.0,83.38811618772532
74.0,82.0852047397058
68.0,81.57174236920616
64.0,77.45456831723762
63.0,76.32306598433696
58.0,75.06255434264712
58.0,71.6360707303275
75.0,64.94076266021871
87.0,73.94744759669767
87.0,85.92576443921072
88.0,87.11022093468888
93.0,88.09026003110357
105.0,96.34349635921086
90.0,110.43273565624719
75.0,97.13027743805453
66.0,92.4529690977462
57.0,79.95827044163293
69.0,71.68111175879734
58.0,79.1265894996357
84.0,78.30946510011303
82.0,100.62584698692608
79.0,89.90599762523327
67.0,86.29453920598267
68.0,69.73245561570342
93.0,75.07580844114919
96.00001,97.1451343364996
92.0,101.85059719368783
90.0,100.7605280248278
102.0,89.08926512517368
95.0,98.99876882412187
96.00001,92.04293302842397
88.0,95.22865540315955
89.0,89.59092460032632
91.0,93.05868780111253
94.0,93.76689083928916
77.0,93.0777255786436
68.0,81.5420296422905
65.0,75.60588603880409
75.0,74.30716558505378
86.0,86.41996374188209
86.0,97.35386036258598
132.0,97.80654653050328
156.0,136.87796881591623
150.0,141.7294979902178
127.0,138.61927398711944
110.0,109.94972371813932
111.0,98.52354672414405
121.0,107.01962800073804
113.0,123.23655816862012
91.0,109.05828293342498
90.0,82.73382194622592
89.0,86.1502710408743
91.0,98.82494795262679
106.0,114.50191306050287
105.0,126.38332832328439
92.0,82.68101101968027
100.0,98.86911599379137
98.0,93.22206823834777
87.0,104.73793032368026
92.0,86.74504793726071
85.0,89.8897579842448
76.0,82.69079365644122
81.0,77.62870609427927
69.0,80.8865293241584
62.0,73.65068815907073
77.0,73.76162584473734
75.0,86.73889594377427
64.0,87.28170788481408
70.0,82.72508593928251
74.0,84.06366188308286
78.0,83.64787859943452
93.0,91.03211583300089
121.0,101.08404366845264
109.0,121.85503575605004
114.0,103.79425451555079
116.0,111.90352355501824
127.0,111.01011482483489
114.0,116.99220872637298
97.0,108.60713185380907
96.00001,91.9444619106374
75.0,95.11723539534952
70.0,79.9621480188709
63.0,83.72738981870323
63.0,71.39486336922535
71.0,68.1083403639306
70.0,73.63218630099331
79.0,73.1386270938989
83.0,81.16084530626203
81.0,86.70712912782103
87.0,87.7890708569785
79.0,91.63965751816023
71.0,88.5700736617562
96.00001,81.7584519081743
95.0,100.68358055697566
104.0,100.31974802243597
108.0,106.73430680765803
108.0,107.00116254633136
122.0,104.54915898263509
146.0,113.3913765035058
152.0,135.67834411803253
152.0,148.53133010377113
134.0,129.77455712398816
113.0,118.16389097960203
88.0,99.37544361766149
91.0,84.8021772762108
84.0,81.97835370307814
82.0,89.19872545070822
74.0,85.36634378017396
73.0,80.91642373793577
77.0,76.93959766404583
76.0,81.18887025720544
108.0,88.04005781678956
113.0,117.60941316795295
104.0,116.68460584396308
90.0,107.45873643733496
74.0,95.44294307555224
91.0,82.74380860373586
99.0,98.56578696499741
102.0,109.491307920163
113.0,99.29048985016021
130.0,124.41181581130456
117.0,128.15728741648883
111.0,115.8030243200288
86.0,115.50855993971744
75.0,64.79890906956555
68.0,68.00996384569292
68.0,67.72913170532165
68.0,49.106692355043855
77.0,56.37384665437672
69.0,68.0656985855549
76.0,63.19020191682629
71.0,70.48446135268206
69.0,66.30098314903334
77.0,66.15884527690996
92.0,73.0974365034152
107.0,84.02589092021825
100.0,100.51523849485858
98.0,100.68552419069465
98.0,101.70449343580215
109.0,108.8344820070467
117.0,105.62890462203566
127.0,105.80346052791703
121.0,113.57490230138853
125.0,108.5168226103121
104.0,110.19073748522841
86.0,90.2547793875202
76.0,76.41270296361614
67.0,72.97991999409993
63.0,71.19033418888284
50.0,72.12859516898837
54.0,66.72766622012956
54.0,70.47378849973445
51.0,70.35770726944817
58.0,69.39434354011034
59.0,70.9058928285792
60.0,68.7771400167394
69.0,67.11567941562312
68.0,75.27953244981218
70.0,75.23770243896037
70.0,76.55057739124477
74.0,78.36520477265574
72.0,83.13027794192512
77.0,82.13556826834093
85.0,85.10367859814264
85.0,88.93746061663954
93.0,88.02139169998044
96.00001,92.51256865689558
97.0,94.33112163733018
100.0,98.62051711064237
96.00001,97.6622589562125
96.00001,92.63384317734085
87.0,94.08215076355081
83.0,87.32641375600055
75.0,85.41606359927756
79.0,79.27241515184485
76.0,84.46366521977194
82.0,85.79400143511536
96.00001,87.60162554396472
96.00001,98.06390870533473
102.0,101.47145308323502
81.0,107.3828684911143
82.0,90.70219917173587
68.0,90.45959882190873
68.0,82.91563974545116
70.0,90.20351573767358
74.0,89.59404043557325
76.0,90.87975614053231
78.0,88.98145412489414
89.0,86.71133088189121
79.0,96.08424124400423
73.0,91.9006454877894
74.0,83.2463464088971
88.0,80.76467556594858
78.0,91.07881172084448
78.0,83.08538509760986
72.0,84.1529821265452
69.0,78.32705277194266
61.0,79.827179969252
56.0,75.11743288671448
54.0,70.96521772985318
64.0,71.59757537815429
64.0,81.52627133169243
68.0,79.45264231254639
68.0,79.0198203953139
103.0,77.35155385741847
130.0,102.55914987075911
120.0,131.44104370941187
105.0,127.85369228151343
90.0,112.2217912625704
85.0,90.31192037594762
90.0,94.74326530940647
98.0,116.03264615154448
95.0,98.2119635451335
93.0,98.3185112049003
92.0,95.0129194229774
114.0,102.85949652584064
139.0,117.1646886447334
111.0,142.8942177847935
90.0,110.67494178172504
96.00001,81.98442140895557
98.0,95.48003228483772
100.0,94.15776896423954
80.0,99.88115470911092
83.0,85.00335046693925
79.0,86.60850661303289
86.0,86.73767021187929
89.0,92.9806991920258
83.0,92.99389074263888
108.0,85.71423366750794
95.0,105.0577219371017
85.0,94.20240798059686
84.0,90.3821382481167
78.0,89.48526187571736
72.0,92.76893655320485
87.0,91.62114202289179
76.0,103.66421365756021
80.0,97.04299568436909
89.0,92.70511185288886
97.0,93.59392689874349
118.0,97.88149223431417
138.0,116.66843134974953
147.0,146.70245969136886
154.0,116.4304201417902
156.0,142.2821938102225
136.0,123.79650766566776
120.0,133.5594317488018
92.0,104.02352263945004
72.0,84.8320552568546
68.0,68.08925001959761
75.0,73.27910649872504
85.0,77.44912034356872
80.0,88.97651492288979
81.0,83.79954137982205
106.0,82.76458221093313
86.0,105.67990222734012
99.0,87.7924009028691
122.0,101.20537987642572
114.0,117.2217143576769
112.0,112.61227946356186
139.0,115.82788771056426
123.0,139.53499998466742
110.0,119.85172274033086
97.0,126.66593615116422
124.0,100.93972514365939
110.0,120.43690323677122
108.0,95.66682445783357
93.0,111.36169001714784
98.0,90.61076683955642
102.0,99.69463079378222
112.0,109.16195137895254
113.0,108.85353725550958
111.0,104.98785239991406
103.0,117.97535679595403
91.0,91.72753076940833
78.0,94.49637716603019
78.0,72.14808726656655
76.0,72.28502920598876
75.0,74.96944875256625
79.0,77.08313884788144
66.0,79.10369845670868
64.0,72.6137133442894
62.0,76.90406807759419
72.0,79.71372966068904
73.0,90.16263745422472
90.0,92.14129177154098
90.0,106.1643428951987
154.0,102.89138840110644
155.0,160.73199636970628
155.0,155.34944874113356
152.0,148.93445639205913
146.0,137.3602675444625
135.0,136.8510804080089
130.0,120.77660672294071
122.0,121.40854273050199
137.0,113.73304849544647
110.0,129.89714135032105
95.0,92.12840875942595
92.0,95.18779263820183
100.0,95.12103753725657
93.0,100.23472420210025
75.0,96.12214848884162
73.0,81.05145931405819
72.0,79.0161018869267
80.0,79.34128034579443
80.0,89.2166867065877
87.0,90.76428258659816
95.0,98.38561414845589
76.0,104.69893704110106
79.0,88.61079415533689
95.0,90.99970094542235
120.0,107.9803676118415
117.0,131.02656670467115
105.0,113.17456273002243
101.0,104.36214106139872
97.0,92.29799520417406
96.00001,93.7254685624841
96.00001,102.54105866848612
75.0,90.1496322833473
65.0,85.85467909569387
60.0,79.64325994251071
65.0,74.53027642070242
68.0,82.01331825803001
59.0,78.18311172632701
61.0,65.8722517042519
93.0,72.42946175762293
79.0,90.86538121491645
93.0,85.79054322390269
116.0,103.05802609556387
139.0,125.3324711799718
116.0,146.90439054108577
115.0,121.32756511565162
116.0,114.75673765651639
156.0,119.38552531429009
129.0,174.63939571280378
117.0,127.51524316930173
112.0,113.76887864594626
97.0,99.3878872805277
85.0,90.96789955832573
86.0,75.26692840791824
85.0,81.232387185983
85.0,77.82705567457784
72.0,84.64265290159457
63.0,81.65188091480034
61.0,72.26232298705287
68.0,68.42625107666058
77.0,77.02930514242114
85.0,83.60106896614977
89.0,94.76690963067637
77.0,97.5312672704797
73.0,91.80485933484447
63.0,90.1947772725808
55.0,68.56246861805938
55.0,79.66240200034568
50.0,73.05388910474173
45.0,63.04419703221441
41.0,69.49440352633515
33.0,70.0994049451431
52.0,66.20779515561915
60.0,72.97966325288603
54.0,80.09084830129035
57.0,76.76548501844377
59.0,75.20306462293324
59.0,74.7409449234078
50.0,73.79755487420357
45.0,62.21803941933733
53.0,55.031118004114575
58.0,66.55583552356372
59.0,65.75719463730243
70.0,64.680934476482
65.0,79.89558740441313
63.0,74.74014032738567
62.0,75.18684917012962
59.0,72.82502094547868
62.0,72.72726169686483
73.0,79.4616481104597
54.0,83.96349247734891
52.0,73.11938706585077
56.0,73.04691247519642
52.0,74.32685284724548
58.0,74.06768883896856
60.0,79.08221275656172
70.0,78.27968629844419
71.0,82.08607409694909
66.0,84.1545343178804
79.0,80.6032024661548
74.0,85.88610872751394
73.0,82.60088673439424
64.0,83.2642647813704
59.0,76.02455003273128
59.0,73.64400033121939
56.0,69.5779021318259
68.0,65.36901076032204
68.0,79.89049179912223
69.0,77.87402450227364
76.0,80.57133659743204
83.0,81.34701144412612
78.0,84.75619925932546
72.0,86.65031291145544
