Actual,Predicted
52.0,62.01841835110569
45.0,51.51361800858857
45.0,49.91038479471238
53.0,49.43023563522454
53.0,54.52088509679808
62.0,58.32617410013578
62.0,64.77606743433613
59.0,63.84023749087484
59.0,60.94822082563176
83.0,58.04281409366827
83.0,81.60159342827909
97.0,78.91257131883103
97.0,91.68388510974715
94.0,90.3295675449231
94.0,88.0142449799023
79.0,87.11911081142568
79.0,74.12897330319456
64.0,75.64714074726486
64.0,63.21055524968615
60.0,64.6434266745944
60.0,62.36421462561508
61.0,62.46917343826757
61.0,64.80023082852951
57.0,64.37786101904429
57.0,62.229382227728465
59.0,63.777039061414214
59.0,67.25782335882225
45.0,67.42172798644195
45.0,53.73233265741315
43.0,57.128079641153754
43.0,55.048776268352114
55.0,54.690218701231245
55.0,62.68171310607006
55.0,61.25002253933284
55.0,61.14685167221684
58.0,56.100156518509124
58.0,59.47815432025192
59.0,60.153280146487454
59.0,60.36756289631647
60.0,64.32827503939704
60.0,61.11661630796843
57.0,65.85931211791107
57.0,54.94866675427056
56.0,63.51750296450024
56.0,71.21296623156803
53.0,62.23012356352781
53.0,62.76715815751099
53.0,57.43798283647397
53.0,56.280888043644424
53.0,56.56966271270003
53.0,53.3258174952703
57.0,57.67348277066284
57.0,65.5613524742969
64.0,64.87804430003536
64.0,70.59696829639655
72.0,68.92275176912905
72.0,78.0934199702757
63.0,76.5157332848606
63.0,67.99676515927499
62.0,70.17764085102404
62.0,69.8134212485055
62.0,70.2204092798218
62.0,70.62630033168287
55.0,69.18013519959555
55.0,63.25814162236464
68.0,62.63221449809966
68.0,75.27313474364985
57.0,73.92315438020748
57.0,64.91342020836983
54.0,65.26967222973461
54.0,63.31878964574447
55.0,64.96215417089385
55.0,65.87172172230201
53.0,66.74834734091847
53.0,65.60896541659216
46.0,64.27662714700531
46.0,57.0405783886657
52.0,57.90859842770605
52.0,63.73351147372899
49.0,60.40827094806704
49.0,53.64378275815595
56.0,54.87551208879797
56.0,60.94824953298439
53.0,55.889398319008734
53.0,53.70977720423696
50.0,54.92533466955773
50.0,49.85769277992533
53.0,54.51359197687868
53.0,55.863139177599464
50.0,61.069260514165364
50.0,56.4003221248942
50.0,61.00607955992247
50.0,55.09801145576283
54.0,54.516190128076076
54.0,65.93454233314027
56.0,59.014483655139905
56.0,57.939013563103344
63.0,54.57829859125287
63.0,57.57277068171996
64.0,60.4773175151295
64.0,65.38301548421168
62.0,69.19436226387924
62.0,70.11682545665819
69.0,66.31074380361592
69.0,74.8174280481133
63.0,73.59825472673862
63.0,68.9516712500736
62.0,69.27395379151451
62.0,68.96930358788917
86.0,70.02944572530126
86.0,92.15959032212612
91.0,89.58929325751762
91.0,94.7981235047482
87.0,92.2502823949808
87.0,88.53699222794774
94.0,89.02443641263515
94.0,96.28912516802504
90.0,95.1953684981071
90.0,92.27551731375713
87.0,92.95657590135791
87.0,91.09261886243081
79.0,92.65523055933328
79.0,85.87230432799643
69.0,86.16834393190615
69.0,77.28433121181587
76.0,78.14982234222147
76.0,84.34586053505996
77.0,82.04961944588334
77.0,82.18170838690499
66.0,82.43565741864678
66.0,70.52328401605341
66.0,70.75249215275959
66.0,69.682164371027
66.0,70.58752569738115
66.0,68.09840715041669
62.0,70.42582626429595
62.0,66.92937335044466
61.0,66.73278394164764
61.0,65.37136987525903
56.0,65.52172842967616
56.0,58.21899734109937
52.0,59.89356076389143
52.0,53.588040019652915
51.0,56.292901797517715
51.0,52.916570843448916
46.0,53.28689447029625
46.0,50.10453238645169
58.0,50.67036521280172
58.0,65.29093912797379
60.0,62.50090810781549
60.0,64.695058137889
70.0,64.47349903600576
70.0,73.33241275271403
77.0,71.40880677339547
77.0,79.20129226919296
100.0,76.80099619660109
100.0,98.95598278462307
105.0,96.6187034681735
105.0,101.2029598573698
85.0,99.43160709413793
85.0,81.17779868674435
75.0,83.00119385035819
75.0,74.81730087537656
72.0,75.51281099819458
72.0,73.71841914104614
73.0,73.59374088558947
73.0,74.66163943559614
68.0,74.7047479654036
68.0,71.19411728923092
59.0,70.6121126332493
59.0,65.33045022990049
57.0,65.45665034169359
57.0,63.35474201565481
57.0,67.30327203191513
57.0,66.43687486953087
52.0,65.99938903549373
52.0,58.26438890121638
55.0,58.74750506723089
55.0,61.98531357482188
54.0,57.449331772065435
54.0,56.778160258902055
51.0,57.291650895529784
51.0,51.82770188828158
51.0,55.71972479870094
51.0,56.318665198313056
42.0,58.37316172977008
42.0,48.757832582597736
38.0,49.56899231418583
38.0,43.719636344870224
50.0,46.481112324612695
50.0,49.88911671606795
57.0,54.15282971664027
57.0,66.23700875477014
60.0,61.796753308269025
60.0,68.05191397417552
70.0,67.45145005438451
70.0,79.01854384345167
75.0,75.48954684208073
75.0,81.6697856341696
77.0,79.72668977409629
77.0,79.8072167256508
75.0,79.58191499890489
75.0,78.31367487605877
61.0,76.7140288416221
61.0,64.08762430298172
67.0,66.19869503759118
67.0,72.89669972832213
60.0,72.08955149700114
60.0,66.15653699465477
63.0,66.56348633744751
63.0,69.23023658562454
62.0,68.92835702579143
62.0,68.67140937677972
58.0,67.98094671398121
58.0,64.84325211061795
56.0,65.24272296693292
56.0,64.00527745899612
55.0,64.45194926400707
55.0,63.66786547215087
55.0,66.19915508722707
55.0,65.72842985037755
60.0,65.7677228459778
60.0,71.18566308177357
56.0,67.85099192685544
56.0,61.7711574385559
56.0,62.47783645756816
56.0,62.73758415598548
52.0,60.40830611625457
52.0,55.99569113572955
45.0,55.77950532374998
45.0,47.1176833014896
52.0,51.29126512854354
52.0,58.16322519070545
53.0,60.036232118126804
53.0,59.978076686946224
57.0,60.29140068521719
57.0,63.16932435864456
57.0,64.653635556405
57.0,62.65171913120852
54.0,62.44714929723592
54.0,56.78349534282404
53.0,57.33605344460677
53.0,55.39388022848149
53.0,59.476606465582016
53.0,61.551081971002574
52.0,59.17354539331493
52.0,61.183370535331285
60.0,56.96175374779202
60.0,66.06401015894446
52.0,64.47627232190993
52.0,57.51864624062144
52.0,58.750891234006325
52.0,59.72144858691444
55.0,60.559860405203494
55.0,64.31429451206195
53.0,63.70840763244905
53.0,62.51851916641149
59.0,62.63837858054792
59.0,68.14245028605563
54.0,67.49057131363003
54.0,62.931102607897024
60.0,62.40948425495255
60.0,68.8379855694001
38.0,68.82988879490817
38.0,48.40917007348216
48.000004,51.40341948398488
48.000004,62.37702845048458
43.0,60.65981338049239
43.0,57.043263043882554
44.0,57.316194597159914
44.0,57.23430445169188
45.0,57.25319182039416
45.0,57.47988849001726
48.000004,58.10373095219944
48.000004,60.185202693617015
52.0,60.037311809900196
52.0,64.0463392917894
51.0,61.4304126253674
51.0,58.52626211687835
52.0,62.674585897840906
52.0,61.47693597686222
51.0,62.69751873967753
51.0,60.833577344769246
51.0,60.4113327607449
51.0,57.27422411204977
50.0,57.22966097991531
50.0,53.51161568482513
47.0,52.26969885384838
47.0,49.50715325519581
51.0,50.25294933656302
51.0,52.919122343622895
62.0,56.034019613043085
62.0,65.24138731158651
66.0,64.12356238651985
66.0,69.3940440528789
61.0,64.670026469387
61.0,62.660004578632815
53.0,59.54432950511284
53.0,53.47109401028229
53.0,54.45685503743135
53.0,55.68823046143022
50.0,56.45392536539203
50.0,56.008514259903116
56.0,54.28847605015858
56.0,61.69271637207355
61.0,62.297878430242804
61.0,66.51441125698388
49.0,68.2889427608245
49.0,57.65976055148489
53.0,57.43863943496977
53.0,62.235165064852794
48.000004,61.42782028864246
48.000004,57.54659085796136
43.0,57.41068976350427
43.0,53.606802236166416
42.0,53.47875509110897
42.0,51.86196256885033
33.0,52.31166205201576
33.0,43.92234024303259
35.0,42.315846150049914
35.0,44.13927769159276
34.0,45.11727796065849
34.0,43.97138757013339
40.0,43.67602193486823
40.0,47.76491938957846
51.0,47.940707538653065
51.0,55.34258373481453
59.0,57.77942751922307
59.0,62.88191670557794
57.0,62.12142124393011
57.0,58.59756318766161
56.0,57.84415126321768
56.0,55.86657044992758
58.0,58.53687684310893
58.0,61.230375903877345
58.0,61.14466208095753
58.0,57.786934944957636
58.0,57.31708734947198
58.0,55.412087311264145
63.0,59.95006237142081
63.0,64.18272991999281
66.0,62.86645869472502
66.0,70.16373137426358
68.0,65.14351806092795
68.0,70.69880442146555
74.0,67.19296027910481
74.0,74.72991088872625
78.0,74.1834821041514
78.0,77.83369712598784
69.0,79.48840442959259
69.0,71.11455288243233
65.0,71.97644772863146
65.0,69.53733207162034
63.0,69.60683501466387
63.0,67.54147977188684
59.0,68.26226222375291
59.0,65.72022499375718
63.0,64.57679002698788
63.0,69.74228296063792
62.0,69.42543363659797
62.0,69.24211814443821
56.0,69.80635965605373
56.0,64.83684238160315
60.0,65.5927324867065
60.0,68.90104893305109
57.0,69.08627751152684
57.0,65.46721163160618
56.0,63.48122954346474
56.0,60.37803735170834
61.0,60.711763734016685
61.0,65.75499492549892
66.0,62.38369486026242
66.0,67.44366836537036
67.0,67.41750845216932
67.0,66.32959988938899
74.0,72.27651750587117
74.0,75.22338985309807
67.0,76.08036604401448
67.0,69.06483137746518
64.0,69.6367193251373
64.0,67.84802614271172
54.0,68.93492684078574
54.0,57.32178618240459
63.0,58.043765899288566
63.0,61.021036313577476
65.0,61.03545540386511
65.0,63.757415798946965
60.0,67.29581835759845
60.0,66.33872689209828
62.0,64.14378062345841
62.0,70.37944554049005
60.0,67.23255676755339
60.0,65.48836339911959
57.0,64.47560708935366
57.0,62.64596750026665
66.0,61.9676915864352
66.0,70.92972371383279
70.0,70.39232960171168
70.0,74.877462474629
74.0,72.51536928597848
74.0,76.62710316385301
68.0,75.7017207875829
68.0,69.7863398354766
69.0,70.22025401027324
69.0,71.41482961909043
64.0,71.55365399899881
64.0,67.76404338593342
64.0,68.01470643190342
64.0,69.27560378373305
59.0,68.47058625097301
59.0,64.93669154000777
57.0,67.1624495011422
57.0,64.03329010676337
54.0,65.92884105449573
54.0,63.688466970746646
59.0,61.04548927803352
59.0,64.85162784783294
56.0,64.61434779552158
56.0,63.62609426049586
67.0,62.64292158558143
67.0,73.82757045269099
65.0,74.1787800228125
65.0,70.9598264453385
62.0,74.86386817913309
62.0,70.3456997769221
71.0,71.46117496305673
71.0,77.25918117850748
76.0,79.38715774589838
76.0,78.85136392814947
62.0,79.53428639721633
62.0,64.07468015278586
61.0,60.91785950884619
61.0,63.28217040528595
61.0,59.15821750684248
61.0,60.764095672286544
63.0,62.7423496015132
63.0,63.253384415552915
66.0,66.01943903947732
66.0,68.98777913574902
64.0,67.31032547573501
64.0,66.26311959953443
67.0,64.06686392152027
67.0,69.00060182119492
66.0,67.58272466490185
66.0,67.56655228792957
60.0,68.51890736635747
60.0,64.15104033477583
69.0,64.44764376035158
69.0,73.87657062640679
65.0,73.63669662206728
65.0,70.25831737422868
60.0,69.88717974486975
60.0,66.11349431213573
60.0,66.23864276747257
60.0,66.78333209757865
59.0,67.23910856083464
59.0,67.17080695325495
51.0,67.11990460343333
51.0,61.127861748415135
55.0,61.17606934450878
55.0,64.01571145501512
50.0,65.61221073053686
50.0,60.83789655916212
55.0,60.654613489114105
55.0,63.34757120596168
53.0,63.73597821991566
53.0,62.46675443657918
46.0,58.37392414258756
46.0,50.87271631669613
53.0,52.15428841284705
53.0,54.7670214192146
48.000004,57.61994977065005
48.000004,50.98043256077089
49.0,51.19283619257326
49.0,53.530278845518176
49.0,55.18256235011977
49.0,52.40221368938729
55.0,57.12854583017727
55.0,62.32270766270611
52.0,59.12582724692627
52.0,58.56607757857705
52.0,55.11317957618379
52.0,53.39771696849671
61.0,56.962911780145426
61.0,62.394151721077904
61.0,64.84201523158947
61.0,66.50060340057932
41.0,61.1488504228527
41.0,43.737238288819285
48.000004,44.71073907068245
48.000004,53.41655981233326
49.0,52.95998938962792
49.0,54.95738060351895
47.0,54.592281111592754
47.0,54.40469534479326
58.0,53.06853906124233
58.0,64.13685929701793
56.0,63.735041569486846
56.0,62.21402542061759
52.0,62.59560735003419
52.0,59.181127410503315
49.0,60.097032815771
49.0,57.5118831522432
41.0,57.64029706948753
41.0,50.995457840474074
43.0,51.305186152111794
43.0,54.60003730320262
43.0,53.816318942094895
43.0,53.81314460330439
40.0,56.00945984993423
40.0,52.14140206375647
45.0,53.16668571844633
45.0,56.44584055848457
50.0,55.746327478419495
50.0,61.448030115179435
50.0,56.229003849270406
50.0,55.015842106721514
41.0,56.22834515529207
41.0,45.16885087541991
54.0,49.37857834637992
54.0,61.125464271918034
44.0,60.63805255842379
44.0,50.53759499922353
38.0,52.20445969667057
38.0,45.68553697390592
38.0,45.55104356826724
38.0,43.40150061962634
44.0,44.76727062687832
44.0,47.45760714184084
54.0,48.72403093358616
54.0,53.437746844944066
55.0,55.00826526567587
55.0,58.08117858044518
59.0,51.72306527100757
59.0,59.03186756217195
65.0,55.323797880677624
65.0,62.5762844962818
67.0,62.61612899860291
67.0,65.56714227338574
64.0,66.70634670031997
64.0,64.16731771992809
72.0,66.19872441873918
72.0,75.57353243913337
77.0,73.31481345519647
77.0,79.5262717102902
71.0,79.949835863277
71.0,74.92593623541907
64.0,76.05547207075006
64.0,71.14932064951476
60.0,70.62641274602693
60.0,67.72402772443739
56.0,67.78836495516153
56.0,64.80752183638423
55.0,65.1759055879943
55.0,65.1405741345896
59.0,64.83482561576908
59.0,69.13867041699739
59.0,69.6667686531023
59.0,68.39025077489536
66.0,69.35694179160019
66.0,75.59824658645246
69.0,75.2768007472923
69.0,78.8730488240271
74.0,74.2387073842563
74.0,77.55291458480018
75.0,80.26801840244244
75.0,78.32836603359262
75.0,82.81819508772442
75.0,81.65195731106797
71.0,82.03945756213471
71.0,76.5830346577814
71.0,77.00278383674824
71.0,75.05917167064156
71.0,75.31542351666987
71.0,74.09444841512796
76.0,74.71601265822686
76.0,78.96900434210511
77.0,74.83524771077131
77.0,72.90314588019623
72.0,80.17514896712339
72.0,77.0119591908741
67.0,75.9874041302519
67.0,77.62435701192385
62.0,75.97705011866117
62.0,73.12915948570355
62.0,72.71894931966175
62.0,74.03596100936862
62.0,73.47853892632278
62.0,73.09174404617774
68.0,71.74969221913285
68.0,78.2360743087417
66.0,76.25031321814726
66.0,75.35058379028595
64.0,73.79204120183803
64.0,71.82995480523043
59.0,71.92038157948404
59.0,66.50671557763556
55.0,66.57755713817475
55.0,63.53153801866134
50.0,62.845612532666316
50.0,58.77243476174207
45.0,58.079136697742335
45.0,54.677293856191575
53.0,54.2945959278324
53.0,60.04550987740142
55.0,62.3589132529976
55.0,62.46597196619978
57.0,62.195935021787115
57.0,63.65406753554309
54.0,63.01030980032435
54.0,63.37827654482894
58.0,58.775711124531256
58.0,62.79257357852441
65.0,64.90062261245254
65.0,66.82103991516183
59.0,72.06072329632046
59.0,64.76852192210093
56.0,65.27976155551761
56.0,61.56561721396832
74.0,62.376989372069744
74.0,78.73803145985558
115.0,80.77505016836565
115.0,117.9956206264874
90.0,116.0678628566855
90.0,90.00845833274435
68.0,88.97694902637235
68.0,71.15169669013875
55.0,75.49667267426615
55.0,66.54305176636888
62.0,63.35138123985753
62.0,72.94039558590079
66.0,68.60766395214699
66.0,73.56816729725566
60.0,72.36390808285552
60.0,66.63406461755517
61.0,67.40557943909572
61.0,68.55895732987956
63.0,68.24260818834898
63.0,69.31389324811616
62.0,68.4641662064341
62.0,67.1536822078157
55.0,66.15037012880197
55.0,58.43110947597925
53.0,58.09537581045068
53.0,56.10447132330564
57.0,53.935724363295144
57.0,58.7614807849454
58.0,56.90530695900582
58.0,58.32844837026983
53.0,59.54077614004562
53.0,54.4744888752917
54.0,57.51302474945789
54.0,59.782500718617655
106.0,61.159154315799874
106.0,109.02091786669237
90.0,107.89983472780384
90.0,90.43632123030775
76.0,90.16477273772534
76.0,79.82400707764361
57.0,75.331446786638
57.0,57.839821560719294
59.0,56.585619634863775
59.0,53.289158651522804
53.0,59.541358757822536
53.0,51.72199639248798
48.000004,64.3149909196595
48.000004,62.93351049424855
43.0,58.37383060297596
43.0,57.99963010278769
46.0,49.27204651343691
46.0,50.06993384931275
42.0,53.3120546279633
42.0,45.28334520562529
42.0,49.03245514154231
42.0,55.326033986924
54.0,55.96858937735541
54.0,67.09318112924882
43.0,65.79794000378736
43.0,56.70047181013006
44.0,55.4452427389552
44.0,56.75649664077355
43.0,55.4673621877825
43.0,54.70401349380396
36.0,53.950088700716435
36.0,47.78145000187317
35.0,48.22081969077223
35.0,47.512386539508896
35.0,47.7842061386766
35.0,48.46356725666243
40.0,47.77794256676572
40.0,52.0431136614273
39.0,51.49294254020782
39.0,50.25263637978369
32.0,49.99355101555002
32.0,43.700200894521224
30.0,43.56694927100185
30.0,42.30160044866396
40.0,42.66895335701411
40.0,53.58651369342495
39.0,51.131362042286604
39.0,51.4134142509764
51.0,52.17655149547163
51.0,61.834880297758325
46.0,63.62262902569225
46.0,57.3327533979649
52.0,56.47619290537507
52.0,62.990813662692055
56.0,57.6274554813556
56.0,61.28490104123776
55.0,59.52492778917774
55.0,54.739605760137714
50.0,61.478597663034726
50.0,52.37519152710046
45.0,57.312642335092
45.0,52.75851398831209
54.0,54.56413912706714
54.0,61.00293536848039
58.0,58.12447946109164
58.0,66.79386024251252
55.0,66.05076491335396
55.0,61.25193935476095
56.0,61.69674696805548
56.0,64.57086231976574
52.0,63.87817278702006
52.0,60.91590604414518
56.0,61.199017428117365
56.0,65.0491159870732
53.0,65.75168650753382
53.0,63.523977480347135
51.0,63.03340009332522
51.0,62.665901930538894
54.0,62.486752900177585
54.0,65.79224230791816
55.0,65.81213961264126
55.0,67.54771430329936
53.0,66.78399186661649
53.0,65.40426723028928
43.0,66.46675213904773
43.0,57.2725985207506
40.0,58.06372206889635
40.0,56.391988132856135
51.0,56.339242690629426
51.0,66.86010877311207
52.0,66.40737018127412
52.0,67.8436602191766
33.0,68.04912567741944
33.0,51.88968538682022
37.0,53.41796822938143
37.0,54.19551937622801
33.0,55.608554645200655
33.0,51.890951669864535
35.0,51.13884344149093
35.0,54.01475387582625
36.0,53.58860941852795
36.0,55.06127639525711
30.0,51.095139417054924
30.0,44.81000931454159
34.0,44.908436256319504
34.0,45.87318671342547
35.0,45.18740752927292
35.0,45.143316617998956
26.0,42.733666304541934
26.0,33.60824241030372
11.0,35.237990693541214
11.0,18.760027412012565
12.000001,25.910882893917954
12.000001,27.73737630001126
16.0,32.212467286629476
16.0,33.7696237255615
27.0,31.151726705816404
27.0,45.89457450639786
47.0,46.369346065622565
47.0,61.20069105666756
58.0,60.088480800656185
58.0,73.02541157572159
52.0,68.17624826055416
52.0,63.23222132407931
52.0,63.17397504137512
52.0,63.7456295286425
51.0,64.71008303167872
51.0,64.24851854523087
52.0,64.00887328217797
52.0,65.55833852337226
41.0,64.02015970189993
41.0,54.21850072081682
43.0,54.661554645471625
43.0,57.08226681979037
36.0,56.00515164928672
36.0,49.966290031180996
28.0,49.82520376000915
28.0,42.70812269365722
23.0,43.75733023202329
23.0,39.18743238324071
22.0,39.47978816634352
22.0,40.82889992046862
42.0,40.353305582443724
42.0,58.49088546387353
42.0,59.05845026148694
42.0,59.51609046580242
22.0,58.96654644331095
22.0,40.96255741314735
28.0,43.83275301526891
28.0,49.20099961570457
35.0,47.2072108810817
35.0,50.84817802783868
34.0,50.09937884244497
34.0,44.7139838458324
38.0,49.26796751002191
38.0,53.21621943853334
40.0,51.768866533088705
40.0,52.20864592574726
36.0,52.05604471011639
36.0,45.675469607509044
33.0,48.827913164088166
33.0,42.0177487501627
35.0,43.998708481293775
35.0,48.509752406742145
30.0,45.41659879446426
30.0,39.624517690626305
25.0,42.88439374283221
25.0,40.76088407818573
25.0,40.311574449606454
25.0,43.16754436335048
29.0,40.71855696296804
29.0,44.79997941060883
31.0,41.709100950892555
31.0,44.002684516274414
30.0,43.081219856864216
30.0,42.18716214630999
28.0,42.76184340147029
28.0,42.00771722484402
28.0,40.56458609741496
28.0,42.06940468544929
25.0,41.796608348292665
25.0,40.2639134001665
25.0,39.796283975491455
25.0,40.93759971165408
23.0,41.18371761108525
23.0,39.39534723610851
47.0,41.337714841583434
47.0,63.99987640817619
42.0,61.673304998822424
42.0,57.04707042389326
31.0,57.2710033116823
31.0,47.959067817348334
32.0,48.90469968307992
32.0,51.035271675308216
28.0,50.871254362242105
28.0,47.944331535952024
29.0,49.04414222701217
29.0,51.10446911758104
29.0,50.117831708023225
29.0,48.53727767381899
39.0,50.81372120485192
39.0,56.74163709530251
43.0,61.55393424798796
43.0,63.63170636689144
44.0,64.24505785630944
44.0,63.05624411010679
52.0,64.11697753217507
52.0,67.52952786877728
48.000004,69.14467696856593
48.000004,64.15047484094963
40.0,64.44023906954524
40.0,52.909321208468526
41.0,50.233886847521674
41.0,49.581051007556674
41.0,51.95288841455934
41.0,54.61009221265464
45.0,49.25834496192581
45.0,56.818976637864424
41.0,51.705459616789
41.0,48.728027708041594
43.0,48.875553601184706
43.0,50.78503028210915
40.0,51.10566204694019
40.0,49.39735082262666
49.0,50.4862960019991
49.0,60.54535256507942
49.0,59.05190560178853
49.0,60.20217605018996
48.000004,59.761953417617825
48.000004,59.414864387343435
38.0,59.15796122810485
38.0,50.139880419873336
51.0,50.54180051147319
51.0,63.08520532263327
50.0,61.74205461019332
50.0,61.13911663906494
57.0,59.90447581442481
57.0,67.47536217978703
54.0,64.47350202590047
54.0,61.18927812147159
64.0,62.43883085668008
64.0,71.25582880123719
63.0,70.15021941874811
63.0,69.21565006199916
61.0,69.02534376058193
61.0,68.3442036609855
61.0,65.45731459897293
61.0,64.26540313881505
58.0,66.62724150381976
58.0,60.53525962318321
65.0,66.58920573952108
65.0,72.24354351518386
68.0,73.07439000886662
68.0,70.5689253564573
62.0,76.9565141016894
62.0,72.19372509548928
58.0,70.97102179274788
58.0,67.31851293210703
53.0,64.13240408634498
53.0,62.34270040567744
56.0,63.59025220485067
56.0,65.87717485428598
54.0,62.72247311635692
54.0,62.32307601542386
48.000004,60.804060404369416
48.000004,56.137745256529925
51.0,57.556119881376986
51.0,60.58920859962029
42.0,59.829002871421274
42.0,51.24681055042038
42.0,51.70513314688601
42.0,51.5842004162215
56.0,53.145683664612406
56.0,67.13414544837212
76.0,63.873737988364326
76.0,83.0908270999032
81.0,81.04281671381914
81.0,86.331184065945
83.0,85.3108118803982
83.0,87.66419292999963
95.0,87.63350127668981
95.0,98.13613944797247
98.0,97.6216682651365
98.0,100.50068651768476
114.0,99.52307144225983
114.0,117.08754985183383
109.0,115.33349209901556
109.0,109.62398075567883
113.0,112.18339445605895
113.0,117.005798887906
131.0,116.16247991946824
131.0,133.55716830489627
144.0,131.0436866059115
144.0,143.75577826444834
124.0,139.5153236919372
124.0,121.06694133993678
102.0,124.61873492499598
102.0,102.34043205320113
85.0,112.47804574695114
85.0,95.46089440481376
77.0,97.40474850791684
77.0,90.15132514035729
78.0,94.98713797097409
78.0,90.84040112699539
79.0,88.95911080805706
79.0,84.35070430269882
74.0,86.34732435268403
74.0,76.72162384785328
68.0,74.4831555966527
68.0,74.8278244321943
57.0,72.30662467510159
57.0,65.01946494462321
48.000004,62.743780121533966
48.000004,54.483357156225324
38.0,55.69278555452344
38.0,46.935144135326496
34.0,49.160818203985926
34.0,46.74451636983787
38.0,46.39963474614844
38.0,52.67396783673345
42.0,51.1540155344428
42.0,56.600660633098705
33.0,56.83033717094498
33.0,48.413546926252245
25.0,51.314054518884255
25.0,42.74285193913176
23.0,43.335535411086056
23.0,42.17078887124602
43.0,42.45348364842987
43.0,61.49223702232449
53.0,60.5979832933804
53.0,71.92064913282714
58.0,68.50163304625268
58.0,73.9117830445293
61.0,72.81943102875546
61.0,74.81577463065454
63.0,72.7499206503803
63.0,77.63933001927067
62.0,77.52146800074138
62.0,77.47000718112973
65.0,76.90988598547051
65.0,80.50488039245106
70.0,77.75768186846535
70.0,81.53800284574058
76.0,81.84203816140644
76.0,85.82725904114041
83.0,91.71046536632917
83.0,91.94414282658649
87.0,88.9601914117442
87.0,91.85005836195556
94.0,94.88717808317398
94.0,97.31408406208875
98.0,98.78831608596265
98.0,100.9954654425471
90.0,101.8736351097772
90.0,89.04775007277843
77.0,92.03156250538355
77.0,79.84586982740066
70.0,82.61718174470056
70.0,77.17413902629877
66.0,75.97444382569735
66.0,77.43902891990622
66.0,70.57565948015355
66.0,74.51800471116972
68.0,72.16993783131119
68.0,74.75334159953351
61.0,76.04771949913732
61.0,70.4259277674441
59.0,70.61521572855713
59.0,71.2138665240345
73.0,68.96684914210734
73.0,82.67925811419164
67.0,81.50276578030676
67.0,76.47424148074228
61.0,75.02119872945148
61.0,70.6060937402716
61.0,71.2112387145017
61.0,71.69315502839798
43.0,72.82664176391015
43.0,56.792709452151044
59.0,59.56620296240814
59.0,75.01088102866505
62.0,72.7254810918152
62.0,74.83575663779509
73.0,75.19952152817875
73.0,83.72205663389572
55.0,84.11178333432426
55.0,66.08247898257696
56.0,66.63506158010436
56.0,69.26290349522564
73.0,65.34384421250836
73.0,80.37287617669648
83.0,77.98122472643931
83.0,83.5784161241922
72.0,85.56730713567856
72.0,72.68246725348237
67.0,75.4058897328628
67.0,69.68267547579491
65.0,74.41979992860351
65.0,70.14641468732259
57.0,75.30799761450866
57.0,62.86732353109682
56.0,66.70178889314452
56.0,66.15388141251498
49.0,62.51582284495319
49.0,60.9422993840758
49.0,56.32862763653366
49.0,59.857602010975405
41.0,55.60068924952023
41.0,49.84930189455111
43.0,49.050149776393326
43.0,50.82718426605329
40.0,49.28598036761188
40.0,47.82545397355231
47.0,47.29096187026653
47.0,55.159636746238384
51.0,56.05592185126843
51.0,60.69466565884736
40.0,59.538189583357166
40.0,50.266263885910924
22.0,50.58176585501932
22.0,33.843555290314285
30.0,36.005372878328856
30.0,43.71514980685914
50.0,42.81137429679944
50.0,61.32540094806844
46.0,59.58708703195415
46.0,56.21026239703112
58.0,56.89732857560531
58.0,69.8347427479353
75.0,68.79771554885336
75.0,84.04413084797591
58.0,83.64160931462064
58.0,67.48128649658311
46.0,68.45588691582496
46.0,57.945672989233586
35.0,59.14085578993254
35.0,48.0838109229024
34.0,46.32516112686926
34.0,43.1118080429261
32.0,43.780520751777296
32.0,39.09489844208686
28.0,41.6109414111123
28.0,35.96904933293942
27.0,37.002350336114716
27.0,36.25417156688377
26.0,37.14759175695481
26.0,35.385866492496774
25.0,37.525393967175766
25.0,35.743398206754556
23.0,35.56083990498652
23.0,31.921357423080646
22.0,31.983056381618315
22.0,30.06160648269728
29.0,33.53368279208028
29.0,39.63392979568313
44.0,40.182209828748135
44.0,54.130216267507734
53.0,51.15054412468105
53.0,60.73465047912247
52.0,57.09344803823509
52.0,57.77410105352922
57.0,56.908404465892744
57.0,61.79541203395385
61.0,61.58409079395544
61.0,65.99546310797889
59.0,62.7747482060866
59.0,62.16278434946819
54.0,61.54185812474475
54.0,58.189420592375455
40.0,58.391264034522166
40.0,46.497351364000124
35.0,48.35250908585867
35.0,44.49042734639643
30.0,46.264907689969725
30.0,42.674912746650335
27.0,42.869840511182936
27.0,40.72120445824112
32.0,39.85196478486381
32.0,44.57748372707201
51.0,44.55692832041518
51.0,61.69867486103315
62.0,60.06325761435483
62.0,70.57362030742219
57.0,68.72595429411592
57.0,64.71137574951346
50.0,61.57906402953512
50.0,53.64299302848979
48.000004,56.161927425584665
48.000004,51.15350151871055
40.0,55.43309265675162
40.0,47.06838012798944
37.0,47.90811137429919
37.0,43.94599773479756
31.0,46.10370649705054
31.0,37.914579146663364
38.0,39.03864192445582
38.0,43.14432413510561
48.000004,40.600668575865974
48.000004,48.90311019469241
52.0,48.08725147483819
52.0,50.235470538875695
54.0,54.122402788803335
54.0,55.18066674104534
52.0,54.16117384284711
52.0,54.64939466000413
71.0,50.42638916260601
71.0,69.28731713891347
83.0,66.0952930846953
83.0,77.43338290073115
69.0,76.46257629631967
69.0,64.4132062014464
72.0,65.47601848438178
72.0,71.03211820769901
69.0,68.4887164930436
69.0,66.64073145392679
59.0,67.78701490684134
59.0,58.50788532443121
52.0,58.8987877326363
52.0,53.45512311707725
53.0,53.921307929549045
53.0,55.28452920357161
48.000004,55.53747184185805
48.000004,52.07112381527901
41.0,52.82738318297976
41.0,47.47734105286102
35.0,48.33490101964607
35.0,42.992928072374454
45.0,44.43453770875986
45.0,53.516929359708215
37.0,51.70723576431658
37.0,43.30527085877989
29.0,43.14229582221941
29.0,35.58721761246785
35.0,33.17107092729083
35.0,38.54095307278609
36.0,39.89328573650906
36.0,38.17742194315158
33.0,41.19968975355466
33.0,36.140164428035646
31.0,39.36959285990776
31.0,35.399212568745135
34.0,35.7098323571969
34.0,39.525760251623865
32.0,39.29521610107718
32.0,37.24416646312212
37.0,39.456525530376105
37.0,46.467792783541164
39.0,44.34437317747848
39.0,47.55619063079336
51.0,49.85156179351126
51.0,63.01405608318401
42.0,57.6376358218834
42.0,52.401781555721556
59.0,51.255079651767865
59.0,68.15629722782225
57.0,67.53710080511443
57.0,65.888612933412
61.0,66.68290724135335
61.0,70.90751572371973
63.0,72.6899389453661
63.0,74.58059241758235
74.0,74.90465071132877
74.0,84.35649513978095
75.0,83.43937901337861
75.0,82.94081488784978
90.0,81.55747252620725
90.0,95.03541556533324
71.0,92.58747166551983
71.0,74.71032823755543
57.0,77.73420502899468
57.0,66.05730389105587
52.0,67.17273914549277
52.0,64.53103512759697
43.0,64.1971490873846
43.0,54.61003515526805
32.0,56.11359142443016
32.0,47.21882831884578
39.0,47.01083788186621
39.0,53.78390739761712
52.0,53.81222311662887
52.0,65.10800641748182
45.0,61.314385902358126
45.0,50.809522032355304
41.0,52.50385277156208
41.0,46.38979122419357
31.0,47.02043277908818
31.0,38.413210157899954
26.0,37.99984617889085
26.0,33.423582481149886
25.0,35.357124773885715
25.0,32.58737124598434
50.0,34.44387811255793
50.0,53.10771117240558
50.0,50.1287151645081
50.0,53.87979139285593
40.0,52.4908938697869
40.0,43.529117328589884
53.0,50.043918754936996
53.0,65.3182367268333
52.0,60.00622413253196
52.0,62.74055403279336
63.0,58.190455645109715
63.0,68.21101346635179
59.0,69.61323889789055
59.0,65.3121066527691
56.0,67.83626053226283
56.0,64.5668539574963
47.0,66.23888254301244
47.0,59.179161414843
32.0,58.32318497058039
32.0,45.66371585513066
33.0,46.41728792371823
33.0,47.54928979011921
37.0,48.811482490645076
37.0,52.567931144504804
50.0,51.87923817107686
50.0,64.96207264504952
48.000004,63.334467821487564
48.000004,61.53373315067523
67.0,61.25262715251884
67.0,79.36581883882124
55.0,75.68520300637773
55.0,61.830599072445125
64.0,63.89973699723628
64.0,71.36711003276578
73.0,71.27369008510914
73.0,80.0306787585817
72.0,78.18155457879656
72.0,76.09118375389869
67.0,72.1522931631755
67.0,65.42799104159644
57.0,66.10189825331983
57.0,54.38933885335249
45.0,59.468821728423045
45.0,47.692609866727075
37.0,50.29513257328153
37.0,39.81358511298245
50.0,42.64271099837217
50.0,56.74087955002565
53.0,52.066593145591554
53.0,56.37423137560433
41.0,58.53812134292248
41.0,46.85933189966939
39.0,46.71356782837155
39.0,46.12315221718139
49.0,47.45957187691581
49.0,58.47937434317229
45.0,55.97785290681764
45.0,52.97907860266697
45.0,53.37228881715412
45.0,52.54266776477083
54.0,53.62993025292037
54.0,62.021739547479044
34.0,61.15676072858189
34.0,42.826237566405716
51.0,43.41807059950814
51.0,60.089445658301464
59.0,57.85861238574306
59.0,64.96956068082294
55.0,63.8382259133884
55.0,60.35879623037853
57.0,60.44490169512418
57.0,63.41428555489698
55.0,62.7479569737703
55.0,62.057898719228724
54.0,62.30194638275396
54.0,61.97314524325103
54.0,62.76256700032191
54.0,63.526566509820256
59.0,63.61596024650728
59.0,67.22339083165343
59.0,68.36285249898573
59.0,67.2751204866374
60.0,65.46064675196628
60.0,64.66071170407605
61.0,62.82272990553964
61.0,62.57771488848815
61.0,59.5405781226026
61.0,59.189112457091305
53.0,56.335973777112336
53.0,47.86006163795582
39.0,52.198704546957025
39.0,39.132209346221416
32.0,41.96523738421535
32.0,31.319717667823877
24.000002,42.33492509621228
24.000002,34.774248722847084
23.0,37.62834940504323
23.0,39.661144652467456
24.000002,30.96234607069284
24.000002,34.79020014746123
22.0,33.69065143041509
22.0,31.433882957010095
32.0,33.98625557537522
32.0,43.10441448851742
33.0,42.68195772814161
33.0,39.52675534240453
33.0,43.31948968078204
33.0,46.22020545529807
35.0,47.49915977895134
35.0,50.733135403852856
51.0,44.90081536755334
51.0,63.01121170586883
40.0,59.37053669142947
40.0,49.71168275857611
33.0,49.862064487626114
33.0,43.669303503371964
27.0,45.06807416002825
27.0,40.35112119017795
45.0,39.62358213438038
45.0,56.836426376376615
39.0,55.324528132064046
39.0,49.34927918462449
25.0,49.79285203230702
25.0,37.29083052656945
33.0,38.036580022940754
33.0,46.47387745753892
31.0,46.09812122698842
31.0,42.176341004892386
56.0,43.86156983453352
56.0,67.05702347912911
56.0,64.83624858890103
56.0,64.7895295841241
37.0,63.54769013648552
37.0,45.751960880382505
44.0,44.83776491885035
44.0,53.187697113705674
47.0,50.50017197998891
47.0,51.57453441305075
51.0,55.3825799710468
51.0,56.16660157414138
52.0,59.716944440075814
52.0,58.75185123478819
49.0,58.79125035834588
49.0,54.68810804687945
56.0,57.16424781999553
56.0,64.19747143634865
56.0,61.06266546390158
56.0,61.36777815856758
52.0,58.10700372673371
52.0,52.88334403172773
45.0,54.291543321335475
45.0,48.09952483424501
41.0,49.53847739612982
41.0,46.14083604369126
54.0,47.54545211021493
54.0,59.22624375313021
55.0,58.782106402363056
55.0,59.944351001999586
54.0,58.49345269587852
54.0,58.46555263882068
51.0,57.31773365266262
51.0,54.83363695668121
55.0,54.02252200459538
55.0,57.98745205955052
57.0,56.607635458504845
57.0,58.99861308110357
48.000004,57.52859939914934
48.000004,49.419869046145976
52.0,50.04521450665186
52.0,54.83141343060311
41.0,54.84278314356716
41.0,45.31925823129526
31.0,46.372002717430796
31.0,39.09937963575759
45.0,41.3947488289279
45.0,53.7486599895561
45.0,54.33998011493353
45.0,54.20307970604013
50.0,52.95487120098
50.0,56.577232000061706
53.0,56.01446859220982
53.0,59.57530681775303
61.0,56.50729268120575
61.0,63.187661201218965
54.0,64.17638248365044
54.0,55.764357448130184
51.0,61.300117624237465
51.0,55.508334703227376
48.000004,59.949494211423755
48.000004,55.351801580438206
41.0,56.82600418161857
41.0,53.804387986426605
41.0,47.436282776466
41.0,47.66218097487329
43.0,45.87047046989032
43.0,50.68735370421104
73.0,49.960293993743264
73.0,77.38454768359831
61.0,74.84430292889483
61.0,58.39643425720787
66.0,63.61368803337632
66.0,69.03059574579447
73.0,71.70467593650133
73.0,79.36323185867003
61.0,74.95058002511053
61.0,65.43595166702862
63.0,63.95716622738451
63.0,66.30981339940054
59.0,64.75123560739102
59.0,61.65311623728859
60.0,59.18424292328241
60.0,60.42598745693535
63.0,59.79768939865261
63.0,62.588688763459714
58.0,61.870654826627415
58.0,57.521661614309636
64.0,58.230897959299355
64.0,63.683250949607505
35.0,64.1406005002294
35.0,37.7992810545754
30.0,40.44295391678502
30.0,37.779212392837785
48.000004,39.588577132837734
48.000004,54.22112427303958
51.0,54.86471277762855
51.0,56.864692608663844
59.0,54.5909014324425
59.0,59.76647438235072
54.0,58.84022264010675
54.0,54.8752346451305
43.0,50.001868245200626
43.0,39.91507991509446
46.0,39.60714492613652
46.0,40.25046556356676
44.0,44.013731175809035
44.0,39.583425621831246
38.0,41.81454323675938
38.0,32.831721479454636
38.0,37.56083450177355
38.0,36.86950082037784
44.0,37.73624564318341
44.0,45.38774270283053
56.0,40.68386053823751
56.0,52.08366109236439
47.0,50.62201983778374
47.0,41.76667577822259
46.0,46.19839210014056
46.0,45.652458473047695
48.000004,44.96435094407578
48.000004,47.800253118546074
52.0,45.06267463140056
52.0,48.73540007649982
54.0,48.38651101542696
54.0,50.335477767054776
54.0,52.37702115088657
54.0,52.74287074896728
43.0,52.74561612229886
43.0,44.17437756123023
42.0,42.388051649230206
42.0,42.585509086889026
35.0,40.53251383068695
35.0,34.066853151295774
51.0,33.43370028609451
51.0,48.16892077004416
30.0,45.3355893700649
30.0,26.22989003294793
33.0,30.752161934893934
33.0,35.384827569368994
27.0,36.717595660813515
27.0,34.19600483501847
20.0,32.448323972483806
20.0,26.93442053530832
26.0,27.57768286653611
26.0,35.218241197208535
25.0,34.29831337358901
25.0,31.862444047585207
23.0,34.43071030377621
23.0,33.123758163898074
32.0,29.749771405128655
32.0,38.34064990239443
37.0,37.185888518636
37.0,38.90919661124787
52.0,43.52073259986122
52.0,55.451642469959744
55.0,54.637544607513426
55.0,54.73913873999488
48.000004,53.60521487990952
48.000004,45.32191432103187
39.0,47.34608843998243
39.0,36.775641325437284
32.0,39.58100875457084
32.0,30.719999610285473
24.000002,34.44294361816146
24.000002,27.65429378196953
39.0,27.480478333979693
39.0,46.03216932816362
45.0,42.138575260000806
45.0,51.115803664995745
37.0,48.42688918940928
37.0,40.20618471844715
35.0,42.01724040132156
35.0,40.61441627577449
40.0,42.20644117643054
40.0,47.70202933449421
49.0,45.725218378990235
49.0,54.87250057056421
57.0,52.40337201852357
57.0,60.22980617089978
45.0,60.13148295227986
45.0,50.05541784944813
37.0,51.08937227045339
37.0,44.68928768848019
29.0,46.14960375206375
29.0,39.06937053005829
27.0,39.41936339612049
27.0,38.21560287158347
34.0,38.212006353765034
34.0,45.0480008333002
34.0,44.916889392448745
34.0,44.230876206128464
33.0,44.52262536901074
33.0,43.529366324599906
27.0,41.707093051878296
27.0,33.700775486228366
28.0,33.874651840413804
28.0,36.77915720999619
30.0,31.100604657231333
30.0,32.99714487588508
36.0,33.80819788021368
36.0,35.17334787098469
37.0,40.44139891927577
37.0,39.77718957852268
37.0,39.08178044809924
37.0,37.89537094671834
39.0,38.47858128932365
39.0,37.52110455192759
38.0,37.84198460092578
38.0,36.88509837522303
44.0,41.27485237925822
44.0,46.097899244748454
55.0,44.117682344935695
55.0,57.00873097332431
50.0,52.744589149401854
50.0,45.183303704305295
52.0,45.26018776645134
52.0,46.84943464778887
45.0,45.77639718079872
45.0,39.366230108049436
56.0,38.977147810451
56.0,50.39966408049486
42.0,50.21416049741395
42.0,38.57886831621056
31.0,40.27068075006735
31.0,32.212453797573154
36.0,32.71524044625042
36.0,39.110607368513605
35.0,38.470193127517085
35.0,38.06734468416183
38.0,37.78584430984505
38.0,40.649716074993634
38.0,40.59745768385306
38.0,40.185736133994475
38.0,41.07350942565302
38.0,41.98722021952937
44.0,41.35283844917771
44.0,49.15295113705469
40.0,46.280112400361624
40.0,41.975168968227614
35.0,43.7445130933689
35.0,37.94245420544513
40.0,38.82921400149819
40.0,41.10508701573709
37.0,39.94507321360305
37.0,39.188121515087545
39.0,32.6099389200856
39.0,34.02794016916462
40.0,36.71493153470718
40.0,34.81745410608513
33.0,39.07973951702013
33.0,31.07408760193533
29.0,34.19850529904133
29.0,29.061662683861698
33.0,33.12685954819886
33.0,36.14496473706003
29.0,36.24905005631219
29.0,35.79191309146569
25.0,36.46086787652764
25.0,31.37100497042347
25.0,26.969549216646286
25.0,28.409837142813405
23.0,32.03473476298309
23.0,29.860627445974202
28.0,29.45160114211848
28.0,35.000009902389124
30.0,30.17078456575623
30.0,33.06106057911449
38.0,31.71439875220773
38.0,39.09563031884824
35.0,39.064653005138894
35.0,36.12562180616123
28.0,37.26052370202137
28.0,32.6503517720254
37.0,31.67297895014741
37.0,41.573839904478056
31.0,41.15035441034732
31.0,35.7298474683254
51.0,37.06205904763374
51.0,55.936576732723466
44.0,54.234116027588755
44.0,47.5960721165511
47.0,48.476070330539805
47.0,51.90851986109926
46.0,51.93176539336619
46.0,52.75037992802342
46.0,53.22179136448488
46.0,52.15837952650752
42.0,54.11485742538915
42.0,49.54357210640285
46.0,48.06247953738418
46.0,50.16944852202029
38.0,49.627885046257646
38.0,41.98781786167073
29.0,39.55827962036624
29.0,31.206047549863197
35.0,32.192346807623416
35.0,36.97149543423973
38.0,39.372266902318685
38.0,40.80288776964315
40.0,41.68996937877977
40.0,40.72771954213391
28.0,45.35299975213766
28.0,34.69393817677248
58.0,33.10140652952473
58.0,57.282545631650535
60.0,53.648963738851435
60.0,58.832761701375766
60.0,56.22465047520575
60.0,57.070464366861785
62.0,59.06965639063963
62.0,63.2533856833672
44.0,62.43225140178302
44.0,47.750987482503
35.0,48.08818880942726
35.0,39.68346917626692
42.0,40.37683100719847
42.0,47.4301581972679
42.0,46.024357338371516
42.0,45.84761547656485
54.0,45.77776710560558
54.0,56.475115524479804
45.0,55.11396037399632
45.0,46.59494860079245
49.0,47.88403838424113
49.0,52.61988746245409
41.0,52.227003856677364
41.0,45.65917797014372
41.0,45.972101685198076
41.0,46.45542975382281
31.0,46.90901135167391
31.0,37.38086315428816
28.0,39.27979707714387
28.0,37.3172164023258
30.0,37.27740489697156
30.0,38.475959802889804
36.0,39.16112006658005
36.0,44.30406284445579
39.0,42.54717070748187
39.0,43.44806870104585
44.0,42.809800660878174
44.0,45.562210038571116
43.0,41.3357901288327
43.0,35.647758329680975
53.0,38.00277607347995
53.0,47.254532036470486
27.0,52.57790964382058
27.0,28.179003818487512
34.0,27.663666920078764
34.0,33.996110590356146
38.0,31.46145878750726
38.0,38.08182897907504
38.0,38.07683421705567
38.0,34.95878190938612
33.0,42.16491660532169
33.0,35.29302381852431
31.0,31.722487424945747
31.0,33.92372484866991
24.000002,36.74635434745194
24.000002,30.783046801664145
22.0,31.18825654472353
22.0,33.55686813157684
46.0,27.5613554464366
46.0,52.544467636707616
33.0,49.1346437532162
33.0,36.86479822180603
27.0,39.17016509547765
27.0,32.11812723180661
30.0,34.47050525164147
30.0,38.61178132009961
32.0,37.2363600061703
32.0,39.38357477497127
28.0,38.736401325357726
28.0,35.4683538459424
31.0,36.7196640779833
31.0,40.10592229747106
30.0,39.49359971665967
30.0,38.497738538300915
28.0,36.4217106264614
28.0,35.14379665139885
26.0,35.36032295050013
26.0,34.897326111217765
28.0,35.46264556197069
28.0,37.082513654820595
24.000002,39.128291837531904
24.000002,35.072070300417934
41.0,35.403469832165406
41.0,48.996303212957635
37.0,46.75763631171383
37.0,43.90244150055571
27.0,38.4742010495774
27.0,28.557456911922003
18.0,30.868450260802437
18.0,19.730238240453907
17.0,25.39958543320529
17.0,22.162908411058073
17.0,22.288787149245803
17.0,22.000773043723672
21.0,24.605441998248654
21.0,26.906121516965566
21.0,32.06328103265949
21.0,27.885304220362002
23.0,28.913535297494676
23.0,33.509065870587825
28.0,28.996211752081024
28.0,34.03325053539622
35.0,38.79941281607392
35.0,44.477067533273036
48.000004,40.14413916251539
48.000004,55.25346443229919
51.0,48.298918045068355
51.0,50.03351806278853
40.0,48.942494646650225
40.0,39.30745004428267
43.0,41.07192962964447
43.0,44.561236883644156
42.0,45.33645902586531
42.0,46.22206833764299
40.0,44.38720680464952
40.0,44.53917606175227
30.0,43.81939931551158
30.0,35.25673711490888
23.0,36.61103737063083
23.0,30.28485084017513
57.0,31.655429419030675
57.0,62.959722507899386
29.0,60.20473180746957
29.0,33.82338342162728
45.0,35.54873110359698
45.0,53.336252413887976
45.0,51.69407702272825
45.0,49.32044622869268
20.0,52.57212257923448
20.0,28.87527228520874
28.0,30.990434825289494
28.0,36.664763482513685
26.0,35.60670058032712
26.0,33.709044164709006
28.0,26.068652489515838
28.0,28.310644653193254
24.000002,27.962181154431175
24.000002,21.70103734004186
27.0,28.17592486895492
27.0,29.829320530612065
30.0,34.6204900524827
30.0,35.14346265141135
40.0,39.199609476579454
40.0,48.08115802778543
45.0,48.180922495426
45.0,54.84341506363081
45.0,49.91110495154868
45.0,48.35708865389201
55.0,46.414709445263426
55.0,54.36887573539492
57.0,57.30971531006979
57.0,59.62795522105692
56.0,56.35787047972163
56.0,57.33709098685245
58.0,54.95265715750125
58.0,57.53657938438865
56.0,57.34673297348775
56.0,55.053382794085984
54.0,57.17108043939132
54.0,54.43765963875916
51.0,55.177319993267325
51.0,54.35526519244454
35.0,50.58585021076605
35.0,37.62269076832183
30.0,37.59597524462057
30.0,34.76940232327198
40.0,33.94410142628486
40.0,44.13781352254259
39.0,42.254451530525245
39.0,40.81243795217874
34.0,41.40472560247555
34.0,37.85122208772294
31.0,38.27152597464557
31.0,36.68344586616252
30.0,37.38894771824821
30.0,35.815900439012616
38.0,37.278263364910266
38.0,44.895460488361444
44.0,43.556607789923554
44.0,44.94582731522057
36.0,43.48107127066684
36.0,38.80311220050069
28.0,32.718828624050545
28.0,24.97751138132657
27.0,29.76398107634619
27.0,27.954758127930084
26.0,32.369428614957684
26.0,30.913028992914008
28.0,30.93402119618891
28.0,30.21071454296806
33.0,34.22238516504989
33.0,29.589262953400038
50.0,35.72998033035112
50.0,53.60095079655011
55.0,47.28909940008439
55.0,54.78817443574991
66.0,49.40012484721168
66.0,62.86707586054502
59.0,62.520031224437325
59.0,57.468683080890145
58.0,57.80379257811247
58.0,57.07447293564591
59.0,56.01062294284444
59.0,56.3906553801344
55.0,55.19829354598161
55.0,51.389579955467596
50.0,51.1344693169755
50.0,46.54095827752806
42.0,47.2247967722185
42.0,40.56375804105853
48.000004,41.3880072179083
48.000004,48.188690614114755
40.0,48.217541939524885
40.0,42.31073316623997
49.0,43.039431980882746
49.0,52.42792693357609
56.0,51.8467737329843
56.0,57.40297210036332
30.0,57.1092792244327
30.0,32.83681249497911
23.0,34.6174352071478
23.0,29.9992444325457
30.0,31.015341466798127
30.0,37.429771856955156
32.0,37.87542917336583
32.0,38.68600993811886
49.0,38.760044315949585
49.0,51.33105383621642
20.0,47.51979245513243
20.0,22.876926048298216
25.0,18.706894146422307
25.0,25.036964659607598
27.0,25.830574042943788
27.0,25.491303028604005
24.000002,29.856996291969004
24.000002,24.816354982070155
22.0,27.39697494635069
22.0,24.996110558886542
30.0,24.28413091220935
30.0,25.06043403077226
35.0,28.029072418624523
35.0,36.00710146800875
38.0,38.43506631416254
38.0,39.65007236843593
57.0,39.21702253084504
57.0,59.65780883866584
62.0,57.111870275556335
62.0,63.97214423301257
56.0,62.76441469404217
56.0,56.36627934316991
52.0,55.57816775044949
52.0,51.25883428128706
53.0,51.20912905497373
53.0,52.042015878120054
48.000004,50.89903363994241
48.000004,47.501897170197864
43.0,46.18371925118765
43.0,43.649290355063165
40.0,42.833495037990964
40.0,40.661244627453954
37.0,41.439550170917
37.0,39.645418914978976
45.0,39.23907482085007
45.0,47.56095509283344
41.0,46.191552096709714
41.0,41.80748337458823
41.0,43.064491189670406
41.0,43.2587111627299
37.0,42.68467069537597
37.0,39.9275298300008
41.0,41.59694419732292
41.0,45.35095482240867
40.0,46.09288376347765
40.0,45.23178510576089
45.0,44.63504823644906
45.0,44.250132168021246
45.0,43.846643487567285
45.0,45.86325454010231
44.0,37.804844716133935
44.0,36.7295365718094
50.0,35.74960311263648
50.0,39.564944425979185
46.0,44.26655011069766
46.0,35.621333172101146
44.0,40.29305094264249
44.0,34.92055449933165
47.0,41.59404204873925
47.0,44.70208709471572
66.0,42.76993865250673
66.0,66.80075497093647
63.0,64.941168141703
63.0,59.4191763145665
64.0,58.735653209788936
64.0,59.15929084758553
65.0,60.54192577785663
65.0,62.314730088753514
51.0,60.21082597138065
51.0,48.82529564277994
57.0,47.58978615851734
57.0,54.09403217060972
44.0,52.42309192282611
44.0,40.70334164311967
32.0,41.87333638176378
32.0,31.74155601333933
35.0,33.5405360784627
35.0,37.8981681822066
30.0,37.021191111544034
30.0,33.54376597553288
35.0,34.14109764455871
35.0,39.77427359970726
32.0,40.34315363130154
32.0,38.372480540866654
30.0,38.013377504923604
30.0,36.798798610823155
34.0,37.01815436660424
34.0,40.94095796174761
31.0,40.094090597799195
31.0,37.80152582768075
30.0,37.747980336030885
30.0,36.27401165094396
34.0,37.28687697685539
34.0,41.93152560872283
40.0,40.01359680688709
40.0,42.45469663403022
34.0,44.13063440999173
34.0,38.5661293829202
30.0,32.751499399184624
30.0,29.209193946734622
30.0,28.452826033172094
30.0,24.562130942464147
35.0,29.498835304718877
35.0,32.31311333782862
38.0,33.43009912714813
38.0,36.400342848653004
53.0,38.03632079523494
53.0,50.15897056878556
59.0,51.369866221202614
59.0,52.62180071457455
59.0,57.58156525107746
59.0,60.100272456639345
63.0,61.496351963379965
63.0,65.42013372925948
73.0,62.81876088782361
73.0,74.67201134889751
76.0,68.83593018358017
76.0,73.75304687160329
68.0,70.81198030433082
68.0,62.87010254987173
53.0,62.708460649338875
53.0,49.34899951907074
42.0,49.553285404064326
42.0,40.61277264414951
37.0,41.88371555134863
37.0,38.47899232048088
23.0,38.894579996045316
23.0,27.426625482737144
24.000002,27.81048076973425
24.000002,29.25287037959262
28.0,29.914690437898745
28.0,34.25808824759062
31.0,33.97853830265277
31.0,37.14930179965368
28.0,36.657561005703634
28.0,34.72068015838312
22.0,35.198426931320384
22.0,30.554768480093013
21.0,31.693695524860757
21.0,29.088544871243126
48.000004,31.062645707114374
48.000004,55.42196612504738
45.0,51.19928185623531
45.0,45.65472268378262
39.0,44.66333544933298
39.0,40.572691920053764
52.0,35.770466369447256
52.0,48.382059714915904
45.0,46.72523605885277
45.0,38.580781524113895
35.0,44.58027882351466
35.0,34.98068528167858
30.0,41.03399554719285
30.0,35.071867512068046
40.0,37.46273196966239
40.0,45.884014872532575
57.0,45.8397903738756
57.0,61.276282490909026
63.0,60.908958633720445
63.0,65.54483589019198
71.0,63.742502412891945
71.0,74.49370620862464
72.0,74.73844953564469
72.0,72.68570332766558
75.0,72.34780831632646
75.0,75.46424219297563
74.0,73.79500435393292
74.0,73.09133179270412
68.0,70.99252311601742
68.0,65.41351255008256
58.0,65.491850946254
58.0,56.07396832548173
55.0,57.21544394609374
55.0,55.98428980395051
52.0,54.06764457087689
52.0,52.92483917785105
38.0,52.483669630035095
38.0,40.41989070829653
53.0,42.80826477039424
53.0,56.59183105802388
35.0,55.37016486325458
35.0,39.86581261286623
30.0,40.036070769685296
30.0,36.628622341431054
44.0,38.936046314939006
44.0,53.23488217004323
37.0,52.700399453065955
37.0,44.96032592626759
31.0,46.52092154166373
31.0,41.069030949251626
47.0,39.52618663573766
47.0,51.06479340558459
40.0,49.16568269682227
40.0,44.659742312455656
45.0,39.129583797866545
45.0,42.87074043180534
37.0,44.028477827229715
37.0,33.263946413133425
29.0,38.5351389299642
29.0,30.94241323928087
27.0,30.661361271321
27.0,28.785101059711998
26.0,29.77940179399569
26.0,25.237499472767112
46.0,27.668395509241915
46.0,45.27835785535607
62.0,49.47911106656861
62.0,63.85623177690257
70.0,61.25696740818295
70.0,69.07753965884768
91.0,69.74153541242062
91.0,91.36617132464266
96.00001,86.40538566794027
96.00001,91.86246617524019
88.0,91.31898271500823
88.0,83.56332481629705
64.0,85.04451122039181
64.0,64.41177743222724
59.0,66.31633851063397
59.0,63.07018832401831
60.0,63.736542642426365
60.0,65.92615212947173
40.0,63.15505808692116
40.0,45.24574396973754
37.0,45.832716546719475
37.0,43.4613252636124
31.0,44.347000049754776
31.0,39.42089146133059
28.0,39.133379446965925
28.0,37.61390255655368
24.000002,38.50903878721467
24.000002,35.39171635479105
25.0,36.91376099272548
25.0,39.22154291968614
25.0,37.44245141489318
25.0,37.65221998831401
35.0,37.84171091994001
35.0,45.739411550725734
38.0,44.22620576401526
38.0,44.66015461032088
40.0,43.82356846762345
40.0,46.08922296418428
37.0,41.25999765553301
37.0,37.40475487881059
31.0,38.243704281322444
31.0,30.832878672942382
30.0,36.25676614168332
30.0,34.86529294130456
28.0,36.7156865929627
28.0,33.47004118194124
26.0,32.86791012570132
26.0,30.11798856816902
38.0,31.915289779548406
38.0,40.76923825149547
48.000004,42.17075103231369
48.000004,51.78401235727771
58.0,51.216118584173
58.0,61.34643844946208
64.0,63.39087991416392
64.0,67.0716226732977
70.0,66.19558733734634
70.0,75.4657057565775
54.0,70.33201705024095
54.0,56.492563710602525
43.0,57.15412990946757
43.0,46.96834155008558
34.0,49.77732030984386
34.0,42.53113321994899
27.0,43.240594550695
27.0,37.536673605004474
40.0,35.439704679878794
40.0,48.066941215627175
39.0,45.12997892329786
39.0,44.80273060486815
38.0,43.853695886289465
38.0,43.60269245935876
31.0,43.861053084372095
31.0,37.09649521934192
28.0,37.75657522489615
28.0,36.280128641993386
28.0,35.85896806783375
28.0,37.52732735124331
33.0,39.0984547560113
33.0,42.15368150372314
43.0,44.43756811560931
43.0,53.556787015773345
43.0,49.864258108822476
43.0,47.75107006275412
38.0,46.80088415750054
38.0,43.237715245743765
33.0,39.28432743436048
33.0,33.93829853294223
33.0,34.95164967427065
33.0,33.40206207383478
33.0,36.49422669534647
33.0,35.21598536220235
40.0,36.46576996322323
40.0,41.893860570245366
43.0,43.01894965184212
43.0,44.692012812259144
53.0,44.52982749545075
53.0,52.160166733647436
50.0,55.321288752581374
50.0,50.96136876233234
44.0,55.15133804329754
44.0,50.091521222647685
51.0,52.40056351293675
51.0,60.815846089836484
58.0,53.67476128710479
58.0,63.75918854190875
56.0,60.99031610375917
56.0,59.2240399218027
55.0,60.05130933552249
55.0,61.26162091114927
52.0,61.48799852178142
52.0,59.0071308589748
40.0,59.752239440802406
40.0,49.2497773025691
47.0,48.53002454534872
47.0,55.85363121803818
51.0,54.350915458770196
51.0,57.69662723599959
44.0,57.393210088459476
44.0,50.29964270874445
54.0,51.07061469977212
54.0,59.96630206008216
55.0,59.758494842532635
55.0,62.50321622021541
45.0,62.35587023489757
45.0,53.262870372638716
35.0,56.37873709890981
35.0,47.384870685845414
32.0,48.70091624678414
32.0,45.683186895747774
37.0,43.57334581602869
37.0,47.321047467289404
48.000004,45.391047195717775
48.000004,54.44573971072038
45.0,50.64048091926877
45.0,47.76134862124349
54.0,47.18171266237975
54.0,56.14834904138932
54.0,59.932591774030314
54.0,59.18944808505854
60.0,62.158882987213026
60.0,65.48445954628247
64.0,67.42664676692752
64.0,66.82731956108174
59.0,66.59313288553753
59.0,60.936993698069664
53.0,64.80573207298966
53.0,54.79807167229823
50.0,58.82670910965188
50.0,64.36524930789632
38.0,59.36102463213136
38.0,54.30985930630301
38.0,49.13154918098932
38.0,49.64251875537486
31.0,49.27205147343376
31.0,42.050596638076044
26.0,41.734926684141115
26.0,38.03915885726152
42.0,37.0474375788642
42.0,52.3361960503232
40.0,51.69920223805122
40.0,49.95248647532648
26.0,49.82536193673064
26.0,36.56897597890092
28.0,38.69139853006634
28.0,40.98481240055644
41.0,40.70192660601169
41.0,53.89465384890962
31.0,52.01355078183246
31.0,43.13532254961573
28.0,44.65552797751736
28.0,41.44902018036158
24.000002,43.267140827973634
24.000002,39.72115205923317
35.0,39.599490303118564
35.0,49.59024388781164
32.0,49.014998163867446
32.0,45.82851318405201
43.0,44.402721865815906
43.0,53.29351959067068
51.0,53.03399963395744
51.0,59.9652096520343
46.0,57.09804781224562
46.0,52.45351365013248
54.0,53.86882411004713
54.0,59.834792953596626
52.0,64.69488720181913
52.0,61.968301748639554
45.0,63.492053862126085
45.0,56.176225902573854
48.000004,56.77739029429059
48.000004,51.29540307957062
38.0,56.868593544142314
38.0,49.27988792721618
55.0,45.6892098037426
55.0,64.37971720770572
33.0,59.31202402969726
33.0,43.92711887646514
53.0,45.74058246017512
53.0,64.35576304445462
55.0,61.96041909603982
55.0,63.864398349925054
52.0,64.15366975355295
52.0,61.49343044076768
59.0,63.665719009214776
59.0,70.83063899863268
58.0,67.32173635738432
58.0,68.28694754193394
55.0,68.43488081606795
55.0,65.07347620948302
50.0,65.66715018991268
50.0,61.758231397327236
50.0,61.1828922718211
50.0,61.323250214347865
59.0,61.34818931152685
59.0,70.81457704193193
42.0,70.13624342686326
42.0,53.571282783795255
55.0,56.76047603954177
55.0,69.94731110045161
61.0,68.22636979345364
61.0,74.60907383560611
62.0,72.63044301263771
62.0,73.52497049355105
56.0,74.14501721036191
56.0,70.27125295256374
57.0,70.21404905113047
57.0,66.92535258282152
54.0,68.47616213507655
54.0,63.83259643936636
47.0,63.694178831841505
47.0,56.839511358092615
42.0,56.40210273076179
42.0,49.71745217974569
48.000004,53.74736723038465
48.000004,60.543696881407215
51.0,58.61241410793767
51.0,61.193576758989735
36.0,59.814167051978465
36.0,44.207515609406684
39.0,47.785945212862835
39.0,47.5374928617632
36.0,46.83990271611692
36.0,44.785906388762875
47.0,45.259438166844355
47.0,50.510856222057825
44.0,51.17091925023196
44.0,52.811921159330446
52.0,53.827889174668414
52.0,62.158550359836404
67.0,61.90499177868684
67.0,78.90779022420296
60.0,72.4738684562936
60.0,68.68766864814931
64.0,67.23637695846858
64.0,71.28187038523112
58.0,72.28499784310338
58.0,66.71240629855487
56.0,67.1730261849991
56.0,64.85367011871345
68.0,65.65717322478822
68.0,76.48222384691691
63.0,74.92615225926022
63.0,69.51046503006528
64.0,69.21908266277943
64.0,70.97148794938448
62.0,70.9777048349488
62.0,69.77441645417933
60.0,70.24104530407612
60.0,69.36741078219448
47.0,68.93351589358927
47.0,57.80493893439703
54.0,59.960699531038124
54.0,65.62315074558869
51.0,64.73659931674206
51.0,60.99125131690652
46.0,61.38349276701722
46.0,56.38959091400328
54.0,54.99627265753404
54.0,61.07450227650624
49.0,59.94403473886823
49.0,52.77536909950903
43.0,54.44281531017889
43.0,46.543895997391
40.0,45.85108326051867
40.0,42.43215250719824
37.0,44.41765286739459
37.0,43.13156263875893
33.0,49.215607142959406
33.0,44.35330669180628
37.0,45.98753653064193
37.0,43.58490483572736
50.0,43.81135011239504
50.0,54.28148345289479
59.0,55.16620308665245
59.0,65.13512377830166
61.0,65.92599862135947
61.0,72.64581464400106
57.0,65.5867925356924
57.0,67.28385654800026
53.0,61.8650866335161
53.0,60.58899791776279
43.0,61.207269706068814
43.0,51.81732433371287
40.0,54.38516256275237
40.0,52.670561899544516
37.0,52.02094439841486
37.0,50.2006510441761
52.0,49.98817806802499
52.0,63.87467898740218
53.0,62.66506019878926
53.0,62.394762095861914
53.0,61.90366418699451
53.0,61.40310494162444
48.000004,62.59228768070896
48.000004,58.27200634021037
40.0,59.62062945024892
40.0,54.08506759321059
52.0,53.159429975300554
52.0,63.1686688163647
48.000004,64.194200565768
48.000004,59.17260996161571
40.0,58.29578449100223
40.0,52.10903048185108
33.0,52.72663795164003
33.0,45.23216598249657
37.0,45.213815314867716
37.0,49.753917598681824
35.0,48.13534289377619
35.0,46.531237269071916
26.0,48.75885562238206
26.0,37.62339793643139
25.0,38.660559745210755
25.0,35.153489130707015
27.0,36.031681135698726
27.0,37.025639654174334
28.0,35.840999805344225
28.0,33.831915947811034
39.0,36.70639538246298
39.0,42.236499710870326
44.0,47.32739363503238
44.0,58.446026328326695
52.0,56.818165356545805
52.0,64.20128221466071
55.0,62.82251218649923
55.0,67.24066065116045
73.0,63.46508308369399
73.0,81.81692676692816
73.0,77.12247258475082
73.0,76.81611619494787
66.0,77.41514167016976
66.0,71.21287403010984
66.0,72.20742634645553
66.0,73.66592156555305
59.0,73.70409522675794
59.0,67.32457708822251
54.0,67.57992145181385
54.0,63.87899018687972
43.0,63.19984664685051
43.0,53.88231800766001
44.0,54.648687103033424
44.0,55.502431610974014
35.0,56.244400645547294
35.0,48.34935319538365
30.0,48.57993602166408
30.0,44.54522796340629
27.0,46.255195844387465
27.0,43.8524331646586
43.0,44.8771944237258
43.0,60.52340143421342
44.0,59.556771707392464
44.0,59.74345281468006
39.0,60.512464512140916
39.0,55.73099016008761
30.0,54.446244934336846
30.0,45.32669070119681
23.0,46.160473344936264
23.0,38.27091093024323
53.0,40.501447756246726
53.0,68.56829381709665
48.000004,66.20579372877798
48.000004,59.52470762716821
51.0,59.602719631426844
51.0,60.53379249016948
48.000004,59.80001177979822
48.000004,56.82492855257933
43.0,55.487281275102866
43.0,51.22605781806385
58.0,51.141757806051956
58.0,66.33172052998741
63.0,66.30969473756974
63.0,68.68598471165855
70.0,71.62590679336734
70.0,76.93802357403587
92.0,74.9762993901452
92.0,96.53936928684058
113.0,92.48866900782355
113.0,112.87991179696715
143.0,111.17341256260838
143.0,140.31877020358763
151.0,136.66462510376334
151.0,144.24667948877314
130.0,142.28789060381396
130.0,123.20401348632016
146.0,125.05360116365819
146.0,139.73753380365403
151.0,138.9745336486727
151.0,144.00427949804893
156.0,141.5544079609794
156.0,147.27079633573828
158.0,146.9224825396337
158.0,148.70914704565422
151.0,149.9263911066034
151.0,144.09107230479017
121.0,142.7762397162621
121.0,115.85548117636547
136.0,118.54638149001987
136.0,131.17957853899668
122.0,130.8467481406559
122.0,117.28331644297818
95.0,117.37203348770944
95.0,93.25233227646649
83.0,93.57132570363412
83.0,82.44125232258712
65.0,85.80055619992514
65.0,66.75419258760742
55.0,73.67705402414816
55.0,63.895463684096946
48.000004,66.80889430385774
48.000004,59.3662705666045
45.0,61.515679142627576
45.0,56.97976642110187
45.0,58.26331373342765
45.0,54.73498021463455
57.0,53.494576040924954
57.0,62.62672697680533
58.0,59.895698038515356
58.0,57.86881269227939
63.0,66.07314439331418
63.0,74.39799388957968
57.0,70.65219506028527
57.0,69.36650436581324
50.0,62.082115594521106
50.0,58.56615216240051
50.0,55.13975035961614
50.0,57.344170829564284
43.0,58.071512545359845
43.0,52.094024044910626
54.0,55.181182726873665
54.0,67.07118633299902
56.0,65.04458871376708
56.0,66.99731055570793
51.0,66.99323176487013
51.0,62.61533866728478
59.0,63.38098999778597
59.0,71.63993300467273
61.0,70.42754480146905
61.0,72.44837088237198
58.0,72.64341237909856
58.0,69.09836450596212
62.0,69.71201733923374
62.0,74.47697955345717
75.0,72.97614497839625
75.0,83.67477331590551
83.0,83.01183185434643
83.0,90.53033625022223
85.0,88.39105102150172
85.0,91.41283684582305
99.0,92.09534253149214
99.0,105.40124388008529
95.0,99.7886401616801
95.0,96.94108997110126
78.0,99.65861481693713
78.0,80.27407700483472
77.0,86.0097435698312
77.0,83.19122251246317
81.0,84.46051330883174
81.0,89.30594327881087
83.0,91.07183288522819
83.0,90.60274336393792
77.0,91.23395840794635
77.0,83.77198911254996
92.0,87.81812731279534
92.0,97.97857435727909
100.0,97.57732550356832
100.0,101.39861650285245
81.0,103.0327196203364
81.0,84.82455685359517
80.0,83.15618124602197
80.0,83.94668634453221
72.0,80.05449235437591
72.0,75.51582068307827
53.0,74.19135248687874
53.0,58.86045433246688
52.0,63.77805736527822
52.0,62.791189220269466
32.0,63.059705983943886
32.0,47.03561473437511
33.0,41.96064385391135
33.0,47.23108726618089
31.0,48.36203497723635
31.0,47.56271516135619
32.0,46.30258516065874
32.0,49.302720193738324
30.0,48.17999311512363
30.0,47.7070675158341
28.0,47.49612756516827
28.0,46.53064473276312
24.000002,46.60812368831836
24.000002,43.093110922411974
53.0,43.850231536521115
53.0,67.40685765036982
58.0,63.389038656714135
58.0,67.08407488561984
60.0,66.15133074771634
60.0,69.14648176768588
52.0,69.62174028555357
52.0,62.72970816597173
56.0,62.124824401833884
56.0,64.19661919880507
58.0,67.07562622607945
58.0,65.30693301696515
45.0,71.04366369579651
45.0,58.237904491882084
35.0,61.51122383925452
35.0,50.817902613357056
43.0,54.314678424910866
43.0,59.436389421673866
42.0,58.24858339725211
42.0,55.61702679644091
46.0,52.84367801231159
46.0,54.797440951881896
52.0,54.297487479983694
52.0,57.49063547189394
59.0,61.19677565529359
59.0,68.3495349080408
64.0,64.53225049921744
64.0,70.3759652063615
60.0,66.76568992350568
60.0,63.91870101788673
61.0,62.40142487044333
61.0,65.8604823304716
60.0,66.30386823047553
60.0,67.31556199170055
55.0,70.14765679255865
55.0,68.25139142508685
58.0,66.9743013076483
58.0,71.85909802230742
30.0,72.39111955039294
30.0,43.511309377290935
48.000004,44.90600596522464
48.000004,66.09227196756731
41.0,62.69351489141295
41.0,56.099387976847034
31.0,55.77907431709273
31.0,49.483214016470754
34.0,47.949067278905964
34.0,51.42802465548969
59.0,51.97128930809204
59.0,75.68629397400863
54.0,72.60797825956588
54.0,68.02674227123104
69.0,68.69860847751153
69.0,82.81018862988158
64.0,82.56002162919312
64.0,75.47259572139315
60.0,73.17178139599555
60.0,65.96845683810399
60.0,65.78084038579435
60.0,63.43581875911677
58.0,66.69529630518242
58.0,66.03240558345831
67.0,67.67356890322085
67.0,73.94168228355566
72.0,75.9622367761037
72.0,77.61135920357523
64.0,80.14288028048234
64.0,71.1882452055512
56.0,71.04405572922398
56.0,61.699602523905305
55.0,63.81686229772368
55.0,59.276171448190794
59.0,64.40366059439924
59.0,70.74367081282284
62.0,64.8945319456151
62.0,68.77192198808798
55.0,67.16811895106812
55.0,63.53968431048102
46.0,57.95534404081698
46.0,52.87670370072485
48.000004,53.314752143182886
48.000004,56.850792587457825
43.0,57.46390053038912
43.0,54.034970050263915
51.0,54.43934783654442
51.0,62.08311326808605
44.0,63.042107201033545
44.0,56.747709711689375
40.0,56.58083105290149
40.0,54.54289233428608
61.0,54.44707255904504
61.0,74.68431682793334
63.0,73.61045863202462
63.0,74.61856747787334
72.0,75.66635519345087
72.0,83.44976062220225
68.0,80.3548550644358
68.0,77.03233539069929
83.0,76.53240685021957
83.0,89.77518265177983
85.0,88.35500401962148
85.0,90.28312821306878
82.0,89.9250124647396
82.0,87.77334852693976
73.0,85.95010262978914
73.0,77.49036675140607
74.0,79.80805611431619
74.0,77.81764718476636
66.0,82.61274770936112
66.0,73.73735958082948
61.0,76.9394497231581
61.0,70.53184799113858
59.0,72.30694816256117
59.0,65.81184804959642
70.0,68.08561687996409
70.0,75.3652148166331
61.0,81.93124829875346
61.0,68.82017439976504
72.0,68.17364458809675
72.0,81.97266525873516
60.0,79.5984834678276
60.0,71.85713884164743
71.0,65.76107644116468
71.0,84.5912864689885
80.0,76.72743232403937
80.0,85.65441118696783
86.0,83.99026085557564
86.0,88.91728359340682
82.0,88.92527503217383
82.0,85.32669233434379
77.0,86.26606041078571
77.0,82.11852410385382
58.0,82.77909228400604
30.0,67.64160017710118
46.0,44.90776794335251
40.0,62.34337557179483
28.0,56.2539953584978
24.000002,46.275917267302205
37.0,44.72457004444642
31.0,56.76873768835319
47.0,50.196544272769735
44.0,63.812420425238834
52.0,60.63689453262658
41.0,65.29383116773352
37.0,51.24504469233204
35.0,50.63350717857994
24.000002,45.989161133697316
22.0,34.82223413868784
40.0,37.20297812688359
37.0,52.14059867080366
35.0,46.547551351302864
30.0,51.236901953347186
54.0,49.637855581822215
47.0,59.91081431953747
36.0,60.32361109533352
51.0,47.6433000189614
28.0,66.05493796257397
45.0,42.977847301363745
43.0,60.688239109944824
47.0,58.228826902492536
42.0,61.066217309739194
57.0,56.82993186914879
31.0,68.9588161585717
52.0,45.784964547796406
57.0,67.52469361889158
50.0,72.00939195200854
39.0,63.18128310552747
34.0,51.04307076089424
40.0,46.435748537676275
43.0,55.95203016882984
38.0,49.93683024888329
44.0,44.567997627407905
45.0,58.029942848898216
45.0,53.70745585433128
45.0,50.91642176227806
41.0,54.88976547310487
38.0,52.01752786987766
29.0,50.06628700091275
20.0,41.5953406060165
14.0,33.76168500387737
24.000002,30.49572319799834
22.0,40.92788093538103
21.0,39.084652679466046
21.0,39.208716850030505
25.0,35.64230178769777
25.0,41.06555864019131
21.0,40.68735865545524
17.0,35.59809994705359
13.0,32.60453894542024
10.0,26.525892935827088
18.0,23.19458356469009
30.0,28.164988767181104
31.0,32.026765395151216
32.0,31.666775126028803
26.0,34.20517280297705
21.0,24.171746445319723
38.0,22.643405105280127
53.0,36.120006762517185
50.0,59.80628715385117
54.0,60.568186411966586
47.0,67.99004038131858
54.0,55.08780842221104
41.0,69.14159844831693
41.0,52.89190042497771
33.0,55.427330566466274
33.0,46.9759204975262
25.0,49.60045605881187
27.0,40.83111871553416
24.000002,43.72017388303146
45.0,40.355217167863145
45.0,64.40882943798596
48.000004,59.94051873528214
42.0,62.02201914719146
40.0,58.059997939312744
40.0,53.36805804259835
53.0,51.704934704641296
53.0,60.299515071976295
48.000004,56.23861745553318
45.0,50.16886555810975
47.0,43.09476530519376
45.0,47.54192549555335
33.0,45.81519540098205
27.0,33.192830884054544
30.0,30.61821874684105
36.0,38.17618833374738
35.0,41.895188477235926
25.0,43.83405219553561
29.0,35.223226843939536
31.0,41.66834967180962
26.0,45.42282379696987
25.0,41.72961619645835
31.0,41.55476905874188
38.0,46.40576366440732
46.0,53.19964568437531
54.0,62.50696231484388
54.0,67.15883473090359
45.0,68.92110130165739
39.0,61.788918763526205
34.0,56.14785958589829
29.0,44.75480171097966
29.0,39.93836421354669
27.0,40.030345456565286
30.0,35.393817260629895
32.0,39.94196379215422
35.0,44.38202510117302
55.0,44.61311251941623
64.0,64.54020717552241
71.0,70.61888405896842
67.0,76.18306199326372
72.0,73.49389459556298
68.0,78.26459243780963
45.0,75.46536128922223
39.0,55.145055536393826
28.0,51.38276385655087
18.0,42.68554442566483
25.0,37.38345583754851
25.0,44.247269251917544
25.0,43.433887054656985
21.0,44.25125686066074
29.0,38.38278221240453
33.0,45.97651957050635
29.0,49.192424322669034
31.0,43.15478667086385
38.0,42.924126270923765
36.0,47.29593412442501
35.0,44.83737579135987
44.0,42.74958852476634
51.0,51.48166420578728
58.0,57.91661834396918
80.0,64.0614523901522
67.0,92.6492288635319
61.0,74.35769298122744
57.0,71.06904136412591
60.0,64.94419008152468
55.0,69.41499959050454
52.0,65.1990295116155
59.0,63.23943969294401
54.0,68.78265022253154
43.0,64.01525413761615
32.0,54.81187296723808
47.0,44.881228612690414
15.0,59.96127858864299
37.0,29.611212084276882
23.0,53.0289593673795
18.0,37.870243952787135
19.0,33.74147888994628
28.0,34.20787113356106
28.0,39.08070678936536
25.0,36.842215710846105
23.0,36.584835058234944
32.0,31.447809114972078
45.0,39.082406300690664
37.0,50.54045272440707
39.0,42.2174088197262
38.0,46.858245393587104
32.0,50.44931798525683
33.0,39.98689469508215
27.0,44.740488804783
26.0,37.92858924192085
23.0,36.4010805218723
35.0,35.64743044209433
40.0,45.44231239148795
33.0,49.80297924919722
33.0,41.758548881449805
27.0,42.22805752475444
38.0,38.50235786868406
32.0,48.35019358365317
24.000002,41.099145527436576
27.0,35.452167629304114
24.000002,38.3288770469473
24.000002,34.02862465030464
23.0,34.86769377400806
24.000002,28.847465450376678
24.000002,22.524024184428157
29.0,31.242102922747826
27.0,36.639586501383086
24.000002,36.410300375450355
41.0,30.74607555295291
29.0,49.124078380398174
12.000001,40.82988010916642
10.0,25.539907209889826
34.0,26.4561711879532
36.0,48.706492022752016
30.0,50.667327989044686
38.0,46.43429842342411
35.0,53.96166827546963
36.0,49.58448421629062
35.0,52.257588304044766
25.0,50.45367387086018
31.0,40.15062825562599
26.0,49.039454369144615
21.0,39.15611841545982
27.0,35.17463624455343
30.0,39.530032455799855
25.0,40.40594845812529
25.0,31.90243580746294
25.0,29.29207240717723
25.0,30.75401089143968
23.0,28.423334396785688
30.0,17.650602125346104
40.0,36.12532836819811
60.0,48.690294136314115
51.0,73.20310106990277
48.000004,51.999492778236714
45.0,56.804479548969226
35.0,50.73872583502099
25.0,41.46510472453287
35.0,31.211344598177
39.0,41.05288696598151
51.0,43.83361619114233
33.0,54.182310889201766
35.0,37.35823395985553
30.0,39.055491248508574
34.0,35.79068794001846
31.0,42.06534469725416
30.0,38.718953409776276
28.0,38.17637056183507
22.0,33.99930224350363
21.0,26.92716394558651
23.0,23.101624777456575
20.0,17.703666515024334
18.0,16.03619789999375
19.0,11.615967446303566
20.0,15.222509545912326
31.0,21.313030400329612
32.0,28.0260466942645
45.0,34.197038654833435
60.0,44.65199333906983
56.0,55.77955476050567
64.0,53.95489211056599
46.0,61.72822395010552
42.0,45.2468102033344
27.0,44.9168694556865
20.0,32.77136387265188
20.0,27.5878674559614
23.0,28.031590218890422
26.0,29.74002690410767
23.0,31.995477361115103
18.0,29.273663862700296
46.0,23.874979297882234
33.0,48.62984563287923
31.0,34.3046302669778
32.0,31.00271322734604
33.0,28.61984913977293
29.0,26.44306318555676
27.0,21.960651646624015
28.0,21.122561420816893
39.0,26.20154426735608
54.0,37.02205488397037
57.0,52.06255985508106
39.0,58.00316596323298
51.0,40.8027618014346
58.0,56.015938478907145
47.0,63.045857184792325
36.0,55.50393355851393
41.0,45.725204567028335
37.0,50.96506159374854
58.0,48.41307950535311
26.0,66.61062855977194
30.0,35.32383842817476
27.0,39.470349403674355
22.0,36.21025122519843
19.0,32.900246731261575
30.0,31.48063865248961
28.0,41.00208848032131
30.0,37.41589753404045
36.0,39.51161624379257
45.0,43.8990320289618
41.0,47.7362326847492
39.0,44.687703929020174
40.0,45.006454415754845
37.0,42.17187531811768
31.0,44.877882448007085
40.0,40.06827250222737
56.0,50.53728639987667
46.0,72.48776355684767
40.0,56.87644047555463
45.0,49.08893235092995
37.0,54.530857250959954
45.0,46.00350963142512
41.0,53.61909905483817
41.0,49.53043963781473
39.0,49.525097945749216
40.0,49.06605965318102
45.0,49.42136826350143
45.0,53.47618482561782
47.0,54.67504514002667
47.0,56.06533626573923
50.0,56.877833382327054
50.0,61.138030964158965
47.0,63.11287781996767
41.0,59.163587594190616
58.0,50.34765932889824
64.0,68.60954960011479
59.0,69.72461991074755
53.0,61.806446610671486
42.0,59.38977931483677
38.0,46.59773099390204
29.0,46.17083746237125
33.0,44.22540647121928
29.0,51.8131619172715
31.0,44.94733981357068
24.000002,46.94024129459833
18.0,41.21622770710587
9.0,36.77229679193166
10.0,27.924911537919254
11.0,30.02708987355351
3.0000002,31.086582248378722
27.0,24.012420768524947
36.0,47.53916080406973
22.0,54.35938077910119
32.0,39.43556967913093
22.0,50.67532008544443
25.0,38.679626867276305
35.0,44.51766986906416
36.0,50.768280882415795
33.0,47.59596266896095
33.0,44.423838115108005
33.0,40.44838638997311
25.0,42.75768397343099
29.0,37.27349676059671
37.0,38.852440034800864
58.0,47.390298184232485
54.0,67.58610295979318
39.0,61.25877275415491
28.0,47.19496699100404
24.000002,36.913248396242984
18.0,35.86724842242247
18.0,33.81706851824666
19.0,34.87288294743343
22.0,36.58553410040819
21.0,41.39768794143577
23.0,40.2842492744982
20.0,42.92683332634611
26.0,40.447213634818105
21.0,45.880904671133564
10.0,41.503508950380265
18.0,30.404397249913092
30.0,39.94021782866811
42.0,50.073966590544345
52.0,57.03302117212016
54.0,67.25920577999022
55.0,65.66092438461975
53.0,64.11267162254696
58.0,60.81266892734724
64.0,62.915110328065666
66.0,70.8049822332206
66.0,75.66463096152931
76.0,76.5622859543904
60.0,83.24920041141331
64.0,67.37628448688541
60.0,69.70107705569717
68.0,66.82315274888019
60.0,74.69998222560247
70.0,67.26641963700168
65.0,77.74377732588424
70.0,73.69494778350928
75.0,79.79332364952103
75.0,84.981492597506
84.0,83.64603245618001
64.0,93.07193609051639
62.0,74.22254571530688
61.0,73.19717098440813
57.0,72.70497856368587
54.0,68.49288645744561
52.0,69.93520697232945
57.0,66.09427268318244
55.0,68.12603829887752
50.0,67.10301750847927
58.0,62.81122574876695
45.0,71.56808409158843
45.0,54.43939585642153
45.0,63.16252162829889
54.0,59.54873862811269
53.0,67.04118952111892
70.0,67.32413084823702
59.0,82.83544870484178
60.0,68.55527523496293
60.0,74.25178473418975
55.0,72.12691238686953
60.0,67.07071698773906
61.0,71.09987972470515
62.0,71.91695437296343
58.0,68.21256635059873
72.0,67.69718903655166
75.0,80.99593515259247
76.0,82.34653518101753
78.0,80.40318274564562
65.0,79.29307416108978
58.0,69.51207389204366
54.0,62.742289426816455
49.0,60.78126733253269
56.0,59.219896867245915
64.0,59.08895014504321
66.0,69.35239314444532
44.0,80.16189283679583
52.0,58.03570468502027
52.0,60.90777207132919
53.0,62.7328739909747
66.0,62.07968414230368
56.0,73.90943461289122
69.0,62.64389475199149
41.0,75.51216749230014
39.0,51.22026064500888
38.0,49.37975884274546
51.0,50.17343710445339
31.0,63.88681532156928
38.0,44.65283706670186
36.0,53.51837591393434
39.0,54.5731773438224
46.0,57.987975914991736
52.0,63.77014454676404
55.0,64.60842775132406
56.0,66.01164271720397
57.0,63.13752343120771
59.0,62.15614556186153
60.0,66.36547184867321
58.0,64.13755629514596
59.0,66.86399738307492
55.0,66.77319761396463
49.0,62.42330569404485
59.0,57.85328798597852
45.0,68.65017118208239
31.0,56.90130491047068
49.0,46.0522351031486
43.0,64.11773333311659
46.0,57.59880816592673
38.0,62.04934456086589
48.000004,53.288102585071684
40.0,64.69056226905322
28.0,57.162288899667836
50.0,46.13110776239985
25.0,66.74289540982149
41.0,42.53677311241984
43.0,57.366102895156544
47.0,54.018368720855186
42.0,51.571117045945016
40.0,48.428587183465744
36.0,41.98362155727195
30.0,35.67158434593267
32.0,24.67411839497775
35.0,43.835571063350606
30.0,54.40621518946448
33.0,42.99228599101021
35.0,51.48840811597346
32.0,45.55640878171559
30.0,44.492254144258375
44.0,43.66210340942342
33.0,59.1419724684112
27.0,49.56709905863085
30.0,45.915848913086
51.0,49.003293212724785
23.0,68.6844629376224
30.0,41.9389280821868
34.0,49.807799119259734
50.0,54.81520854483022
44.0,69.55911978761215
43.0,59.78092633880576
34.0,58.64519390832096
29.0,46.167088483110916
27.0,38.732509702128226
26.0,39.428833089958026
30.0,37.228445126675894
25.0,33.84592074874326
40.0,28.62015752973636
38.0,58.225667058500434
46.0,56.22276740400282
46.0,58.856524681373436
44.0,57.897932917000354
49.0,57.07182231980922
49.0,60.19198842624358
39.0,59.249668916998345
56.0,51.6253304410653
37.0,69.521160517479
53.0,50.68419220625211
23.0,69.14111096678462
24.000002,39.26821332122848
30.0,43.7319065611051
32.0,49.74865454172902
54.0,50.60139521867577
42.0,71.07671451912087
31.0,55.37694598105636
34.0,43.65747955238952
44.0,46.33061803619113
39.0,51.903012953724655
36.0,45.362106742890866
41.0,41.20481202667424
52.0,55.2784431783884
53.0,56.214216058351425
52.0,72.01636532592364
52.0,60.915325358449046
54.0,65.37166489750471
53.0,66.58808017665936
52.0,62.07376402833838
49.0,65.28215055469937
51.0,61.274941680497726
59.0,64.10326526824203
54.0,70.53364766199796
42.0,66.2421116870469
57.0,55.19527220734076
61.0,69.00235929559584
53.0,72.42182030381076
52.0,65.23107638955574
52.0,62.37161108470707
62.0,59.46365873239589
55.0,71.80781376351533
53.0,62.21424427484052
42.0,57.903653638591
27.0,43.79547037545914
20.0,29.418924407628115
16.0,25.064881832740625
33.0,22.436006024910927
43.0,37.989749383645076
47.0,51.50784077992165
52.0,54.806077797746205
62.0,57.81803036691904
65.0,70.14605786638411
64.0,71.36711794997025
67.0,70.48818205888811
67.0,73.98533872976176
64.0,74.13808480694406
63.0,71.29717966327388
67.0,70.91535389300792
48.000004,74.02034812540224
43.0,55.01957958575056
40.0,52.09649723976047
43.0,50.14613149775447
44.0,53.92417406593562
49.0,56.65912444030528
39.0,59.85324732049647
34.0,49.145582675111314
36.0,45.19299887770544
32.0,45.284442613475996
30.0,42.50272251144099
30.0,41.168215492811576
41.0,38.09934660881493
56.0,48.912706569176336
40.0,67.19167806862932
41.0,51.37811801900698
35.0,57.04401852829832
36.0,50.53523165380715
43.0,51.95683995655332
36.0,58.88419202812859
58.0,52.514411855677196
48.000004,73.09094878726019
39.0,59.89208819711314
28.0,53.96124162651745
30.0,44.00613016948938
51.0,46.50155441574732
51.0,67.40291796437558
36.0,65.26345792013582
44.0,51.49393976854869
40.0,60.067475190628855
41.0,52.70276342589285
33.0,52.41797757580475
37.0,41.73790673325616
33.0,41.491184643741974
31.0,39.50482353566185
47.0,37.027972861593405
44.0,54.436904637049466
47.0,45.01257310144944
48.000004,47.32990282558313
52.0,61.752170372948484
53.0,63.597136501862096
70.0,66.91127726563988
58.0,79.79062471067606
52.0,67.81007757761894
39.0,62.21478673299498
38.0,52.30284002983712
31.0,51.49058078999112
34.0,47.38611287765961
32.0,50.995879774634716
51.0,46.12380929416637
17.0,64.93961523384071
64.0,32.09343737748684
69.0,76.96493258693584
74.0,78.23706920814355
76.0,82.75076508806684
68.0,82.93623224767144
65.0,72.04774985902229
64.0,68.33261274511626
64.0,70.30249739460227
58.0,69.97461353251414
47.0,65.68771872428448
30.0,52.82372256399826
48.000004,44.20959794906333
30.0,63.76823923258765
52.0,48.450211273274654
79.0,70.30511022492689
80.0,87.09774856409994
81.0,88.48119351874027
75.0,86.21287743228952
72.0,81.58285501376191
62.0,78.33561301430687
64.0,71.06934443225465
64.0,74.56640561907791
63.0,72.55119650653887
66.0,74.8530890968253
62.0,75.92095815274838
66.0,71.47669494759266
61.0,78.13243927706117
56.0,69.12903906703868
49.0,64.07031668770414
45.0,54.56398668177
53.0,46.54099089824582
55.0,57.48090778709424
50.0,55.5712667229923
54.0,54.4315805482463
54.0,57.85103150996544
56.0,58.465977322410524
55.0,63.268268635746686
54.0,62.04187334185745
54.0,60.42475441053995
59.0,60.663199210459844
57.0,66.98684139208291
59.0,65.99587065269834
60.0,67.92307775241261
63.0,68.18423083816968
59.0,72.72946997635775
60.0,70.76532755974135
61.0,69.18191762436024
67.0,74.2213228114573
65.0,78.31106545717604
69.0,76.08402356805892
79.0,81.07099670178243
79.0,86.82456835591884
73.0,86.83488671528441
61.0,79.24262036370897
64.0,65.62249573390595
66.0,71.7675558473112
69.0,74.05383016567059
78.0,73.2034948078687
81.0,81.53031031490971
77.0,85.32099642824922
76.0,82.3249008413815
68.0,83.83886551393478
68.0,80.94907539240647
75.0,75.51548652718564
64.0,81.01386016686169
64.0,69.71768849846079
53.0,70.31810081126169
42.0,60.420903633006496
46.0,53.218674020022625
48.000004,60.25240004295454
51.0,60.556617725316265
63.0,65.21680738028006
61.0,75.93725153784078
78.0,70.70199580553847
87.0,85.6885592936032
81.0,93.41412112908841
75.0,85.6782134237457
75.0,78.02497604036931
72.0,76.61353471116551
71.0,77.94269386220773
70.0,74.71427655251692
60.0,75.38804643259213
62.0,67.44834558766132
67.0,69.72714802188209
60.0,75.64731490657582
69.0,73.92305154238852
61.0,88.1350185082695
60.0,71.22049760778812
40.0,72.1429529098268
47.0,53.05315638190787
42.0,62.42931122893014
40.0,57.20552612073735
51.0,56.84339015615305
46.0,67.42504508545596
31.0,60.66005703427231
32.0,51.51376199385961
30.0,51.921033041202094
25.0,44.929786700590775
21.0,44.22455265604976
31.0,43.921939774989966
47.0,53.10937002720997
44.0,63.90526495734689
49.0,54.981632021372754
52.0,63.148351247655846
59.0,62.695793467698905
54.0,70.01624362507444
60.0,62.81436362187955
65.0,67.98187052336156
63.0,70.80931416847052
62.0,74.73724175741282
63.0,73.44855315510473
63.0,72.5722309214316
59.0,73.84474910618954
54.0,67.30241957133121
64.0,62.249462827420956
68.0,74.24003045563298
64.0,77.89791628426192
61.0,75.75272928159232
62.0,71.38887145522939
64.0,74.27664857298211
68.0,76.00103760558082
71.0,78.53918510691173
70.0,81.3417900680526
70.0,82.08899151005778
79.0,81.2897879201192
84.0,86.68113552048851
83.0,87.552795169082
83.0,87.91121842716522
74.0,86.99583882404045
71.0,78.21108323895048
47.0,74.95350327518074
67.0,53.09749013195087
81.0,80.99504948678111
94.0,90.54826360936313
67.0,101.57100533697172
60.0,74.07893216570719
52.0,67.83990915249998
52.0,60.167050568253245
48.000004,63.528693235065205
38.0,60.38169100863796
44.0,51.94084419273057
54.0,61.42132369465345
54.0,70.0876147622507
63.0,69.67808878037215
103.0,78.33962982165235
83.0,116.50149987145197
80.0,94.73341702648138
73.0,90.50254857702858
76.0,79.78751588329683
77.0,84.07704682186076
79.0,82.25400102140617
79.0,85.84296183791396
63.0,84.3615424721624
54.0,65.91322543708804
51.0,60.62799649419937
46.0,56.894685071631244
53.0,56.278507707373706
48.000004,63.12306427667771
40.0,56.44058723208918
30.0,51.303250541153275
21.0,41.1076416402696
33.0,34.88777214323377
35.0,50.3492970938808
40.0,52.44580860569016
43.0,56.97375873535711
51.0,62.08852963034737
60.0,69.67919907898063
80.0,75.88419545242229
57.0,93.9852291739577
72.0,68.85939545777232
54.0,86.7106395010304
53.0,66.52135949964683
55.0,65.90893567319
66.0,67.60121355758683
61.0,82.02420949122906
59.0,76.31639932665787
62.0,73.16399239593018
70.0,73.21244489904385
75.0,82.26358169815403
75.0,81.36019433799113
67.0,82.62083736561176
63.0,76.37446109120033
64.0,73.43290890411359
68.0,73.73210431713885
68.0,82.04931933155402
71.0,80.353557947296
67.0,83.45761550747916
76.0,80.65695328422149
70.0,88.44339778816891
69.0,79.65886027028965
66.0,82.56251917783396
73.0,80.88137456620571
75.0,87.51513657070895
81.0,88.40787649227502
84.0,93.92693733813805
97.0,89.43023124150885
101.0,98.00374720358329
97.0,101.38743667908898
95.0,93.03354460779555
94.0,94.37802243246051
91.0,91.52863392149392
90.0,85.80777951521237
87.0,86.35087740963382
89.0,83.32665182308945
96.00001,88.32461223919135
109.0,95.86740986530478
78.0,106.58468707238806
62.0,79.58493508236405
63.0,68.5143563232642
56.0,73.98500032788314
53.0,69.67191665172186
70.0,68.82512469591161
62.0,86.04478344330278
62.0,75.21856187496778
63.0,75.49436071558607
55.0,77.28881377122454
52.0,69.81180969086331
48.000004,68.2915138870334
58.0,62.47786333983984
58.0,72.58858870644168
62.0,72.93090395893951
75.0,72.53273547049429
84.0,79.05111412896876
80.0,84.01702513538788
78.0,78.47257869915727
58.0,75.8950615775672
61.0,57.25794462704566
66.0,62.57379513066771
56.0,71.50606191168207
63.0,63.18381972954904
83.0,70.34501654068553
83.0,91.45920607570216
79.0,89.9905762737953
86.0,84.68991801437173
93.0,90.98488874549862
81.0,96.54802287229597
71.0,84.79137453270084
69.0,77.41144317268166
74.0,75.19217511660494
77.0,80.78678178810094
80.0,85.51148921771939
72.0,87.25399264394838
68.0,76.98212673348162
66.0,74.19344729162671
59.0,71.91417925481129
59.0,62.129618717839655
47.0,56.78927103882171
42.0,45.86023844311429
42.0,45.84203930616083
41.0,50.46815361540778
34.0,47.45894681160406
31.0,37.125687142959784
53.0,41.57686114022305
59.0,61.67353006108372
81.0,70.83519964140177
74.0,83.31282031786549
145.0,78.29244172072336
95.0,140.07160587781368
69.0,88.16841672038888
58.0,66.66183726092885
57.0,58.32509238498049
50.0,60.01317456591574
57.0,55.58804115541381
46.0,62.89388746260958
38.0,52.199671402162586
72.0,47.034990077636074
122.0,78.39957262631856
87.0,119.42116484015666
71.0,81.64573988136925
59.0,65.8692904812281
47.0,50.82625822650304
36.0,41.573679359469274
30.0,32.41717026586848
23.0,27.034079078645142
20.0,24.340571398225087
20.0,23.821626745711864
80.0,27.82039434369245
81.0,86.12183110999115
83.0,87.36590296683765
81.0,93.95191128484053
83.0,90.51410505204773
86.0,94.93564358903451
88.0,97.09171901100294
97.0,99.30305019836723
95.0,105.94969276787106
91.0,101.21645951136132
89.0,98.04024473262635
75.0,92.84319510766481
79.0,78.23128695303029
68.0,87.51948231637698
61.0,73.89772664666071
54.0,68.51411206170637
53.0,65.77140916725203
48.000004,60.326571762531344
37.0,63.63173139468546
31.0,57.16202148421546
30.0,53.31971323025594
42.0,45.46222129508136
55.0,62.24215248124363
97.0,70.20228758729147
122.0,108.86270284563834
122.0,126.42064465680873
98.0,124.61059516585489
84.0,101.22398107124671
71.0,90.07334631284529
80.0,82.10392392067364
79.0,92.18416223627453
79.0,90.52147781952597
76.0,92.12628204475816
72.0,83.74161772163595
64.0,77.7490382184307
58.0,70.17021282933165
56.0,63.95456099819494
55.0,69.52789266239743
54.0,67.8015785454672
52.0,67.06374771605951
54.0,67.27442149861626
53.0,76.42113906006088
52.0,72.24211714054942
53.0,68.09786707789482
56.0,69.89766125582416
57.0,70.82398768207675
59.0,71.58940305453703
77.0,72.16368126268263
78.0,88.466368029871
86.0,87.21059654399964
87.0,96.22560484716433
90.0,99.79235067176823
105.0,99.5934023532524
111.0,113.96876727979439
98.0,119.45248422470756
101.0,100.83084754783165
113.0,106.99798522322094
93.0,114.01769618135143
88.0,94.2719677576273
94.0,87.64387484956407
93.0,92.32530053021713
85.0,96.42447563072139
81.0,85.57405614975943
74.0,84.29382381788822
61.0,79.14441561242421
65.0,71.27289000353849
60.0,74.03779598621152
52.0,74.15532462296478
41.0,71.99739260278437
37.0,58.93426368408757
53.0,62.21051911016635
56.0,71.9407069260667
59.0,72.676078883493
65.0,76.15648446678732
113.0,81.58115288873039
136.0,126.78853241506673
110.0,141.2813466919186
91.0,114.83093533775234
90.0,94.90402212471253
89.0,96.01364377195505
86.0,97.53366747668419
83.0,92.180179989996
79.0,89.47317709824395
74.0,81.4372753462584
67.0,80.24489029230443
59.0,75.39293850592938
58.0,71.95241217857354
54.0,73.95643012063086
59.0,67.69673094893916
43.0,76.71519999839124
38.0,57.52878777917409
51.0,57.88058420567003
52.0,73.08009704637286
61.0,74.27681408775582
79.0,76.5871386735024
97.0,95.10297602008441
109.0,107.52424522078837
96.00001,117.64765728468241
88.0,103.94155509243159
92.0,95.33101303529764
87.0,101.58938201386425
80.0,95.88368120761255
71.0,89.3640003525122
72.0,81.34006978705771
71.0,84.95884252340572
79.0,79.24319453747628
85.0,86.35390194826901
90.0,91.18677465838441
87.0,90.72619075298557
68.0,95.37199984556653
58.0,77.91852633721601
56.0,67.65256680768582
47.0,60.40335844658849
48.000004,55.136514167917774
55.0,60.09860753069244
58.0,68.59265178025078
59.0,71.91979429581038
66.0,71.45046163776355
72.0,79.9821059914399
71.0,83.64477617791472
65.0,80.92705234829889
65.0,75.17333828967494
68.0,74.90768760386929
66.0,77.92807886195006
68.0,78.00554242807654
71.0,78.62632207723613
70.0,79.94858976070313
72.0,74.43365899568782
74.0,78.11290013347927
75.0,76.4194670551218
78.0,73.09859630298338
70.0,75.50198431942138
66.0,65.8109545726568
55.0,64.75661672328333
50.0,51.37750465244715
54.0,49.93666708651036
54.0,61.148931120525404
62.0,62.6528645390894
67.0,68.74909968636062
89.0,74.70750790648006
93.0,96.94438545352361
93.0,95.83424097525709
89.0,97.30966118982677
91.0,92.8764387489159
90.0,98.29826667666778
101.0,94.25825511440706
110.0,105.02570589067497
121.0,110.03729609994684
108.0,119.8480666586374
120.0,103.87389558276745
107.0,115.29763911952412
89.0,101.51074338279085
81.0,86.798005408075
82.0,81.4176234661858
83.0,83.2513402729723
81.0,86.87241520856682
66.0,78.89492606912144
58.0,65.81356779950563
58.0,62.2820494456663
62.0,62.533523735550716
56.0,69.52032264945258
61.0,68.61251996595252
77.0,73.49661080514707
88.0,87.56008202830371
76.0,101.37147336857687
83.0,87.3188830241559
80.0,94.18828903667452
71.0,89.31172554032219
64.0,82.0785310731702
64.0,75.72419232108173
73.0,78.00021794556754
71.0,87.81381660406079
70.0,84.32698397734681
65.0,84.26110115780484
66.0,77.91940328125
79.0,77.575324666111
65.0,89.45994754548272
66.0,72.67960228210532
64.0,72.01029896575373
59.0,68.52870906637114
56.0,62.56814467484482
54.0,64.28846377004392
58.0,60.90138522798559
46.0,64.4154304725011
44.0,53.35049579692323
51.0,51.13933958985113
51.0,57.76507193887356
57.0,57.88023360178862
56.0,65.92386987630448
60.0,62.64524646498481
59.0,66.77157287228587
55.0,65.86249794441999
50.0,60.35697217131133
40.0,56.15469574785511
28.0,49.23303084118891
22.0,40.46175334569584
21.0,37.895346403547705
23.0,40.17684973461078
26.0,42.2125633900232
46.0,45.16356645871905
60.0,64.98198713625983
63.0,73.09076690395739
62.0,73.11250005928122
60.0,68.20778696835684
71.0,63.93743188630475
80.0,79.15716414868614
77.0,80.07587131362926
69.0,77.61197760365862
63.0,68.57092829038477
60.0,71.89571742510205
63.0,72.60661216024889
61.0,70.79402361432167
61.0,76.50872254639522
65.0,69.42998173031988
58.0,74.81172508217072
60.0,68.4347964307385
55.0,72.51625576279042
63.0,69.27402727893352
80.0,82.09059133679088
87.0,92.37889737994847
91.0,100.38778720956259
103.0,100.77978882092957
106.0,109.42469605974895
99.0,106.53945929868097
98.0,103.45360342540785
99.0,103.88986613227895
93.0,105.90571206418058
77.0,92.58353473016666
78.0,75.94458647134117
78.0,81.50605530434267
72.0,76.157304946267
64.0,70.62806297790088
60.0,63.35332205213615
58.0,58.555243250048605
55.0,63.15399805921876
60.0,62.61127801785962
63.0,64.7497075901661
67.0,68.86217117544656
62.0,74.86845803522048
60.0,69.5397881568622
60.0,69.00593141155073
63.0,70.22329192331388
62.0,73.52486767072945
59.0,72.90773291464748
54.0,71.71261073060258
59.0,66.78639781682182
73.0,71.84765038428587
75.0,85.54699976653319
78.0,86.89270520974
80.0,88.49921191720173
73.0,87.53110389194339
68.0,77.78803826870877
65.0,73.31466152978582
63.0,74.47948669419918
62.0,71.66100611862817
60.0,73.94133500459651
59.0,72.9035909051542
61.0,73.77651825214069
58.0,76.47900765108209
54.0,72.19007384117106
61.0,63.658806626826276
63.0,73.80884114402383
67.0,74.97220274866713
66.0,77.43212806534392
70.0,77.88731703004267
64.0,81.51887198483695
72.0,76.95815142477001
73.0,86.38377843912268
77.0,86.27291225418892
86.0,91.897873612128
111.0,98.65743718390884
142.0,120.41635875182648
154.0,146.2725899424401
152.0,153.43409917785763
131.0,149.38832032620638
122.0,123.48210153972872
101.0,115.18323932317135
91.0,100.38639961212306
77.0,89.29477387494752
72.0,80.10410129344427
67.0,76.15029335650964
61.0,72.35345431259842
59.0,74.105740580104
61.0,71.9844968091228
65.0,74.09644575587183
61.0,72.53203717723515
67.0,72.16626774772385
59.0,77.57026811292863
68.0,70.55980488370176
78.0,79.56465310751081
80.0,86.9755632469869
81.0,90.33126731096598
71.0,85.80431296696248
75.0,75.5720204651122
76.0,82.75350264447874
70.0,80.10087687785614
71.0,75.03829726648145
74.0,78.57818488945652
71.0,82.49049861241899
59.0,77.55016813072957
50.0,69.82175964695469
52.0,59.77422528582712
61.0,61.3501206161028
62.0,72.87033001731017
69.0,73.12250991070557
58.0,78.46876843034767
80.0,67.95468231246237
68.0,91.85236689616487
72.0,77.04677437868236
89.0,80.965942083654
66.0,98.26600374760484
69.0,75.02291818611836
95.0,78.94673054856267
101.0,102.30572137558829
92.0,104.07278146698116
85.0,95.63367275707772
81.0,87.63773534786212
79.0,83.10440094937779
79.0,86.79639593451027
75.0,86.02153675513941
72.0,82.32876734256071
68.0,75.85400149691307
69.0,78.06648200103818
62.0,80.54600719796574
57.0,75.38775272919803
55.0,70.31997570187842
70.0,65.87609744359338
72.0,81.7052310255654
77.0,80.10552284536091
67.0,82.6493306955595
74.0,73.63568653699933
64.0,81.3866291549302
70.0,71.44515835143957
71.0,79.34540487309184
80.0,81.71320985973263
85.0,87.75590200501817
77.0,91.15894512949869
65.0,83.31749854220521
63.0,70.71520466813571
50.0,69.72648327335284
41.0,54.73004976144267
50.0,43.47117621102711
53.0,54.49875384388033
33.0,52.055793993627674
25.0,40.12472927479277
33.0,33.78485969215093
33.0,41.640496900229174
52.0,44.18375946197538
51.0,64.37922746493477
57.0,59.7882284510779
57.0,67.11967141204173
62.0,67.34927001169825
63.0,75.01432542841617
61.0,73.58136572766881
59.0,74.07247229154791
93.0,70.99016670976242
122.0,106.6240809107908
111.0,126.08851570163998
113.0,112.65665277420946
114.0,113.30850549755246
112.0,111.37016176002645
96.00001,110.91725364079078
108.0,96.38426469751941
137.0,107.85212706672765
133.0,133.8884211115004
125.0,128.1614409750066
121.0,122.87331610133252
102.0,118.95110471578927
84.0,104.63365683478109
92.0,93.12027294015898
94.0,99.09431228707268
102.0,98.63164793023101
130.0,106.25227056386946
127.0,129.76596069513093
111.0,124.43192458497718
115.0,108.43989383867606
107.0,112.69220801627395
102.0,105.99319106144988
101.0,100.01195865849421
113.0,100.5512709254351
89.0,111.94492001813704
85.0,89.26805811228789
74.0,89.27956034310316
80.0,80.96801545863143
73.0,86.26132332260732
84.0,83.23674592074886
90.0,93.79353153047815
94.0,97.12262193975565
80.0,95.37139808561892
71.0,80.08163286769356
61.0,73.30373461222068
56.0,61.740683619281675
52.0,59.35286156665579
51.0,55.46393368162154
59.0,56.77194958881668
63.0,67.7105399436358
66.0,70.56505659034474
63.0,71.25276536563544
57.0,69.14124827872122
54.0,65.03780232214022
56.0,65.85190552177947
68.0,68.248380013948
68.0,80.94481471068737
62.0,80.99157475820456
79.0,75.39161378069088
78.0,90.84535086466178
85.0,88.6592628689616
100.0,94.9427370253659
104.0,106.02521574612972
93.0,107.87681881915881
95.0,97.54236378842502
103.0,101.32980638071007
95.0,109.60265983808387
94.0,103.71927570072778
93.0,100.1068147851573
93.0,98.5218396983817
93.0,93.22008443355
79.0,95.16349846829742
56.0,84.18842488181404
56.0,75.72032562362448
55.0,67.80474239711901
52.0,71.11751994885405
49.0,66.51693993619122
79.0,62.49770800665104
68.0,90.9366104810047
68.0,78.47412993972789
71.0,78.0027241267365
64.0,80.1930976413973
59.0,75.68478901563306
68.0,71.3412843731098
68.0,79.99607790709837
68.0,78.72811105291267
75.0,79.9920869955799
77.0,86.81307989196421
76.0,88.63034102972696
75.0,90.08620632206207
65.0,80.96207246038982
57.0,69.03352712005548
53.0,67.01451065590338
48.000004,61.02058630286506
47.0,56.40071729998602
48.000004,56.79242434668321
52.0,53.88002516456215
48.000004,64.27006984963624
55.0,63.41252252952772
50.0,71.52730154999375
54.0,66.55685996172602
61.0,67.74487379120735
55.0,72.24933415526125
53.0,63.097663046247185
55.0,66.52940530551832
57.0,74.14177315715614
65.0,72.72904699042523
67.0,79.02658073328153
97.0,80.32508719054128
92.0,108.1829797865976
138.0,100.24949805349722
152.0,142.13518777447192
134.0,149.5230244417029
108.0,125.62529965450746
85.0,102.05854335785625
75.0,81.12174412352397
70.0,79.03985268935861
65.0,72.77664967186787
59.0,67.12225640352544
56.0,64.97657435066031
55.0,65.96336851422697
59.0,67.37452500447033
69.0,72.4307499694795
61.0,82.22079160143414
62.0,70.59230026077655
66.0,72.76961547659482
59.0,75.80212647187498
70.0,76.155842808072
61.0,83.33161547953283
76.0,73.97252083612142
80.0,89.87303049808966
88.0,91.85407992191658
79.0,99.20574664416355
73.0,88.79390657314309
77.0,83.74662469742618
79.0,87.54932019529944
92.0,88.12061377512607
93.0,100.07543605124083
92.0,94.66115622977848
84.0,91.8048818996816
80.0,90.36438777451843
79.0,85.3805858992491
81.0,94.23153413781387
62.0,94.50828173384177
55.0,78.5106257911501
59.0,65.21235270884218
58.0,75.91360218692073
59.0,72.7674748706431
75.0,74.451759997925
76.0,88.09490044361817
97.0,87.62535737886738
84.0,108.38433950854542
107.0,94.6875791812845
98.0,114.38731442031064
88.0,105.1159803228555
77.0,95.84908878286187
91.0,88.19134855753832
107.0,101.2218272410794
106.0,116.03415066833479
103.0,111.16335375788681
88.0,108.79475630689959
78.0,95.82532784351943
76.0,83.75637917887667
70.0,79.26760663381039
66.0,76.29841185747726
63.0,71.69270004547518
56.0,69.64538457061875
58.0,65.8555925532493
56.0,64.48739115565556
56.0,68.56272261734776
57.0,63.76762185511839
65.0,74.24658178265506
75.0,72.31384169855905
72.0,85.41853789386639
72.0,82.5469015735773
81.0,81.42574550278285
72.0,88.30403299915491
78.0,80.68130463793017
80.0,86.5451526004932
92.0,88.99230294525243
103.0,99.95649378263784
115.0,109.74928342182014
110.0,119.23716789207498
103.0,108.29936772779831
117.0,105.07877329102232
93.0,123.05888938281919
80.0,101.10933653819116
73.0,90.97374910494001
69.0,87.60261919984109
75.0,79.45120399853583
65.0,84.1812024450721
65.0,71.30775117459235
50.0,69.77420728675604
56.0,60.32601921027923
67.0,65.50325020937213
86.0,81.31189584704697
88.0,94.84827938236225
83.0,99.28032436509162
66.0,90.80795466282761
78.0,77.61589497466754
64.0,93.52718241584982
65.0,78.43515071513953
87.0,81.05545698386592
70.0,99.0981929795463
74.0,83.39103088867915
92.0,87.38454893113457
121.0,101.98676587455039
140.0,126.41943729934582
143.0,141.13667158690953
117.0,139.40057431233464
125.0,107.49376095755544
110.0,119.03678852754113
102.0,108.91060871265844
91.0,101.74077199783514
94.0,91.14369381964578
100.0,93.34293878855753
80.0,108.91010849809899
83.0,95.78978794840519
73.0,87.81551230968395
82.0,81.7526112280316
89.0,90.28895084384723
106.0,94.08809317762744
129.0,112.14119346959264
130.0,131.2202573922795
120.0,130.18876959124427
112.0,122.21866003881848
99.0,113.71864633602483
89.0,101.8677743517596
106.0,94.2724162694059
124.0,113.39127167233998
126.0,128.50145991875277
129.0,128.21201754264004
130.0,127.96976449745642
115.0,127.52145145322885
114.0,110.6453992243085
96.00001,109.96474341614542
88.0,97.27274544977209
80.0,91.41481586624992
72.0,82.31163983331193
59.0,76.75605760335507
59.0,72.40458178620871
68.0,72.14558894186064
83.0,78.35988199414763
94.0,91.04252913993689
96.00001,103.1678484385356
83.0,99.02848094017638
90.0,90.45913838696322
159.0,96.52380609304615
157.0,160.12528192648944
155.0,153.5739537667642
152.0,151.1489684356796
154.0,146.3516184643546
136.0,148.47805262906073
121.0,131.8850491127229
112.0,118.16070589607266
117.0,111.60571137489552
94.0,115.52115731775599
77.0,91.8657404470465
74.0,76.38097913497865
76.0,73.72228172892608
77.0,79.93333344491491
93.0,82.26301866112506
86.0,101.84947877288496
84.0,92.65317600674409
96.00001,88.40773390191603
96.00001,104.82465847992049
87.0,103.35410790916514
74.0,94.48343673648779
67.0,78.29600314099613
75.0,72.01543166297748
68.0,82.23915757913835
68.0,75.46649533684264
73.0,76.15342955047372
62.0,82.85100071392566
74.0,73.31830467374371
80.0,83.98482597264406
93.0,91.01964666406525
103.0,102.1513680827419
94.0,109.28715312865056
97.0,99.79814416463273
106.0,104.32929381991805
153.0,110.91092038090069
152.0,150.67993460745308
153.0,144.0976545269296
153.0,145.90707659476797
154.0,141.76914699051756
156.0,143.67350614156115
123.0,146.46736832939155
114.0,112.54440536698571
83.0,113.94304154630325
81.0,89.97529112866229
88.0,95.07978441671753
85.0,100.00889341790759
92.0,94.75659380381653
83.0,99.40955933999895
81.0,90.51463441846839
81.0,89.93763996892383
102.0,90.56264599900818
129.0,112.23624998944345
152.0,135.67964439997843
154.0,153.60737459492532
157.0,153.49169470047406
166.0,157.4883949801447
167.0,161.64183884044667
156.0,159.7725376548424
135.0,148.68160170888905
132.0,129.68431702333964
115.0,123.45559147686872
106.0,110.94660850831987
87.0,102.37572333866707
73.0,90.19414266560334
62.0,73.6203881958692
59.0,68.77242101656263
67.0,69.21960376717313
62.0,74.34048769333808
55.0,68.84554399436652
60.0,61.85608715430462
65.0,68.87899447416856
56.0,72.42663892947752
60.0,63.96696103649318
75.0,69.01438978838233
55.0,83.3237949535649
61.0,63.75101010054663
71.0,70.48082315911242
96.00001,79.5396759474832
76.0,97.89139129166115
66.0,78.04072083056947
63.0,69.05302985142353
69.0,64.5178716228869
61.0,70.96924377166644
62.0,62.59970371875469
65.0,63.40071395568365
66.0,67.51722115170416
57.0,65.78106775857171
57.0,60.37582065765373
61.0,63.98537519918695
56.0,59.816396017017134
53.0,63.81782925213952
66.0,60.625684416556574
77.0,75.02928075415016
72.0,84.09187115492318
74.0,79.36745203400167
68.0,81.04095496043202
64.0,76.12344589057214
72.0,74.55900906948159
84.0,84.96615223447033
107.0,95.02642634214745
112.0,115.99505723400101
107.0,118.39753800306038
117.0,113.38743470675838
123.0,123.35499311469678
136.0,124.72973407082866
150.0,135.780535828151
130.0,143.9214559449599
108.0,124.86348863043753
93.0,104.06872014951958
87.0,94.71456628345346
97.0,87.22788550076774
77.0,97.20365787287999
75.0,76.1913517534357
80.0,79.41901383920457
99.0,88.16488256556497
107.0,100.56656628641898
107.0,112.5077103179913
119.0,108.05080147115359
128.0,119.04945949339009
111.0,126.52798234700379
109.0,110.44454937515019
74.0,109.06850644658812
72.0,79.79780821009534
76.0,82.50323954503043
104.0,88.85757656855188
139.0,115.10368439877965
137.0,143.41192222989525
113.0,135.41730084533313
103.0,113.09676017407354
109.0,103.40150743566637
108.0,110.0415053621559
92.0,107.60135616168517
88.0,90.48084721236532
86.0,88.78257018716971
92.0,87.80798311702421
105.0,97.0769563345867
110.0,109.00180375251277
105.0,107.33224907329438
85.0,104.3532941966464
87.0,88.53661053748989
90.0,94.17898772058027
93.0,92.3160516654615
88.0,96.79273326700712
97.0,91.46103071963992
113.0,100.5363535293632
104.0,115.17379803009227
108.0,107.20727382265058
133.0,112.32756615707393
109.0,133.1600160457548
91.0,109.14893360481466
94.0,93.06662441533923
87.0,95.83386891267581
89.0,90.29302402949499
78.0,93.58222049056577
89.0,84.05110198659965
103.0,91.80542200307134
97.0,101.18033113270161
95.0,100.91351272630097
94.0,95.74737455859007
99.0,96.61007404015677
84.0,101.91769399986764
75.0,85.92807058089922
68.0,80.64521699525119
74.0,77.33752103038253
85.0,84.19300347270267
89.0,92.65732293308903
75.0,96.61533832755387
61.0,80.0264496180887
55.0,69.17812539502407
64.0,66.36982467493141
63.0,80.15969639779446
68.0,76.32266793205751
71.0,79.92561594499865
92.0,81.83240504851692
86.0,101.85340648081328
92.0,93.36322667875645
103.0,97.75705977100948
95.0,107.43903227201824
88.0,99.33438473741866
91.0,86.72689264515792
93.0,94.7379872227949
94.0,100.83302260820884
95.0,95.46275824688918
90.0,97.37791886496002
90.0,93.00895929971209
90.0,91.18732292840399
92.0,88.32506917056358
98.0,96.268950940161
96.00001,101.96450181573579
80.0,97.97066852304366
66.0,80.60351654702333
71.0,71.9496932657178
63.0,79.21076125289096
64.0,71.4397106934534
54.0,74.2102955774776
61.0,64.22586378382498
85.0,70.66972553968775
67.0,93.84399982482566
72.0,76.55095698611511
104.0,79.80382233676045
91.0,108.09558577830224
86.0,96.66852764961813
77.0,92.11875220536851
83.0,80.98706758848468
81.0,85.94895727977271
81.0,84.38066584603489
70.0,82.46459498482173
66.0,71.51305878442481
81.0,68.40476617962238
69.0,84.74943539016479
71.0,68.4932702597029
70.0,72.76026916311801
76.0,70.6721134626577
61.0,73.87901811157683
55.0,65.87402807454338
52.0,61.318281893359526
55.0,61.56967697615839
53.0,65.72279419824343
58.0,69.4349986270279
65.0,71.46295293361013
70.0,76.10668709812668
70.0,78.70346149139475
77.0,78.79781937489135
93.0,84.6826843195621
92.0,99.68856390550378
75.0,95.21627138335245
74.0,78.89802386746513
75.0,74.12195087787053
66.0,72.09040554080362
62.0,63.34386616351861
53.0,60.52915353234065
57.0,55.65287203214204
67.0,63.861109473092746
74.0,71.30092178699431
92.0,76.60354002442556
82.0,96.88833172625951
80.0,90.96256259852767
81.0,88.12119112453153
75.0,91.70224980535369
75.0,86.89928814902741
76.0,87.5028600005834
71.0,87.04277035443657
54.0,82.3428860646552
41.0,66.64389330083752
56.0,55.99852670401252
55.0,71.5665753652055
71.0,68.60284361672406
87.0,84.37821101110714
90.0,98.09699422731967
87.0,95.44207238538823
94.0,91.69156346930423
91.0,93.22367184963139
93.0,89.2931360262997
94.0,93.01999241649088
93.0,89.36961933806316
93.0,93.52837522622453
83.0,97.37590178902279
85.0,89.39266142221805
104.0,92.84726051646305
100.0,114.68129890371185
83.0,104.3015280337959
56.0,87.78482340695261
52.0,67.4866468618373
57.0,63.95141593796934
45.0,71.46587800194345
39.0,57.22960128919701
32.0,52.148055909855685
33.0,42.63880889098041
52.0,43.81250133300298
47.0,61.55691476559274
53.0,56.42978042866763
61.0,61.04385607980893
77.0,68.66741947955674
69.0,83.0036663026073
69.0,74.79163506301197
60.0,73.94560059260805
55.0,66.35134814657363
53.0,64.6475155976394
40.0,64.67919322668118
52.0,53.50210612793896
49.0,65.8614732994808
61.0,63.20862312047046
59.0,69.54736829725564
82.0,69.92479377639215
92.0,91.91298184735453
91.0,101.90954171545471
73.0,97.92771601321664
60.0,82.00829621968172
58.0,71.06740052421756
56.0,71.25292393190203
62.0,71.86723550792951
67.0,79.17745547854881
103.0,82.08541934179313
107.0,116.91020004811342
99.0,113.84183429739743
91.0,105.78356307204288
107.0,97.51895290527551
87.0,111.44862194415994
92.0,93.44644784171322
85.0,97.00965901588427
81.0,89.39816437996416
80.0,86.93325648691123
78.0,81.49242561585928
70.0,83.50948133603804
75.0,75.77769593428614
71.0,80.54057176336782
74.0,79.18856238716253
83.0,78.73125432174066
83.0,87.36778462534619
93.0,83.15282578940496
94.0,98.77969104496057
110.0,99.18606445357973
105.0,115.27344954208503
110.0,109.32603234899423
105.0,116.38432523812186
111.0,112.11941120164995
99.0,117.92520780468844
102.0,109.92088846022
93.0,111.55974226059253
95.0,100.91888392938391
98.0,104.71268869176295
101.0,106.80058088822605
101.0,109.65431151747505
106.0,104.96328958500693
115.0,107.806058585747
119.0,119.71762291131583
116.0,119.28811810830109
117.0,116.21507885611096
107.0,118.17805695130384
99.0,107.98387507261607
118.0,100.25058264259174
131.0,117.80827850544702
134.0,130.60560997295158
141.0,132.25796017433538
106.0,138.1042564293328
97.0,105.46493186404959
87.0,96.85304905701771
82.0,93.88919708647673
91.0,95.49383210394768
96.00001,100.16068376069796
85.0,103.1405361237605
79.0,92.32981532030162
79.0,89.20005518261497
92.0,88.81205854727682
86.0,101.20960550705588
92.0,94.40285340267165
94.0,98.86103001807471
98.0,94.04064795312739
95.0,101.05184071654645
97.0,103.77746109657606
98.0,99.29553651300621
91.0,102.53129942478603
88.0,95.42720042138286
86.0,92.41274645084356
89.0,91.60994386976823
93.0,92.67075092472707
101.0,97.44330126191674
91.0,108.44894628123879
85.0,98.49886212242416
86.0,93.87903348939612
76.0,96.53149981834585
81.0,88.21517868907746
93.0,96.18914268530119
94.0,105.88663924058869
110.0,104.07277939033376
111.0,120.26040699863069
113.0,117.19498324987562
101.0,114.65565956805557
99.0,105.90137491451873
99.0,107.91557752782472
104.0,111.04780041124765
110.0,108.19493918010178
103.0,115.64024923480679
100.0,113.0475324354591
96.00001,106.08721462757339
100.0,102.71190575614892
99.0,108.20950556631522
102.0,104.85649181127772
112.0,107.25005349054821
119.0,116.897771085038
121.0,123.9050737568529
123.0,124.04246227911287
124.0,126.27602402875776
114.0,128.93507805085056
114.0,119.7292874010479
116.0,118.62851743004997
120.0,122.59102901237728
125.0,130.83924887395713
134.0,136.11321604009106
131.0,141.6603959014755
139.0,137.68756414779364
94.0,142.88863021157968
104.0,99.88488818047477
116.0,106.99981630203347
124.0,119.64935972724868
118.0,118.76847455256326
121.0,111.6054394321353
123.0,118.93816976299645
105.0,118.82598642907163
85.0,104.58270886939862
81.0,84.04482391743765
73.0,81.07411201095142
89.0,76.5109611762108
94.0,94.45262857303122
105.0,98.46865828344761
96.00001,108.10363858500568
82.0,100.92378332137972
78.0,90.69843831700908
89.0,90.06326694631794
72.0,101.1079158748843
80.0,87.78669717036162
88.0,93.76997274162494
93.0,99.63267753325417
79.0,105.0355822185254
89.0,89.27727067606963
106.0,97.88525137528882
100.0,112.24461982367697
98.0,104.9353048157692
104.0,101.39808794631489
100.0,105.78300003401274
103.0,102.78157955471994
104.0,110.59735129002127
105.0,104.3486335884935
95.0,105.99116120635317
95.0,97.35197581821305
97.0,98.3513010659216
108.0,99.6338252831436
107.0,110.47410346522678
121.0,109.6375713688163
120.0,121.49850947893002
118.0,122.47482065273884
133.0,120.41095264283472
110.0,132.93734395335423
85.0,111.82911669765639
103.0,92.1946651743994
137.0,111.8702330339904
126.0,141.5974577409791
153.0,129.5637739036257
157.0,155.64603888858503
162.0,154.71027740932334
152.0,155.93444677858338
135.0,151.21949114475163
134.0,137.03477855970385
139.0,134.2160001341328
130.0,137.6687821384078
126.0,133.0722235351272
142.0,128.9413921845562
153.0,140.31156614591433
139.0,147.6013705832297
127.0,129.33874364187065
103.0,120.40578324252479
99.0,96.85502247484962
107.0,97.32536120530138
113.0,106.78378725922094
114.0,109.02703787473679
117.0,113.24343871193692
138.0,118.3078521852096
120.0,137.74162334557178
96.00001,120.60776706626477
110.0,99.83178507534954
92.0,114.3143298357666
89.0,101.56713113108174
74.0,97.29181324912263
94.0,82.57055090150874
108.0,102.48984391033741
99.0,113.09839169346357
107.0,102.72680885405437
119.0,106.14084267579759
126.0,118.94077749545244
129.0,127.87397472862158
131.0,128.90289979331055
149.0,130.18104654689137
140.0,145.34878083232806
127.0,136.00885315649322
106.0,122.09176409485012
93.0,108.41502254374063
117.0,99.32863152978989
128.0,119.85778783605758
130.0,130.34729661381408
104.0,132.59263199753522
84.0,107.2663615600735
73.0,89.04481515160971
70.0,83.22513943983463
68.0,81.83730394583746
63.0,80.3317195287625
75.0,76.47337940554277
81.0,89.07758631207807
81.0,92.24660904081566
87.0,89.58519524619018
84.0,96.86384615206167
93.0,94.55125851077511
98.0,97.92694802342187
100.0,99.3654661318726
101.0,105.30123768813424
102.0,101.1758328663709
118.0,104.62947033711384
113.0,122.64954096132405
110.0,111.72716278908138
108.0,108.5662390251202
97.0,106.59235251217956
71.0,99.86649459513016
80.0,75.89495865402668
75.0,88.01182530865029
68.0,84.91057305866018
75.0,79.51072222141859
77.0,86.03688206294227
68.0,90.42989962921818
140.0,81.87882287190365
161.0,148.84416612827894
166.0,164.5385955346408
169.00002,162.32572305310305
155.0,164.6946891723945
158.0,149.73487809839804
155.0,152.096680033066
154.0,152.4889247625172
142.0,148.60057047985498
112.0,134.68763148670868
96.00001,111.10662525592126
84.0,95.6868198719465
80.0,85.92274185375415
81.0,83.78642885776065
84.0,82.22781842989876
90.0,85.80983284139523
116.0,90.8783188429338
136.0,117.97272034373253
144.0,133.7230394054878
123.0,137.42436681299506
115.0,120.2704388537349
97.0,113.58907614355621
113.0,98.96774100285796
108.0,116.72346955588856
127.0,114.34203082791508
129.0,131.83445730257677
154.0,132.33204532517053
143.0,155.15096824958374
133.0,142.97580435225453
151.0,129.61363234193766
152.0,150.6749936292754
151.0,150.57512426559484
139.0,147.75313321196055
146.0,133.933083703011
150.0,145.36776625423857
152.0,146.15347495244743
153.0,146.1970521209642
149.0,146.3402915310667
138.0,139.77597105614043
134.0,129.32319692064857
119.0,124.27030129680371
121.0,111.95958310152697
119.0,117.46010126095412
91.0,116.21038962324289
80.0,91.72820966789774
77.0,86.59276307625515
92.0,85.09502542126525
70.0,102.6313671473572
88.0,81.37911386069744
115.0,98.15923065494432
98.0,118.99041504820954
70.0,99.38946339491099
76.0,77.30119314803021
78.0,79.92939052780945
74.0,85.97492196437818
75.0,81.99347931617564
74.0,79.68881677363309
68.0,76.45115370509161
64.0,73.69836188557073
63.0,69.7292467567738
58.0,71.81551901202151
58.0,69.79388839584611
75.0,66.83435503327608
87.0,81.7955231233363
87.0,92.95240874241901
88.0,91.67207630667588
93.0,89.54775232324667
105.0,97.04664067624857
90.0,107.69268621185893
75.0,92.1904989296527
66.0,83.07164834127731
57.0,76.27932644724616
69.0,69.10856356517476
58.0,80.8036420218635
84.0,71.65414727364902
82.0,96.32325619378526
79.0,90.59243351630066
67.0,85.49827325993371
68.0,76.76822084163696
93.0,79.47881594102597
96.00001,99.86485993147943
92.0,101.24651671287896
90.0,101.58376750339009
102.0,93.49358302504605
95.0,106.13189881111728
96.00001,103.7149382865882
88.0,102.51273542769415
89.0,94.7702125504473
91.0,96.19480109904462
94.0,94.84144743227151
77.0,97.85687302094004
68.0,82.78141097916883
65.0,75.55267404648433
75.0,74.44932876095949
86.0,85.98516436320965
86.0,95.82880867450267
132.0,94.16105131610564
156.0,139.3008133000689
150.0,155.28201215038413
127.0,145.77858116470387
110.0,123.30178417202205
111.0,109.93389160481831
121.0,111.68412305693462
113.0,123.23199672525307
91.0,112.32761044806982
90.0,90.70046022702152
89.0,94.99883124516809
91.0,91.32260651045988
106.0,93.57320707156443
105.0,114.07161845733863
92.0,103.68931668935289
100.0,96.02861976513444
98.0,104.11096230818785
87.0,100.57052766867318
92.0,86.02012329637752
85.0,93.1735781690747
76.0,84.94771773410899
81.0,78.02960783389926
69.0,83.45178413450235
62.0,74.19968662719775
77.0,72.63208679752707
75.0,87.10508435747398
64.0,85.90327791790129
70.0,78.31055584261803
74.0,82.4139467561936
78.0,84.31498437360618
93.0,89.38881750755098
121.0,100.70146058741587
109.0,123.40586875349082
114.0,108.35112754457036
116.0,116.4157204387555
127.0,115.01989681342766
114.0,126.85526829910901
97.0,114.3412725767519
96.00001,97.81618819079678
75.0,98.09401378943784
70.0,76.68401912718694
63.0,75.77950227357292
63.0,64.94759940443353
71.0,67.73074045585628
70.0,76.27352503171186
79.0,75.78448766821143
83.0,84.06660257497352
81.0,90.45186277366389
87.0,89.27647306502507
79.0,94.68609835207234
71.0,88.36860728995873
96.00001,81.48131513842118
95.0,104.8533858102457
104.0,105.63314291056159
108.0,111.12534866337315
108.0,114.40572347869066
122.0,110.52483091819045
146.0,120.20495862770849
152.0,145.75898571793647
152.0,147.85621448887315
134.0,141.3547847645348
113.0,127.04991133283353
88.0,108.33181808694528
91.0,85.8880983420199
84.0,92.09189547366479
82.0,89.56117082797465
74.0,83.5817150796741
73.0,79.40532214062368
77.0,79.4026085297517
76.0,84.80726759556882
108.0,85.70104796705384
113.0,115.73383869938411
104.0,117.75035157679183
90.0,106.76067421020223
74.0,94.73642912550812
91.0,82.94101948626586
99.0,99.79133983897363
102.0,107.37745039909632
113.0,108.50582106811262
130.0,113.62193948156865
117.0,127.98520800386177
111.0,112.42932150199839
86.0,112.8349418837173
75.0,80.15949016925639
68.0,71.21507898212113
68.0,67.59456163259078
68.0,66.01324722666884
77.0,65.48081339179866
69.0,72.1537358874775
76.0,63.74655930983562
71.0,69.55727141880429
69.0,65.25910446717839
77.0,63.977360153311444
92.0,74.34772850266648
107.0,92.81720549763398
100.0,113.7531055770332
98.0,103.46816623350304
98.0,103.6836356049567
109.0,107.43510224737483
117.0,119.89914378152208
127.0,124.95181341121697
121.0,133.7078593789182
125.0,125.76969646969417
104.0,126.57171709524775
86.0,102.97232611434526
76.0,84.23220394085949
67.0,79.06725474421069
63.0,68.47389943482254
50.0,65.34155001516008
54.0,51.916427310956045
54.0,56.161734453253175
51.0,56.68716578035971
58.0,56.41345294979664
59.0,65.15323270138663
60.0,63.71877018868072
69.0,67.18978802071504
68.0,75.7972539864929
70.0,74.96513127460344
70.0,76.2594863591668
74.0,78.61073214304167
72.0,83.53881284264432
77.0,81.37547698029618
85.0,87.84125650922995
85.0,94.37327662068134
93.0,93.39679693943954
96.00001,98.17548278508447
97.0,99.75283981889618
100.0,100.18759994427116
96.00001,98.50018460213767
96.00001,92.15667359376461
87.0,96.58286968820588
83.0,85.32180615141755
75.0,83.35466505161187
79.0,76.03010053085379
76.0,85.89591471906984
82.0,82.8051374197736
96.00001,91.68354952863616
96.00001,102.58882500619714
102.0,102.44976018984775
81.0,110.06866453569104
82.0,90.52050734000501
68.0,93.3124180304824
68.0,81.6508656832923
70.0,82.48812926769152
74.0,86.17238941478497
76.0,88.29018661675937
78.0,89.47209844944027
89.0,88.12061462225735
79.0,100.42072948828469
73.0,90.47522919990254
74.0,83.54719980695424
88.0,81.55493346451439
78.0,92.19424974965497
78.0,79.40523351050001
72.0,81.0321460009036
69.0,73.95690001866016
61.0,73.38070839467956
56.0,69.35024837049193
54.0,63.82388367375983
64.0,62.30482562067044
64.0,72.2153960339566
68.0,70.76044368847133
68.0,74.82611393149512
103.0,76.5640715111385
130.0,110.11450761018403
120.0,133.86677594862877
105.0,121.69010765164847
90.0,108.18476736589832
85.0,97.6763974168955
90.0,91.47185517769036
98.0,103.53295329870434
95.0,109.00753293495691
93.0,103.53458407246396
92.0,101.17181200695282
114.0,101.14549629743814
139.0,119.67268764539035
111.0,135.4263493164007
90.0,108.57868685808926
96.00001,94.03957116382963
98.0,98.83918098999247
100.0,101.45228987403287
80.0,103.46193474539744
83.0,84.13079881469557
79.0,87.38453260144978
86.0,84.22943033220344
89.0,90.9901241268719
83.0,92.76460311790936
108.0,88.32949162943993
95.0,111.26409610239494
85.0,98.78731142241232
84.0,89.78300894901628
78.0,92.37201855490353
72.0,89.26434131677506
87.0,85.52664666010882
76.0,99.06878141775962
80.0,88.99630648145414
89.0,91.21639936528344
97.0,99.08792300212822
118.0,106.428231620815
138.0,125.45759578223304
147.0,139.4784503002295
154.0,138.27266090680124
156.0,149.31626947583152
136.0,147.03348509378927
120.0,128.0659774408828
92.0,112.69435212461607
72.0,88.2432464913272
68.0,72.2060319502131
75.0,73.2417043264555
85.0,80.91322194780419
80.0,90.67787647982904
81.0,86.98410271370133
106.0,85.5706340953822
86.0,112.15378148801894
99.0,90.92888541819447
122.0,105.23703483035706
114.0,126.78054226624394
112.0,117.80378211881641
139.0,115.58932160341236
123.0,141.94699609503758
110.0,124.93756695376611
97.0,112.85828144350398
124.0,104.50154534733223
110.0,124.86533823572461
108.0,107.09743141825885
93.0,105.89249370408835
98.0,93.93675219253717
102.0,94.2723349178316
112.0,104.06499583601408
113.0,113.78130068378108
111.0,113.16975487493676
103.0,115.30384437892862
91.0,102.14212785200375
78.0,88.32570008589144
78.0,81.16343283492178
76.0,80.07163983437535
75.0,80.15333675082373
79.0,79.58479984714727
66.0,83.5380488110207
64.0,73.57544502482314
62.0,75.48955369840095
72.0,75.02529642182688
73.0,86.14547339103166
90.0,86.49557097576381
90.0,100.58539578656588
154.0,97.58704764841045
155.0,153.40716373527178
155.0,146.7018071761608
152.0,142.57572707416855
146.0,136.49573421639414
135.0,136.44762258157775
130.0,127.43519933860122
122.0,122.3444863807252
137.0,116.6677520859354
110.0,129.94963013791528
95.0,104.00150935440593
92.0,99.78885324863043
100.0,102.4697164318108
93.0,105.73165113301498
75.0,101.21295552501647
73.0,81.47651066217672
72.0,80.51348539897816
80.0,80.64427145549912
80.0,90.20816383803219
87.0,89.77782283856759
95.0,96.15448616115594
76.0,102.95044366212679
79.0,84.60073344445418
95.0,87.4179790726033
120.0,100.40577266344309
117.0,122.48197816542945
105.0,116.15892722467291
101.0,101.47588217130753
97.0,100.95500044417022
96.00001,101.03976544043124
96.00001,97.73962278870133
75.0,100.71381561443896
65.0,82.71705708569498
60.0,70.60766314717281
65.0,68.78859735529097
68.0,73.8124665003333
59.0,79.84971179443752
61.0,71.80708080479255
93.0,75.53465983230338
79.0,102.62867649989047
93.0,88.84980101351749
116.0,101.22751156279797
139.0,121.6083099631822
116.0,140.0966511685387
115.0,117.43069000226757
116.0,116.11580614383017
156.0,115.8084660924537
129.0,157.9825700076415
117.0,123.12988729176182
112.0,116.19066066030082
97.0,110.58683551858306
85.0,96.37623368869266
86.0,83.77495946921748
85.0,84.48762795761982
85.0,80.06709991973459
72.0,79.44345852721432
63.0,67.15468059133354
61.0,59.395991637371694
68.0,60.96043162084985
77.0,71.36598656837259
85.0,82.3120768672049
89.0,91.94197944092683
77.0,94.91674350754505
73.0,85.78225011878307
63.0,85.29608469565181
55.0,71.65548451455108
55.0,65.70879381668942
50.0,69.02781842738
45.0,64.27668794753629
41.0,60.59609133189463
33.0,58.30519665073171
52.0,48.357555084543854
60.0,65.02217817932024
54.0,71.64035247627075
57.0,62.146863430380044
59.0,62.14692211434458
59.0,63.56366903676261
50.0,66.0785607996471
45.0,54.78952645481251
53.0,52.301131158952856
58.0,62.19599262574003
59.0,63.43073697134442
70.0,63.120575854412635
65.0,76.48003641471423
63.0,72.26330445030419
62.0,70.64890691084739
59.0,71.70243453466573
62.0,69.7443077294847
73.0,74.46183474977272
54.0,82.66260798852899
52.0,65.07210047351836
56.0,65.63646918246563
52.0,69.01025845087756
58.0,66.42562766407859
60.0,73.70875908199245
70.0,73.48936682339297
71.0,80.68288820527404
66.0,81.04325165503337
79.0,73.33320438980638
74.0,81.7060385054838
73.0,76.4885040892088
64.0,78.93084442205836
59.0,69.27356972474809
59.0,68.1547674590688
56.0,68.58899881984982
68.0,67.01803546935047
68.0,77.26442814599187
69.0,73.25663976309943
76.0,75.49850392409317
83.0,83.43789577996314
78.0,88.01312619225688
72.0,84.42940861359392
