Actual,Predicted
52.0,53.61999898350797
45.0,53.67999903494491
45.0,46.24999921007547
53.0,47.55999919660389
53.0,54.3199989565648
62.0,54.1199991378188
62.0,63.09000024371315
59.0,60.819999708523966
59.0,58.75999947093427
83.0,58.659999346015965
83.0,81.68000211136417
97.0,78.42000205992723
97.0,92.9000037744921
94.0,92.59000378306493
94.0,89.98000276044944
79.0,89.96000290006403
79.0,76.45000354547523
64.0,75.44000311071055
64.0,63.07000003061723
60.0,63.32000012736768
60.0,59.64999913659412
61.0,59.68999924926552
61.0,60.66999930560123
57.0,60.119999304376535
57.0,56.95999980894848
59.0,56.64999969995115
59.0,56.85999931172467
45.0,56.60999958727974
45.0,47.94999917823355
43.0,48.76999931294936
43.0,47.75999923089518
55.0,48.8599993313197
55.0,55.379999590953815
55.0,54.379999399902296
55.0,54.209999214974225
58.0,54.30999941827264
58.0,58.289999068011525
59.0,57.11999896636232
59.0,57.98999920272733
60.0,58.85999920395202
60.0,58.69999949787743
57.0,58.8699992517149
57.0,59.48999931294936
56.0,59.64999952849466
56.0,58.379999733017755
53.0,58.05999961544759
53.0,54.579999022698026
53.0,55.789999550539065
53.0,55.989999682805504
53.0,53.91999920150264
53.0,53.97999917455948
57.0,54.66999929580371
57.0,58.269999834666955
64.0,57.05999977710656
64.0,64.17000066010748
72.0,65.26000088912436
72.0,74.10000325522388
63.0,73.29000310948587
63.0,63.860000315969806
62.0,64.1200006564334
62.0,63.15000025596004
62.0,63.87000071644318
62.0,62.37000009675045
55.0,62.689999979180286
55.0,54.979999522371216
68.0,55.53999953216873
68.0,66.0400019497052
57.0,66.74000137410128
57.0,56.2799998530373
54.0,55.239999470934265
54.0,54.0999995125737
55.0,53.569999410924495
55.0,55.70999959952663
53.0,54.999999539516864
53.0,52.84999949910212
46.0,52.84999918558169
46.0,49.179999292129644
52.0,49.92999946481083
52.0,53.09999963504262
49.0,52.829999638716686
49.0,48.03999960809946
56.0,47.76999965096358
56.0,53.899999262737104
53.0,53.19999913292005
53.0,52.02999922722112
50.0,51.7899992174236
50.0,50.04999909740407
53.0,50.96999925906303
53.0,52.16999887696001
50.0,52.78999909495468
50.0,52.04999928355682
50.0,52.45999924314207
50.0,51.77999928723089
54.0,50.47999903494491
54.0,53.679999230895184
56.0,53.67999946603551
56.0,57.28999954319093
63.0,56.51999951012432
63.0,65.70000103118831
64.0,64.50000055111013
64.0,65.12000123938546
62.0,65.19000106425491
62.0,62.700000066133214
69.0,62.52000018615276
69.0,71.29000268819277
63.0,70.05000182111284
63.0,62.920000372305516
62.0,63.06000006123446
62.0,62.57000022901688
86.0,62.080000514369466
86.0,84.82000300048853
91.0,84.09000296252316
91.0,90.8200036373269
87.0,91.78000375489707
87.0,87.41000326134733
94.0,86.97000351118392
94.0,93.89000293802937
90.0,93.07000278371855
90.0,88.59000321480914
87.0,88.87000345484822
87.0,88.16000300293791
79.0,88.80000300293791
79.0,77.90000275065194
69.0,77.39000262695832
69.0,71.86000207952225
76.0,72.84000225342812
76.0,76.89000298211819
77.0,78.6400030715205
77.0,78.45000279106668
66.0,76.49000271758533
66.0,63.33000029270072
66.0,64.70000095770695
66.0,64.5800003061723
66.0,64.24000032821671
66.0,64.33000052294229
62.0,66.68000120509417
62.0,61.7299991953792
61.0,61.80999926396179
61.0,60.35999986283481
56.0,59.549999521146525
56.0,58.49999956156127
52.0,57.87999973546713
52.0,51.579999233344566
51.0,52.10999917823355
51.0,52.36999920517671
46.0,52.73999924804084
46.0,47.819999262737106
58.0,47.659999184357
58.0,61.78999995223712
60.0,62.40999981752131
60.0,61.02999992774333
70.0,60.62999966321047
70.0,70.67000243100806
77.0,70.89000234527981
77.0,77.38000214810485
100.0,77.15000249959066
100.0,98.6300030041626
105.0,96.10000346097166
105.0,100.31000299436508
85.0,99.70000290251339
85.0,80.0600027212594
75.0,77.94000200114215
75.0,68.15000179906843
72.0,67.65000168394764
72.0,70.23000330788551
73.0,70.78000358344059
73.0,70.73000322705603
68.0,71.14000244203025
68.0,67.51000273962973
59.0,67.23000214688015
59.0,54.73999915986321
57.0,56.24999923946801
57.0,57.45999953216872
57.0,57.7499998983508
57.0,57.99999975996092
52.0,57.73999941949732
52.0,50.03999944154173
55.0,50.26999956033658
55.0,54.18999931539874
54.0,54.159999250490216
54.0,53.129999151290384
51.0,53.339999135369425
51.0,51.31999928478151
51.0,51.83999922109768
51.0,51.53999912067316
42.0,50.97999918925575
42.0,43.54999909005593
38.0,44.22999914394225
38.0,39.549998992080795
50.0,39.189999094954686
50.0,50.53999928233213
57.0,50.66999911944847
57.0,57.50999969260302
60.0,57.649999499102115
60.0,63.19000099567232
70.0,63.46000063928776
70.0,73.57000268329402
75.0,72.7400024812203
75.0,77.10000312295746
77.0,78.02000297109599
77.0,78.22000235875139
75.0,77.10000210401604
75.0,72.71000339606314
61.0,72.56000342423098
61.0,59.4599998750817
67.0,60.41999963994138
67.0,68.23000241631178
60.0,68.61000203665814
60.0,58.30999955543782
63.0,59.509999839565715
63.0,62.950000006123446
62.0,61.79999964728952
62.0,61.72999962646979
58.0,61.84999992529396
58.0,56.539999056989316
56.0,56.089999337443146
56.0,56.2699995701341
55.0,55.289999513798385
55.0,54.51999955911189
55.0,54.8499994893046
55.0,56.28999927375931
60.0,56.669999481956474
60.0,59.359999515023084
56.0,58.6899997048499
56.0,55.65999947828241
56.0,55.81999934111721
56.0,54.72999930805061
52.0,55.13999926763586
52.0,49.56999931294936
45.0,50.239999456237996
45.0,44.68999900922644
52.0,45.829999124347225
52.0,51.949999119448464
53.0,52.85999942929484
53.0,53.42999913414474
57.0,53.319999274984
57.0,58.32999941582325
57.0,57.62999940357636
57.0,58.02999943296891
54.0,57.399999519921835
54.0,53.53999891492538
53.0,53.67999915251508
53.0,53.44999899453017
53.0,53.559999245591456
53.0,54.55999920150264
52.0,55.04999938643071
52.0,52.23999964239075
60.0,51.41999968403019
60.0,60.45999975261278
52.0,60.16999969995114
52.0,49.63999941214919
52.0,49.50999945746268
52.0,50.06999950645025
55.0,49.79999962769448
55.0,54.27999947093427
53.0,54.899999571358784
53.0,51.849999308050606
59.0,51.65999938030727
59.0,58.58999916843604
54.0,58.1099995015515
54.0,54.059999399902296
60.0,54.55999943664297
60.0,61.03999977955595
38.0,59.79999965708703
38.0,47.35999918190762
48.000004,45.57999922354705
48.000004,51.929999396228226
43.0,50.76999932274687
43.0,47.22999914884101
44.0,50.85999939990229
44.0,51.1999992406927
45.0,50.65999926763586
45.0,49.839999289680264
48.000004,49.09999936071224
48.000004,48.939999909373
52.0,49.259999870182945
52.0,50.61999939010478
51.0,51.109999143942254
51.0,51.20999938643071
52.0,51.81999943909235
52.0,52.35999939255416
51.0,52.83999933376908
51.0,52.019999218648294
51.0,51.88999922477174
51.0,52.44999915618914
50.0,52.18999916843604
50.0,51.25999919415451
47.0,51.58999943786766
47.0,48.549999418272634
51.0,48.81999941459856
51.0,53.71999938275665
62.0,53.58999938888009
62.0,62.51999995101243
66.0,61.219999659536406
66.0,66.23000128959772
61.0,67.31000092219097
61.0,60.40999963136856
53.0,60.85999950767494
53.0,50.289999185581685
53.0,50.76999932274687
53.0,50.269999403576364
50.0,51.03999943664297
50.0,49.75999943664297
56.0,49.13999941459856
56.0,54.01999913047067
61.0,52.219999272534615
61.0,61.44000008327886
49.0,59.47999989222735
49.0,49.3799994439911
53.0,50.70999933009501
53.0,52.83999933376908
48.000004,52.96999924926552
48.000004,49.99999944644048
43.0,50.379999419497324
43.0,46.41999923824332
42.0,47.95999951992184
42.0,46.04999919537919
33.0,44.80999913169536
33.0,36.809999112100336
35.0,37.239999049641185
35.0,38.45999915496446
34.0,39.5099990361696
34.0,35.84999909250531
40.0,36.55999911332503
40.0,41.7599988096021
51.0,40.799998887982206
51.0,51.69999937540851
59.0,51.74999937908258
59.0,59.84999946481082
57.0,59.219999473383645
57.0,58.769999753837475
56.0,57.80999975383747
56.0,57.01999966443516
58.0,57.189999653412954
58.0,59.34999911454972
58.0,60.54999920272733
58.0,59.849999112100335
58.0,59.58999924191739
58.0,60.80999942562077
63.0,60.909999511349014
63.0,62.86999985916074
66.0,62.559999750163406
66.0,67.22000162883664
68.0,66.46000082054177
68.0,67.93000231588728
74.0,65.82000129082242
74.0,73.2100027665729
78.0,74.29000271268657
78.0,76.38000238814392
69.0,76.48000208197163
69.0,69.00000217504801
65.0,67.79000164720696
65.0,64.44000120509416
63.0,65.49000147819986
63.0,61.659999331319696
59.0,60.94999911454971
59.0,57.7599992406927
63.0,57.209999533393415
63.0,61.699999639941375
62.0,61.579999576257535
62.0,61.979999879980454
56.0,62.59000008940231
56.0,56.12999972444493
60.0,57.12999960197601
60.0,60.28999964606482
57.0,58.13999942929483
57.0,57.08999945011455
56.0,56.66999940357636
56.0,55.16999929335433
61.0,55.89999925293959
61.0,61.19000010409858
66.0,60.97999988487921
66.0,64.23000055478421
67.0,65.04000050457195
67.0,65.75000103486238
74.0,66.09000128714834
74.0,73.07000296007378
67.0,74.16000311071056
67.0,66.01000141451603
64.0,65.45000066010748
64.0,62.939999644840135
54.0,62.690000096750445
54.0,53.98999914394225
63.0,53.86999915863852
63.0,64.14999958483037
65.0,61.82999951624777
65.0,68.22000138879756
60.0,68.05000147819986
60.0,60.51999964728952
62.0,61.22000005143695
62.0,63.19000009430107
60.0,62.54999997673091
60.0,61.0599997967016
57.0,60.69999948807992
57.0,55.989999290904954
66.0,54.84999929335434
66.0,64.16000080829487
70.0,64.62000104588458
70.0,69.51000206360129
74.0,68.02000180519188
74.0,73.31000293068124
68.0,73.64000301763419
68.0,66.15000173048584
69.0,67.15000180396719
69.0,67.9100022203615
64.0,67.94000197174961
64.0,62.39999973056838
64.0,61.76999946481082
64.0,61.869999707299286
59.0,62.60999975383747
59.0,57.99999928968027
57.0,57.41999936071224
57.0,55.88999975383747
54.0,55.67999969137832
54.0,54.199999088831234
59.0,54.64999923946801
59.0,58.279998922273506
56.0,57.94999924681615
56.0,54.74999940357636
67.0,54.2699995015515
67.0,66.93000126265457
65.0,65.73000074338634
65.0,64.53000026330818
62.0,64.87000043721405
62.0,61.899999889777966
71.0,61.38999988365453
71.0,70.44000250816347
76.0,70.66000206972474
76.0,74.41000254123007
62.0,74.68000234160574
62.0,64.56000056335702
61.0,62.739999708523975
61.0,62.23000021187123
61.0,60.859999977955596
61.0,62.210000077155414
63.0,62.610000302498236
63.0,63.87000032454263
66.0,62.26000035515987
66.0,66.13000108629933
64.0,65.8900013508322
64.0,61.429999526045286
67.0,61.26999966321047
67.0,65.39000092219096
66.0,65.40000073481352
66.0,63.300000815643
60.0,63.8800011561066
60.0,58.609999185581685
69.0,59.2299992860062
69.0,68.22000213340857
65.0,69.66000195705332
65.0,64.09000063071494
60.0,65.41000113528689
60.0,58.209999312949364
60.0,58.75999943174421
60.0,60.05999972322024
59.0,60.04000001959503
59.0,57.54999917823355
51.0,57.18999918313231
51.0,51.72999959707726
55.0,52.599999990202484
55.0,55.50999958483037
50.0,54.55999939745292
50.0,51.989999584830365
55.0,51.14999949175398
55.0,54.73999943419359
53.0,54.549999388880096
53.0,50.829999334993765
46.0,51.069999462361444
46.0,47.849999641166065
53.0,48.709999477057714
53.0,51.61999934601597
48.000004,52.42999917823355
48.000004,49.32999945991207
49.0,49.44999948440585
49.0,48.969999190480436
49.0,48.909999217423604
49.0,50.33999907168559
55.0,50.54999921252485
55.0,56.17999933621846
52.0,56.00999930805061
52.0,51.789999334993766
52.0,53.059999365611
52.0,53.469999442766415
61.0,53.92999932764563
61.0,62.230000368631444
61.0,60.72999970974866
61.0,60.689999597077254
41.0,60.44999966565985
41.0,43.14999909985344
48.000004,42.07999935826287
48.000004,49.969999263961796
49.0,49.21999901290051
49.0,48.489999151290384
47.0,47.79999932397156
47.0,48.68999953829217
58.0,48.729999572583466
58.0,58.55999918190762
56.0,58.08999921007547
56.0,53.67999966198578
52.0,55.04999966076109
52.0,50.219999791802834
49.0,50.049999763634986
49.0,50.179999287230885
41.0,50.92999914639163
41.0,44.159998985957344
43.0,46.14999928110744
43.0,46.099999120673154
43.0,46.49999907168559
43.0,47.87999921619892
40.0,50.87999933866784
40.0,46.819999385206025
45.0,46.80999947460833
45.0,49.13999937540851
50.0,47.01999934111721
50.0,50.42999950155149
50.0,49.83999962279573
50.0,50.57999943419359
41.0,51.37999945378862
41.0,40.52999891125131
54.0,40.59999901045113
54.0,54.02999949175398
44.0,53.13999943419359
44.0,43.15999914761632
38.0,45.46999905086587
38.0,40.66999898228328
38.0,42.779999096179374
38.0,43.64999925416428
44.0,44.2099993423419
44.0,46.18999939377885
54.0,46.899999375408505
54.0,55.079999333769074
55.0,54.17999922844581
55.0,56.089999572583466
59.0,54.569999406025744
59.0,59.85999931662343
65.0,60.319999750163404
65.0,65.74000090871938
67.0,73.68000164108352
67.0,68.90000173660928
64.0,67.90000146717765
64.0,60.99999951012432
72.0,60.8699993986776
72.0,72.50000337279404
77.0,72.44000308621678
77.0,78.3900025044894
71.0,77.08000263553114
71.0,69.71000254857822
64.0,68.7200021309592
64.0,64.8700009074947
60.0,62.900000511920084
60.0,58.859999478282404
56.0,59.59999952482059
56.0,56.53999960565008
55.0,56.789999153739764
55.0,55.4199991157744
59.0,55.769999337443146
59.0,60.459999909372996
59.0,60.96000002449379
59.0,59.95999955911189
66.0,59.76999943541828
66.0,67.49000166435262
69.0,67.77000119897072
69.0,69.58000271146189
74.0,68.780002064826
74.0,76.09000323685355
75.0,76.14000300538729
75.0,75.1800030837674
75.0,74.3100034352532
75.0,75.92000273840503
71.0,74.87000297477006
71.0,68.59000162761194
71.0,68.56000132756309
71.0,68.18000147207641
71.0,69.21000192398672
71.0,69.37000194358174
76.0,69.24000183213504
76.0,76.6700026759459
77.0,76.9000028339308
77.0,77.60000276779758
72.0,78.44000282168392
72.0,72.60000306662175
67.0,74.14000321113507
67.0,66.13000155657997
62.0,67.73000112548938
62.0,63.42000021309592
62.0,62.60000013716519
62.0,63.82000036005862
62.0,64.89000053273979
62.0,64.72000058295205
68.0,65.76000065153465
68.0,68.96000194480644
66.0,69.83000245550184
66.0,66.68000183213503
64.0,66.22000190806577
64.0,63.85000081686769
59.0,64.12000120509417
59.0,57.42999950645025
55.0,57.66999947705771
55.0,55.089999146391634
50.0,55.01999908638186
50.0,50.44999963626731
45.0,50.139999801600354
45.0,47.87999923579394
53.0,48.20999924436677
53.0,53.519999250490216
55.0,53.50999916353728
55.0,55.44999921987298
57.0,56.019999316623434
57.0,55.4299993202975
54.0,54.69999936071224
54.0,53.04999892594758
58.0,52.74999909985344
58.0,58.90999936438631
65.0,58.93999946848489
65.0,64.27000058907551
59.0,64.73000070909505
59.0,59.76999920027795
56.0,60.739999483181165
56.0,56.76999968525488
74.0,57.70999970729928
74.0,72.61000225220343
115.0,74.3500026857434
115.0,127.43000112304
90.0,111.9300023354823
90.0,86.11000304825141
68.0,86.32000318909067
68.0,64.7700012920471
55.0,65.71000111814124
55.0,56.51999954931438
62.0,59.33999985058792
62.0,61.289999601976014
66.0,60.6199996938277
66.0,65.76000123938546
60.0,63.92000032821671
60.0,59.2899993766332
61.0,58.839999578706916
61.0,60.77999967423267
63.0,60.43999965708703
63.0,63.699999826094135
62.0,63.209999954686495
62.0,61.09999928233213
55.0,60.739999483181165
55.0,54.909999188031065
53.0,54.99999914761632
53.0,51.899999350914726
57.0,52.02999930560122
57.0,56.07999928968027
58.0,55.31999914761632
58.0,57.20999921987298
53.0,58.46999930070247
53.0,51.099999527269965
54.0,51.539999355813485
54.0,54.82999939377885
106.0,53.60999924926552
106.0,113.06000193255954
90.0,107.25000259511641
90.0,81.10000306417237
76.0,82.64000289516527
76.0,67.70000170721674
57.0,71.00000240039083
57.0,56.49999937540851
59.0,55.83999943664297
59.0,59.91999968158081
53.0,60.909999824869445
53.0,53.259999341117215
48.000004,54.06999929090496
48.000004,50.59999933376908
43.0,49.37999938520603
43.0,44.78999919292982
46.0,46.229999310499984
46.0,48.949999408475115
42.0,48.359999216198915
42.0,43.96999905821401
42.0,46.93999917455948
42.0,46.469999143942246
54.0,49.73999938030727
54.0,59.299999933866786
43.0,56.99999972566962
43.0,44.89999938520602
44.0,45.69999928723089
44.0,47.189999388880096
43.0,46.65999924804083
43.0,44.039999294579026
36.0,43.13999924804084
36.0,37.099998880634075
35.0,37.189999006777064
35.0,38.3499990704609
35.0,38.09999891492537
35.0,37.88999890145379
40.0,39.39999902024864
40.0,43.889999312949364
39.0,43.77999925783835
39.0,40.80999927865806
32.0,40.72999927865806
32.0,32.81999932642094
30.0,31.469999246816148
30.0,29.689999170885415
40.0,28.889999229670494
40.0,42.89999909128062
39.0,43.35999912312254
39.0,42.889999014125195
51.0,42.34999909985344
51.0,52.8799996032007
46.0,52.739999600751325
46.0,48.26999933499377
52.0,47.76999912189785
52.0,50.229999290904956
56.0,49.8099995578872
56.0,54.28999944031704
55.0,55.38999940357636
55.0,55.50999938888009
50.0,57.77999945378862
50.0,50.65999930682592
45.0,52.31999943664297
45.0,45.74999927130993
54.0,45.279999162312585
54.0,54.799999289680265
58.0,53.91999951502308
58.0,60.1799995125737
55.0,58.58999940357636
55.0,58.009999376633196
56.0,57.139999492978674
56.0,55.94999953094404
52.0,55.799999480731785
52.0,50.62999955543782
56.0,51.10999953584279
56.0,55.45999973791651
53.0,55.0899997734325
53.0,50.529999430519524
51.0,51.17999936071224
51.0,50.32999953339341
54.0,51.23999960809946
54.0,54.28999928355682
55.0,54.38999952604528
55.0,56.24999947460833
53.0,56.32999950400088
53.0,52.67999923579394
43.0,52.969999170885416
43.0,43.82999952604528
40.0,43.78999941337388
40.0,41.719999343566585
51.0,41.60999932764563
51.0,52.779999399902294
52.0,53.62999938398133
52.0,53.54999904106836
33.0,57.89000017513056
33.0,37.939999336218456
37.0,36.94999921252485
37.0,40.739998993305484
33.0,43.38999891370069
33.0,39.52999899453017
35.0,39.55999913781881
35.0,42.68999929335433
36.0,41.98999935948755
36.0,41.30999924681615
30.0,39.46999915863852
30.0,31.709999286006198
34.0,31.299999336218455
34.0,34.53999902759678
35.0,36.279999030046156
35.0,36.1599990251474
26.0,35.30999898228328
26.0,25.429999428070147
11.0,25.87999931417405
11.0,12.96999992651865
12.000001,13.469999867733566
12.000001,15.809999849363228
16.0,15.679999750163404
16.0,20.609999600751323
27.0,20.999999535842797
27.0,35.1199996717833
47.0,33.749999447665175
47.0,50.689999489304604
58.0,50.43999935336411
58.0,55.479999715872104
52.0,57.96999949910212
52.0,51.789999452563926
52.0,56.269999609324145
52.0,55.86999954074155
51.0,52.30999974159058
51.0,51.34999931049998
52.0,52.58999931539874
52.0,53.39999914761632
41.0,52.84999938153195
41.0,41.80999922477174
43.0,43.469999432968905
43.0,45.56999943051952
36.0,45.45999933621846
36.0,37.239998932071025
28.0,36.41999892472288
28.0,28.439999294579025
23.0,28.55999926028773
23.0,27.049999092505306
22.0,27.58999902637209
22.0,29.889999019023954
42.0,33.58999902147334
42.0,47.60999921987298
42.0,46.96999941582325
42.0,45.55999951992184
22.0,46.18999939377885
22.0,26.069999432968903
28.0,27.259999424396078
28.0,36.21999943909235
35.0,34.37999945868737
35.0,37.84999918068293
34.0,36.17999904229305
34.0,34.369998960238874
38.0,36.27999906923621
38.0,39.52999907291028
40.0,40.93999928233213
40.0,41.65999895901419
36.0,40.98999891370068
36.0,35.97999896881169
33.0,36.43999904964118
33.0,36.459999399902294
35.0,34.92999936193693
35.0,37.869999001878305
30.0,38.8199991500657
30.0,33.139999189255754
25.0,32.64999920027795
25.0,30.789998987182038
25.0,29.959999059438697
25.0,28.669999188031063
29.0,29.98999913414474
29.0,33.159999382756645
31.0,30.649999317848117
31.0,31.529999288455578
30.0,31.19999934846535
30.0,30.769999352139415
28.0,30.40999923946801
28.0,30.28999924436677
28.0,32.079999191705134
28.0,31.429999183132306
25.0,31.549999188031062
25.0,27.089999273759307
25.0,31.449999357038173
25.0,34.609999293354335
23.0,35.57999922354705
23.0,30.759999294579025
47.0,30.449999308050604
47.0,58.21000005756039
42.0,53.61999961054884
42.0,46.39999922109767
31.0,47.509999428070145
31.0,37.62999957993161
32.0,35.959999431744215
32.0,37.28999948440585
28.0,37.35999936806038
28.0,36.05999936071224
29.0,36.169999337443144
29.0,36.65999935581349
29.0,35.80999938153196
29.0,34.46999943786766
39.0,34.04999951869715
39.0,41.94999932519625
43.0,41.25999918435699
43.0,49.26999901657457
44.0,48.339999022698024
44.0,48.84999906801152
52.0,48.79999912312254
52.0,57.36000007348135
48.000004,55.71999988242984
48.000004,52.209999851812604
40.0,53.47999992161989
40.0,41.11999943664296
41.0,43.29999916966072
41.0,44.969999190480436
41.0,45.909999271309935
41.0,45.289999308050604
45.0,46.309999281107444
45.0,48.769999450114554
41.0,48.219999370509754
41.0,41.80999910720158
43.0,41.53999911087565
43.0,42.82999915863852
40.0,42.41999894431792
40.0,39.309999158638526
49.0,40.589999080258416
49.0,48.74999915863852
49.0,49.94999946236144
49.0,50.089999543190935
48.000004,49.4499995235959
48.000004,49.63999968647957
38.0,50.229999408475116
38.0,42.08999895534012
51.0,42.81999922844581
51.0,52.06999941827263
50.0,53.02999945746269
50.0,52.93999934111721
57.0,51.969999175784174
57.0,58.699999537067484
54.0,57.949999481956475
54.0,56.33999943419359
64.0,56.409999337443146
64.0,65.87000109854623
63.0,64.87000110344496
63.0,63.19999994611367
61.0,63.18000036005863
61.0,59.80999970484991
61.0,59.30999951134901
61.0,59.9399995811563
58.0,60.299999733017756
58.0,58.309999281107444
65.0,57.92999926886055
65.0,65.77000093443786
68.0,65.6500007923739
68.0,66.89000158107376
62.0,66.92000160679223
62.0,60.79999933866783
58.0,60.34999942317139
58.0,58.179999365610996
53.0,58.11999939255416
53.0,52.88999933744314
56.0,53.73999943909235
56.0,56.72999953339342
54.0,57.22999941337388
54.0,55.979999243142075
48.000004,56.41999934601597
48.000004,51.04999928845558
51.0,49.999999407250435
51.0,51.10999961422291
42.0,50.149999575032844
42.0,43.58999922232236
42.0,44.68999922477174
42.0,44.31999918190762
56.0,44.75999914761633
56.0,56.819999728119
76.0,55.64999954808969
76.0,78.50000252041036
81.0,78.2600025498029
81.0,80.01000338381624
83.0,80.550003298088
83.0,84.45000299681446
95.0,84.18000256939793
95.0,93.00000315479937
98.0,92.98000329441393
98.0,96.52000311560931
114.0,96.37000373162797
114.0,119.72000156760218
109.0,112.14000181009064
109.0,104.25000264900272
113.0,106.68000171456487
113.0,115.99000099567232
131.0,114.50000108997338
131.0,131.2899998077238
144.0,119.40000109732152
144.0,142.74999685622282
124.0,138.06999676314646
124.0,113.42000310336242
102.0,115.96000269431623
102.0,96.19000318541659
85.0,99.43000259266704
85.0,83.07000287189616
77.0,85.85000325644856
77.0,88.20000291965904
78.0,82.03000264655336
78.0,79.28000275800007
79.0,81.1600030372292
79.0,81.5200030715205
74.0,80.25000292333311
74.0,74.62000162393788
68.0,71.68000223873186
68.0,69.75000250448942
57.0,70.88000214075672
57.0,58.40000010287389
48.000004,58.28000011757016
48.000004,52.71999936806038
38.0,51.59999940725043
38.0,40.309998977384524
34.0,39.20999905331526
34.0,37.559999245591456
38.0,36.63999914271756
38.0,40.99999909862875
42.0,40.99999919660389
42.0,44.76999911699909
33.0,46.649999278658065
33.0,37.79999910842626
25.0,37.64999908760655
25.0,29.369999249265522
23.0,30.599999157413833
23.0,31.099999066786836
43.0,35.07999903984367
43.0,54.45999946848489
53.0,51.70999944276642
53.0,64.60000067602844
58.0,71.92000220933932
58.0,55.0099997048499
61.0,61.63999982364476
61.0,68.37000089034905
63.0,67.24000148922205
63.0,68.82000178559684
62.0,66.99000154923183
62.0,66.02000087442808
65.0,65.55000062826556
65.0,71.58000199624338
70.0,71.07000206850006
70.0,73.75000260246453
76.0,74.21000272248408
76.0,75.15000294047876
83.0,74.44000264532866
83.0,89.05000317806845
87.0,86.18000350016172
87.0,90.26000370590951
94.0,87.46000314745123
94.0,95.44000360058622
98.0,93.6700031413278
98.0,95.82000290741216
90.0,93.66000293680469
90.0,86.97000343280381
77.0,85.50000260368923
77.0,72.49000269799029
70.0,75.91000320011287
70.0,73.0000018811226
66.0,71.29000182601159
66.0,67.60000175865368
66.0,67.15000129449648
66.0,67.81000150759239
68.0,67.77000186520165
68.0,69.44000247387218
61.0,68.03000212728513
61.0,61.27000036863145
59.0,62.05000044946093
59.0,57.93999968892894
73.0,58.47999934846535
73.0,73.79000224485529
67.0,71.80000179294498
67.0,67.7600011903979
61.0,68.50000158964657
61.0,59.63999995101243
61.0,61.480000195950275
61.0,63.260000467831276
43.0,65.16000092096627
43.0,47.58999943786766
59.0,48.339999414598566
59.0,61.029999888553284
62.0,61.409999665659846
62.0,67.75000151494054
73.0,68.2800014402345
73.0,78.80000273840504
55.0,77.8300026514521
55.0,55.58999965341296
56.0,57.86999992284458
56.0,56.10999939377885
73.0,55.9199993876554
73.0,74.8700025828695
83.0,74.00000254245477
83.0,84.84000282168391
72.0,79.05000236487483
72.0,68.94000165333041
67.0,69.77000169864391
67.0,66.23000121121761
65.0,67.69000187499917
65.0,66.41000120876824
57.0,66.770000851159
57.0,57.079999480731786
56.0,57.739999615447594
56.0,58.15999974036589
49.0,56.88999963136855
49.0,50.47999934846535
49.0,51.07999915741383
49.0,51.68999932764564
41.0,50.48999923946801
41.0,45.73999928233213
43.0,45.43999929947778
43.0,43.21999921864829
40.0,42.60999914639164
40.0,42.34999900187831
47.0,43.1499990018783
47.0,48.35999923579394
51.0,48.979999414598566
51.0,52.759999186806375
40.0,54.23999927988275
40.0,41.739999203952024
22.0,42.41999939500354
22.0,26.889999366835685
30.0,25.799999421946698
30.0,29.399999431744213
50.0,28.169999504000877
50.0,52.97999961054883
46.0,52.82999959952663
46.0,49.179999566460026
58.0,48.979999551763754
58.0,60.769999352139415
75.0,60.91999928478151
75.0,79.10000268206934
58.0,77.00000284127894
58.0,60.5099997170968
46.0,59.74999937908258
46.0,49.549999609324146
35.0,49.45999955176376
35.0,42.51999903984367
34.0,40.62999913414474
34.0,38.09999919905327
32.0,38.61999919415451
32.0,33.28999930805061
28.0,32.07999918190762
28.0,30.969999278658065
27.0,30.75999928478151
27.0,30.19999928478151
26.0,30.079999309275294
26.0,28.529999068011524
25.0,29.379999130470672
25.0,27.599999162312592
23.0,27.479999235793944
23.0,25.76999913169536
22.0,25.789999158638526
22.0,28.779999385206025
29.0,31.98999937908258
29.0,35.33999940969981
44.0,32.35999936316162
44.0,46.36999946970958
53.0,44.73999930682592
53.0,52.59999948073178
52.0,51.96999952849466
52.0,51.209999504000876
57.0,52.739999365611
57.0,56.60999954808969
61.0,55.41999946848489
61.0,60.39999985793605
59.0,59.20999966076109
59.0,59.13999948318116
54.0,59.269999320297494
54.0,51.909999437867654
40.0,51.849999308050606
40.0,43.07999913781881
35.0,43.62999921742361
35.0,37.90999930070247
30.0,38.53999927253462
30.0,31.81999928233213
27.0,31.489999293354337
27.0,29.93999945378862
32.0,29.399999382756643
32.0,33.17999912557191
51.0,33.579999037394295
51.0,53.06999933499377
62.0,52.39999915251508
62.0,63.68000008327886
57.0,63.13000000367406
57.0,57.13999933621845
50.0,56.59999922599643
50.0,50.39999916231259
48.000004,50.539999047191806
48.000004,47.75999921130016
40.0,48.38999908515717
40.0,40.459998870836564
37.0,40.98999883532058
37.0,39.12999898473265
31.0,41.729999126796606
31.0,27.809999234569254
38.0,27.979999223547047
38.0,42.119999196603885
48.000004,42.08999919048045
48.000004,48.61999932152218
52.0,46.169999239468005
52.0,53.10999917333479
54.0,53.4299991733348
54.0,55.91999891737475
52.0,55.06999940357637
52.0,53.399999304376536
71.0,51.27999936806037
71.0,68.60000175375492
83.0,70.04000204768035
83.0,78.4500025951164
69.0,77.3400025840942
69.0,62.780000526616355
72.0,64.63000125040766
72.0,68.3900019264361
69.0,69.64000248856844
69.0,67.7100018137647
59.0,67.09000159577002
59.0,58.41999968892895
52.0,59.25999972322025
52.0,49.43999931907281
53.0,51.03999931907281
53.0,50.289999224771734
48.000004,50.22999948685523
48.000004,48.94999933009501
41.0,50.56999934724066
41.0,43.4499991610879
35.0,44.619999125571915
35.0,39.75999926028772
45.0,39.5199993092753
45.0,49.32999950889963
37.0,48.899999483181155
37.0,40.7399991500657
29.0,37.86999909985344
29.0,30.44999936193693
35.0,31.979999262737106
35.0,36.90999904106836
36.0,38.34999911944847
36.0,38.34999904106836
33.0,37.799999157413836
33.0,35.969999283556824
31.0,35.2399992064014
31.0,33.39999915741383
34.0,33.829999310499986
34.0,37.64999920517671
32.0,39.13999903249553
32.0,34.619999341117214
37.0,35.08999929335433
37.0,42.20999905821401
39.0,43.159999069236214
39.0,46.09999917945824
51.0,44.77999914516694
51.0,52.28999925416428
42.0,51.13999920885078
42.0,43.31999899085611
59.0,45.46999901167582
59.0,59.56999945991207
57.0,60.18999979547691
57.0,57.71999987263233
61.0,58.48999970974866
61.0,64.08000062214211
63.0,65.47000106915367
63.0,66.98000142308885
74.0,66.66000118794852
74.0,80.46000282903204
75.0,79.30000277514571
75.0,77.78000296129846
90.0,75.72000248856845
90.0,91.87000269554092
71.0,91.91000276902227
71.0,68.98000078625046
57.0,69.30000098220073
57.0,57.73999977220781
52.0,56.929999822420065
52.0,53.71999957870692
43.0,54.61999968403019
43.0,45.18999941827263
32.0,46.94999943786766
32.0,32.94999922232236
39.0,31.95999940235167
39.0,47.25999899820424
52.0,48.57999922844581
52.0,55.309999374183825
45.0,55.68999962157104
45.0,47.7999994219467
41.0,47.31999930437654
41.0,44.219999154964455
31.0,44.639999123122536
31.0,32.63999925049021
26.0,33.31999925538897
26.0,25.389999354588795
25.0,26.039999402351672
25.0,24.7799993313197
50.0,25.639999265186482
50.0,49.05999924804083
50.0,48.939999125571916
50.0,50.23999918190761
40.0,49.68999945501331
40.0,42.05999912557191
53.0,44.05999893941916
53.0,52.359999314174054
52.0,51.94999947215895
52.0,52.84999918558169
63.0,52.449999312949366
63.0,66.61000075318385
59.0,63.42000017390586
59.0,57.71999957870692
56.0,57.759999456238
56.0,54.91999958850443
47.0,56.439999519921834
47.0,48.31999955421313
32.0,49.52999947460833
32.0,30.299999164761967
33.0,30.779999037394294
33.0,36.06999890880193
37.0,36.59999879490584
37.0,39.649998999428924
50.0,39.62999890390317
50.0,51.259999350914725
48.000004,50.44999940112698
48.000004,50.399999279882756
67.0,49.769999484405844
67.0,69.46000174640679
55.0,68.22000158474782
55.0,56.18999957993161
64.0,57.019999546865
64.0,64.15000025106129
73.0,63.170000273105686
73.0,72.97000310948586
72.0,71.17000278126916
72.0,70.59000314622654
67.0,70.03000305804892
67.0,64.20000048987568
57.0,64.99000093198848
57.0,56.2699995701341
45.0,56.65999939500354
45.0,46.53999928233213
37.0,45.21999918925575
37.0,39.38999910965096
50.0,38.29999921374954
50.0,51.079999079033726
53.0,51.989999075359655
53.0,55.5399992186483
41.0,54.60999900922644
41.0,44.37999907658435
39.0,44.76999907780903
39.0,44.92999911699909
49.0,42.75999911822378
49.0,50.23999898595735
45.0,50.119999196603885
45.0,47.1399991500657
45.0,46.81999942439607
45.0,46.9999994219467
54.0,46.20999950889963
54.0,54.31999919170513
34.0,53.47999913781881
34.0,39.929999082707795
51.0,35.409999381531954
51.0,50.01999950277619
59.0,51.26999935948755
59.0,57.359999309275295
55.0,57.119999397452915
55.0,52.759999108426264
57.0,54.93999897860921
57.0,56.68999926396179
55.0,57.279999377857884
55.0,55.56999916598665
54.0,55.13999926763586
54.0,54.179999267635864
54.0,55.08999930315185
54.0,54.10999940357636
59.0,53.86999915863852
59.0,57.02999947705771
59.0,57.56999939132947
59.0,58.149999339892524
60.0,57.4999993313197
60.0,59.50999960442539
61.0,58.82999945256393
61.0,58.49999940480105
61.0,59.24999945991206
61.0,59.94000005143695
53.0,58.68999964606482
53.0,51.689999053315255
39.0,53.03999915251508
39.0,40.65999915986321
32.0,40.99999927498399
32.0,32.76999931294936
24.000002,34.30999912434722
24.000002,26.139999399902294
23.0,28.75999914761632
23.0,28.98999926641117
24.000002,27.499999478282405
24.000002,28.809999259063034
22.0,26.76999930315185
22.0,25.579999434193592
32.0,25.32999930682592
32.0,34.64999925906304
33.0,34.599999314174056
33.0,40.89999918925575
33.0,40.80999913169536
33.0,40.9699992296705
35.0,40.22999928110744
35.0,41.55999914761632
51.0,42.81999932642094
51.0,51.57999937050975
40.0,50.71999935826286
40.0,40.359999137818804
33.0,41.84999925906303
33.0,35.05999914026818
27.0,35.19999910352751
27.0,26.76999939132947
45.0,27.25999940969981
45.0,47.12999957258347
39.0,45.59999922109767
39.0,40.779999184356996
25.0,40.74999923701863
25.0,24.979999492978674
33.0,25.23999946113675
33.0,36.76999892104882
31.0,38.409998720199795
31.0,29.349998996979547
56.0,29.409999185581686
56.0,50.04999966565985
56.0,53.11999929947778
56.0,53.759999397452916
37.0,54.03999914761632
37.0,40.56999906311277
44.0,38.699999213749535
44.0,45.31999917700886
47.0,45.69999934601597
47.0,50.32999921987298
51.0,48.50999924681615
51.0,51.63999904964118
52.0,52.759999108426264
52.0,52.85999931172467
49.0,52.77999943909234
49.0,48.41999934601597
56.0,47.97999951747246
56.0,56.04999953829217
56.0,56.74999951134901
56.0,57.409999450114555
52.0,57.26999936928506
52.0,52.1199994219467
45.0,53.119999495428054
45.0,45.93999929702841
41.0,44.92999935213942
41.0,44.11999922599643
54.0,44.13999920395202
54.0,54.33999928723089
55.0,53.729999273759304
55.0,54.59999927498399
54.0,53.80999922477174
54.0,52.169998916150064
51.0,52.189999207626094
51.0,50.55999941704794
55.0,50.12999932274687
55.0,53.06999906066339
57.0,53.04999900432769
57.0,54.91999917700886
48.000004,56.52999904841649
48.000004,47.65999939990229
52.0,47.039999417047945
52.0,52.539999076584344
41.0,52.749999139043496
41.0,41.52999867121222
31.0,41.85999891492537
31.0,31.379999130470672
45.0,32.71999915251508
45.0,49.07999914761632
45.0,48.75999944154173
45.0,47.879999274983994
50.0,46.83999922599643
50.0,52.35999939255416
53.0,50.6499993766332
53.0,52.39999915251508
61.0,51.45999952237121
61.0,60.819999473383646
54.0,59.62999951134901
54.0,52.669999383981335
51.0,54.07999933866783
51.0,51.929999298253094
48.000004,53.41999963504262
48.000004,49.02999943786766
41.0,49.019999546865
41.0,46.359999323971564
41.0,47.429999124347226
41.0,47.26999922232236
43.0,46.909999109650954
43.0,45.31999915741383
73.0,46.71999914271756
73.0,75.24000274330379
61.0,73.71000276412352
61.0,59.2099997391412
66.0,60.009999876306395
66.0,65.14000070787036
73.0,65.93000126755332
73.0,70.08000251306223
61.0,69.0600021089148
61.0,60.159999887328595
63.0,60.3199996717833
63.0,64.70000052661635
59.0,62.58999997183215
59.0,56.12999909740406
60.0,57.04999929825309
60.0,58.319999564010644
63.0,57.42999970240053
63.0,64.25000041516964
58.0,64.85000045925845
58.0,58.24999926886055
64.0,57.96999945991207
64.0,64.55000086830464
35.0,64.79000083891209
35.0,41.369999288455574
30.0,36.39999933866783
30.0,29.559999274983998
48.000004,30.749999217423607
48.000004,47.6399990594387
51.0,46.459999252939596
51.0,52.03999919660389
59.0,49.79999931417405
59.0,58.269999403576364
54.0,59.17999939990229
54.0,52.06999922232236
43.0,52.49999923824332
43.0,41.69999907168559
46.0,43.49999916476197
46.0,47.569999322746874
44.0,48.47999951502308
44.0,42.36999913659412
38.0,42.94999912434722
38.0,40.03999917700886
38.0,41.47999931417405
38.0,39.77999926763586
44.0,39.61999913047067
44.0,46.91999909862875
56.0,48.33999919905327
56.0,57.889999626469795
47.0,55.33999910597689
47.0,46.0899995235959
46.0,47.13999942439608
46.0,47.719999333769074
48.000004,48.04999942072201
48.000004,47.369999582380984
52.0,49.639999451339236
52.0,51.079999274984
54.0,51.159999265186485
54.0,50.71999916231259
54.0,50.48999935703817
54.0,50.77999925293959
43.0,51.349999388880086
43.0,41.07999938275665
42.0,44.4999992970284
42.0,42.53999924314208
35.0,41.80999926396179
35.0,34.5099993545888
51.0,34.61999937050975
51.0,49.36999929825309
30.0,50.01999942439608
30.0,35.52999919048044
33.0,29.3499992517149
33.0,35.39999917700886
27.0,36.0999991500657
27.0,27.379999336218454
20.0,27.73999944888986
20.0,26.839999177008863
26.0,28.719999250490215
26.0,30.309999320297496
25.0,29.259999350914725
25.0,26.24999931784812
23.0,24.969999317848117
23.0,24.409999278658063
32.0,23.579999399902295
32.0,33.17999901779926
37.0,32.46999921252485
37.0,35.609998876960006
52.0,36.81999882674775
52.0,49.13999925783835
55.0,51.4299991047522
55.0,55.339999439092345
48.000004,55.56999924436677
48.000004,47.79999924559146
39.0,48.65999935581349
39.0,41.64999922477174
32.0,42.52999945011455
32.0,34.319999132920046
24.000002,34.48999923946801
24.000002,25.209999278658064
39.0,26.489999200277953
39.0,44.15999910352751
45.0,41.90999899697955
45.0,45.10999899697955
37.0,46.49999903249554
37.0,39.65999915496445
35.0,39.939999238243324
35.0,39.939999130470675
40.0,38.43999916721135
40.0,40.099998895330344
49.0,40.1399987532664
49.0,47.65999916476197
57.0,46.39999906433746
57.0,54.91999941214919
45.0,55.28999935703818
45.0,44.70999914394225
37.0,46.15999948563054
37.0,40.78999922232236
29.0,38.96999911210033
29.0,29.50999916353728
27.0,28.609999077809036
27.0,27.34999927130993
34.0,29.59999919170513
34.0,37.36999890635255
34.0,39.43999895656481
34.0,39.81999900800175
33.0,38.899999052090564
33.0,37.72999896023887
27.0,38.039998990856105
27.0,30.769999214974227
28.0,30.13999923334456
28.0,31.9099991047522
30.0,32.06999920272734
30.0,31.479999323971565
36.0,30.129999224771737
36.0,38.13999888063408
37.0,38.38999901657457
37.0,37.859999248040836
37.0,37.33999931172467
37.0,37.29999925783835
39.0,37.689999161087904
39.0,41.729999273759304
38.0,41.809999342341904
38.0,42.83999932397156
44.0,44.01999939500354
44.0,48.579999032495536
55.0,48.369999146391635
55.0,57.769999249265524
50.0,58.59999925538897
50.0,50.96999935703817
52.0,52.60999925416428
52.0,53.00999932274687
45.0,51.55999929457902
45.0,44.929999058214015
56.0,46.49999918925575
56.0,57.369999259063036
42.0,56.26999913904349
42.0,40.929999097404064
31.0,42.37999916476197
31.0,30.389999222322363
36.0,30.14999930070247
36.0,37.569999185581686
35.0,37.709999246816146
35.0,37.68999928845558
38.0,37.13999922844581
38.0,38.829999099853445
38.0,38.62999926151241
38.0,38.65999926763586
38.0,38.3699991953792
38.0,38.7199992406927
44.0,38.68999931294936
44.0,44.54999918313231
40.0,44.489999112100335
40.0,43.78999900187831
35.0,44.26999904106837
35.0,37.44999926886055
40.0,37.31999928478151
40.0,44.48999895534012
37.0,44.19999913781881
37.0,35.239999147616324
39.0,35.05999916966073
39.0,40.02999932519626
40.0,41.58999923211987
40.0,43.65999914516694
33.0,43.87999909862875
33.0,34.45999917455948
29.0,35.059999297028405
29.0,30.779999047191808
33.0,31.069999080258416
33.0,37.24999923456925
29.0,36.249999121897844
29.0,32.04999898963141
25.0,32.559999152515076
25.0,27.39999906923621
25.0,26.13999924314208
25.0,26.479999338667835
23.0,27.459999091280615
23.0,27.889999259063035
28.0,27.119999368060377
28.0,33.12999944521579
30.0,31.869999276208684
30.0,30.629999428070143
38.0,29.119999181907616
38.0,39.23999882429837
35.0,38.65999907168559
35.0,38.0199992970284
28.0,36.97999934601597
28.0,29.2799992406927
37.0,30.4499993423419
37.0,38.37999916476197
31.0,38.73999914026819
31.0,29.93999923824332
51.0,31.159999284781513
51.0,51.469999374183814
44.0,50.3699991953792
44.0,43.369999170885414
47.0,44.199998961463564
47.0,47.899999488079914
46.0,48.50999938398133
46.0,47.36999922967049
46.0,47.8999993313197
46.0,47.659999419497325
42.0,47.76999939622823
42.0,44.44999915618914
46.0,44.309999290904955
46.0,48.02999912924598
38.0,46.809999141492874
38.0,42.17999934601597
29.0,41.219999287230884
29.0,30.169999239468012
35.0,31.019999184356998
35.0,35.84999946481082
38.0,36.82999938398134
38.0,40.569999200277955
40.0,40.59999934356659
40.0,44.07999907413497
28.0,48.49999912067316
28.0,31.939998973710455
58.0,34.12999932274687
58.0,55.84999913169536
60.0,58.54999964361544
60.0,60.760000009797515
60.0,58.49999956156127
60.0,59.269999437867654
62.0,59.39999947093427
62.0,63.120000347811725
44.0,62.409999974281526
44.0,44.69999905698932
35.0,45.03999903494492
35.0,36.89999930682591
42.0,37.03999921130016
42.0,42.37999914516694
42.0,42.199998951666046
42.0,41.32999893084634
54.0,42.52999892104882
54.0,51.86999916843603
45.0,52.08999923946801
45.0,43.929999102302816
49.0,46.17999920885078
49.0,49.56999907780904
41.0,49.799999392554156
41.0,41.6399988438934
41.0,41.07999893207102
41.0,41.27999898595734
31.0,41.67999876061454
31.0,31.20999915129039
28.0,32.24999921007547
28.0,30.279999235793944
30.0,31.379999248040832
30.0,32.14999922232236
36.0,32.30999911454971
36.0,37.99999886838718
39.0,40.05999892962164
39.0,42.49999905209056
44.0,42.26999903127084
44.0,45.96999885246622
43.0,46.28999916598666
43.0,44.96999901412519
53.0,46.129999028821466
53.0,54.31999915251508
27.0,55.109998850016844
27.0,33.259999125571916
34.0,29.91999925049021
34.0,39.62999921742361
38.0,38.369999254164284
38.0,41.25999926273711
38.0,40.1799990814831
38.0,40.41999905209057
33.0,41.66999922232236
33.0,36.239999132920055
31.0,36.15999882919713
31.0,35.259999243142076
24.000002,36.13999923334457
24.000002,27.679999230895184
22.0,28.309999310499983
22.0,28.419999257838345
46.0,28.98999937418382
46.0,56.24999957258347
33.0,46.559999260287725
33.0,36.539999184356994
27.0,36.67999933376908
27.0,28.50999926641117
30.0,29.559999216198914
30.0,29.069999325196257
32.0,29.51999927008524
32.0,30.67999932397156
28.0,29.979999321522186
28.0,29.879999216198915
31.0,30.50999931539874
31.0,30.169999396228228
30.0,30.17999931662343
30.0,30.229999241917387
28.0,28.91999930437654
28.0,29.19999932887032
26.0,29.159999402351673
26.0,28.849999303151847
28.0,27.979999360712238
28.0,30.809999298253093
24.000002,31.739999096179375
24.000002,25.279999260287724
41.0,25.089999322746877
41.0,45.98999921252484
37.0,46.029999060663386
37.0,37.98999890880193
27.0,36.59999910842627
27.0,29.439999230895186
18.0,29.669999183132308
18.0,18.239999554213135
17.0,21.169999308050603
17.0,22.68999935703817
17.0,21.6399994109245
17.0,21.239999459912063
21.0,22.32999943786766
21.0,23.52999946481082
21.0,23.17999943909235
21.0,24.91999940235167
23.0,25.379999380307268
23.0,25.459999385206025
28.0,25.389999491753983
28.0,35.75999934846535
35.0,31.939999228445807
35.0,42.679999088831245
48.000004,41.24999915618915
48.000004,49.229999334993764
51.0,47.21999937540851
51.0,48.57999920885078
40.0,48.60999915618915
40.0,39.299998914925375
43.0,40.71999893696977
43.0,41.9099992517149
42.0,43.079999177008865
42.0,41.23999885369091
40.0,41.739998890431586
40.0,41.69999885614029
30.0,41.31999889288097
30.0,30.079999113325023
23.0,32.60999924436677
23.0,24.32999934724066
57.0,25.889999156189145
57.0,62.31000086830464
29.0,53.3599993876554
29.0,42.309998771636735
45.0,32.00999914149288
45.0,45.20999894554261
45.0,47.689999268860554
45.0,46.95999915251508
20.0,46.589999188031065
20.0,25.51999937785789
28.0,23.849999455013307
28.0,34.839999343566596
26.0,31.459999365610997
26.0,28.169999249265523
28.0,26.259999502776186
28.0,31.909999398677606
24.000002,31.1899992517149
24.000002,25.29999913047067
27.0,26.579999110875644
27.0,32.88999923946801
30.0,31.569999175784172
30.0,31.93999913047067
40.0,31.409999116999092
40.0,45.30999924681615
45.0,43.159999069236214
45.0,48.239999152515075
45.0,47.69999923824332
45.0,46.639999152515074
55.0,47.43999925049022
55.0,56.549999418272634
57.0,56.52999979302753
57.0,58.08999960197601
56.0,57.37999950277619
56.0,55.60999935703817
58.0,57.0099993423419
58.0,58.7199992406927
56.0,58.4199992186483
56.0,56.3499992860062
54.0,56.379999115774396
54.0,52.73999916966073
51.0,52.83999925538897
51.0,50.21999920395202
35.0,50.249999504000876
35.0,36.939999125571916
30.0,35.91999919170513
30.0,30.789999143942254
40.0,31.0499993080506
40.0,40.73999881695024
39.0,41.01999874346889
39.0,38.81999930682591
34.0,38.859999360712244
34.0,35.23999925538897
31.0,36.379999194154514
31.0,32.329999161087905
30.0,32.01999926763586
30.0,32.64999925906304
38.0,32.58999915863853
38.0,42.45999921374954
44.0,42.31999928968027
44.0,45.71999908883124
36.0,46.229999114549706
36.0,36.079999083932485
28.0,35.78999915863852
28.0,30.869999212524846
27.0,32.22999924191739
27.0,30.429999325196253
26.0,30.839999304376537
26.0,26.859999292129643
28.0,27.359999172110104
28.0,31.359999191705132
33.0,31.24999900922644
33.0,38.469999222322365
50.0,37.48999920517671
50.0,49.95999925538897
55.0,50.92999926396179
55.0,56.909999413373875
66.0,55.899999370509754
66.0,65.5600013030693
59.0,63.55000071644318
59.0,58.439999588504435
58.0,59.68999962157104
58.0,58.48999920027796
59.0,58.489999415823256
59.0,59.55999968647957
55.0,59.259999468484885
55.0,53.72999943051953
50.0,53.689999278658064
50.0,50.14999922232236
42.0,50.299999311724676
42.0,40.95999920150265
48.000004,42.00999912189785
48.000004,47.46999939377885
40.0,47.71999909862875
40.0,41.53999877776018
49.0,41.159999069236214
49.0,48.81999914026819
56.0,48.359999216198915
56.0,54.279999235793944
30.0,54.53999922354705
30.0,43.139998758165156
23.0,33.389999139043496
23.0,24.369999293354333
30.0,25.729999185581686
30.0,34.32999921007547
32.0,32.87999921130016
32.0,32.929999205176706
49.0,33.33999930192716
49.0,47.40999902882147
20.0,45.94999930560123
20.0,25.60999934724066
25.0,23.949999344791284
25.0,25.509999320297496
27.0,24.819999306825917
27.0,31.249999278658066
24.000002,30.68999923946801
24.000002,25.659999272534616
22.0,26.519999245591457
22.0,24.359999289680268
30.0,24.849999239468012
30.0,33.40999927375931
35.0,33.0899991953792
35.0,39.39999911822378
38.0,39.56999904841649
38.0,43.979999184357
57.0,47.49999914516694
57.0,55.58999969260301
62.0,58.67999950032681
62.0,64.25000021921937
56.0,62.5400001249183
56.0,55.89999925293959
52.0,56.4799992406927
52.0,51.34999923211988
53.0,51.04999940602574
53.0,52.12999927375931
48.000004,52.03999947093427
48.000004,46.959999230895185
43.0,48.53999937050975
43.0,42.339999110875645
40.0,43.82999919292982
40.0,42.25999902269802
37.0,42.32999900432768
37.0,36.379999096179375
45.0,35.91999901534989
45.0,44.70999900677707
41.0,45.329999068011524
41.0,41.16999887206125
41.0,41.539999052090565
41.0,41.999998897779726
37.0,42.2599990814831
37.0,38.20999925416428
41.0,37.9899991047522
41.0,45.229999197828576
40.0,44.899999032495536
40.0,43.63999908883124
45.0,43.20999907291028
45.0,44.63999910352751
45.0,45.72999909740406
45.0,46.049998960238874
44.0,46.289999087606546
44.0,45.179999037394296
50.0,45.0899989014538
50.0,50.209999312949364
46.0,51.079999079033726
46.0,49.16999897003639
44.0,49.189999104752204
44.0,47.77999913047067
47.0,48.11999910842627
47.0,50.47999942684545
66.0,49.9599994905293
66.0,68.80000157250093
63.0,64.59000062826556
63.0,66.18000105078333
64.0,66.57000111079311
64.0,65.56000079359859
65.0,64.47000079972204
65.0,65.38000099199824
51.0,64.4300008046208
51.0,50.73999925783835
57.0,50.139999174559485
57.0,55.58999918313231
44.0,54.50999911944847
44.0,41.55999932397156
32.0,44.13999916476197
32.0,30.149999036169604
35.0,31.229999217423604
35.0,38.28999935213942
30.0,39.11999933866784
30.0,30.99999922599643
35.0,31.229999325196253
35.0,37.599999230895186
32.0,38.35999923579394
32.0,31.879999118223783
30.0,31.709999246816146
30.0,31.779999287230886
34.0,31.729999165986655
34.0,37.17999931172467
31.0,37.38999917823355
31.0,32.269999197828575
30.0,32.03999917700886
30.0,33.37999913047068
34.0,34.06999913414474
34.0,37.84999918068293
40.0,39.21999898350796
40.0,43.55999902024865
34.0,43.409998930846335
34.0,35.009999263961795
30.0,35.71999923579394
30.0,32.31999918190762
30.0,31.409999156189144
30.0,32.89999899330549
35.0,32.33999909128062
35.0,37.4399992406927
38.0,37.84999927865807
38.0,41.779999081483105
53.0,43.139999091280615
53.0,53.03999919170513
59.0,53.26999907535966
59.0,62.1300002045231
59.0,62.530000665006234
59.0,61.3299999889778
63.0,61.87000002081972
63.0,65.44000108262524
73.0,65.0000009405613
73.0,72.95000258286952
76.0,71.7400027212594
76.0,74.55000301396011
68.0,73.86000257919544
68.0,66.24000161169097
53.0,65.48000088177622
53.0,51.59999936806038
42.0,50.65999930682592
42.0,40.18999924681614
37.0,42.03999907903372
37.0,37.20999923946801
23.0,37.37999913047067
23.0,24.079999348465346
24.000002,24.299999311724672
24.000002,27.529999190480442
28.0,27.46999920762609
28.0,35.55999943174421
31.0,33.909999173334796
31.0,32.49999919905327
28.0,30.549999251714905
28.0,31.069999227221118
22.0,32.20999904841649
22.0,23.909999379082578
21.0,23.989999359487552
21.0,23.639999323971562
48.000004,25.11999932887032
48.000004,54.02999960932415
45.0,47.26999933989253
45.0,43.7399993313197
39.0,44.61999938030727
39.0,40.44999927375931
52.0,40.54999933989252
52.0,51.07999931417405
45.0,50.569999112100334
45.0,43.85999904229305
35.0,44.059998900229104
35.0,37.4699989920808
30.0,36.94999933009501
30.0,29.96999907780904
40.0,30.43999919660389
40.0,43.51999879000708
57.0,43.36999891615006
57.0,62.51000062826556
63.0,59.98000004653819
63.0,63.350000388226476
71.0,64.81000097362791
71.0,72.91000207829757
72.0,73.62000268696809
72.0,70.58000235385262
75.0,71.52000312050808
75.0,74.79000325889795
74.0,73.30000358833934
74.0,73.48000346831981
68.0,73.03000359201341
68.0,65.70000228527005
58.0,65.83000173048582
58.0,56.609998999428925
55.0,57.639999333769076
55.0,54.35999938275664
52.0,54.2499994452158
52.0,52.32999913169536
38.0,51.699999101078134
38.0,38.76999932274687
53.0,39.15999953951687
53.0,50.95999905453994
35.0,51.8199994782824
35.0,42.57999915986321
30.0,38.16999918068293
30.0,31.02999921252485
44.0,32.79999922109767
44.0,45.82999906556214
37.0,47.089999146391634
37.0,40.63999922109767
31.0,41.29999927743337
31.0,33.65999913536943
47.0,34.56999913169536
47.0,47.779999189255754
40.0,45.59999916231259
40.0,44.27999908883124
45.0,42.89999912067316
45.0,45.6299992860062
37.0,46.369999273759305
37.0,38.43999917700886
29.0,37.589999212524845
29.0,29.249998940643845
27.0,30.989999099853442
27.0,30.11999898105859
26.0,31.419999076584347
26.0,27.759999152515075
46.0,29.25999899820424
46.0,49.279999142717564
62.0,47.11999903494491
62.0,67.01000090014657
70.0,63.970000527841044
70.0,70.55000154433309
91.0,71.0300016423082
91.0,89.94000303967859
96.00001,90.48000311071056
96.00001,96.51000330298676
88.0,95.43000331768303
88.0,83.90000303477983
64.0,85.50000307396988
64.0,64.48000096505508
59.0,63.350000388226476
59.0,58.27999929457903
60.0,58.429999462361444
60.0,61.30000023758971
40.0,60.36999994978774
40.0,44.94999891859944
37.0,43.83999910352751
37.0,41.13999953216873
31.0,40.119999265186486
31.0,31.999999240692702
28.0,31.869999246816143
28.0,30.5899992860062
24.000002,31.599999201502644
24.000002,26.539999272534615
25.0,26.989999325196255
25.0,28.80999923946801
25.0,30.349999227221115
25.0,32.26999915863853
35.0,33.25999923824332
35.0,40.64999905331525
38.0,43.08999920517671
38.0,46.05999938030727
40.0,44.04999942072201
40.0,43.27999893696978
37.0,44.319999005552376
37.0,37.71999916721134
31.0,37.059999199053266
31.0,31.119999211300158
30.0,31.62999917823355
30.0,31.21999910107813
28.0,30.749999080258416
28.0,30.4399989908561
26.0,31.91999894676729
26.0,28.709998879409387
38.0,28.359999000653616
38.0,43.129999004327686
48.000004,42.93999919415451
48.000004,49.809999342341904
58.0,48.31999906433745
58.0,63.51999990692362
64.0,60.959999240692696
64.0,66.65000141451603
70.0,66.29000118427444
70.0,69.68000236609953
54.0,70.5000023244601
54.0,52.43999926518648
43.0,52.12999939132947
43.0,44.27999940235168
34.0,44.379999194154514
34.0,38.33999932642094
27.0,38.70999933009501
27.0,29.639999353364107
40.0,30.92999936193693
40.0,41.619999101078136
39.0,40.949998996979545
39.0,40.549999398677606
38.0,39.139999385206025
38.0,38.65999938520602
31.0,38.9599993092753
31.0,31.3799991500657
28.0,31.679999181907615
28.0,30.639999289680265
28.0,32.139999105976884
28.0,31.939999277433373
33.0,31.749999310499984
33.0,38.90999915863853
43.0,39.8499992296705
43.0,46.33999913047067
43.0,45.70999915863852
43.0,44.89999907168559
38.0,45.23999918680637
38.0,42.28999940112698
33.0,41.419999282332135
33.0,36.48999928845558
33.0,36.629999173334795
33.0,35.96999921497423
33.0,36.57999918925575
33.0,36.68999924436677
40.0,37.449999327645635
40.0,41.94999861977528
43.0,43.28999871040227
43.0,45.499999174559484
53.0,46.78999926151241
53.0,53.91999912312254
50.0,55.37999915986321
50.0,54.10999916843603
44.0,54.90999922722112
44.0,45.81999935091473
51.0,46.3099993202975
51.0,52.83999921619892
58.0,51.72999940112698
58.0,59.649999606874765
56.0,58.91999952971935
56.0,55.77999934601597
55.0,55.69999927743338
55.0,53.42999909495468
52.0,53.81999915496446
52.0,50.599999451339244
40.0,51.169999430519525
40.0,44.53999909617938
47.0,46.22999933009501
47.0,47.48999925416428
51.0,48.30999933009501
51.0,51.4899992737593
44.0,51.639999323971566
44.0,44.79999894676729
54.0,44.239999152515075
54.0,53.82999920272733
55.0,53.239999167211344
55.0,54.13999919415451
45.0,54.07999945623799
45.0,45.97999927253462
35.0,46.13999921374953
35.0,41.309999011675814
32.0,39.98999911454971
32.0,35.619999208850786
37.0,34.2099991267966
37.0,35.61999897371045
48.000004,36.92999903861898
48.000004,47.259999448889864
45.0,44.33999939500354
45.0,43.51999933866783
54.0,45.719999108426265
54.0,54.54999911454971
54.0,54.37999912557191
54.0,53.98999902637209
60.0,53.50999896758701
60.0,58.79999942684546
64.0,59.3699994452158
64.0,63.699999943664295
59.0,62.88999979792628
59.0,60.95999990692362
53.0,61.46000037475489
53.0,54.75999917700886
50.0,55.34999940847512
50.0,52.12999950889964
38.0,53.31999939255416
38.0,45.60999941582325
38.0,44.729999445215796
38.0,44.82999940357636
31.0,44.31999943664297
31.0,31.98999902637209
26.0,32.63999921130016
26.0,25.719999490529293
42.0,26.479999358262862
42.0,43.5499992860062
40.0,43.38999918803106
40.0,44.43999924559146
26.0,43.50999911454971
26.0,26.64999942562077
28.0,27.58999935948755
28.0,30.58999922722112
41.0,31.839999123122535
41.0,45.169999322746875
31.0,44.689999342341906
31.0,29.269999271309928
28.0,29.759999201502644
28.0,31.929999239468007
24.000002,32.22999919292982
24.000002,30.729999278658063
35.0,33.10999930070247
35.0,41.51999903494492
32.0,41.36999908270779
32.0,31.68999927865806
43.0,32.85999930192716
43.0,47.55999929457902
51.0,47.80999909740407
51.0,49.93999919905327
46.0,48.759999402351674
46.0,46.68999950889963
54.0,47.07999941214919
54.0,54.369999273759305
52.0,53.75999910352751
52.0,51.57999939010478
45.0,52.38999937908258
45.0,45.26999901657457
48.000004,45.859999130470676
48.000004,49.37999958115629
38.0,49.54999957013409
38.0,41.18999920272733
55.0,41.259999341117215
55.0,56.77999945868738
33.0,57.04999976853374
33.0,39.67999910352751
53.0,40.179999159863215
53.0,48.02999909005593
55.0,53.82999916353728
55.0,57.21999944399111
52.0,56.419999502776186
52.0,57.179999684030186
59.0,51.57999974281527
59.0,58.539999478282404
58.0,55.339999321522185
58.0,56.259999326420946
55.0,59.08999947950709
55.0,57.199999583605674
50.0,56.369999695052385
50.0,50.71999955421313
50.0,51.399999510124324
50.0,52.1899993643863
59.0,52.549999398677606
59.0,59.03999908393248
42.0,58.14999949665274
42.0,47.36999946481082
55.0,44.86999933989252
55.0,56.05999958605505
61.0,57.539999679131434
61.0,64.2500007482851
62.0,65.99000112303999
62.0,66.09000085605774
56.0,65.48000060744585
56.0,59.68999987630639
57.0,59.62999966810923
57.0,60.49999982609413
54.0,60.2699998640595
54.0,55.559999568909404
47.0,53.57999934111721
47.0,49.38999978567939
42.0,48.80999960197602
42.0,41.339999233344564
48.000004,42.829999119448466
48.000004,48.889999827318825
51.0,48.00999969995115
51.0,53.269999271309935
36.0,53.47999933376908
36.0,40.16999899453017
39.0,40.189999031270844
39.0,43.93999909128062
36.0,46.35999906923622
36.0,43.30999906066339
47.0,41.53999909128062
47.0,51.379999492978676
44.0,50.24999907291028
44.0,46.72999934724066
52.0,48.58999923701863
52.0,54.24999940602574
67.0,53.25999941949732
67.0,69.60000198399649
60.0,68.0800016998686
60.0,58.39000013349112
64.0,61.90000016410835
64.0,63.930000650309964
58.0,64.5300009295391
58.0,57.23999903004616
56.0,57.439998731222
56.0,57.0599996595364
68.0,57.019999742815266
68.0,69.00000248856846
63.0,69.07000152963681
63.0,65.05000008205417
64.0,65.2200003061723
64.0,63.82000028167851
62.0,63.3799999436643
62.0,63.90000015431084
60.0,63.79000049110037
60.0,59.77999977710657
47.0,60.920000068582596
47.0,52.59999955911189
54.0,51.419999801600355
54.0,58.3499998640595
51.0,55.52999948440585
51.0,52.299999537067485
46.0,51.6799996717833
46.0,49.8699996485142
54.0,49.44999948440585
54.0,54.42999920762609
49.0,52.909999197828576
49.0,48.579999365610995
43.0,48.70999928110744
43.0,43.929999082707795
40.0,45.93999927743337
40.0,42.109998619775276
37.0,42.80999878878239
37.0,39.67999918190762
33.0,40.10999922722112
33.0,38.01999916966072
37.0,38.15999905453994
37.0,41.29999908148311
50.0,39.78999900187831
50.0,51.929999572583476
59.0,53.10999952604528
59.0,62.099999708523974
61.0,60.429999883654524
61.0,61.190000652759345
57.0,61.06999996203463
57.0,51.60999996448401
53.0,54.82999939377885
53.0,51.45999932642094
43.0,51.76999951379839
43.0,45.03999921130016
40.0,45.369999357038175
40.0,44.05999937050975
37.0,44.77999934111722
37.0,37.91999892717226
52.0,36.989998972485765
52.0,54.62999992774334
53.0,52.50999963871669
53.0,52.58999931539874
53.0,53.59999927988275
53.0,54.559999475833024
48.000004,54.599999588504424
48.000004,50.84999974403996
40.0,50.6099995578872
40.0,41.33999921374954
52.0,42.429999442766416
52.0,54.7499997170968
48.000004,54.489999533393416
48.000004,51.929999690153636
40.0,52.11999969627708
40.0,43.27999921130016
33.0,43.219999277433374
33.0,37.57999930192716
37.0,36.48999928845558
37.0,36.11999912802129
35.0,36.59999906923621
35.0,35.32999911699909
26.0,37.429999153739764
26.0,25.67999929947778
25.0,26.02999931539874
25.0,25.059999267635863
27.0,28.66999915863852
27.0,31.839999211300157
28.0,32.23999918190761
28.0,34.62999911454971
39.0,34.50999915863852
39.0,42.44999914639163
44.0,43.229999070460906
44.0,47.62999947215896
52.0,49.829999339892524
52.0,66.09000171823894
55.0,64.48000147452579
55.0,58.37999988977798
73.0,57.609999817521306
73.0,76.77000303600451
73.0,74.1900027445285
73.0,72.9900031266315
66.0,72.95000246529935
66.0,66.2200016337354
66.0,67.23000151983929
66.0,69.03000153453556
59.0,69.67000169129578
59.0,58.719999397452916
54.0,58.80999939622823
54.0,55.32999950889963
43.0,55.29999952237121
43.0,44.03999931417405
44.0,45.05999948318116
44.0,46.45999952726997
35.0,47.06999944276642
35.0,42.499999385206024
30.0,41.969999381531956
30.0,31.909999143942255
27.0,32.85999925293959
27.0,31.399999323971564
43.0,32.099999385206026
43.0,51.99999937785789
44.0,52.99999941214919
44.0,52.07999940725043
39.0,52.419999306825915
39.0,47.98999923211988
30.0,48.28999927375931
30.0,37.39999938275665
23.0,37.06999939377884
23.0,30.889999357038175
53.0,31.929999357038174
53.0,50.30999965341296
48.000004,52.13999936071224
48.000004,50.21999971342273
51.0,53.019999723220245
51.0,52.259999463586134
48.000004,52.889999533393414
48.000004,50.26999936438631
43.0,50.619999233344565
43.0,43.709999383981334
58.0,44.42999941337388
58.0,63.15000021676999
63.0,61.96999991059769
63.0,65.84000107282772
70.0,66.23000093688725
70.0,71.03000183825849
92.0,71.16000222403558
92.0,94.12000364467505
113.0,93.53000302130825
113.0,117.10000202563593
143.0,114.25000150269364
143.0,144.99999600261447
151.0,141.7999971783161
151.0,148.8599939818773
130.0,149.58999488202386
130.0,124.7600011463091
146.0,124.9900013826741
146.0,147.38999605282672
151.0,144.51999606139952
151.0,149.86999590586402
156.0,149.69999634797682
156.0,155.39999347485596
158.0,155.199994400721
158.0,157.92999583973082
151.0,157.9499954649759
151.0,142.26999566092618
121.0,145.70999555315353
121.0,116.77000240896365
136.0,116.69000234038106
136.0,134.43999792292712
122.0,133.14999873734544
122.0,113.9500028914912
95.0,109.34000289761464
95.0,87.5000032993127
83.0,89.08000351730736
83.0,79.25000304580203
65.0,82.11000365569724
65.0,63.809999959585255
55.0,65.48000013716519
55.0,54.03999977465719
48.000004,61.599999554213134
48.000004,49.51999952482059
45.0,50.5999994905293
45.0,44.209999322746874
45.0,45.889999312949364
45.0,45.7299991953792
57.0,46.07999926028773
57.0,63.960000911168756
58.0,61.62000031596981
58.0,60.029999775881876
63.0,60.17999966933392
63.0,67.1600009503588
57.0,66.09000069929752
57.0,57.33999986038543
50.0,57.330000086952936
50.0,52.27999928478151
50.0,51.62999947215896
50.0,51.689999366835686
43.0,53.59999951502308
43.0,51.17999939990229
54.0,49.84999939622823
54.0,57.819999409699804
56.0,56.71999932887032
56.0,58.669999393778845
51.0,57.679999759960914
51.0,50.789999418272636
59.0,50.97999934601597
59.0,56.95999941704794
61.0,59.329999489304605
61.0,64.47000032944139
58.0,63.26000019350089
58.0,57.889999195379204
62.0,57.68999929825309
62.0,65.84000064173713
75.0,66.18000097240322
75.0,77.85000317806846
83.0,77.41000287924429
83.0,88.58000257919544
85.0,88.4900027763704
85.0,89.60000239549207
99.0,89.38000267717058
99.0,107.61000294292813
95.0,100.60000332135711
95.0,95.65000295762441
78.0,95.91000294537751
78.0,75.46000285352584
77.0,75.56000301763417
77.0,81.3800020501297
81.0,80.46000235875138
81.0,80.40000320868569
83.0,80.66000323562886
83.0,83.690003207461
77.0,83.9900030727452
77.0,77.88000304702672
92.0,78.7600032527745
92.0,95.36000329686331
100.0,94.13000345729759
100.0,96.35000300906135
81.0,95.72000305682424
81.0,73.5800026526768
80.0,77.82000256449918
80.0,79.89000304580202
72.0,80.21000308499208
72.0,69.82000225097875
53.0,70.45000232078603
53.0,52.259999737916516
52.0,56.740000443337486
52.0,55.77999993386678
32.0,53.56999984201509
32.0,37.869999325196254
33.0,35.99999936806037
33.0,45.589999721995554
31.0,45.309999286006196
31.0,33.27999907413497
32.0,33.179999154964456
32.0,35.88999923456925
30.0,36.89999923824332
30.0,32.73999924804084
28.0,32.5499992517149
28.0,32.229999290904956
24.000002,32.26999936438631
24.000002,30.53999946358613
53.0,28.24999951379839
53.0,57.02999975138809
58.0,55.83999935826286
58.0,59.77999967913143
60.0,59.26999986895826
60.0,64.27000047150534
52.0,66.14000050702131
52.0,56.29999998775311
56.0,54.329999788128774
56.0,59.260000409046185
58.0,58.89000036618207
58.0,59.84999958238099
45.0,59.809999469709574
45.0,46.799999485630536
35.0,47.079999294579025
35.0,42.65999885614029
43.0,43.63999897126107
43.0,46.97999940480105
42.0,47.299999541966244
42.0,46.379999517472456
46.0,45.7299994893046
46.0,52.26999962891917
52.0,51.88999957748223
52.0,59.570000439663424
59.0,59.87000030494761
59.0,61.769999739141205
64.0,60.90999966810922
64.0,65.67000088789968
60.0,66.39000017268117
60.0,61.26999978078063
61.0,60.94999985916074
61.0,62.37000009675045
60.0,66.09000097362791
60.0,61.730000096750445
55.0,61.71000015798491
55.0,57.299999551763754
58.0,58.70999993754085
58.0,58.16999955298844
30.0,58.43999954931438
30.0,39.45999936561099
48.000004,36.13999943909235
48.000004,55.130000356384556
41.0,56.84000054866076
41.0,49.409999352139415
31.0,45.959999314174055
31.0,33.899999360712236
34.0,32.459999292129645
34.0,43.24999915618915
59.0,42.739999199053265
59.0,64.00000094546006
54.0,64.34000033556484
54.0,62.43999998040498
69.0,61.04000019105152
69.0,77.54000205012971
64.0,68.87000198522118
64.0,67.3900011671288
60.0,64.55000073113945
60.0,59.23999972566962
60.0,59.30999966810923
60.0,59.77999948318116
58.0,59.40999983221758
58.0,59.16999939132947
67.0,59.78999960932415
67.0,66.91000155902934
72.0,67.94000185417944
72.0,73.06000287312085
64.0,71.94000316704626
64.0,63.28999967055861
56.0,63.649999979180286
56.0,57.14999957993161
55.0,58.759999823644755
55.0,58.39999998530373
59.0,56.679999412149186
59.0,61.609999797926285
62.0,61.36000001469627
62.0,63.73000012614299
55.0,61.58999942807015
55.0,57.139999688928945
46.0,55.359999299477785
46.0,48.17999961054884
48.000004,48.85999950767494
48.000004,49.5699996264698
43.0,50.40999964116607
43.0,45.47999913781881
51.0,49.459999492978675
51.0,54.11999968647957
44.0,54.71999965218827
44.0,48.87999934846535
40.0,50.129999459912064
40.0,48.92999925416428
61.0,48.39999927008524
61.0,58.700000222893436
63.0,63.76000115120784
63.0,67.24000103853643
72.0,67.88000143043698
72.0,75.3100022546528
68.0,73.49000194848051
68.0,71.01000248734375
83.0,72.25000221791214
83.0,86.83000264655335
85.0,84.78000284862706
85.0,85.34000305437485
82.0,84.66000286332333
82.0,81.6200031964388
73.0,80.93000323195479
73.0,69.92000237589704
74.0,70.14000201583842
74.0,72.71000272983221
66.0,73.83000345484821
66.0,65.80000119529666
61.0,65.99000065275935
61.0,62.839999794252215
59.0,63.180000203298405
59.0,58.919999647289515
70.0,60.14000018370338
70.0,74.5400027310569
61.0,74.35000272493346
61.0,61.88000038210303
72.0,60.83000069684815
72.0,71.9700023697736
60.0,72.35000214688016
60.0,61.85000066990499
71.0,61.50000040904619
71.0,76.1200025963411
80.0,74.1400025840942
80.0,81.23000313642903
86.0,80.7300026294077
86.0,86.08000290496277
82.0,88.21000316337219
82.0,80.30000316214749
77.0,82.38000302498232
77.0,78.31000267104713
58.0,78.01000280576294
30.0,61.79000046170783
46.0,38.68999953829217
40.0,45.98999950645026
28.0,44.119999304376535
24.000002,30.719999397452916
37.0,36.95999954441562
31.0,46.03999934356659
47.0,34.85999930192716
44.0,53.11999994611367
52.0,49.75999918190762
41.0,62.239999985303726
37.0,45.70999911944847
35.0,37.07999914761632
24.000002,36.27999927498399
22.0,34.71999959340319
40.0,31.489999523595905
37.0,42.679999225996426
35.0,40.009999170885415
30.0,39.249999185581686
54.0,33.269999408475115
47.0,56.14999970240053
36.0,51.08999944031704
51.0,42.609999185581685
28.0,52.57999963994138
45.0,33.57999945868737
43.0,48.16999938643071
47.0,46.4699993202975
42.0,51.299999659536404
57.0,48.43999944154173
31.0,63.79000064786058
52.0,40.17999945378862
57.0,65.67000088789968
50.0,64.12000069562346
39.0,52.16999966076109
34.0,45.97999940969981
40.0,37.07999932397156
43.0,42.64999912189785
38.0,43.759999172110106
44.0,39.29999911087564
45.0,46.619999350914725
45.0,47.08999918558169
45.0,47.52999924926552
41.0,47.15999934356659
38.0,43.35999916231259
29.0,42.23999937785789
20.0,32.869999202727335
14.0,30.799999505225564
24.000002,22.249999445215796
22.0,39.179999772207815
21.0,36.119999598301945
21.0,33.569999587279746
25.0,27.00999949910212
25.0,27.13999940480105
21.0,28.579999424396078
17.0,29.089999306825913
13.0,28.799999304376534
10.0,29.33999941949732
18.0,25.099999429294833
30.0,22.659999434193594
31.0,35.6499995578872
32.0,31.17999921374954
26.0,32.97999917945824
21.0,25.239999382756647
38.0,25.679999270085236
53.0,42.16999928845558
50.0,53.04999900432769
54.0,55.37999947338364
47.0,56.389999555437825
54.0,54.78999967300798
41.0,57.039999720770865
41.0,47.459999502776185
33.0,47.33999959585256
33.0,42.03999939255416
25.0,42.169999239468005
27.0,31.469999501551495
24.000002,30.129999459912067
45.0,34.409999376633195
45.0,51.64999952849466
48.000004,51.92999935703818
42.0,53.74999948685523
40.0,44.45999932152219
40.0,44.639999123122536
53.0,46.17999918925575
53.0,53.41999963504262
48.000004,53.01999940969981
45.0,44.55999944644048
47.0,45.28999917088541
45.0,47.22999926641117
33.0,47.01999916476197
27.0,36.63999890757724
30.0,31.019999174559484
36.0,35.369999366835685
35.0,44.789999232119875
25.0,41.16999918558168
29.0,25.90999960442539
31.0,31.18999941827263
26.0,31.019999194154508
25.0,34.659999414598566
31.0,37.57999939990229
38.0,32.28999932274687
46.0,48.64999936683569
54.0,53.89999932152219
54.0,69.48000121489167
45.0,63.040000867079954
39.0,48.749999354588795
34.0,45.089999136594116
29.0,38.82999926641118
29.0,31.63999947093427
27.0,30.179999502776187
30.0,31.619999336218456
32.0,35.29999957135878
35.0,36.759999510124324
55.0,45.2899990141252
64.0,60.47000023146625
71.0,68.9700022668997
67.0,75.73000253633133
72.0,71.90000203543343
68.0,72.19000279351606
45.0,67.86000119774603
39.0,49.989999065562145
28.0,45.80999940112698
18.0,32.029999462361445
25.0,29.539999130470672
25.0,36.53999952726997
25.0,36.1899996485142
21.0,36.95999948563054
29.0,34.709999261512415
33.0,35.44999958238098
29.0,41.429999251714904
31.0,30.37999941949732
38.0,31.399999353364105
36.0,45.11999933866784
35.0,44.0399990594387
44.0,46.819998973710454
51.0,48.2399993092753
58.0,55.12999949420336
80.0,59.90999971219804
67.0,84.22000291720967
61.0,68.1200016557798
57.0,64.57000080707019
60.0,57.45999988487922
55.0,61.42000010532327
52.0,56.919999461136754
59.0,51.249999616672284
54.0,58.039999323971564
43.0,55.189999388880096
32.0,45.759999377857895
47.0,31.019999301927157
15.0,49.98999963381793
37.0,23.089999350914727
23.0,41.69999925783834
18.0,35.18999934969004
19.0,23.90999957380816
28.0,26.249999489304606
28.0,36.9899994329689
25.0,33.35999927988275
23.0,24.559999441541727
32.0,23.25999940480105
45.0,35.459999375408515
37.0,45.9099994672602
39.0,39.41999913536943
38.0,40.62999892839695
32.0,40.75999914761633
33.0,35.729999156189145
27.0,41.54999939377885
26.0,28.719999348465347
23.0,27.65999946848489
35.0,25.279999466035513
40.0,38.899999003103
33.0,42.559999054539944
33.0,40.559999152515076
27.0,37.70999902147333
38.0,27.7499994672602
32.0,40.63999928968027
24.000002,31.719999323971564
27.0,26.91999954931438
24.000002,30.36999945011455
24.000002,25.839999446440483
23.0,26.049999401126986
24.000002,24.36999939132947
24.000002,26.059999399902292
29.0,25.28999929825309
27.0,33.039999132920045
24.000002,31.24999906801152
41.0,28.189999295803712
29.0,42.70999929090496
12.000001,31.269999094954684
10.0,23.709999276208688
34.0,23.549999349690037
36.0,40.779999292129645
30.0,41.8799992064014
38.0,27.18999949665274
35.0,40.94999917333479
36.0,40.66999914884101
35.0,43.90999924191739
25.0,40.99999919660389
31.0,33.65999945868737
26.0,32.40999928845558
21.0,31.849999337443144
27.0,29.13999928723089
30.0,32.76999947950709
25.0,32.71999937785789
25.0,27.309999364386307
25.0,26.449999371734442
25.0,25.569999459912065
23.0,26.559999328870322
30.0,24.20999942072201
40.0,36.20999930315185
60.0,47.41999919415451
51.0,64.50000117815101
48.000004,52.729999357038174
45.0,50.93999917455948
35.0,44.00999921007547
25.0,39.1799994782824
35.0,25.049999327645633
39.0,38.34999916843604
51.0,42.07999926028773
33.0,50.96999931784812
35.0,38.01999887573532
30.0,37.23999908883124
34.0,29.87999922599643
31.0,40.12999927375931
30.0,32.08999948440585
28.0,33.08999918558169
22.0,31.35999916231259
21.0,23.90999954564031
23.0,24.419999326420943
20.0,23.45999950277619
18.0,22.399999446440482
19.0,22.09999941827263
20.0,24.029999535842794
31.0,27.599999279882752
32.0,34.92999945991207
45.0,34.99999948073178
60.0,46.55999941704794
56.0,57.330000204523095
64.0,56.229999418272634
46.0,63.42000017390586
42.0,45.95999917700886
27.0,40.52999903861898
20.0,28.719999279882753
20.0,25.469999310499983
23.0,26.799999265186482
26.0,27.499999370509755
23.0,32.85999919415451
18.0,25.179999390104783
46.0,22.069999566460027
33.0,54.499999620346344
31.0,37.93999895411543
32.0,32.319999338667834
33.0,32.73999932642094
29.0,36.44999911699909
27.0,30.409999415823254
28.0,31.759999328870318
39.0,32.23999921130016
54.0,42.47999915251507
57.0,62.7100001922762
39.0,64.94000100669452
51.0,44.85999923334457
58.0,53.16999914639163
47.0,60.12999978323001
36.0,51.00999954808969
41.0,46.31999916231259
37.0,43.55999915741383
58.0,46.689999156189145
26.0,57.6999995811563
30.0,32.21999932152219
27.0,31.589999114549713
22.0,28.289999214974223
19.0,29.259999233344566
30.0,27.749999276208687
28.0,36.46999930070247
30.0,32.99999929457903
36.0,32.9199994219467
45.0,38.39999918190762
41.0,46.489999219872985
39.0,43.17999894921667
40.0,41.20999896513763
37.0,44.64999919048044
31.0,48.63999890757724
40.0,32.89999919905326
56.0,47.52999924926552
46.0,61.29000015063677
40.0,49.88999925416428
45.0,43.419999292129646
37.0,45.36999920027796
45.0,44.6199994782824
41.0,46.829999413373876
41.0,43.859999355813486
39.0,44.39999921130016
40.0,42.51999930437654
45.0,42.98999931539874
45.0,47.8399993190728
47.0,46.94999922232236
47.0,52.02999934479128
50.0,52.89999940480105
50.0,53.50999963381793
47.0,52.96999968035612
41.0,50.50999960932415
58.0,43.73999907658435
64.0,57.2899997391412
59.0,62.79000018247869
53.0,58.319999603200706
42.0,53.54999923701863
38.0,45.47999921619892
29.0,41.219999287230884
33.0,31.95999908883124
29.0,42.199999343566596
31.0,31.579999311724674
24.000002,32.94999915373977
18.0,31.209999455013307
9.0,25.399999475833027
10.0,26.539999474608337
11.0,22.47999948195647
3.0000002,23.77999940357636
27.0,25.859999507674946
36.0,31.389999589729122
22.0,43.02999911454971
32.0,31.429999570134093
22.0,30.859999331319703
25.0,32.49999944888986
35.0,34.52999938643072
36.0,42.40999934724066
33.0,39.70999926641117
33.0,37.41999914516694
33.0,35.5999991721101
25.0,35.32999901902395
29.0,26.149999447665174
37.0,33.809999430519525
58.0,39.63999918680638
54.0,57.039999544415615
39.0,52.22999924191739
28.0,41.00999914639163
24.000002,31.48999928355682
18.0,31.519999505225563
18.0,26.45999928233213
19.0,26.37999931172467
22.0,31.209999415823255
21.0,33.45999932642094
23.0,30.29999956156127
20.0,29.059999566460025
26.0,30.749999486855227
21.0,36.80999952849466
10.0,31.689999504000873
18.0,28.89999926886055
30.0,27.17999928723089
42.0,36.39999977955595
52.0,48.209999322746874
54.0,54.22000002694316
55.0,51.179999595852564
53.0,52.5499998297682
58.0,53.61999945378862
64.0,59.200000083278866
66.0,65.82000058540143
66.0,68.64000147452579
76.0,68.34000184438193
60.0,78.09000260001515
64.0,63.410000478853476
60.0,63.460000012246894
68.0,58.63000028045383
60.0,69.42000245672652
70.0,61.05000033678953
65.0,69.14000178559685
70.0,71.70000170721674
75.0,75.54000194235707
75.0,81.96000254735354
84.0,78.70000237834643
64.0,88.5300028106617
62.0,67.99000146595297
61.0,67.38000062949025
57.0,70.86000102628955
54.0,62.24999987630639
52.0,54.89999986528419
57.0,60.46000057560393
55.0,57.479999980404976
50.0,58.64999996448401
58.0,61.47000097117853
45.0,62.40000020084903
45.0,62.55999922109768
45.0,51.649999371734445
54.0,51.08999951869714
53.0,59.390000618468044
70.0,56.600000166557734
59.0,80.30000312295745
60.0,59.569999695052395
60.0,66.33000031719449
55.0,65.22000046293252
60.0,57.36999965096358
61.0,63.730000282903205
62.0,62.85000058662612
58.0,66.84000110711904
72.0,64.81000062091742
75.0,73.92000282658266
76.0,76.86000272125939
78.0,78.69000291843436
65.0,80.90000242243524
58.0,63.12000015186146
54.0,63.52000045558438
49.0,54.35999977465719
56.0,53.92999977833126
64.0,59.520000083278866
66.0,65.9700007139938
44.0,68.98000129572117
52.0,45.82999926151242
52.0,53.57999961544759
53.0,52.039999431744214
66.0,52.53999935091473
56.0,68.03000204890503
69.0,56.33999966933391
41.0,68.83000167659951
39.0,45.11999926028772
38.0,42.53999924314208
51.0,42.43999921619891
31.0,62.17000047395472
38.0,37.19999923089519
36.0,49.65999891982413
39.0,46.80999896513763
46.0,49.859998973710454
52.0,54.05999957625754
55.0,58.7200006907247
56.0,57.63999984323978
57.0,55.77999981629662
59.0,58.97000004286412
60.0,59.94999955053907
58.0,60.18999967790674
59.0,60.43999993141741
55.0,60.38000011512079
49.0,55.67999957380816
59.0,51.409999342341905
45.0,59.13999967913143
31.0,46.579999355813484
49.0,30.859999292129643
43.0,51.5299997391412
46.0,48.07999952482059
38.0,49.69999926763586
48.000004,43.529999210075474
40.0,51.83999976975843
28.0,44.45999972322024
50.0,29.83999951502308
25.0,52.80000031841919
41.0,31.859999600751323
43.0,45.349999379082576
47.0,47.42999928110744
42.0,49.98999943786766
40.0,42.86999915373976
36.0,41.91999912312254
30.0,35.78999908025842
32.0,33.289999317848114
35.0,36.14999926151241
30.0,42.22999915373977
33.0,32.89999927743337
35.0,43.23999917700886
32.0,44.659999434193594
30.0,32.49999925783835
44.0,29.689999308050606
33.0,47.419999507674945
27.0,37.91999906433745
30.0,33.959999441541726
51.0,34.2299994672602
23.0,55.43000030004885
30.0,33.15999939255416
34.0,35.099999488079916
50.0,42.4399992064014
44.0,62.750000383327716
43.0,50.549999310499985
34.0,51.11999946603551
29.0,36.85999923334457
27.0,32.829999325196255
26.0,31.149999472158957
30.0,27.039999417047945
25.0,32.28999939132947
40.0,27.559999216198914
38.0,45.99999927008524
46.0,43.269999281107445
46.0,49.95999960809946
44.0,49.24999937173445
49.0,44.68999924436677
49.0,49.499999488079915
39.0,48.799999358262866
56.0,41.23999912802129
37.0,58.82000065888279
53.0,42.23999910352751
23.0,55.540000002449375
24.000002,33.54999955053906
30.0,35.97999963504262
32.0,31.129999494203364
54.0,33.2299994329689
42.0,57.02999994733837
31.0,47.39999947093427
34.0,31.379999355813485
44.0,35.78999927620868
39.0,46.55999943664297
36.0,42.129999146391626
41.0,39.57999913536943
52.0,46.27999933376908
53.0,54.52999945011455
52.0,56.259999365610994
52.0,53.89999918435699
54.0,56.159999475833025
53.0,56.5899996485142
52.0,53.699999522371215
49.0,52.0199992970284
51.0,49.2099995921785
59.0,52.8199994341936
54.0,57.69999934601597
42.0,57.03999956401065
57.0,45.169999224771736
61.0,58.679999833442274
53.0,59.85000009185169
52.0,54.24999936683568
52.0,55.22999965831172
62.0,54.819999385206025
55.0,63.96000012736768
53.0,56.89999956156127
42.0,52.59999928478151
27.0,41.879999245591456
20.0,29.92999934724066
16.0,22.719999505225566
33.0,20.479999730568377
43.0,41.22999906066338
47.0,47.729999459912065
52.0,49.539999483181155
62.0,55.089999459912065
65.0,62.650000728690074
64.0,68.79000175987838
67.0,64.75000037353021
67.0,70.43000222526027
64.0,69.51000182846096
63.0,64.61000048865098
67.0,64.05000059642364
48.000004,68.58000150146896
43.0,51.5399994341936
40.0,47.79999940235167
43.0,45.469999246816144
44.0,47.57999921374954
49.0,46.889999601976015
39.0,50.58999934479128
34.0,45.54999925661365
36.0,36.88999928845558
32.0,36.769999332544394
30.0,32.629999173334795
30.0,33.46999917823355
41.0,33.679999201502646
56.0,46.18999908025841
40.0,58.34999974648934
41.0,45.049999259063036
35.0,47.09999915496446
36.0,42.92999938153196
43.0,45.5699996264698
36.0,43.66999952604528
58.0,41.07999932397156
48.000004,58.44999991059769
39.0,51.959999637492
28.0,42.0799992406927
30.0,28.669999501551498
51.0,30.039999490529294
51.0,52.98000012001954
36.0,51.64999972444493
44.0,42.18999912924598
40.0,46.90999961912166
41.0,46.57999933621846
33.0,45.06999929580371
37.0,36.14999913414474
33.0,36.44999908760655
31.0,36.05999895901419
47.0,33.26999912434723
44.0,46.77999931172467
47.0,47.629999099853435
48.000004,48.60999943051953
52.0,48.719999407250434
53.0,57.13999937540851
70.0,55.539999179458235
58.0,64.92000181254001
52.0,60.60999960687477
39.0,49.45999925783835
38.0,40.87999927008524
31.0,42.11999945133924
34.0,32.92999942072201
32.0,39.6399992064014
51.0,35.62999923701863
17.0,54.6099995578872
64.0,22.789999379082577
69.0,72.32000180764126
74.0,89.13000218851958
76.0,77.51000320011286
68.0,77.36000248366969
65.0,66.14000117325224
64.0,67.20000106303023
64.0,63.900000193500894
58.0,62.77999978200532
47.0,58.16999935703817
30.0,49.589999604425394
48.000004,30.90999925661366
30.0,52.459999282332134
52.0,35.339999390104786
79.0,51.6899994452158
80.0,88.34000288291837
81.0,85.59000268084465
75.0,81.93000256082512
72.0,74.1400025840942
62.0,70.670002391818
64.0,66.90000064908527
64.0,66.02000091361815
63.0,65.68000070052221
66.0,64.3800000563357
62.0,68.68000131286682
66.0,65.1900005547842
61.0,68.06000203543344
56.0,64.65000028780196
49.0,55.79999963749199
45.0,50.32999933744315
53.0,46.92999914639163
55.0,52.40999912189785
50.0,56.209999440317034
54.0,51.96999933254439
54.0,54.40999934724066
56.0,54.90999922722112
55.0,58.65999958115629
54.0,56.66999932519625
54.0,52.09999928723089
59.0,52.05999913536943
57.0,58.6099992639618
59.0,57.59999976975843
60.0,59.93999918925576
63.0,60.7299995921785
59.0,64.87000039802399
60.0,59.42999922232236
61.0,64.29000017513056
67.0,63.49000019472559
65.0,71.69000260001516
69.0,74.41000222770965
79.0,73.96000325277451
79.0,84.63000256327449
73.0,86.89000230608976
61.0,74.19000286209865
64.0,58.69999930192716
66.0,63.67000046660659
69.0,69.75000089769719
78.0,70.77000232078603
81.0,87.530003207461
77.0,84.63000299436509
76.0,79.58000321113506
68.0,78.62000285842458
68.0,72.38000244692901
75.0,72.5300019484805
64.0,76.54000311315993
64.0,63.91000012369361
53.0,62.85000027310569
42.0,53.84999949420336
46.0,44.76999915618915
48.000004,48.669999383981335
51.0,49.24999956768472
63.0,54.23999947583303
61.0,66.8900009736279
78.0,63.47000076543075
87.0,88.16000265022741
81.0,91.94000271636064
75.0,82.20000271391125
75.0,72.67000216647519
72.0,83.86000129572116
71.0,72.91000254857822
70.0,71.73000224240592
60.0,72.66000260858799
62.0,62.25000050334726
67.0,62.95000020207372
60.0,70.72000243468212
69.0,63.520000729914756
61.0,74.28000297844412
60.0,66.90000088422559
40.0,62.92999975383747
47.0,50.169999748938714
42.0,54.52000024493784
40.0,48.65999949297867
51.0,48.39999932887032
46.0,61.75000081931707
31.0,52.58999972689431
32.0,40.14999914394225
30.0,37.67999930927529
25.0,36.11999935336411
21.0,32.32999934724066
31.0,32.09999940480105
47.0,34.789999545640306
44.0,53.749999859160745
49.0,47.669999369285065
52.0,51.49999987018295
59.0,50.739999492978676
54.0,61.400000048987565
60.0,58.91000006980728
65.0,67.31000111814124
63.0,65.05000082666521
62.0,72.17000101281796
63.0,63.87000083401334
63.0,64.28000055845827
59.0,63.9500005890755
54.0,58.4599993313197
64.0,53.9399990814831
68.0,64.75000088300091
64.0,70.62000219219367
61.0,66.82000112916343
62.0,63.410000282903205
64.0,64.06000068337657
68.0,66.81000108140056
71.0,77.42000284862706
70.0,80.42000310826117
70.0,74.50000265757556
79.0,72.0600018590782
84.0,83.25000314377716
83.0,84.61000270288905
83.0,80.72000289516525
74.0,85.76000317929315
71.0,71.40000211626294
47.0,72.02000268696808
67.0,49.31999915741383
81.0,69.550001666802
94.0,87.38000280453826
67.0,96.68000325277451
60.0,66.66000181498939
52.0,61.41999998775311
52.0,52.12999939132947
48.000004,48.74999898228328
38.0,48.13999965463765
44.0,40.84999918558169
54.0,45.58999944766517
54.0,64.38000044823625
63.0,65.18000097730197
103.0,69.8900012920471
83.0,121.12000116100535
80.0,95.37000220811463
73.0,89.02000213340857
76.0,70.9300023795711
77.0,73.3700026294077
79.0,74.60000250816347
79.0,77.27000275922475
63.0,78.53000242855867
54.0,60.87999995591119
51.0,54.85999922354705
46.0,53.55999948073178
53.0,48.659999434193594
48.000004,56.23999923089519
40.0,48.72999927865806
30.0,41.70999899208079
21.0,29.189999085157172
33.0,23.229999540741552
35.0,36.649999082707794
40.0,40.569999004327684
43.0,47.84999934724066
51.0,50.14999937908258
60.0,58.30000013471581
80.0,63.59000008450355
57.0,90.40000288536774
72.0,59.42000019350089
54.0,78.51000237222297
53.0,65.9000012810249
55.0,69.67000169129578
66.0,57.89000037108082
61.0,74.41000160066878
59.0,63.85000093443785
62.0,59.74999969260301
70.0,64.17000018982682
75.0,75.7000025498029
75.0,80.43000245060307
67.0,76.70000297599475
63.0,71.5000014965702
64.0,65.2200007372629
68.0,63.77000047395472
68.0,69.6200019619521
71.0,70.40000180764125
67.0,73.22000293190594
76.0,71.39000249959065
70.0,82.47000302375763
69.0,73.36000293435531
66.0,73.9600028216839
73.0,74.32000203298408
75.0,77.84000289516526
81.0,79.6500028792443
84.0,89.56000326257202
97.0,97.57000280086419
101.0,101.33000320256225
97.0,98.1700029233331
95.0,88.91000321480914
94.0,87.77000309968835
91.0,89.30000280453825
90.0,87.1000036618207
87.0,87.51000381735622
89.0,85.970003751223
96.00001,89.28000357119369
109.0,98.94000358344059
78.0,106.35000280331357
62.0,75.98000177090059
63.0,64.64000098465011
56.0,62.80000046538189
53.0,56.72999969015363
70.0,55.7699998861039
62.0,73.44000245427715
62.0,69.5000009185169
63.0,66.68000061724337
55.0,66.96000038700178
52.0,55.57999984079041
48.000004,67.30000020819716
58.0,51.859999512573694
58.0,58.49999963994138
62.0,60.65999964973889
75.0,62.95000016288367
84.0,75.09000257552138
80.0,83.63000307764395
78.0,79.10000307396987
58.0,75.29000302130824
61.0,58.049999489304604
66.0,60.53999986038543
56.0,70.02000199134463
63.0,56.949999486855226
83.0,65.87000125530643
83.0,87.93000213953202
79.0,80.59000286209866
86.0,75.6300026073633
93.0,81.53000304090328
81.0,92.46000355404804
71.0,77.13000322705602
69.0,68.660001178151
74.0,67.65000156637748
77.0,74.17000221791213
80.0,77.00000276289882
72.0,80.86000321113507
68.0,74.13000300661197
66.0,67.1300019827718
59.0,64.72000073971228
59.0,57.84999986650888
47.0,58.09999917945824
42.0,48.02999924681614
42.0,42.79999934846534
41.0,43.82999927130993
34.0,43.09999913536943
31.0,38.69999916476197
53.0,36.309999379082576
59.0,48.909998982283284
81.0,60.04999971464741
74.0,82.18000308866615
145.0,72.8100022668997
95.0,124.60999988120516
69.0,93.80000340953472
58.0,62.98000042374247
57.0,60.92999995958525
50.0,57.60999954319092
57.0,47.06999957993161
46.0,57.539999953461816
38.0,49.28999926886055
72.0,43.96999923456925
122.0,72.65000201216435
87.0,120.75000002081971
71.0,85.34000266247432
59.0,64.59000066745561
47.0,57.679999603200706
36.0,39.28999892594757
30.0,37.96999937173444
23.0,29.509999506450256
20.0,22.96999940602574
20.0,23.799999270085237
80.0,27.00999911699909
81.0,96.62000206482598
83.0,85.8100025951164
81.0,94.20000269431623
83.0,86.29000355527273
86.0,91.35000303355514
88.0,90.98000322583134
97.0,93.2700030727452
95.0,105.00000278249385
91.0,99.75000318051784
89.0,86.54000271146188
75.0,88.35000273473096
79.0,68.53000112548936
68.0,80.5500028669974
61.0,65.54000101159328
54.0,61.120000122468916
53.0,55.02999980037566
48.000004,56.329999699951145
37.0,52.77999936071224
31.0,40.07999913292005
30.0,32.669999383981335
42.0,34.049999352139416
55.0,46.959999132920046
97.0,60.199999882429836
122.0,106.8200024616253
122.0,127.10000080094673
98.0,127.4199999779556
84.0,97.54000351975675
71.0,86.4100032662461
80.0,71.99000191663859
79.0,86.20000347811731
79.0,85.14000264777803
76.0,81.74000345607291
72.0,76.94000255470166
64.0,70.98000179539436
58.0,63.97000048865099
56.0,58.73999957135878
55.0,57.20999947460834
54.0,56.709999477057714
52.0,57.66999973179307
54.0,53.759999691378326
53.0,57.949999717096794
52.0,55.35999945623799
53.0,57.56999974403996
56.0,54.94999937908258
57.0,60.15000023146626
59.0,57.50999981017318
77.0,65.60000024003908
78.0,97.7500030727452
86.0,90.59000277392103
87.0,92.20000290006402
90.0,97.42000318174253
105.0,97.02000362263064
111.0,114.44000139124692
98.0,116.52000199869276
101.0,99.1700024481537
113.0,108.2700023330329
93.0,113.41000242855867
88.0,86.99000321480914
94.0,81.11000275922476
93.0,97.7700027763704
85.0,94.01000304090327
81.0,79.10000326992015
74.0,78.71000289638994
61.0,69.89000156637748
65.0,61.8200005658064
60.0,71.11000206360129
52.0,64.53000077277889
41.0,61.22000005143695
37.0,46.57999929702841
53.0,46.49999918925575
56.0,53.87999961789697
59.0,61.35000035883393
65.0,60.3099994672602
113.0,75.25000188969543
136.0,131.9499986491678
110.0,145.48999755919445
91.0,113.58000245672652
90.0,88.30000249591659
89.0,91.59000280821232
86.0,95.0400026306324
83.0,91.17000229139349
79.0,85.59000256327448
74.0,80.83000279351606
67.0,75.90000256449918
59.0,66.70000094790943
58.0,68.72000115120784
54.0,58.80999947460833
59.0,54.66999960932415
43.0,61.07000000122469
38.0,58.299999350914725
51.0,49.45000020942185
52.0,57.12999999387655
61.0,58.27000026575756
79.0,79.57000163496008
97.0,91.23000281311108
109.0,108.45000162516256
96.00001,117.2700013483828
88.0,94.3100032197079
92.0,88.1700031290809
87.0,99.06000294170344
80.0,93.58000251551161
71.0,79.47000284250363
72.0,71.33000225220343
71.0,78.59000220566524
79.0,70.71000226934908
85.0,84.290002663699
90.0,86.37000284005424
87.0,89.42000314255247
68.0,85.89000321235976
58.0,64.36999996938277
56.0,60.83999976485968
47.0,56.319999652188265
48.000004,56.58999945256393
55.0,51.46999955053907
58.0,56.63999961299821
59.0,62.47000030004885
66.0,61.7399999877531
72.0,72.34000245182777
71.0,77.29000289394057
65.0,71.92000228771943
65.0,69.51000175008086
68.0,69.08000153820963
66.0,68.54000221178869
68.0,69.08000110711903
71.0,69.54000248122031
70.0,71.38000260858799
72.0,72.88000338504094
74.0,76.00000288536773
75.0,74.67000221546276
78.0,74.29000235997609
70.0,79.90000278004447
66.0,68.66000164843166
55.0,66.67000096138102
50.0,55.799999598301945
54.0,53.28999936683569
54.0,58.91999929457902
62.0,59.41999968403019
67.0,71.07000163740946
89.0,69.32000131286681
93.0,90.81000280576295
93.0,102.56000257184732
89.0,100.40000228771942
91.0,89.44000370835887
90.0,90.160003424231
101.0,92.41000304090328
110.0,101.18000295639972
121.0,109.3700024922425
108.0,121.43000123081265
120.0,103.32000290986153
107.0,116.8300015982194
89.0,102.20000277269634
81.0,81.57000213463327
82.0,78.11000253878069
83.0,80.71000288659243
81.0,82.49000304090328
66.0,78.87000248489439
58.0,63.94000069807284
58.0,59.35999971097335
62.0,60.22999979057815
56.0,63.48000081319362
61.0,55.81999961544759
77.0,66.9000013936963
88.0,84.34000258899296
76.0,97.99000237712173
83.0,87.53000261961019
80.0,88.14000271146189
71.0,82.40000272860753
64.0,69.11000156392811
64.0,71.46000146227891
73.0,69.37000127735084
71.0,75.21000310948587
70.0,73.94000241263771
65.0,72.28000255715104
66.0,67.73000190929046
79.0,66.72000096505508
65.0,84.37000316337219
66.0,67.53000181621408
64.0,65.89000052784104
59.0,64.31000079972205
56.0,56.599999539516865
54.0,55.19999955421313
58.0,53.269999584830366
46.0,57.01999923334456
44.0,48.79999906433745
51.0,45.159999079033724
51.0,51.8699992860062
57.0,53.039999426845455
56.0,58.03999944154173
60.0,56.579999561561266
59.0,60.399999818746
55.0,59.05999955176375
50.0,56.29999963504262
40.0,51.01999934111721
28.0,44.74999917823355
22.0,34.08999898473266
21.0,27.55999931417405
23.0,31.649999019023955
26.0,31.439999093729995
46.0,33.02999935948755
60.0,49.86999949175399
63.0,57.69999997305684
62.0,67.41000163496007
60.0,62.08000086707995
71.0,58.70999981997069
80.0,71.3500019950187
77.0,84.88000254245478
69.0,75.42000328951518
63.0,66.12000143043699
60.0,61.13000028780196
63.0,61.880000068582596
61.0,65.10000079114923
61.0,62.14000019350089
65.0,62.07000011389609
58.0,67.27000092708971
60.0,60.279999637492
55.0,62.98999988365453
63.0,59.88000037230552
80.0,78.77000212483576
87.0,96.77000278126917
91.0,104.21000261471143
103.0,97.90000292700718
106.0,115.38000188357199
99.0,107.67000275922476
98.0,102.8700027984148
99.0,101.33000288904181
93.0,101.4800027433038
77.0,94.60000241018834
78.0,73.67000253388194
78.0,78.04000204768035
72.0,77.27000236732422
64.0,68.70000238814393
60.0,62.57000009185169
58.0,59.609999611773524
55.0,59.57999942929484
60.0,58.219999674232675
63.0,59.96999988120515
67.0,63.23000071644318
62.0,67.14000136430377
60.0,60.16999969995114
60.0,64.09999938520602
63.0,60.18999979547691
62.0,66.6900016447576
59.0,67.65000156637748
54.0,62.79000018247869
59.0,56.62000022289343
73.0,65.65000094913412
75.0,80.77000242855868
78.0,75.78000246162529
80.0,84.76000306662174
73.0,83.17000303600452
68.0,73.53000317806845
65.0,67.3300007041963
63.0,73.38000091361813
62.0,73.22000116835349
60.0,65.06000071766786
59.0,60.25000019962434
61.0,62.03000023636502
58.0,70.77000040047336
54.0,60.98999985426199
61.0,55.74999951624777
63.0,62.51000068705064
67.0,65.74000114385971
66.0,71.96000255715104
70.0,71.98000245672654
64.0,74.02000252041037
72.0,76.5900020978926
73.0,79.96000236120076
77.0,82.31000198522118
86.0,86.26000278494323
111.0,93.8200033091102
142.0,128.3499996387167
154.0,147.36999556540042
152.0,156.2899953743489
131.0,140.39999668354167
122.0,120.6800018027425
101.0,112.75000264655336
91.0,89.0700031952141
77.0,82.43000338136686
72.0,73.99000288659244
67.0,69.02000183948317
61.0,66.18000144268387
59.0,61.11000003551599
61.0,61.16000023514032
65.0,62.65000018002931
61.0,66.78000117325226
67.0,63.15000002081972
59.0,70.65000198277181
68.0,57.5699991953792
78.0,72.53000253633132
80.0,86.56000265022742
81.0,91.59000312173276
71.0,89.17000269309153
75.0,68.63000189704356
76.0,73.26000257429669
70.0,76.17000326624608
71.0,68.69000234038106
74.0,70.55000268084466
71.0,74.09000285475051
59.0,69.70000273595566
50.0,59.6799996717833
52.0,50.03999928478151
61.0,54.22999938888009
62.0,61.03000000612345
69.0,61.40000016655773
58.0,72.41000251183753
80.0,58.30999971219804
68.0,82.15000259266704
72.0,68.35000142186415
89.0,70.98000273595567
66.0,91.81000354547521
69.0,70.71000203420876
95.0,70.22000220199118
101.0,102.16000144513325
92.0,104.25000296252317
85.0,94.64000260123984
81.0,78.65000296252316
79.0,79.53000301151074
79.0,79.49000305559954
75.0,79.86000258899297
72.0,73.36000324787575
68.0,71.47000256817324
69.0,70.00000209176915
62.0,70.14000217259863
57.0,64.71000104465989
55.0,57.999999838341026
70.0,57.67999979915097
72.0,72.68000215545298
77.0,72.50000266737307
67.0,77.70000273595566
74.0,68.54000213340858
64.0,77.18000225097873
70.0,66.44000154800715
71.0,70.86000220199116
80.0,70.10000237344767
85.0,87.3800027653482
77.0,84.730002844953
65.0,80.75000264655336
63.0,68.45000135083218
50.0,64.07000012369362
41.0,48.14999934969004
50.0,40.78999933009501
53.0,50.099999492978675
33.0,51.02999931049999
25.0,36.219999546865
33.0,25.199999505225566
33.0,41.869999717096796
52.0,41.839999466035515
51.0,53.94999922722111
57.0,54.729999033720226
57.0,59.33000003796536
62.0,57.75000021187123
63.0,65.2500005670311
61.0,82.45000081196893
59.0,70.880001631286
93.0,70.99000139247161
122.0,106.30000217259864
111.0,125.03000008450356
113.0,114.53000127245207
114.0,111.10000244692901
112.0,112.40000277759509
96.00001,109.9200030029379
108.0,92.66000278494323
137.0,107.71000263675583
133.0,144.11999650228768
125.0,129.7599992406927
121.0,115.94000212850982
102.0,114.10000227547252
84.0,97.1600030372292
92.0,81.48000299803915
94.0,96.11000346954448
102.0,97.86000301028604
130.0,103.33000256572386
127.0,134.9299985389458
111.0,125.03000016288367
115.0,103.26000278004447
107.0,105.14000266737307
102.0,100.08000287557024
101.0,97.64000290006402
113.0,97.42000294660221
89.0,109.66000317194502
85.0,84.23000327849297
74.0,83.92000309111553
80.0,77.02000356384556
73.0,87.15000276412351
84.0,76.72000232690947
90.0,90.70000278984197
94.0,95.32000259634108
80.0,95.83000334707556
71.0,73.29000291353559
61.0,65.71000053029043
56.0,60.829999638716686
52.0,54.25999953216873
51.0,51.56999945991207
59.0,52.64999956278596
63.0,67.03000130919274
66.0,73.64000125408172
63.0,73.57000178192278
57.0,65.53000092464035
54.0,58.02999994243961
56.0,54.22999958483037
68.0,56.02999952114652
68.0,70.77000220321587
62.0,71.17000246774873
79.0,69.00000197909773
78.0,88.67000293068125
85.0,85.72000275310131
100.0,96.90000210891479
104.0,107.6800020623766
93.0,110.57000265880023
95.0,92.62000275065193
103.0,98.14000317194503
95.0,110.5600011218153
94.0,92.06000336789529
93.0,94.3500034107594
93.0,95.0600027653482
93.0,95.08000293925407
79.0,91.58000326992014
56.0,76.10000195215457
56.0,57.74999962402042
55.0,59.24000003919005
52.0,62.040000048987565
49.0,52.83999925538897
79.0,51.89999968403019
68.0,96.31000238691925
68.0,74.47000188724604
71.0,68.5600018370338
64.0,75.18000190806576
59.0,67.90000054621137
68.0,64.70000072256663
68.0,71.75000269064216
68.0,70.1400023685489
75.0,74.55000277881977
77.0,79.9900028571999
76.0,88.75000248979313
75.0,81.56000259634109
65.0,74.9300028694468
57.0,67.84000106303021
53.0,57.76999956278596
48.000004,50.91999909862875
47.0,48.41999956156126
48.000004,51.809999312949365
52.0,52.45999943909235
48.000004,55.26999965341296
55.0,55.329999704849904
50.0,59.66000008572824
54.0,53.25999971342272
61.0,56.45000003796536
55.0,78.490001394921
53.0,66.19999938275664
55.0,56.049999342341906
57.0,59.44999994488899
65.0,59.00999972444493
67.0,76.63000189704356
97.0,74.48000252285975
92.0,112.58000034536235
138.0,96.30000316214749
152.0,149.28999587892085
134.0,149.14999544538088
108.0,123.54000151126647
85.0,96.81000301151073
75.0,78.2400034340285
70.0,67.61000090504533
65.0,67.56000152841212
59.0,63.81000074338635
56.0,59.45999952237121
55.0,62.62999965341296
59.0,58.419999610548835
69.0,60.230000104098586
61.0,76.54000236854891
62.0,70.66000061969274
66.0,74.0300008046208
59.0,77.45000232568478
70.0,58.26999912924598
61.0,75.5700025167363
76.0,78.6200020746235
80.0,84.54000370101076
88.0,88.29000315357467
79.0,98.00000238569456
73.0,83.98000294660221
77.0,75.99000252408443
79.0,80.8800029931404
92.0,80.90000320623632
93.0,99.37000308989083
92.0,99.8900025951164
84.0,102.30000195705334
80.0,87.2600033678953
79.0,82.2600027653482
81.0,83.49000303600451
62.0,83.1100031413278
55.0,73.05000082666521
59.0,58.629999712198035
58.0,57.2399998530373
59.0,62.67000019717496
75.0,61.439999730568374
76.0,92.75000282290858
97.0,90.96000269921498
84.0,107.57000212483577
107.0,89.38000267717058
98.0,113.72000179294498
88.0,102.16000332625586
77.0,99.69000246284998
91.0,79.77000262940771
107.0,100.32000276779759
106.0,114.08000186642634
103.0,108.07000231833665
88.0,100.8400032527745
78.0,88.56000275800007
76.0,74.33000235507733
70.0,73.03000241631179
66.0,70.50000216769988
63.0,66.09000109119808
56.0,61.95000018737745
58.0,54.41999963014386
56.0,58.81999975751154
56.0,54.94999965341296
57.0,57.139999728118994
65.0,58.92000019595027
75.0,71.32000181254001
72.0,82.850001938683
72.0,72.24000232690948
81.0,72.55000278861729
72.0,81.64000254735353
78.0,72.2500019043917
80.0,80.05000298701695
92.0,86.92000248856844
103.0,102.80000246407467
115.0,113.52000217014925
110.0,120.6100001359405
103.0,109.28000233670699
117.0,102.99000321480914
93.0,125.99000137777534
80.0,100.88000199379401
73.0,82.76000225342811
69.0,72.090002119937
75.0,71.23000177457465
65.0,75.16000275310131
65.0,68.63000111324247
50.0,66.820000815643
56.0,55.529999758736224
67.0,58.5399998309929
86.0,74.50000246162529
88.0,88.54000297599474
83.0,93.9800029368047
66.0,88.0300028914912
78.0,77.58000255470166
64.0,88.1400023587514
65.0,78.15000233793167
87.0,75.7400020746235
70.0,104.77000203665813
74.0,72.90000191296451
92.0,78.60000256694855
121.0,103.90000278004447
140.0,134.23999853527172
143.0,141.42999572461002
117.0,135.46999798293692
125.0,111.53000160066877
110.0,114.14000325032512
102.0,103.26000262328425
91.0,95.9900030139601
94.0,85.36000322828072
100.0,92.61000340831002
80.0,97.87000337156935
83.0,73.94000280453825
73.0,85.33000312418214
82.0,73.65000267349652
89.0,86.10000300048853
106.0,94.43000363610223
129.0,109.85000172803645
130.0,137.30999838463495
120.0,127.58999961422289
112.0,120.29000178192278
99.0,107.19000297477007
89.0,100.06000309356492
106.0,89.10000290741216
124.0,114.32000168027356
126.0,125.3100009515835
129.0,125.11000125040766
130.0,122.50000187377447
115.0,121.87000168639703
114.0,107.6000023465045
96.00001,109.00000299803915
88.0,87.83000346464573
80.0,84.3400030592736
72.0,79.51000268084465
59.0,68.86000154555776
59.0,58.16000009307638
68.0,60.620000242488466
83.0,72.51000251918568
94.0,90.06000310336242
96.00001,99.25000298701694
83.0,102.8500030947896
90.0,84.54000311315993
159.0,92.07000306294768
157.0,153.5699971183063
155.0,164.79999620346348
152.0,149.91999622305852
154.0,144.0799961544759
136.0,148.54999508777163
121.0,132.13000013594052
112.0,114.94000260368922
117.0,102.98000254000539
94.0,111.72000266492368
77.0,90.42000352955426
74.0,73.02000178069808
76.0,71.85000171823894
77.0,78.74000303967858
93.0,81.83000282780735
86.0,104.18000317684377
84.0,87.06000370590951
96.00001,84.32000288536774
96.00001,101.5800020060409
87.0,96.93000319276473
74.0,83.38000317684377
67.0,72.47000248489437
75.0,64.95000081931707
68.0,77.93000238446986
68.0,67.25000149779488
73.0,68.07000161291568
62.0,73.45000308989084
74.0,64.62000108507463
80.0,79.33000291843435
93.0,85.56000277269634
103.0,102.73000299191571
94.0,112.28000228282066
97.0,97.72000304702672
106.0,103.98000269186686
153.0,108.84000293925408
152.0,150.37999465790574
153.0,140.93999691133385
153.0,145.6399963161349
154.0,143.87999590463932
156.0,150.25999612263402
123.0,152.01999684765002
114.0,107.05000308989085
83.0,104.14000376959335
81.0,91.89000059642363
88.0,81.57000299681445
85.0,94.04000306662174
92.0,88.28000302743169
83.0,97.14000258899297
81.0,83.41000312418213
81.0,80.91000301885887
102.0,83.92000305192548
129.0,117.60000127857552
152.0,141.98999596954786
154.0,146.97999574053097
157.0,156.5099953278107
166.0,155.69999569154342
167.0,170.35999485630538
156.0,164.19999568909404
135.0,148.60999592300968
132.0,119.56000139124693
115.0,124.95000056458171
106.0,108.14000202563594
87.0,96.01000303110575
73.0,84.62000318174252
62.0,68.6100012920471
59.0,60.55000041761902
67.0,59.430000084503554
62.0,70.81000164965636
55.0,62.36000018615275
60.0,59.15999993141741
65.0,59.30999947215896
56.0,67.73000147819987
60.0,54.50999966810923
75.0,59.25999966443516
55.0,74.86000269186684
61.0,57.700000090627
71.0,60.34000021799468
96.00001,72.74000193255955
76.0,101.39000262695832
66.0,74.15000251428692
63.0,66.07000087810215
69.0,62.33999991427176
61.0,67.76000189581887
62.0,59.859999982854355
65.0,62.360000558458275
66.0,65.10000043843873
57.0,65.35000073113945
57.0,54.48999945501331
61.0,53.12999954319093
56.0,62.250000542537315
53.0,59.07000024616253
66.0,52.64999932764563
77.0,65.16000119529666
72.0,78.85000262450895
74.0,71.38000253020788
68.0,79.29000268819277
64.0,72.340001903167
72.0,66.77000147819984
84.0,72.86000246652405
107.0,90.41000285475052
112.0,120.93000103731175
107.0,117.29000136552845
117.0,106.2600027653482
123.0,124.73000076788013
136.0,128.7700007041963
150.0,136.69999735222194
130.0,147.7499963614484
108.0,119.75000127980022
93.0,96.19000263675584
87.0,86.53000297721943
97.0,83.06000349036421
77.0,97.00000329196456
75.0,73.28000216035174
80.0,70.7700016545551
99.0,84.85000286944678
107.0,106.11000173538459
107.0,106.16000275800008
119.0,101.65000261471143
128.0,110.06000296619723
111.0,133.44999875938984
109.0,104.9100028229086
74.0,104.64000278739262
72.0,78.02000222648495
76.0,71.78000208931977
104.0,84.13000280086419
139.0,124.1300005670311
137.0,146.80999688806475
113.0,142.22999727261717
103.0,111.5800029368047
109.0,101.35000231833665
108.0,101.33000214443078
92.0,101.57000282045922
88.0,91.43000302375762
86.0,83.06000337279404
92.0,83.2300035577221
105.0,95.66000296619723
110.0,113.67000139737038
105.0,107.24000297844412
85.0,102.28000280208887
87.0,81.72000312540682
90.0,82.63000280821232
93.0,89.36000360058624
88.0,92.24000336544592
97.0,85.60000359078872
113.0,101.49000349648765
104.0,114.70000173171051
108.0,99.93000239426738
133.0,109.47000238202048
109.0,136.64999789720866
91.0,105.49000284985175
94.0,86.87000291598497
87.0,94.99000301885886
89.0,90.21000334952495
78.0,90.39000264165459
89.0,78.82000279474074
103.0,92.17000307029582
97.0,105.28000325767326
95.0,97.93000271758532
94.0,95.88000241018834
99.0,94.69000291843436
84.0,97.6200032748189
75.0,79.7200028216839
68.0,73.82000321113506
74.0,69.99000180886594
85.0,77.44000314010309
89.0,85.98000301518479
75.0,91.15000294047876
61.0,80.62000257429669
55.0,63.65000044946094
64.0,59.47000002081972
63.0,77.10000155535528
68.0,78.0900019729743
71.0,73.31000195092989
92.0,72.35000249959064
86.0,100.81000318786597
92.0,89.35000269064216
103.0,98.03000303845388
95.0,109.60000210156666
88.0,94.2700031854166
91.0,90.49000288414305
93.0,92.66000302008356
94.0,96.59000309723898
95.0,95.36000306172299
90.0,95.15000346954449
90.0,87.66000312295745
90.0,90.82000269676561
92.0,89.42000306417236
98.0,96.2900028792443
96.00001,100.07000306294768
80.0,96.3900033568731
66.0,77.77000252163506
71.0,67.57000067480375
63.0,71.84000233670697
64.0,63.010000410270884
54.0,64.60000073481352
61.0,57.57000017513055
85.0,62.55000019227621
67.0,90.6400028559752
72.0,69.65000167415013
104.0,73.07000178437215
91.0,115.81000197787306
86.0,93.85000286454803
77.0,88.61000303600451
83.0,75.16000306662175
81.0,85.28000253265725
81.0,80.57000272738284
70.0,79.09000294782689
66.0,70.42000158964657
81.0,66.71000099567232
69.0,84.02000278494323
71.0,67.05000140471851
70.0,70.16000175865368
76.0,74.04000222403558
61.0,80.94000249591657
55.0,63.240000215545294
52.0,56.94999993754085
55.0,60.62999985916075
53.0,57.409999881205145
58.0,55.50999958483037
65.0,61.959999862834806
70.0,69.14000147207642
70.0,72.93000217382331
77.0,70.51000237222297
93.0,82.18000301028604
92.0,99.97000321235976
75.0,90.74000254980291
74.0,60.12000049967319
75.0,57.53000051314478
66.0,71.09000235997608
62.0,66.39000095648227
53.0,63.61000035638456
57.0,50.79999923089518
67.0,59.29999973791651
74.0,68.06000140839258
92.0,85.50000240773895
82.0,105.12000257184732
80.0,83.29000270778782
81.0,87.420002446929
75.0,90.4500028106617
75.0,79.63000270533843
76.0,77.40000267472121
71.0,76.88000242488461
54.0,71.4200017806981
41.0,54.03999981384724
56.0,45.42999929090496
55.0,58.08999979792628
71.0,58.41999986528419
87.0,75.98000314255248
90.0,92.08000267961997
87.0,92.40000303233045
94.0,87.25000351608269
91.0,94.43000273473098
93.0,89.65000349648766
94.0,100.89000255102759
93.0,98.19000286209865
93.0,96.87000310213773
83.0,97.56000326257202
85.0,84.27000319521412
104.0,86.49000360915906
100.0,108.41000151249115
83.0,98.94000299558978
56.0,87.50000263308176
52.0,59.249999891002666
57.0,53.940000492325055
45.0,55.61999971832148
39.0,49.5199993876554
32.0,41.95999917700886
33.0,32.89999950277619
52.0,39.43999933866783
47.0,52.13999943909235
53.0,48.499999492978674
61.0,53.0299991047522
77.0,58.95000012369361
69.0,86.5800029808935
69.0,68.52000199869276
60.0,69.05000213953203
55.0,61.18999947705771
53.0,58.369999783230014
40.0,51.66999923211987
52.0,42.88999924926552
49.0,53.33999960565008
61.0,48.57999928723088
59.0,62.3800001249183
82.0,62.749999991427174
92.0,88.91000266614839
91.0,98.78000262328425
73.0,89.53000319766349
60.0,70.5800016092416
58.0,68.93999988977797
56.0,64.28000051926823
62.0,58.58999975628684
67.0,68.76000189092011
103.0,77.1000021432061
107.0,125.30000051192008
99.0,117.01000210524072
91.0,105.92000247387217
107.0,94.340002971096
87.0,114.3000014279876
92.0,88.66000280453827
85.0,96.67000328339174
81.0,83.81000272248409
80.0,79.48000320378694
78.0,82.05000305559953
70.0,78.66000230486506
75.0,68.97000167904889
71.0,71.81000219341834
74.0,71.9300019043917
83.0,78.4200027653482
83.0,88.72000266002493
93.0,84.14000304457734
94.0,102.08000266982245
110.0,105.02000252530912
105.0,113.0100021640258
110.0,105.01000267349652
105.0,111.71000269554092
111.0,108.690002301191
99.0,113.23000250938816
102.0,107.81000264410396
93.0,122.36000018615276
95.0,93.27000319031535
98.0,97.67000312173276
101.0,108.39000212238638
101.0,110.79000253388195
106.0,105.49000347689262
115.0,107.8800028216839
119.0,119.060001903167
116.0,121.57000205625316
117.0,114.69000297721944
107.0,114.26000280453826
99.0,101.89000329073986
118.0,95.18000408311377
131.0,116.70000262328426
134.0,135.59999821195376
141.0,130.07000017268118
106.0,137.87999758001413
97.0,102.62000309356492
87.0,95.24000342912974
82.0,89.19000259266703
91.0,84.67000291108621
96.00001,97.21000249224251
85.0,103.28000271881001
79.0,92.08000295395034
79.0,79.08000250816347
92.0,80.60000283148143
86.0,96.37000326134734
92.0,91.12000271881001
94.0,96.74000306907114
98.0,97.26000382837843
95.0,103.79000264655336
97.0,101.29000261961019
98.0,99.35000373897611
91.0,96.2500037855143
88.0,89.17000312418213
86.0,87.8100036042603
89.0,86.96000346342103
93.0,90.86000343647788
101.0,96.79000322950542
91.0,103.55000306784643
85.0,92.92000320378695
86.0,89.00000293925407
76.0,91.5400034707692
81.0,80.51000298946632
93.0,86.25000324665106
94.0,98.45000300661198
110.0,93.94000317684377
111.0,115.92000195460396
113.0,113.95000257797076
101.0,113.99000182846096
99.0,111.55000326379671
99.0,113.2600018688757
104.0,109.26000275065194
110.0,109.07000317561908
103.0,110.94000234895388
100.0,102.45000314377717
96.00001,97.59000328829049
100.0,92.71000310213773
99.0,99.24000301763418
102.0,95.81000380021057
112.0,106.12000256694856
119.0,115.85000209054445
121.0,121.3300019288855
123.0,121.5800008499343
124.0,122.05000184070786
114.0,123.55000163740945
114.0,116.21000185050538
116.0,115.81000197787306
120.0,116.24000183703379
125.0,124.0100004641572
134.0,127.32000012736768
131.0,137.6699974391749
139.0,125.82000017390587
94.0,135.33999783230013
104.0,95.94000277514573
116.0,115.64000194970521
124.0,116.89000188479667
118.0,124.21000118427446
121.0,117.4100020954432
123.0,123.7000020403322
105.0,120.00000200359152
85.0,96.75000288169367
81.0,78.13000279106667
73.0,78.11000277392102
89.0,73.14000270656312
94.0,94.490003569969
105.0,101.09000307519457
96.00001,105.57000284005424
82.0,93.920003786739
78.0,79.00000275310131
89.0,82.1100031854166
72.0,93.86000373530206
80.0,78.75000269554091
88.0,89.11000303355515
93.0,95.4500026294077
79.0,97.02000330911021
89.0,83.34000310336242
106.0,96.52000252775849
100.0,115.7600022093393
98.0,110.59000306784644
104.0,99.40000291965904
100.0,106.49000323685354
103.0,100.2400028559752
104.0,108.2500026294077
105.0,102.51000288169368
95.0,104.80000253265725
95.0,92.2000031743944
97.0,98.18000304947608
108.0,101.33000328094235
107.0,108.4300033323793
121.0,105.77000293313063
120.0,116.21000200726559
118.0,120.22000148677267
133.0,122.92000074461103
110.0,134.7799986846838
85.0,109.35000239671675
103.0,91.70000231466257
137.0,120.69000059642363
126.0,139.6999981997069
153.0,128.01999821930193
157.0,146.89999528004785
162.0,158.50999594505407
152.0,160.31999487100165
135.0,135.40999855854082
134.0,124.5200009405613
139.0,129.90999885981435
130.0,132.83999804049728
126.0,129.13999964973888
142.0,119.23000271513594
153.0,137.33999743060207
139.0,147.48999598179475
127.0,130.20999888185875
103.0,117.66000242733399
99.0,95.53000332503116
107.0,95.53000371693172
113.0,107.06000278494324
114.0,113.9200017684512
117.0,113.73000184070786
138.0,116.99000110834372
120.0,136.6899991855817
96.00001,116.64000123938546
110.0,91.97000364345035
92.0,115.09000214443078
89.0,95.21000301151074
74.0,93.15000316582157
94.0,75.59000245550183
108.0,100.4000025620498
99.0,118.16000144513325
107.0,102.16000324787575
119.0,104.67000316582157
126.0,126.26000078625046
129.0,128.12000026453288
131.0,129.1899998101732
149.0,128.95000015308614
140.0,144.4299962585745
127.0,133.4399981629662
106.0,119.02000155535528
93.0,94.5600029245578
117.0,91.69000316827095
128.0,120.49000034658705
130.0,124.66000168762172
104.0,126.82000079604798
84.0,99.2000032184832
73.0,89.51000271023719
70.0,74.6400023465045
68.0,72.88000260123985
63.0,71.76000179784373
75.0,65.2500006454112
81.0,78.8700021321839
81.0,87.5800022313837
87.0,88.47000244570432
84.0,94.9900033323793
93.0,85.59000342545568
98.0,101.19000331768304
100.0,101.00000342912975
101.0,99.92000289516525
102.0,102.10000350995924
118.0,107.9600028118864
113.0,118.15000178927092
110.0,112.14000271146189
108.0,107.64000300783667
97.0,106.28000313520434
71.0,93.52000336544592
80.0,71.19000185785352
75.0,80.5300028106617
68.0,78.53000293802938
75.0,68.84000199869277
77.0,78.85000254612883
68.0,79.3300029576244
140.0,72.5100028327061
161.0,146.05999604915266
166.0,160.369996520658
169.00002,165.30999393656379
155.0,164.74999486732756
158.0,149.92999572216064
155.0,156.44999606017487
154.0,150.6899955898942
142.0,151.84999438969882
112.0,138.88999824991916
96.00001,103.9600027531013
84.0,85.990003298088
80.0,78.97000257062263
81.0,80.04000293925407
84.0,79.79000280331357
90.0,85.98000301518479
116.0,94.77000314377716
136.0,119.86000094301068
144.0,139.0099963149102
123.0,140.17999743550084
115.0,119.73000118427444
97.0,111.53000230608976
113.0,102.05000256572386
108.0,117.81000267349651
127.0,109.23000174518211
129.0,132.19999788373707
154.0,134.60999755919445
143.0,152.1599935189448
133.0,136.73999770003368
151.0,125.45000020942186
152.0,139.01999769513495
151.0,148.37999529474413
139.0,139.43999703625215
146.0,129.22999796334187
150.0,144.36999581523702
152.0,144.59999589484184
153.0,146.4099948991695
149.0,148.18999564133117
138.0,138.8599970876891
134.0,127.79999967668206
119.0,129.16999947950708
121.0,110.80000320868568
119.0,111.99000270043967
91.0,115.55000206850005
80.0,84.66000321603381
77.0,77.81000267349651
92.0,77.18000311315994
70.0,99.98000278984198
88.0,78.02000195215457
115.0,94.62000328951517
98.0,127.45000019962434
70.0,104.05000286944679
76.0,72.510001304294
78.0,77.38000242243523
74.0,80.48000280698763
75.0,72.40000230731444
74.0,70.63000284740237
68.0,72.40000301273541
64.0,67.01000160556754
63.0,62.64999990569893
58.0,63.41999962524511
58.0,59.31999959830195
75.0,60.78000002694316
87.0,80.22000238814393
87.0,89.63000289149119
88.0,86.38000280943702
93.0,88.55000325889796
105.0,96.22000403412622
90.0,108.40000318909067
75.0,88.4500031731697
66.0,81.06000197174961
57.0,71.15000127490146
69.0,59.19999914271756
58.0,73.21000229629225
84.0,62.0799999657087
82.0,94.09000216892456
79.0,87.76000262083488
67.0,83.37000261961019
68.0,67.6400014402345
93.0,72.14000169252047
96.00001,104.2000025277585
92.0,102.73000307029582
90.0,95.02000292700717
102.0,89.22000293190594
95.0,108.95000205380377
96.00001,92.8200028437283
88.0,98.04000261593613
89.0,86.03000297966882
91.0,86.82000338259157
94.0,95.05000361895657
77.0,94.24000359078873
68.0,76.58000255960042
65.0,68.88000242488461
75.0,71.19000228894411
86.0,83.00000253755601
86.0,93.90000275065194
132.0,90.58000296129848
156.0,144.88999641778412
150.0,159.89999584340487
127.0,139.99999790823085
110.0,126.58000019839966
111.0,99.04000339483845
121.0,108.14000257429669
113.0,120.59000199991745
91.0,110.12000270411374
90.0,83.79000337156936
89.0,89.0200032307301
91.0,88.0600037402008
106.0,92.62000322093259
105.0,105.88000259634109
92.0,102.5700027763704
100.0,89.52000358099122
98.0,97.20000354180117
87.0,95.7300038883882
92.0,82.75000298946632
85.0,91.67000369978606
76.0,82.10000254980291
81.0,74.91000273473097
69.0,81.08000300783667
62.0,69.44000216035174
77.0,63.78000087442808
75.0,84.01000297232068
64.0,81.42000275065193
70.0,67.28000113161282
74.0,74.05000227179845
78.0,81.97000306539705
93.0,89.98000248611906
121.0,104.36000239059331
109.0,128.9499996044254
114.0,105.5700020170631
116.0,114.72000225832689
127.0,116.08000154310838
114.0,127.58000097730198
97.0,111.37000263920521
96.00001,88.60000377204273
75.0,90.21000385899565
70.0,71.08000235140325
63.0,68.3700017917203
63.0,62.540000203298405
71.0,63.47999999020249
70.0,72.31000262205957
79.0,72.46000212361106
83.0,79.59000231833664
81.0,84.2900030947896
87.0,82.13000241876115
79.0,90.60000352710489
71.0,81.40000277269634
96.00001,73.02000232935885
95.0,112.80000202318655
104.0,105.85000260981268
108.0,108.62000251551162
108.0,108.69000269309154
122.0,104.94000273105691
146.0,127.73000122346451
152.0,144.51999708034097
152.0,143.12999655494932
134.0,140.1299969615461
113.0,119.49000090014655
88.0,101.41000366304539
91.0,81.44000335564839
84.0,90.66000318664129
82.0,82.18000281433577
74.0,80.18000254980291
73.0,76.2300035136333
77.0,74.27000273473098
76.0,77.43000281800984
108.0,78.8800029245578
113.0,122.99000045191032
104.0,116.8900016104663
90.0,104.13000262450895
74.0,89.41000293802938
91.0,73.17000216402582
99.0,94.03000266614838
102.0,108.69000245795122
113.0,110.11000210769011
130.0,115.90000193745831
117.0,136.85999850832857
111.0,114.3200024248846
86.0,106.95000308254271
75.0,81.04000340463595
68.0,70.12000168517234
68.0,69.00000131286681
68.0,67.41000183091035
77.0,69.73000225220343
69.0,81.60000286577272
76.0,69.32000213585795
71.0,77.39000321480913
69.0,70.790002573072
77.0,69.63000200971497
92.0,79.56000276289882
107.0,100.36000237099827
100.0,115.38000172681176
98.0,105.96000250816347
98.0,109.52000242488461
109.0,111.0200012810249
117.0,120.86000062459148
127.0,125.27000021187123
121.0,132.14000002694317
125.0,122.37000187989791
104.0,125.45000130674337
86.0,97.18000278004448
76.0,78.10000358833935
67.0,71.95000243100806
63.0,63.7100001481874
50.0,61.369999984079044
54.0,50.399999426845454
54.0,54.7899993986776
51.0,55.129999141492874
58.0,52.749999432968906
59.0,58.449999577482224
60.0,60.339999845689164
69.0,61.81999986038543
68.0,67.1600016557798
70.0,69.350001848056
70.0,71.73000235997607
74.0,71.58000250571409
72.0,77.08000310581181
77.0,73.0400028559752
85.0,79.19000283760487
85.0,91.05000308989085
93.0,88.70000362263065
96.00001,95.75000288659244
97.0,97.29000310948587
100.0,96.54000321113507
96.00001,100.56000250326471
96.00001,93.41000385899565
87.0,92.54000377939086
83.0,83.13000300171322
75.0,78.41000267839526
79.0,68.42000195215458
76.0,80.17000234527981
82.0,79.19000295517502
96.00001,85.40000267472121
96.00001,102.77000318296722
102.0,103.26000340708535
81.0,107.80000314500185
82.0,82.890002482445
68.0,95.27000196562615
68.0,73.35000218117146
70.0,75.16000220444054
74.0,73.6300021076901
76.0,79.25000284985175
78.0,79.70000300048852
89.0,85.43000289638994
79.0,97.08000261593612
73.0,82.51000250938816
74.0,74.8900028351555
88.0,73.76000272860752
78.0,90.88000325767325
78.0,77.61000234527981
72.0,76.59000229384286
69.0,70.6000024493784
61.0,68.38000183948317
56.0,61.560000186152756
54.0,56.169999445215794
64.0,58.36999952849466
64.0,64.6400004751794
68.0,64.57000037597959
68.0,68.73000241386241
103.0,67.59000218117146
130.0,114.62000201583841
120.0,135.41999813602303
105.0,120.92000122468919
90.0,103.53000203175938
85.0,89.78000227547253
90.0,92.14000280943702
98.0,98.01000278616792
95.0,109.66000223138371
93.0,100.7100024359068
92.0,94.26000294170345
114.0,96.41000259021766
139.0,119.56000166557732
111.0,144.93999555927698
90.0,105.41000254612884
96.00001,83.54000323562884
98.0,98.24000333605336
100.0,96.83000373407737
80.0,96.04000372305515
83.0,77.25000282045922
79.0,80.42000259879048
86.0,78.71000246529935
89.0,84.98000278494322
83.0,88.70000385777097
108.0,82.96000297354536
95.0,113.35000190684107
85.0,96.90000312785621
84.0,84.38000305437485
78.0,85.14000307886865
72.0,81.8700028229086
87.0,76.55000269064217
76.0,95.24000374265019
80.0,86.15000296497254
89.0,85.9700032417523
97.0,95.28000252285975
118.0,106.58000256939793
138.0,127.6300005106954
147.0,144.0799967815168
154.0,142.6799966786429
156.0,150.31999531188976
136.0,153.4199951477814
120.0,119.37000181621407
92.0,104.6100028792443
72.0,86.32000385532159
68.0,68.51000148064924
75.0,64.66000084503554
85.0,76.84000356629494
80.0,86.44000286087396
81.0,81.16000280208887
106.0,81.22000265757556
86.0,116.26000224607999
99.0,85.07000313642904
122.0,107.42000289761464
114.0,133.23999861855057
112.0,117.89000187989791
139.0,115.66000094790944
123.0,150.28999509022103
110.0,126.82000126632862
97.0,106.15000231833665
124.0,97.34000319154003
110.0,126.81000027800445
108.0,103.70000256939794
93.0,102.12000305682423
98.0,90.87000332748055
102.0,97.59000356262086
112.0,106.80000299314038
113.0,114.98000216769988
111.0,113.12000268941748
103.0,108.57000306049831
91.0,99.17000307519457
78.0,85.9100032295054
78.0,74.59000242121054
76.0,77.61000316827095
75.0,75.43000296497254
79.0,71.92000311071057
66.0,79.3800027653482
64.0,66.89000158107376
62.0,66.83000141206665
72.0,66.39000064296184
73.0,77.00000237099829
90.0,79.37000295272564
90.0,103.42000252530912
154.0,93.3700029233331
155.0,157.0199956474546
155.0,153.3399949224386
152.0,150.1799961324315
146.0,142.6899968047859
135.0,140.29999683295375
130.0,128.64999997428154
122.0,125.97000026330817
137.0,112.28000298824163
110.0,129.4099996852549
95.0,99.88000262573364
92.0,93.64000362508001
100.0,94.87000385654628
93.0,101.45000283515549
75.0,92.99000353812708
73.0,73.46000176600182
72.0,69.30000207952226
80.0,71.53000195337926
80.0,87.25000277147164
87.0,87.3900024604006
95.0,96.86000348546544
76.0,93.96000319398942
79.0,82.22000159454532
95.0,83.99000275922475
120.0,99.08000264532866
117.0,130.11999962769448
105.0,116.27000186275227
101.0,100.5400028780196
97.0,100.13000295762441
96.00001,94.91000302865638
96.00001,93.51000339606314
75.0,95.62000351975674
65.0,73.58000237834642
60.0,67.06000129572116
65.0,60.52000019595027
68.0,74.65000243345743
59.0,74.18000210891479
61.0,61.059999953461805
93.0,68.67000106915367
79.0,97.98000260368923
93.0,84.54000229016879
116.0,97.94000347076918
139.0,131.26999892839694
116.0,149.5599946603551
115.0,119.30000069807284
116.0,116.53000165455511
156.0,118.73000126755332
129.0,157.14999556295103
117.0,128.3199991819076
112.0,117.3400010556821
97.0,106.91000226445031
85.0,91.15000301885887
86.0,80.81000258042013
85.0,81.42000341688286
85.0,81.21000311928339
72.0,82.48000303233044
63.0,68.9300013704272
61.0,61.90000004653819
68.0,64.67000061846804
77.0,74.54000245672653
85.0,83.96000265512617
89.0,86.17000306049829
77.0,92.2700030384539
73.0,79.9000025057141
63.0,77.5800024371315
55.0,70.88000131776558
55.0,57.48999969505239
50.0,56.73999981629662
45.0,56.99999976485967
41.0,50.409999445215796
33.0,47.369999131695366
52.0,46.65999887573532
60.0,53.319999314174055
54.0,61.480000431090595
57.0,55.60999931784812
59.0,58.139999684030194
59.0,61.60000022044405
50.0,59.829999839565716
45.0,57.119999593403186
53.0,48.059999311724674
58.0,53.469999442766415
59.0,61.17999993876554
70.0,60.179999708523965
65.0,74.48000311071056
63.0,73.06000185417945
62.0,63.120000112671406
59.0,64.04000019595027
62.0,60.729999670558605
73.0,64.46000075195917
54.0,74.11000302865638
52.0,57.73000011634547
56.0,49.73999926273711
52.0,56.30999944766517
58.0,54.07999937785789
60.0,65.5700015075924
70.0,64.39000080951956
71.0,72.57000233548229
66.0,72.68000242978336
79.0,68.40000209176914
74.0,82.38000302498232
73.0,73.28000294415283
64.0,69.97000198767057
59.0,62.0099995921785
59.0,59.31999967668205
56.0,60.259999737916516
68.0,58.909999717096795
68.0,74.47000173048583
69.0,72.53000253633132
76.0,70.28000241018833
83.0,78.69000272248408
78.0,84.06000250571408
72.0,84.52000270411375
