Actual,Predicted
52.0,58.73755917571119
45.0,53.748687186710555
45.0,47.83202554888465
53.0,60.981510486773104
53.0,45.18857080786418
62.0,66.2152045157397
62.0,91.31867956321608
59.0,82.81253297002694
59.0,73.39840345291167
83.0,68.33245868985098
83.0,85.33492750886701
97.0,84.52819819476865
97.0,99.96634705959212
94.0,97.0983605061605
94.0,82.71634152142224
79.0,86.31802247760378
79.0,73.76842775900182
64.0,68.08521727221756
64.0,58.99468846137051
60.0,59.00855465036255
60.0,64.70154354640955
61.0,54.99851236954308
61.0,59.39581511227786
57.0,58.443014554055665
57.0,51.79565305736129
59.0,52.64859309821203
59.0,52.77598901876932
45.0,56.67208333977991
45.0,47.32658560391996
43.0,49.723245653422666
43.0,47.92463180711769
55.0,51.61916531751616
55.0,56.30174599265487
55.0,56.936675348489075
55.0,52.63391279372912
58.0,55.345695109868
58.0,52.10245844764496
59.0,59.307977876142544
59.0,54.5538061266159
60.0,59.11028992991076
60.0,64.32248729382295
57.0,61.05347165742855
57.0,62.09592533686671
56.0,54.05721496206347
56.0,63.303300562055966
53.0,57.785885939236415
53.0,62.71326067790894
53.0,60.36001303571269
53.0,67.68933249736058
53.0,67.35646692234053
53.0,48.77164463691748
57.0,53.15122832381968
57.0,72.0556781179969
64.0,76.2034088473722
64.0,72.404813270542
72.0,78.3615926353215
72.0,79.98507347468744
63.0,75.26660659982115
63.0,57.15084573402229
62.0,56.636084844281605
62.0,68.6358686004006
62.0,90.7395328630986
62.0,76.09024512558996
55.0,68.52943840083876
55.0,73.38506340770702
68.0,61.66490212530945
68.0,73.89806569799464
57.0,76.34279886928378
57.0,65.77083824961748
54.0,67.90030161721084
54.0,66.70114960467899
55.0,63.0116314124537
55.0,68.85013092512382
53.0,66.39017576203591
53.0,63.99249408816039
46.0,63.519894647760495
46.0,58.701905149556495
52.0,59.213323181755065
52.0,58.64250231517736
49.0,61.236427404661164
49.0,55.82497720714048
56.0,54.71243349796955
56.0,56.2546666681321
53.0,59.486853952299356
53.0,55.21549082743347
50.0,57.19830997893892
50.0,53.12352236480631
53.0,58.45785802757679
53.0,61.790400074063314
50.0,58.50629461814415
50.0,58.56467821811829
50.0,53.44374975595047
50.0,61.8327624138095
54.0,53.8510655220534
54.0,59.467892377982906
56.0,54.1943947839916
56.0,63.530037947329674
63.0,70.86847064345224
63.0,82.03105582289375
64.0,83.94731725257286
64.0,63.14402486968879
62.0,60.04469638377804
62.0,66.86900167335821
69.0,56.88853785860564
69.0,65.86010984903525
63.0,81.20528548019323
63.0,46.81017822633386
62.0,45.95873391952098
62.0,51.01629162781296
86.0,60.185541710732664
86.0,84.112099409134
91.0,106.4062832796218
91.0,100.77801846939096
87.0,80.47505224858891
87.0,96.03112634978416
94.0,78.39141463398602
94.0,85.56878429542475
90.0,95.2619244406724
90.0,95.24033860012726
87.0,87.34539123067944
87.0,86.11562528614488
79.0,82.25133223079514
79.0,81.29494197786605
69.0,82.36358174395205
69.0,75.81007924804854
76.0,75.82359520175373
76.0,77.92058928282304
77.0,82.99425648819576
77.0,77.87185738309121
66.0,82.3441753081385
66.0,68.37458980116239
66.0,73.58543886453377
66.0,69.69838238090014
66.0,72.04138383489008
66.0,68.12081891620667
62.0,70.50879946688663
62.0,66.99208435950943
61.0,67.41354954684424
61.0,69.08342378630958
56.0,64.6453428022258
56.0,64.2894023992538
52.0,63.3036891803862
52.0,56.77405854782286
51.0,55.590603313302836
51.0,54.0118801962529
46.0,49.94577127358039
46.0,52.96302282719756
58.0,61.70372674792759
58.0,70.854358150331
60.0,83.1142907200423
60.0,81.57268496400222
70.0,82.41581457263116
70.0,93.3381507997501
77.0,90.30789288374206
77.0,90.87468442892181
100.0,86.07917350707207
100.0,112.02458360340543
105.0,106.54344198003648
105.0,111.80602806737873
85.0,106.00828209665389
85.0,80.09042575700798
75.0,77.09949691421747
75.0,72.77964887389051
72.0,71.8076602053229
72.0,74.42860758779933
73.0,66.94900075081783
73.0,72.36915708479644
68.0,67.24210051765253
68.0,66.74208594376842
59.0,68.75732726454827
59.0,57.161310450255584
57.0,58.78613321506557
57.0,56.86812818534216
57.0,62.29814529124631
57.0,62.052896317311266
52.0,64.50982903469034
52.0,57.338914904121175
55.0,54.647479303268994
55.0,49.648678546112954
54.0,54.1656754747095
54.0,49.46771836268216
51.0,54.818583872004524
51.0,49.62355312834587
51.0,54.29922987600516
51.0,54.93743484551132
42.0,50.35842428106068
42.0,47.83841647344167
38.0,44.98143170516619
38.0,41.327378077890806
50.0,40.358617800702014
50.0,49.55673633390477
57.0,46.19024982880928
57.0,65.37285233692336
60.0,69.83097599379812
60.0,69.49637530689218
70.0,77.42988569823596
70.0,82.95355839466954
75.0,74.39938984718695
75.0,89.15854202361709
77.0,83.55528174353877
77.0,72.3793689032519
75.0,77.35918487403315
75.0,78.27703928560881
61.0,77.24497086902315
61.0,49.388445538253166
67.0,54.00650893759285
67.0,67.8836929555621
60.0,65.35265236182511
60.0,71.94818585446987
63.0,75.85347745281598
63.0,75.36805724271268
62.0,65.59015408217864
62.0,73.52861892357558
58.0,69.48049182393754
58.0,65.63535195635393
56.0,68.7998978943278
56.0,65.45492585683893
55.0,67.76992512217102
55.0,67.14851764572875
55.0,66.36066133399736
55.0,65.24432445316414
60.0,64.17917098148122
60.0,67.88833216287516
56.0,68.20152780959441
56.0,59.026116015724455
56.0,59.35751208557918
56.0,57.321138144087094
52.0,62.67278261333139
52.0,58.10322710164315
45.0,57.78649108503591
45.0,50.163919676128906
52.0,51.86068517685959
52.0,56.61323013723325
53.0,56.846435918685515
53.0,61.6854815218726
57.0,62.10413116253718
57.0,65.00640075718734
57.0,63.642289622855074
57.0,62.17431303273275
54.0,61.86196413922709
54.0,56.94979036732974
53.0,56.08068648964706
53.0,55.81982214092985
53.0,66.64564273416686
53.0,70.92429399876113
52.0,69.69421848657385
52.0,75.02669107949876
60.0,74.01573843117318
60.0,75.28687437025312
52.0,77.37589237080026
52.0,61.29116490824672
52.0,54.29771022669514
52.0,55.74311791514474
55.0,61.0669638586114
55.0,63.72418186599462
53.0,65.57934985919027
53.0,61.471488115771635
59.0,64.12431124471773
59.0,70.94935003237255
54.0,68.41349405167895
54.0,62.90386146407376
60.0,59.9571942001538
60.0,64.90150664959937
38.0,63.57842092924291
38.0,49.52672888428781
48.000004,50.13770344857017
48.000004,59.4899525459676
43.0,59.15530587842387
43.0,58.04414433561794
44.0,57.60787014390674
44.0,52.78631164630139
45.0,56.26088879415678
45.0,52.69405645050535
48.000004,55.232194329053385
48.000004,50.59866730597706
52.0,54.08641295688727
52.0,54.40244629212752
51.0,58.77843126432833
51.0,57.27969659837518
52.0,58.8042449963955
52.0,57.20346617867802
51.0,56.28778167713086
51.0,58.13031107731098
51.0,54.0034269268528
51.0,51.63453161143781
50.0,45.44995568734888
50.0,50.06191133478187
47.0,53.57783141530521
47.0,46.10775687637346
51.0,47.47505142411712
51.0,50.40030183287179
62.0,58.41038114251928
62.0,68.74639082774736
66.0,73.43583776010148
66.0,78.95019811701752
61.0,82.10637149027849
61.0,74.15705799813846
53.0,75.48884713902571
53.0,57.65793233372284
53.0,60.528435680437674
53.0,58.79189633119863
50.0,52.41910072621678
50.0,58.81886586951215
56.0,49.0030402154748
56.0,56.88537049831205
61.0,54.17964480846085
61.0,62.479818097168426
49.0,53.57770585653274
49.0,44.42696800566974
53.0,43.49442970398437
53.0,50.261649352797455
48.000004,48.34327813523495
48.000004,46.15471113002185
43.0,47.51850016967412
43.0,45.15261436617387
42.0,45.40639712306698
42.0,47.180039798691844
33.0,46.59578793294458
33.0,37.41184974888231
35.0,37.92882740212839
35.0,35.49773924197545
34.0,39.34273362326567
34.0,35.028585625132514
40.0,40.47707157516163
40.0,42.12298024272869
51.0,43.9968662151118
51.0,49.556782186681886
59.0,51.98980591775889
59.0,57.34385896605178
57.0,59.16477140309598
57.0,56.49535632624681
56.0,53.86564364052808
56.0,55.83539981989781
58.0,52.179302652039986
58.0,59.25160920341904
58.0,55.83245068306882
58.0,54.35268111896204
58.0,46.65059576479959
58.0,45.31418434566812
63.0,50.513354717622654
63.0,61.86790433691275
66.0,75.20055870140133
66.0,79.69357619411184
68.0,85.14769791822872
68.0,85.2427980550474
74.0,84.63652832044016
74.0,81.60166933087795
78.0,72.80690297342485
78.0,80.44174983927472
69.0,81.01809589517134
69.0,67.10116836618259
65.0,61.29113843408595
65.0,59.87178443225251
63.0,57.560050085536986
63.0,59.280939599597126
59.0,61.274694695936226
59.0,59.11426155290938
63.0,53.3247503631672
63.0,59.41070812548091
62.0,55.726176592224405
62.0,58.47090554026137
56.0,60.361329717622105
56.0,59.45328927015931
60.0,61.16417073652676
60.0,65.79762374446994
57.0,68.07485173570298
57.0,62.45851783380953
56.0,63.693180322553495
56.0,56.04094978780493
61.0,55.87754137245125
61.0,57.26698179047178
66.0,60.93530777909024
66.0,61.94703125684865
67.0,68.31153975610007
67.0,62.97658019719065
74.0,64.4064361231193
74.0,71.10212679858732
67.0,72.40390290008328
67.0,65.4138150251982
64.0,65.42599948986232
64.0,63.91500163081697
54.0,66.25365894404193
54.0,61.449903139492825
63.0,56.64865884692156
63.0,62.364167391445555
65.0,61.56980954080403
65.0,71.28314594939992
60.0,72.80554335538407
60.0,73.0887097220791
62.0,65.24807791825592
62.0,71.00907555947445
60.0,70.01806497213823
60.0,64.78271629407786
57.0,71.53607900956186
57.0,51.42234318732882
66.0,61.3134017212306
66.0,74.11472363818064
70.0,74.132675245557
70.0,78.18521553244459
74.0,64.47986858229281
74.0,73.73783089020567
68.0,74.90354458418271
68.0,71.56426185276837
69.0,68.90615892766229
69.0,71.47888264143013
64.0,65.34062264441333
64.0,63.48490851833059
64.0,59.77266793813443
64.0,63.273361555393755
59.0,64.69835968706326
59.0,60.639141380905215
57.0,61.0095015163014
57.0,58.08739134378847
54.0,59.16851862889517
54.0,55.80205147699619
59.0,55.23282977174785
59.0,56.76301889395318
56.0,58.28369788867815
56.0,54.40186414587328
67.0,59.68514440255321
67.0,67.35467283677848
65.0,73.72734091046244
65.0,68.17489263150507
62.0,68.1114623028045
62.0,63.791191127521955
71.0,68.95263549930596
71.0,71.50622325866046
76.0,70.83445605698083
76.0,77.98647625199453
62.0,80.38394687383843
62.0,72.07455217670525
61.0,70.15628199770939
61.0,65.77452748465797
61.0,69.4954797169792
61.0,81.22354237940488
63.0,77.28030510580787
63.0,73.25972799651895
66.0,74.3585404415718
66.0,82.47337142675775
64.0,77.09293809578791
64.0,71.44176298330018
67.0,71.10057622280667
67.0,65.24137023198804
66.0,81.1484627146456
66.0,76.82986711371842
60.0,72.26150282236851
60.0,72.71338663204715
69.0,66.32000482327854
69.0,73.66657770479027
65.0,67.86288676485343
65.0,69.59784555568775
60.0,60.002296815856404
60.0,57.646286259113914
60.0,58.83702005168443
60.0,61.169778608032615
59.0,60.09245396395836
59.0,59.73062803798534
51.0,61.50360932820095
51.0,55.41322443558363
55.0,55.21978273621058
55.0,59.62061968191984
50.0,61.81454023985446
50.0,58.02151052438446
55.0,60.398829921048595
55.0,58.403134542502634
53.0,59.999770133200464
53.0,54.76423800856131
46.0,58.40012060272426
46.0,50.5835235632918
53.0,54.951447363930114
53.0,55.375010064423066
48.000004,57.39754941155606
48.000004,54.097254462880024
49.0,52.59012981418653
49.0,49.94745810317489
49.0,44.24920363753875
49.0,53.973823924976664
55.0,55.73999694036695
55.0,60.827807684529716
52.0,57.1721489260975
52.0,54.01966162043825
52.0,57.69229867556705
52.0,61.195049205898364
61.0,68.48050193289461
61.0,71.30441536773573
61.0,79.00138391076001
61.0,84.63175281221712
41.0,75.25260098056735
41.0,47.39347851955467
48.000004,49.826220426755455
48.000004,49.749307304633064
49.0,54.508979220869385
49.0,62.55262218060082
47.0,50.40419701738697
47.0,47.6187509264632
58.0,50.27182020308024
58.0,63.20443763668604
56.0,57.168677036503304
56.0,57.44988108581515
52.0,55.99094619435349
52.0,54.797007765670735
49.0,56.07526582763996
49.0,53.34895758920992
41.0,48.43270540826033
41.0,42.914547437634255
43.0,43.26658440012019
43.0,48.77463654227822
43.0,49.62546037172448
43.0,48.23184864689611
40.0,49.442542432008324
40.0,46.7101750976468
45.0,49.91903579834109
45.0,48.024894361777164
50.0,49.37248176882178
50.0,48.573639505025994
50.0,52.070469017117155
50.0,47.996164998811686
41.0,54.43538223081324
41.0,42.44284356180039
54.0,41.536077915711616
54.0,56.38965256735451
44.0,53.38821913170179
44.0,46.63687822261654
38.0,42.23424397136766
38.0,39.95542252361682
38.0,38.067915653548184
38.0,37.068404389537115
44.0,35.10026530508201
44.0,39.68646781939919
54.0,45.77614777853913
54.0,49.55184985062194
55.0,50.88891969906155
55.0,60.43692872467561
59.0,60.993274032361604
59.0,69.77252410728032
65.0,80.56334643984867
65.0,71.01670025839455
67.0,81.85467889667231
67.0,83.88719027779773
64.0,74.86033978852139
64.0,62.76265379447588
72.0,55.64668054162514
72.0,70.65574105885389
77.0,65.70829312645041
77.0,74.596812462299
71.0,69.49192815438857
71.0,61.23796634800565
64.0,61.37323071669046
64.0,61.01940459683031
60.0,53.63290158558636
60.0,52.6770514874648
56.0,49.90376372756762
56.0,55.567225557202086
55.0,58.225476090983484
55.0,59.68898647398349
59.0,62.09706640729859
59.0,63.7410536606365
59.0,66.60044756861384
59.0,61.19447230354225
66.0,64.0923000071198
66.0,63.477770863057934
69.0,66.35223423276746
69.0,65.8501642767093
74.0,72.19198161374185
74.0,69.76073018822575
75.0,76.36062605350165
75.0,70.37431394047054
75.0,74.08142061573372
75.0,72.52800137133357
71.0,69.75997365379423
71.0,67.4413573408838
71.0,62.59359923483629
71.0,66.61050247356901
71.0,67.80601383886814
71.0,72.22695367865087
76.0,71.39548019600775
76.0,78.79003326669951
77.0,79.58769881655293
77.0,80.52221894189385
72.0,87.15204344798047
72.0,84.71728419956445
67.0,94.96288703929716
67.0,98.9021916811289
62.0,98.22109857771123
62.0,82.05946202356638
62.0,78.04147699573447
62.0,76.96136288399109
62.0,74.26047012862298
62.0,60.547474806957986
68.0,63.53703502323627
68.0,84.9052697509354
66.0,81.42324263030403
66.0,79.5633928956814
64.0,71.01388936705646
64.0,72.74888534471178
59.0,65.31510015955739
59.0,71.5247507951569
55.0,64.34380231675765
55.0,62.45466695549071
50.0,58.67347250299437
50.0,58.872235809015876
45.0,61.427284878838044
45.0,55.641294498423996
53.0,53.98712169804335
53.0,55.167627634363
55.0,57.79886004238119
55.0,59.757617228948426
57.0,58.45147173907296
57.0,56.513668702261626
54.0,54.21523624562203
54.0,50.98867590088562
58.0,54.90096775395203
58.0,57.9303679913751
65.0,63.926252306879356
65.0,65.87068968727085
59.0,67.09467311377634
59.0,61.97593450593116
56.0,58.51375901093978
56.0,54.363042314021534
74.0,52.72391558486294
74.0,73.6174552768173
115.0,80.81663039474333
115.0,125.21329474953937
90.0,130.77836812880003
90.0,101.652632387619
68.0,91.02911229848876
68.0,77.69675072547354
55.0,73.06852696936609
55.0,66.11742293865532
62.0,65.34052079557911
62.0,83.69462674624013
66.0,77.17988108907821
66.0,79.63523157777607
60.0,76.25285640727391
60.0,53.9323909168935
61.0,54.983585449396806
61.0,61.31025748918574
63.0,68.99470473364893
63.0,74.15297070592884
62.0,71.94730627073788
62.0,73.09148727990699
55.0,67.10568608942536
55.0,66.27077568988146
53.0,67.86074580577646
53.0,58.57034980359038
57.0,54.110888730774306
57.0,61.35547038787427
58.0,53.294257258774664
58.0,57.13919091742105
53.0,56.95244600069182
53.0,54.0440676592399
54.0,54.79769537667291
54.0,56.798562883624136
106.0,56.064296092872986
106.0,91.51484280780672
90.0,95.3128943763247
90.0,79.00178877142652
76.0,76.70039341460021
76.0,64.95703626089268
57.0,67.06001854939917
57.0,51.989264281510216
59.0,57.2305586556886
59.0,60.00481712978001
53.0,64.73640281899053
53.0,60.895946642848145
48.000004,49.262119164866455
48.000004,58.53599391368293
43.0,56.63689729874805
43.0,57.68730202369384
46.0,56.76234971662851
46.0,44.36038088418145
42.0,47.00560767494759
42.0,48.13892142632349
42.0,55.59492732032396
42.0,62.1555933906853
54.0,73.24569682253042
54.0,68.11613087604663
43.0,70.0816304834201
43.0,69.49197099863649
44.0,58.40273992815635
44.0,50.93549283651625
43.0,53.104305266432895
43.0,52.11085874880663
36.0,60.307030870733556
36.0,51.54801169198217
35.0,54.19731516261475
35.0,53.311910988505744
35.0,55.570098958199885
35.0,63.909636890350065
40.0,58.863066022998794
40.0,63.70148667599965
39.0,70.8205811343081
39.0,67.4139154768181
32.0,58.27578718792452
32.0,56.76003261046029
30.0,51.35480815476168
30.0,48.043325128046696
40.0,46.85712860965858
40.0,51.899228749897965
39.0,50.181414471820595
39.0,51.50560474839106
51.0,50.96540857033367
51.0,56.270384116419514
46.0,58.730225111022826
46.0,53.73800044805382
52.0,52.47156547407587
52.0,54.85080823151177
56.0,56.509455415640396
56.0,56.998259377771525
55.0,63.96560895468535
55.0,61.685521052707045
50.0,64.77169028379961
50.0,60.99690616149703
45.0,60.11577064473177
45.0,55.505030262095325
54.0,46.884576976942384
54.0,60.22065592538209
58.0,62.15943322521616
58.0,66.62596190102126
55.0,68.73277356309123
55.0,64.78315633428113
56.0,65.77653274379927
56.0,67.02053664312334
52.0,71.01285861638054
52.0,58.18204672594753
56.0,60.282721866180566
56.0,70.50553829228645
53.0,72.2334750439541
53.0,73.09899654085893
51.0,75.42275054576628
51.0,56.07810352747002
54.0,58.44398829726595
54.0,66.53675971205867
55.0,66.77273236989149
55.0,64.48355732924084
53.0,67.54277299563502
53.0,71.33642552561287
43.0,67.4926544293674
43.0,62.068944985848795
40.0,60.18509416382848
40.0,57.96569850865038
51.0,56.457627966482285
51.0,66.23788104599768
52.0,68.16110108251873
52.0,70.12526174400881
33.0,71.51814679311512
33.0,63.585988362380135
37.0,63.65470600467767
37.0,64.45458711462929
33.0,64.90210952373948
33.0,59.390740714408146
35.0,61.01481813059039
35.0,58.05111290487346
36.0,56.312436526598404
36.0,52.64352021687044
30.0,54.23401533023106
30.0,51.19822439082434
34.0,48.97476198556166
34.0,50.19217053476317
35.0,54.716849941842646
35.0,57.80786716228063
26.0,59.980585757764196
26.0,48.18659264763356
11.0,46.321594979514416
11.0,33.017122267418976
12.000001,29.626553826868896
12.000001,33.21411978152471
16.0,30.4010605203118
16.0,41.16604092344915
27.0,37.39235065750163
27.0,47.141562253372875
47.0,58.30046075794727
47.0,67.21660930018383
58.0,73.52112253962851
58.0,84.42070947412967
52.0,76.1155035026811
52.0,65.1769594030004
52.0,56.48637780870578
52.0,67.51981514348212
51.0,67.22037452788359
51.0,69.05218264629335
52.0,71.03566107676497
52.0,60.30077558489129
41.0,56.46044863521334
41.0,52.14389887237365
43.0,51.09286087142238
43.0,60.15961446087364
36.0,71.6364732596344
36.0,66.18065557667201
28.0,57.47436860751264
28.0,57.10449237863097
23.0,53.19859081360476
23.0,49.70579556530474
22.0,50.68236380402553
22.0,51.312554538196615
42.0,52.19238350484352
42.0,60.26646327027862
42.0,62.22679845303562
42.0,60.7058334381115
22.0,62.59960920354133
22.0,50.6060380013349
28.0,50.114913372109136
28.0,52.26658921489075
35.0,55.58694185338863
35.0,57.85315514103096
34.0,59.282722027729484
34.0,53.11405713605208
38.0,53.630850975319404
38.0,53.783728379880586
40.0,55.784580605343315
40.0,51.94602019886702
36.0,51.23233676218349
36.0,47.19477064974617
33.0,45.1792093232206
33.0,46.10954007611318
35.0,41.27517705275458
35.0,49.9166844414665
30.0,46.563911917704495
30.0,41.89904289778628
25.0,48.86738359184567
25.0,49.262948952941976
25.0,50.84010414448908
25.0,49.14063203403723
29.0,46.04162105566888
29.0,46.6587020182742
31.0,44.52425458753467
31.0,47.33448994093262
30.0,47.210362585483146
30.0,38.02931959931639
28.0,43.99578039477375
28.0,50.152640306514435
28.0,52.249992035663745
28.0,51.987809979179126
25.0,54.591028240862755
25.0,50.87868748412242
25.0,47.19074100194764
25.0,49.401348361758906
23.0,43.64042055749195
23.0,40.444600347997344
47.0,41.63646073099139
47.0,57.568804648979544
42.0,59.811813088650865
42.0,56.17612417185942
31.0,55.40223418553799
31.0,51.23511248675895
32.0,54.895614859503986
32.0,56.931803001242386
28.0,60.08278764736349
28.0,57.92374110739268
29.0,58.04354148395697
29.0,57.8389610719718
29.0,57.601394866394116
29.0,55.507429342347606
39.0,57.75574816884578
39.0,57.353939412969865
43.0,63.1649298881325
43.0,61.47178211122565
44.0,65.58096335734682
44.0,63.14641122125896
52.0,63.5006608168495
52.0,68.72844329842265
48.000004,66.67513367449808
48.000004,67.16160284918104
40.0,56.76649283109798
40.0,51.14317282510462
41.0,41.019355316622125
41.0,49.03859896121023
41.0,51.313123792450604
41.0,63.86180295796311
45.0,65.39206482583161
45.0,68.61304327941173
41.0,66.33491063119098
41.0,52.364476643175436
43.0,45.12054397075632
43.0,37.767742902242695
40.0,30.965825020323397
40.0,41.607791540343285
49.0,57.251428544617625
49.0,62.145053856834515
49.0,62.73483248235936
49.0,67.73005802527726
48.000004,60.98922926350811
48.000004,62.91183012150144
38.0,66.80384074929574
38.0,58.15448394022328
51.0,55.9351022871856
51.0,62.89463294947956
50.0,55.83872578275241
50.0,61.64596406006689
57.0,59.85367920392615
57.0,66.28427308670113
54.0,66.51691551426349
54.0,63.987222910267086
64.0,64.75456932711057
64.0,69.13579838968882
63.0,71.21044120031269
63.0,70.54556946475209
61.0,70.10735047525819
61.0,69.6928802523885
61.0,70.31006987218763
61.0,69.06913721782645
58.0,73.21414431826177
58.0,68.4463754379308
65.0,71.37617418554984
65.0,75.39749766274775
68.0,75.21655010938585
68.0,74.72532186175548
62.0,71.4208739501271
62.0,70.93275714696817
58.0,62.98934374456284
58.0,68.5544627055195
53.0,67.11517873491735
53.0,71.64052068213596
56.0,61.860411969478726
56.0,57.210103965665255
54.0,51.69707964356968
54.0,64.38669066425068
48.000004,64.69330805957958
48.000004,49.32289982933096
51.0,67.11624311109728
51.0,64.63074468888314
42.0,63.30698160957658
42.0,52.084777513966
42.0,57.488222988796366
42.0,51.24903058343196
56.0,69.16656974161486
56.0,76.37557403134574
76.0,75.21461603381279
76.0,95.78060079969987
81.0,88.93933770038636
81.0,88.6277865988106
83.0,83.22466294886787
83.0,86.19981252695398
95.0,87.66150945245349
95.0,95.03796550233344
98.0,95.35864449931377
98.0,98.82521518548782
114.0,97.10424904075731
114.0,109.56731408721382
109.0,110.01251464722215
109.0,108.8722865780142
113.0,116.2682740667615
113.0,117.6338078391573
131.0,118.00628534972338
131.0,130.78871884262625
144.0,133.39955709861064
144.0,143.3287806772752
124.0,147.68399084757445
124.0,133.951408457772
102.0,138.87626832768848
102.0,117.17147277668354
85.0,117.1043502237532
85.0,96.64060005817922
77.0,102.13457764967328
77.0,99.64942361114099
78.0,104.9561181847804
78.0,84.92587300361427
79.0,81.7735781840191
79.0,74.85456607466958
74.0,72.08682668802601
74.0,71.86886899261191
68.0,70.76726734998245
68.0,73.26258884625068
57.0,73.75710282432605
57.0,84.42264675456698
48.000004,82.79642781274396
48.000004,68.17682646618142
38.0,59.31382315141648
38.0,59.82228863248606
34.0,59.02579951748944
34.0,35.11245535443472
38.0,46.40151608030463
38.0,59.263685399345704
42.0,65.63130932214496
42.0,67.16633330002719
33.0,55.929641714364024
33.0,58.55614546017542
25.0,72.8144204092225
25.0,58.734337525615146
23.0,60.90262963503304
23.0,58.938035347375106
43.0,48.164848859079534
43.0,67.20792583666761
53.0,65.04340243836948
53.0,68.58705639443535
58.0,70.38051261645397
58.0,73.27592700330763
61.0,66.70301098465256
61.0,60.424688763090074
63.0,61.273314481944276
63.0,64.14541139211485
62.0,69.17838336810611
62.0,57.79829564449868
65.0,65.91278314255956
65.0,73.86869052852478
70.0,77.04624158624418
70.0,87.64879579082492
76.0,87.09257591710235
76.0,94.10693175312181
83.0,95.47986960903471
83.0,70.99712708008141
87.0,75.53180761039113
87.0,68.57555532322478
94.0,80.13892363286543
94.0,65.99932894936543
98.0,71.8615850003077
98.0,92.367611225588
90.0,81.49053423977396
90.0,67.84853782574365
77.0,75.65671862780843
77.0,63.671405627323104
70.0,103.54724125785948
70.0,112.4877589861379
66.0,103.9539324780235
66.0,97.72939846860886
66.0,87.13232246713818
66.0,93.95506192673497
68.0,55.6597707807012
68.0,48.750800998840035
61.0,47.456598346028116
61.0,57.42845380721726
59.0,58.03664986302815
59.0,58.52334803488839
73.0,67.28234862002911
73.0,80.506810857851
67.0,70.1357032571046
67.0,68.23826403456
61.0,74.38578101000277
61.0,62.7997148100635
61.0,64.44738496309017
61.0,66.97741957884318
43.0,57.6781338325987
43.0,51.12135789832003
59.0,46.93869180375232
59.0,67.08481408916745
62.0,68.67752533152716
62.0,70.89852115951301
73.0,72.0945109323017
73.0,73.7922788043365
55.0,78.18209007266962
55.0,59.21017885908533
56.0,59.92398703673249
56.0,59.53767461858735
73.0,59.850135162475375
73.0,70.31833779058604
83.0,74.1223010821908
83.0,78.95921112931231
72.0,82.33831489363972
72.0,72.86821747582316
67.0,74.09196424069037
67.0,67.03625768188222
65.0,72.65695121408905
65.0,66.78753660054065
57.0,65.86738335743858
57.0,58.34932855623667
56.0,50.9275597447348
56.0,67.09184380678509
49.0,62.97614097564648
49.0,55.825118368593174
49.0,54.301197169956595
49.0,55.138497864044616
41.0,55.49854139893864
41.0,50.33610412748559
43.0,43.328768862780834
43.0,53.167483921702384
40.0,45.86863653156872
40.0,38.417872997662
47.0,36.29310051170394
47.0,34.613712360908515
51.0,40.46493800678164
51.0,43.366960106917624
40.0,44.63311344222005
40.0,35.4578277477718
22.0,35.71955783916395
22.0,27.263240803026154
30.0,36.09396828358119
30.0,48.714106612063055
50.0,34.95430505681316
50.0,51.481920355888825
46.0,45.15781153467009
46.0,40.76642750986498
58.0,43.01260282100771
58.0,48.77832989282316
75.0,50.03582266730549
75.0,64.75837591573602
58.0,65.34914777513733
58.0,52.645481823156366
46.0,53.64007623865355
46.0,43.72816780264959
35.0,47.34343259091255
35.0,36.49329582251835
34.0,38.27261882049011
34.0,36.06577875817127
32.0,38.150580785642696
32.0,33.42286869535226
28.0,38.785306362705214
28.0,36.6449656645635
27.0,40.41240019986351
27.0,34.91407418212806
26.0,34.92645028335287
26.0,32.46856231925643
25.0,32.07841583772456
25.0,33.81345257729036
23.0,31.580430217168498
23.0,31.046499334486214
22.0,34.680662496786844
22.0,30.235173817420332
29.0,41.7725454556143
29.0,48.1157267327173
44.0,58.697340151621695
44.0,77.9580857387975
53.0,76.00228026132585
53.0,81.0893365377874
52.0,74.64534416815575
52.0,64.61214940734698
57.0,61.085112862469025
57.0,67.78185187710712
61.0,65.7947101854498
61.0,71.45626806416368
59.0,65.39869218566233
59.0,62.68439491466202
54.0,55.88594529882916
54.0,55.05578160369291
40.0,51.02996794530126
40.0,37.2108855443858
35.0,31.32680884372073
35.0,32.922801715519974
30.0,27.243591962533987
30.0,26.219012606394735
27.0,27.557456409108518
27.0,25.14042334962485
32.0,23.36656573821836
32.0,27.847656062484052
51.0,30.586789267378414
51.0,40.72628394399647
62.0,43.85640603276282
62.0,47.983089509280106
57.0,50.077238828257904
57.0,42.99641952556995
50.0,46.87696468072407
50.0,39.04933077367908
48.000004,44.55782794760426
48.000004,42.62654105217264
40.0,46.362032434845304
40.0,41.01186831362404
37.0,34.99107648726375
37.0,37.505967105753825
31.0,33.39580047466453
31.0,30.684028402708513
38.0,30.453001724711612
38.0,38.151625132232745
48.000004,38.0681798500981
48.000004,44.93182988741784
52.0,49.88751754235369
52.0,51.29632435863622
54.0,61.63598451394771
54.0,58.32017516305362
52.0,63.99698133394147
52.0,62.81153577145793
71.0,72.63298479847248
71.0,87.64182091395892
83.0,91.51128456397693
83.0,100.58851581301273
69.0,98.08309388710306
69.0,67.97530090693203
72.0,62.98778378642534
72.0,67.2036772899497
69.0,62.35338053053118
69.0,66.16587275749973
59.0,61.326467211020535
59.0,52.424510957043545
52.0,42.501109665482105
52.0,39.34164929745638
53.0,31.373681247662187
53.0,32.383566096053976
48.000004,31.51337060996497
48.000004,27.609770028561964
41.0,29.136768418412583
41.0,23.767613540700577
35.0,23.631974162831185
35.0,22.417451752011324
45.0,24.170641054700333
45.0,31.323172327195035
37.0,33.450054092601555
37.0,22.000687325062696
29.0,21.743741534139264
29.0,13.189569831015646
35.0,17.59323856830323
35.0,21.642180436152938
36.0,26.91290789754963
36.0,27.481842455146744
33.0,29.53770977297713
33.0,30.035365299324962
31.0,25.664419079638932
31.0,27.058860091948127
34.0,23.27742048722671
34.0,28.080070901456256
32.0,28.585015595660973
32.0,33.678542000908045
37.0,31.10569340788233
37.0,39.09437601178935
39.0,42.96286694863634
39.0,38.81371016396035
51.0,35.14072171409558
51.0,45.092748357948174
42.0,46.03956558117642
42.0,40.036408818183695
59.0,44.491811520126085
59.0,53.989847948873525
57.0,56.32747424243887
57.0,51.54326322853347
61.0,62.02763743534698
61.0,58.628771050414805
63.0,66.63901667013835
63.0,69.82099494895209
74.0,62.640156065511185
74.0,79.82540642391334
75.0,78.11767858903126
75.0,77.77828218510284
90.0,78.2631782885722
90.0,91.89585076347396
71.0,91.72595163944811
71.0,71.5697578345387
57.0,68.8724021604749
57.0,64.23353833449055
52.0,64.58035164714684
52.0,65.63318750546966
43.0,61.92195890955621
43.0,58.8916673367771
32.0,58.81957935843566
32.0,49.4212874424976
39.0,52.04582597746024
39.0,51.065246636547734
52.0,54.22214525864502
52.0,51.45951302896914
45.0,55.37055552243963
45.0,43.45752080791188
41.0,42.254184691350765
41.0,32.324182412675036
31.0,37.28439189147603
31.0,29.748341269217427
26.0,29.797168280153155
26.0,21.42381040733017
25.0,16.57081709010653
25.0,25.206343962300846
50.0,26.898006075781783
50.0,50.0418807819855
50.0,45.42865261083018
50.0,39.59420496976939
40.0,41.23003290479226
40.0,29.203340825770635
53.0,30.72612230224955
53.0,51.38534840869314
52.0,54.73725146994072
52.0,67.89134278976144
63.0,64.80968477128124
63.0,60.70219062030121
59.0,60.651188408337596
59.0,63.356296971439214
56.0,61.58981337072463
56.0,55.31633552413507
47.0,50.43326022885274
47.0,50.62401998538781
32.0,52.363769773984714
32.0,42.23509883727495
33.0,45.66117006195569
33.0,46.945403526626976
37.0,45.37944968896245
37.0,52.491791050115474
50.0,51.89826925061433
50.0,59.01542643930166
48.000004,58.76373457920183
48.000004,60.51056657627718
67.0,64.39266215326431
67.0,75.8096480909891
55.0,78.50992908354951
55.0,66.96931827874685
64.0,65.53176976689163
64.0,67.84965565215167
73.0,69.35394136803154
73.0,72.74744681585325
72.0,71.04735826192957
72.0,65.87314253566778
67.0,66.95165092933377
67.0,60.09016512362556
57.0,64.13339362653277
57.0,55.02373821495944
45.0,60.586952642024755
45.0,54.43218775627863
37.0,53.390411454044774
37.0,51.297740802975596
50.0,39.249726002271586
50.0,59.57172127780072
53.0,60.269939816176
53.0,69.50600832640092
41.0,72.13261847312634
41.0,52.19579338352685
39.0,43.337551097563825
39.0,47.69174503606316
49.0,49.747207236781584
49.0,46.53995670105431
45.0,58.66037118847784
45.0,61.00365594574028
45.0,74.43538801041618
45.0,62.4642220683265
54.0,69.17356371422629
54.0,76.84700655896084
34.0,73.38446488754175
34.0,50.83087187176072
51.0,48.062738527682754
51.0,74.70380169987435
59.0,71.57757726768465
59.0,80.17372962764533
55.0,68.95307226050464
55.0,62.493847492091554
57.0,60.046640861169536
57.0,62.61325418631049
55.0,61.775396230962755
55.0,62.229723980583024
54.0,59.72763817980472
54.0,62.003348884720005
54.0,62.664294680040406
54.0,59.603116739590426
59.0,59.47088599625564
59.0,62.048661260409546
59.0,61.120823189478905
59.0,58.63584079647069
60.0,60.28702380248636
60.0,57.681937991346146
61.0,58.090682663903614
61.0,59.43263462285017
61.0,63.22203138565807
61.0,60.72798000045125
53.0,62.507002450344764
53.0,53.115573900184096
39.0,50.29485267626331
39.0,42.4280792501353
32.0,42.62397319790548
32.0,38.02851104614591
24.000002,35.94170310324219
24.000002,34.665611049993345
23.0,33.32577502975068
23.0,41.91823522203351
24.000002,40.416552492793684
24.000002,39.97843167146022
22.0,36.53427731133787
22.0,17.818309382407797
32.0,16.94819845940158
32.0,28.945309798122068
33.0,40.44584184233637
33.0,43.068007009635906
33.0,77.0003746147552
33.0,75.55903536361393
35.0,77.07951992669553
35.0,69.44113073795766
51.0,43.66602981434216
51.0,63.387581661511895
40.0,63.54377181504801
40.0,49.38561621073536
33.0,44.55213532411625
33.0,49.04797471980228
27.0,45.61353134343291
27.0,38.26339664340133
45.0,36.256609845817145
45.0,47.86558585769613
39.0,43.293533261285404
39.0,42.85286502372241
25.0,44.291499083566876
25.0,32.05854816807774
33.0,44.687390766253685
33.0,48.982617378271286
31.0,42.02448783853168
31.0,43.40189521779608
56.0,38.53722741164393
56.0,56.913096798331004
56.0,60.65382292161952
56.0,59.96967734915895
37.0,59.85203405103115
37.0,43.77886529232982
44.0,43.74886479566101
44.0,49.536137352300976
47.0,55.399614679820885
47.0,60.86496487521764
51.0,64.11413854597716
51.0,65.55068967691481
52.0,63.95441023608777
52.0,63.7293531137308
49.0,58.46191212106985
49.0,58.9649320105988
56.0,62.73643340253613
56.0,67.74348543631898
56.0,68.91037280823609
56.0,68.77389414917089
52.0,68.94223944720018
52.0,66.90278843745469
45.0,78.69002279727417
45.0,59.210722523216255
41.0,69.95327187130455
41.0,67.53545596343554
54.0,65.23496401207937
54.0,82.98926966522652
55.0,80.42611605775087
55.0,74.38780061764984
54.0,72.65716835099097
54.0,66.5907893101456
51.0,66.30298967788197
51.0,62.27838108409571
55.0,61.52653987337836
55.0,62.71303202759105
57.0,56.612253703624994
57.0,65.2385564942338
48.000004,59.59586996788819
48.000004,49.994244274400366
52.0,46.02550121936181
52.0,49.02267740334855
41.0,44.13356751467082
41.0,36.84521682846662
31.0,36.019101325807874
31.0,28.16275917606863
45.0,29.071862374235252
45.0,41.40573214161512
45.0,43.02998802114774
45.0,41.63319732063335
50.0,41.331568373701664
50.0,42.129522341063584
53.0,44.19764525679401
53.0,41.770755115710784
61.0,48.40180573633184
61.0,54.89887714063349
54.0,60.98509831329219
54.0,53.508707451716504
51.0,54.99440013569408
51.0,58.344926792088444
48.000004,53.47761266813294
48.000004,57.15238231014325
41.0,52.980570529320936
41.0,51.062871494873676
41.0,47.666565231114696
41.0,53.94167371997132
43.0,54.126461693214445
43.0,60.5993669576076
73.0,63.43862748872112
73.0,76.44726482859052
61.0,76.24469388596803
61.0,67.9479851731718
66.0,80.95002739928624
66.0,77.16639585757446
73.0,91.76736825730579
73.0,92.91590716735206
61.0,90.18190475716769
61.0,71.73901283266045
63.0,67.21773533877425
63.0,66.59207804223401
59.0,69.46536654667993
59.0,75.37924469447614
60.0,63.56285447158594
60.0,66.52470233790636
63.0,62.38369464380969
63.0,61.16855486799105
58.0,59.07070963625149
58.0,61.1149047673926
64.0,58.12286848723554
64.0,58.61332447950159
35.0,64.47475467176716
35.0,37.62310699578476
30.0,30.62457658858078
30.0,30.202489806147714
48.000004,27.92637331047273
48.000004,44.99477691048549
51.0,45.515122657709256
51.0,45.84492960627139
59.0,44.92130309841366
59.0,48.75004857327151
54.0,50.35746335113353
54.0,42.844502588219385
43.0,49.24108896956864
43.0,37.80105340656307
46.0,40.822556951223454
46.0,41.66147563407954
44.0,41.54005359976604
44.0,44.43214920248215
38.0,37.250462547594054
38.0,33.863966946581684
38.0,28.717933003487037
38.0,28.11139788609163
44.0,22.804363950328938
44.0,38.32085286344545
56.0,41.80376598859315
56.0,56.801052071261566
47.0,64.62368895965447
47.0,41.51846545267494
46.0,45.13490017954835
46.0,43.53049370607662
48.000004,51.902705394317216
48.000004,53.92032355962375
52.0,61.8276584011663
52.0,54.713565031894426
54.0,60.85336494098765
54.0,52.606567111351914
54.0,53.07632389488262
54.0,47.32167529381979
43.0,57.975919248832824
43.0,40.29313809906655
42.0,33.61279767705366
42.0,40.96576519005157
35.0,32.63974424424013
35.0,30.556064546528994
51.0,24.359540535149012
51.0,38.07956559876856
30.0,31.352816795343795
30.0,7.486763790952136
33.0,-0.024314482406802354
33.0,7.490692529060346
27.0,9.781554329691192
27.0,8.640993782533569
20.0,2.620099767898733
20.0,2.053172777407234
26.0,1.5133851303605
26.0,4.690734280073485
25.0,10.026670388256056
25.0,9.240159594413315
23.0,10.03005976825408
23.0,8.070675428088567
32.0,11.410910200134836
32.0,21.20382384405589
37.0,28.336540777666915
37.0,32.53828267219491
52.0,39.57491633495548
52.0,53.33979922205121
55.0,53.12355076076261
55.0,58.5113472098538
48.000004,51.73851126128087
48.000004,45.887530689982064
39.0,45.89839253056623
39.0,43.53162545481451
32.0,45.31022257796131
32.0,35.460688057750126
24.000002,32.38080405364376
24.000002,28.87441856459669
39.0,36.20068800690919
39.0,47.43100164096862
45.0,45.689224358486136
45.0,43.559122843462994
37.0,46.7802186047758
37.0,36.14821132165678
35.0,50.24895734170155
35.0,27.388636267515405
40.0,52.276138346448676
40.0,58.42355487390293
49.0,67.14334117204334
49.0,73.26961591077342
57.0,53.278386044081344
57.0,57.89784876631403
45.0,63.07269377182327
45.0,46.68204198719493
37.0,35.046287444458365
37.0,31.59002540142607
29.0,27.735552378179293
29.0,27.388792550499137
27.0,25.165426323283498
27.0,31.163460750172582
34.0,34.00039443167268
34.0,37.73151164460764
34.0,38.40317959861229
34.0,36.175121554243255
33.0,36.85144911063233
33.0,33.864653324015414
27.0,36.30021995680636
27.0,33.488460202843534
28.0,33.78338152419473
28.0,31.221476301818036
30.0,35.152415270442894
30.0,35.40557357594862
36.0,36.38847882630424
36.0,41.55905550315319
37.0,41.04927335986427
37.0,44.94605111085408
37.0,40.87636607536772
37.0,40.89775527008119
39.0,37.703343946727145
39.0,48.19240758154662
38.0,47.10319828753806
38.0,44.62489882413994
44.0,42.300782263638965
44.0,54.170287858510676
55.0,48.62569571936146
55.0,60.874095744220696
50.0,66.327156389572
50.0,51.4587801896195
52.0,62.70885186847525
52.0,63.122184315480865
45.0,73.2684722507544
45.0,52.454109888918744
56.0,68.1749754834222
56.0,60.938035273895345
42.0,65.60916854595219
42.0,46.93760452119534
31.0,42.72937338373993
31.0,23.42804995693476
36.0,27.701636565320353
36.0,39.705181243877064
35.0,28.072454610780312
35.0,26.7393410525678
38.0,21.579883837842054
38.0,29.974351089327953
38.0,24.484565081666535
38.0,22.7196622081462
38.0,19.607525252334682
38.0,17.578993397669034
44.0,16.760444129013866
44.0,22.587487352511765
40.0,23.095583772318076
40.0,22.62692023809613
35.0,22.787662132544074
35.0,19.183933346598447
40.0,22.017320036833755
40.0,26.63962584013721
37.0,24.88919701121266
37.0,20.626028934854162
39.0,24.612495547391525
39.0,24.91733764045983
40.0,30.41403539941901
40.0,30.118182985328225
33.0,32.00421309749117
33.0,32.663904631742675
29.0,27.05885185004268
29.0,23.490973506259625
33.0,16.15137690710315
33.0,39.657932167019275
29.0,40.340051016931355
29.0,30.564054689117942
25.0,24.625567336350418
25.0,30.871699775921627
25.0,28.080843392389095
25.0,18.12821952413561
23.0,34.94054173506272
23.0,27.596178220519775
28.0,32.56444582490057
28.0,35.719514928819606
30.0,28.221904221068044
30.0,14.80662490899511
38.0,24.64930767124879
38.0,17.87554905491626
35.0,31.488114593881974
35.0,39.5933284737941
28.0,49.62961525108831
28.0,33.325195020156386
37.0,46.02768196294969
37.0,63.18147683211201
31.0,43.853502910027906
31.0,38.51854613916307
51.0,39.465235734768015
51.0,56.80807819869272
44.0,53.105889542305924
44.0,46.41080280965535
47.0,36.19532743270184
47.0,40.30892130825928
46.0,38.19841634960714
46.0,34.85911407661828
46.0,39.46796897803231
46.0,41.39414268225305
42.0,41.928735266887855
42.0,38.27175981500496
46.0,39.05134241029977
46.0,41.25830208181337
38.0,43.10518850353584
38.0,35.72764809622448
29.0,39.824923504377246
29.0,31.500016978033333
35.0,34.740374857613276
35.0,40.1878815678498
38.0,39.28163955724393
38.0,50.305430410861256
40.0,48.57451297597449
40.0,48.831852318077075
28.0,42.81433986611482
28.0,36.503201619784946
58.0,37.99561545908363
58.0,67.1350084552842
60.0,69.33042520780361
60.0,71.70958945975715
60.0,70.62768706987205
60.0,62.73670393684796
62.0,60.928654249781665
62.0,57.77166079780526
44.0,56.20088901175218
44.0,29.165476811851008
35.0,39.48477464207713
35.0,32.18679247091735
42.0,47.17533194265379
42.0,49.6430874275624
42.0,53.62360202135795
42.0,53.90194216633585
54.0,48.820659639693744
54.0,61.56790207946921
45.0,55.96261188368599
45.0,53.217361306989226
49.0,48.762525963711624
49.0,51.917080181543525
41.0,50.39155789408406
41.0,49.05275156755296
41.0,41.83955474802515
41.0,42.75269529237964
31.0,42.69785256076999
31.0,36.9346995369094
28.0,36.554665716552094
28.0,31.80275862877774
30.0,32.62665894068898
30.0,34.359734443009124
36.0,34.10594334320678
36.0,37.07873606229243
39.0,39.69781048249941
39.0,39.29420062326099
44.0,38.81876578036229
44.0,41.39127207438651
43.0,44.605041201663056
43.0,46.32435229299219
53.0,50.322706939001336
53.0,47.43576367498682
27.0,46.92333223402907
27.0,34.25395543606134
34.0,29.49532539898196
34.0,44.798214591481624
38.0,34.328015105346466
38.0,29.379925010191698
38.0,29.723908708301124
38.0,39.94068297553083
33.0,37.87089541046696
33.0,24.298416450496088
31.0,36.97744704874273
31.0,39.10284986100883
24.000002,47.96555374917142
24.000002,43.22019513492028
22.0,37.74486924533975
22.0,44.8162628148051
46.0,48.68495218615583
46.0,40.62661858735613
33.0,25.875767145257388
33.0,32.40796038109654
27.0,31.15426865662336
27.0,6.489562599131483
30.0,20.935552117463974
30.0,30.92983497753607
32.0,38.57478968807863
32.0,49.48258712776094
28.0,42.10237317855743
28.0,34.937567439177265
31.0,33.64628646467253
31.0,34.79972793848603
30.0,37.73740293462059
30.0,44.5839458963302
28.0,34.513140376673775
28.0,36.48501882859714
26.0,34.62505113305432
26.0,33.580001250356624
28.0,36.31879168364366
28.0,37.31537136378977
24.000002,39.47034953910019
24.000002,30.59654475014094
41.0,31.553141606825907
41.0,45.82288787154889
37.0,44.564532573151254
37.0,38.04575767783641
27.0,42.17105062090468
27.0,30.73076770285227
18.0,34.7793910609536
18.0,29.01922464963656
17.0,28.4430265800304
17.0,35.734252324339984
17.0,30.08677029806476
17.0,28.599231870875684
21.0,18.839339452822305
21.0,33.14712106207314
21.0,36.00590737024656
21.0,32.59364853329074
23.0,27.481825224177054
23.0,22.72492372492202
28.0,35.41369758735303
28.0,35.30871807343677
35.0,46.074218822816
35.0,45.105735763109514
48.000004,48.19194914417796
48.000004,64.11995218924265
51.0,53.63408753831615
51.0,41.3875011841395
40.0,46.78323559453829
40.0,29.034803886094448
43.0,36.98289806288485
43.0,34.41764280545806
42.0,45.37835643581439
42.0,55.981417963168035
40.0,45.606109653060464
40.0,47.38164581456609
30.0,33.87265634547049
30.0,32.70989230419865
23.0,36.66340498197642
23.0,29.14004602788075
57.0,22.517956338806925
57.0,48.20046319242293
29.0,43.72094758047017
29.0,26.816781278960494
45.0,27.37008180480182
45.0,36.65544641398089
45.0,41.587008028243694
45.0,42.18249778031244
20.0,42.11825595799599
20.0,23.587304756600595
28.0,24.10067164379557
28.0,31.19607555385532
26.0,30.370723559475838
26.0,29.869153284842504
28.0,32.528489927470574
28.0,29.73412319757824
24.000002,34.58262502139405
24.000002,23.76100972462918
27.0,23.874209067793373
27.0,34.19325377808408
30.0,32.47871144053844
30.0,34.94331973969725
40.0,31.618333230564883
40.0,47.39417761443292
45.0,44.53913809892458
45.0,51.47555452923277
45.0,53.506375446600906
45.0,54.201958563415644
55.0,58.24057434593071
55.0,55.16324404750265
57.0,62.86096453730739
57.0,71.20735717994225
56.0,70.8749353189221
56.0,64.38136522683624
58.0,57.03378496314884
58.0,55.80742214105568
56.0,52.41127656620334
56.0,31.77438951056467
54.0,41.197143109582896
54.0,48.331497204050315
51.0,63.48883221964099
51.0,54.80610928818742
35.0,50.17290332067775
35.0,44.338598187923175
30.0,29.48841642205017
30.0,31.266432683343382
40.0,39.53485117313947
40.0,47.763697335987324
39.0,34.33991147932897
39.0,35.38205348515298
34.0,28.991725536413362
34.0,27.002985132663376
31.0,28.866398708676172
31.0,24.263868232998707
30.0,23.489753635958223
30.0,24.947335628697765
38.0,25.185546367716295
38.0,28.952775834208374
44.0,29.361083758766913
44.0,36.29791596099568
36.0,33.07692636638603
36.0,24.692965639978357
28.0,31.58094319302473
28.0,22.51447701409017
27.0,25.847069797050516
27.0,24.7830582330592
26.0,26.231376379871964
26.0,36.766938808430446
28.0,31.089695231132602
28.0,32.61839564781231
33.0,30.274446827422423
33.0,40.932773188628346
50.0,38.88759266849107
50.0,49.19367694865013
55.0,48.64303139960191
55.0,52.94620528789788
66.0,61.06210851352508
66.0,74.06990851079267
59.0,69.50632775180563
59.0,52.13344576967854
58.0,56.163107948401674
58.0,60.052013267689794
59.0,56.630214838550145
59.0,42.72910358503536
55.0,58.062216328615875
55.0,49.51234041486684
50.0,61.37179841106654
50.0,42.81074016177231
42.0,31.067847281036514
42.0,36.93614303877205
48.000004,44.46730130079166
48.000004,49.006323109204665
40.0,45.57498068623159
40.0,49.92263861927991
49.0,30.99065681665735
49.0,39.540593660072034
56.0,40.79664929371274
56.0,48.198880808461674
30.0,46.82916036530355
30.0,24.199223233024366
23.0,25.813083022900994
23.0,17.05298777996317
30.0,18.45395834846992
30.0,25.875532928208433
32.0,25.65741140220395
32.0,27.707604939284064
49.0,26.092297981060955
49.0,40.385057985534175
20.0,39.38274441620635
20.0,13.8838771377743
25.0,17.799328140470237
25.0,18.33457365085165
27.0,25.981974445191785
27.0,32.69956833650918
24.000002,29.79582102762226
24.000002,38.0434662613372
22.0,31.217722938117333
22.0,28.867648772004465
30.0,22.467559264792754
30.0,33.137029718905936
35.0,31.937102856861983
35.0,29.12386566927986
38.0,40.41791568237433
38.0,40.72925396218596
57.0,45.0253442777451
57.0,65.63268945124483
62.0,57.59214608587909
62.0,52.718903352435696
56.0,68.35007115862325
56.0,59.7749430353941
52.0,61.03981383459434
52.0,50.91144199649001
53.0,71.3223332939602
53.0,59.38509034700993
48.000004,67.14077746876262
48.000004,53.856914867934435
43.0,37.56259973049305
43.0,45.754826907785926
40.0,48.3871499033618
40.0,37.492761881826034
37.0,24.267709892355903
37.0,34.18150182380245
45.0,23.557148689943013
45.0,32.350425276523
41.0,37.6202799417196
41.0,35.610523317305486
41.0,29.77604168665608
41.0,31.297300085695
37.0,35.35592462223673
37.0,28.445060347907106
41.0,27.799060371823586
41.0,31.88789273789712
40.0,30.648031250454743
40.0,31.14800566613478
45.0,30.94195887005993
45.0,38.72442283348077
45.0,37.770265715185566
45.0,35.710112250799504
44.0,41.768541071900806
44.0,37.40087359881058
50.0,40.569586821350406
50.0,41.45904181789511
46.0,41.10465421358912
46.0,49.568552939208715
44.0,45.11224451035509
44.0,36.123460800459625
47.0,30.381619947724445
47.0,46.85672581301225
66.0,49.57691831750799
66.0,58.29048638483557
63.0,59.29134955326515
63.0,70.65241267513979
64.0,67.92603862651627
64.0,40.29762438883192
65.0,51.590584795660135
65.0,51.14453920198137
51.0,65.85614850350902
51.0,57.78975945047067
57.0,71.93793672434094
57.0,69.82199860133845
44.0,65.46026442444419
44.0,30.015281532801975
32.0,22.215353730321333
32.0,21.814157917788712
35.0,28.404042351919962
35.0,22.40130635465929
30.0,28.711761740087432
30.0,35.3922166149048
35.0,11.75160099574494
35.0,23.808376988141497
32.0,34.22977571714043
32.0,26.981862270688374
30.0,21.291202060682185
30.0,21.834691870831655
34.0,20.126633533337976
34.0,25.72814777489107
31.0,27.734422568909952
31.0,25.87993481334181
30.0,23.85382040603184
30.0,24.647733452991414
34.0,25.274136576981547
34.0,24.816468660302863
40.0,27.04006352440632
40.0,32.69644604838883
34.0,32.033289634532075
34.0,26.496198024395785
30.0,31.680925965577686
30.0,27.977494298121222
30.0,31.257992176048052
30.0,29.974895983136175
35.0,31.796087591531183
35.0,40.818457731055254
38.0,34.98199674095795
38.0,39.190177620978936
53.0,30.89635287699426
53.0,58.01090739689011
59.0,59.708475119153654
59.0,57.49838236673547
59.0,54.48760697238855
59.0,52.21624287457067
63.0,61.86872714674013
63.0,68.32167198959299
73.0,73.59182684498597
73.0,80.493674452224
76.0,82.6788484529549
76.0,78.33180104911264
68.0,77.38779534094249
68.0,59.134311694693146
53.0,58.63709060192301
53.0,24.434206200112648
42.0,39.78590526541767
42.0,25.28363764928069
37.0,33.69931692589498
37.0,34.19425440039529
23.0,24.347208828334296
23.0,21.55983852597956
24.000002,19.005427929008306
24.000002,23.53324388996035
28.0,22.011828748346147
28.0,29.129503534405366
31.0,20.385282147609388
31.0,23.562204088216344
28.0,21.94885030970631
28.0,21.598499782731572
22.0,22.586051175929278
22.0,17.976412874999678
21.0,20.41119525666
21.0,20.99345458753858
48.000004,20.568432754210686
48.000004,40.41827769169269
45.0,42.21632344422876
45.0,39.33410478566659
39.0,36.69127080426089
39.0,28.54702084287261
52.0,35.183658186242575
52.0,44.47596003468685
45.0,50.375467823622145
45.0,45.018588793776736
35.0,45.48413137984325
35.0,43.10562750218708
30.0,36.485637392716725
30.0,40.20389037051529
40.0,35.45646957013769
40.0,50.09953588682239
57.0,56.65274393734516
57.0,66.62498413941775
63.0,64.50380674645335
63.0,75.86268596412592
71.0,80.80776738007275
71.0,81.6792497824797
72.0,90.8503220506927
72.0,78.0950882896808
75.0,82.71774515409305
75.0,97.3907179943876
74.0,93.53131443529654
74.0,79.33961114101957
68.0,88.94287689525126
68.0,64.93709379224276
58.0,68.85311566348655
58.0,50.30112847416396
55.0,57.32544230685126
55.0,61.29236571584856
52.0,58.132054189767395
52.0,59.68523284508841
38.0,47.20797989448205
38.0,39.61733897721025
53.0,45.09195467860844
53.0,59.96052254515208
35.0,51.96573801591083
35.0,38.40308714082754
30.0,32.5297680388897
30.0,25.667261544281004
44.0,28.451874079676454
44.0,38.52203254081033
37.0,38.87228178497623
37.0,37.859075045381566
31.0,35.775537454870424
31.0,28.06924485884552
47.0,28.52992998881102
47.0,40.28004524406737
40.0,41.21929820360441
40.0,32.39197003813854
45.0,38.61876582799106
45.0,42.18875216279038
37.0,44.624117606808376
37.0,38.108599065659504
29.0,34.531715146869615
29.0,35.2869319854532
27.0,35.37614348358509
27.0,28.172453695548732
26.0,22.771484637145182
26.0,35.34169580728506
46.0,37.17666263623928
46.0,48.039412069292595
62.0,52.1136558370686
62.0,69.06719465812232
70.0,70.88024703287104
70.0,75.79034086609546
91.0,80.37642950103465
91.0,97.64500257469182
96.00001,111.62284775551993
96.00001,118.96092056528164
88.0,119.78457275149968
88.0,97.29489823163199
64.0,107.84029564717743
64.0,60.9100102667579
59.0,63.00080864877328
59.0,55.09578504979298
60.0,50.38170134243457
60.0,61.56554662321775
40.0,56.45474380413037
40.0,32.63430647150613
37.0,27.184772257179365
37.0,30.246923902753572
31.0,35.3339966736787
31.0,33.713897887144135
28.0,30.612166255733506
28.0,29.712834473774617
24.000002,24.958308188296627
24.000002,28.62980496425992
25.0,31.373401609420814
25.0,29.98359007536517
25.0,29.569767465433493
25.0,29.96183736672257
35.0,29.440729355343027
35.0,33.429700694736994
38.0,34.832812943805294
38.0,36.54909910856544
40.0,35.97136239888707
40.0,34.8162433672257
37.0,39.35143206104016
37.0,35.767367039383714
31.0,37.62141236536872
31.0,30.988312386723123
30.0,32.670012086869534
30.0,36.21606613891928
28.0,31.56341910687392
28.0,36.72338115225803
26.0,34.125563269736084
26.0,32.35317281660267
38.0,32.713331373175905
38.0,47.25624876747029
48.000004,48.677937102149635
48.000004,58.51099972503003
58.0,62.92275560655481
58.0,62.53696065295054
64.0,68.71907528521962
64.0,74.69679621210155
70.0,72.10120377836144
70.0,85.60358818815027
54.0,90.53261772368855
54.0,52.6765383494021
43.0,61.454512913732025
43.0,38.20081461922346
34.0,46.006417562678635
34.0,33.871614589709345
27.0,42.44575095182386
27.0,37.27319650018917
40.0,27.97470215983084
40.0,49.80357244525401
39.0,42.56605514588021
39.0,43.53368408153896
38.0,39.78669048194315
38.0,40.05009605818002
31.0,34.98028447010111
31.0,31.943874746164497
28.0,29.64589526373415
28.0,28.65720296418631
28.0,26.2269573198104
28.0,28.734127741722272
33.0,29.817022449850615
33.0,35.15992998377006
43.0,34.299165376556246
43.0,40.36722377373961
43.0,40.57529937611431
43.0,38.683936034263645
38.0,39.821296504936164
38.0,34.18785958570631
33.0,39.57444034098904
33.0,37.65737405964977
33.0,39.27874303741157
33.0,37.815380891744546
33.0,35.833128748155424
33.0,41.04852143259683
40.0,37.375847572504675
40.0,42.50746113487622
43.0,42.91255228274597
43.0,47.807331957304754
53.0,50.5336270831801
53.0,57.33703498212501
50.0,60.61067443765504
50.0,58.609977078078465
44.0,60.913840540113625
44.0,56.17365938179377
51.0,56.748622887109896
51.0,64.72124465648137
58.0,63.66404199027903
58.0,70.9934741491517
56.0,72.0031790988418
56.0,56.65458119292711
55.0,59.86965699484746
55.0,52.93848317069817
52.0,59.4270758791975
52.0,53.16259032577908
40.0,52.77760286307794
40.0,46.58693676292331
47.0,44.143327536942934
47.0,54.06310554315926
51.0,49.69665176428848
51.0,53.53770662310254
44.0,51.51858936996286
44.0,48.27439707950213
54.0,45.992816415010616
54.0,56.07002920557767
55.0,54.41094798488528
55.0,58.429776178376876
45.0,56.14848640505286
45.0,50.50423188130793
35.0,51.07965141646938
35.0,46.511928229559274
32.0,46.421937120331734
32.0,44.92437881671474
37.0,43.89276241683232
37.0,43.773048463747436
48.000004,46.82761341941074
48.000004,50.25216708107919
45.0,53.93622458006866
45.0,49.78390320710555
54.0,51.623062309037955
54.0,55.85696675105122
54.0,60.35706786071569
54.0,58.81212193719416
60.0,58.52423238690588
60.0,69.27046177242464
64.0,65.37267583734035
64.0,68.58524031873657
59.0,68.28237664804583
59.0,69.74628735325625
53.0,75.1636740030944
53.0,69.17120418348779
50.0,72.67022296190908
50.0,76.02053593569345
38.0,66.1089869840747
38.0,53.554012647886616
38.0,46.520340955645615
38.0,45.175319714760725
31.0,44.10694301857822
31.0,26.025891878859543
26.0,27.577954165586885
26.0,23.538498325922458
42.0,38.634157182605676
42.0,43.68366117685161
40.0,60.46699910034073
40.0,67.06608203271253
26.0,61.84252170967597
26.0,56.3505756585477
28.0,47.27678808299939
28.0,53.343102100046366
41.0,50.803356337856215
41.0,56.22641756450851
31.0,52.68909731302118
31.0,52.099674519713574
28.0,46.41019674851182
28.0,48.30096053925769
24.000002,50.95308709899519
24.000002,48.158984680550766
35.0,48.43761886062868
35.0,53.40977222254283
32.0,53.83986060392133
32.0,50.884711080374466
43.0,51.60535815702733
43.0,55.77906551218956
51.0,57.401605173996025
51.0,57.187628947728186
46.0,60.11386786403329
46.0,55.39763504891277
54.0,57.899074950363264
54.0,63.662133018731915
52.0,65.43361526494749
52.0,67.98337599591993
45.0,67.49438253061638
45.0,61.6454446783334
48.000004,58.445767705291416
48.000004,63.29429407292561
38.0,58.83223692542428
38.0,55.959082500435606
55.0,50.10975986890398
55.0,66.3470097153587
33.0,72.69784080819498
33.0,58.7046506646063
53.0,51.58734801963687
53.0,58.36915365029738
55.0,61.45892731671582
55.0,66.47678623480107
52.0,75.64987941486773
52.0,60.76293377646919
59.0,75.74426385579045
59.0,74.32176245460653
58.0,74.55872137798501
58.0,70.2415799460412
55.0,67.60630601234897
55.0,67.22041099846643
50.0,71.62081526618844
50.0,70.23747248847235
50.0,69.1209238811588
50.0,70.68901076322373
59.0,64.3081749585774
59.0,71.56062104340417
42.0,66.6391222665692
42.0,58.421110665159574
55.0,59.163782146717516
55.0,66.82876178056884
61.0,69.87134547817065
61.0,73.59133611870985
62.0,73.15830045179045
62.0,74.10296295822361
56.0,77.01180939573828
56.0,74.76567281676839
57.0,77.29276206967161
57.0,68.21591982453846
54.0,67.30388887082648
54.0,63.33059507896341
47.0,68.6485895944738
47.0,64.29171719768055
42.0,63.51107430131785
42.0,56.409762153371666
48.000004,59.62044071899322
48.000004,63.91344095650067
51.0,64.94264517744067
51.0,67.66959504723138
36.0,63.75032974873974
36.0,68.08749470306788
39.0,65.42742692560316
39.0,64.63125084347064
36.0,74.69627831641233
36.0,72.55082140590004
47.0,52.25193620307191
47.0,63.476763381028455
44.0,71.29550098810256
44.0,75.4935240325949
52.0,72.61084967181549
52.0,68.12962381163187
67.0,71.09015123268236
67.0,84.41479070403307
60.0,76.88339052573517
60.0,67.89784734691558
64.0,60.54482521346539
64.0,62.88945182253419
58.0,68.96520704912953
58.0,65.15945877804947
56.0,64.57039418568604
56.0,62.70552549358214
68.0,60.66523615911532
68.0,76.31576868063497
63.0,65.52843852308695
63.0,62.64546315282905
64.0,64.0673220867633
64.0,66.5725096977847
62.0,65.98976191608358
62.0,68.99837136628634
60.0,64.54639549538068
60.0,65.87678815550774
47.0,65.3738213011791
47.0,63.09572550968453
54.0,64.86912860360398
54.0,66.33196535721659
51.0,67.48688548203795
51.0,63.077824012222216
46.0,63.854673768338394
46.0,54.050663490326436
54.0,56.51401362690362
54.0,57.21311938094571
49.0,60.40122385590805
49.0,54.52156108726682
43.0,55.19267557028825
43.0,50.21989605511775
40.0,48.63237401808282
40.0,50.505637248029544
37.0,47.84469643768456
37.0,50.71633884940903
33.0,50.36622842466017
33.0,54.08070614400091
37.0,49.326906996059364
37.0,44.89596952039401
50.0,42.94907196009018
50.0,61.0794904983346
59.0,81.08492625175492
59.0,82.26834132602929
61.0,91.23794980115605
61.0,84.29276413805444
57.0,64.736378592465
57.0,60.08802915069361
53.0,46.52986463731842
53.0,36.1590645781603
43.0,30.94834794207926
43.0,23.238547895733593
40.0,29.633588692869328
40.0,29.051267468805737
37.0,34.76236824128922
37.0,32.51617000748114
52.0,32.31421839705089
52.0,59.92045804964321
53.0,56.765170578016246
53.0,63.81829510386086
53.0,65.34596291784062
53.0,65.7053465117412
48.000004,57.59200623964982
48.000004,60.096821145292786
40.0,54.66943809800498
40.0,56.08994558696557
52.0,57.37056004395011
52.0,67.25099397157727
48.000004,68.4826982967979
48.000004,65.14888198576352
40.0,64.94872738861758
40.0,58.19771871579669
33.0,59.02081352505438
33.0,52.646799380420674
37.0,54.60015282049249
37.0,54.77253343073908
35.0,55.81756085136134
35.0,53.263868232178574
26.0,55.76824539832186
26.0,51.9197863593852
25.0,52.19082789322559
25.0,49.00031875861415
27.0,45.44166421815584
27.0,44.24554645922008
28.0,44.56077983047913
28.0,45.792098304946876
39.0,47.11072191013248
39.0,52.43574139178621
44.0,51.81903500605571
44.0,60.75073425632188
52.0,67.44055187741115
52.0,74.4430601059978
55.0,69.44434108532812
55.0,69.67069418915646
73.0,66.37720943709802
73.0,82.69321858908827
73.0,81.36710840475905
73.0,68.44537778238086
66.0,81.3602448535642
66.0,75.04988752369236
66.0,74.74911438770256
66.0,71.55100328313368
59.0,60.832575144064855
59.0,64.21145999136911
54.0,65.56734655740465
54.0,62.59186406465217
43.0,64.19242660308606
43.0,53.298521467192344
44.0,39.58771375723482
44.0,45.88956416218966
35.0,45.77111108892211
35.0,38.85861548993274
30.0,42.18070934298412
30.0,41.28351681217247
27.0,41.380791501667574
27.0,40.97512381136491
43.0,42.13744715486474
43.0,48.46443110464244
44.0,49.91701402244463
44.0,49.614664747544666
39.0,48.18331786368708
39.0,41.66587963752055
30.0,45.66294480353008
30.0,39.87840797660391
23.0,42.01143492254233
23.0,34.12250735792662
53.0,37.40507829848593
53.0,53.428296678198734
48.000004,54.48436148758119
48.000004,53.664910081553984
51.0,52.27716671311733
51.0,53.254184939028164
48.000004,57.74638584135217
48.000004,55.39926162527329
43.0,57.04889751019758
43.0,55.98426976330231
58.0,57.06227290842628
58.0,72.75857254453986
63.0,77.3724707396127
63.0,83.74523852254265
70.0,82.23378373124655
70.0,87.83831496994594
92.0,85.56148821801087
92.0,101.55404123026436
113.0,107.26331641697426
113.0,118.01022305941856
143.0,115.433842616704
143.0,143.98889453172066
151.0,143.5715921865976
151.0,150.98635311991646
130.0,139.6502158090688
130.0,122.13329149898767
146.0,119.0143460118535
146.0,142.21697709247073
151.0,135.90390561537413
151.0,143.72925223739543
156.0,140.15271373459296
156.0,146.46721036813142
158.0,149.07105173097258
158.0,148.13566577657107
151.0,148.18450835808346
151.0,146.09034322286072
121.0,145.24671094407364
121.0,124.22675074119591
136.0,122.35311043614699
136.0,127.58571723770929
122.0,132.2798689373158
122.0,116.47108669148787
95.0,115.40105197811891
95.0,82.5183938558596
83.0,91.30152596881251
83.0,69.41198661058851
65.0,73.81658506843672
65.0,50.93339710563677
55.0,55.704425293667214
55.0,43.02982245459393
48.000004,40.333144172041415
48.000004,39.80039330662104
45.0,37.684686889472545
45.0,33.15243523096507
45.0,34.74918058817555
45.0,30.138806236447145
57.0,31.205820569343736
57.0,38.76596627328468
58.0,47.680373126712766
58.0,50.48435140122357
63.0,64.08247218009745
63.0,78.10133336109128
57.0,76.73728749146346
57.0,87.87040243632946
50.0,83.94904854605207
50.0,51.93848643813161
50.0,49.571372295238184
50.0,58.730397379725915
43.0,54.300985138392264
43.0,43.15087374735339
54.0,42.882276551343836
54.0,65.52826136774111
56.0,65.24800892414946
56.0,81.41719369910038
51.0,68.94466152420304
51.0,68.97976685823515
59.0,69.74411523838356
59.0,84.1285369624323
61.0,69.04801366544334
61.0,71.36372398652125
58.0,72.14465552733714
58.0,72.75090121208635
62.0,76.0923751159036
62.0,79.95892201119676
75.0,79.9355963599018
75.0,88.38655891379507
83.0,90.37562190695616
83.0,91.88663312894512
85.0,93.25586061249405
85.0,90.9526442706561
99.0,92.48309474711257
99.0,94.50349222923057
95.0,97.04159928900356
95.0,92.93176194193504
78.0,100.86668512019409
78.0,84.75781648636124
77.0,97.6611415643343
77.0,92.47217631903614
81.0,92.81906431974976
81.0,105.29449801610302
83.0,90.02967141424085
83.0,101.099132922095
77.0,88.96532124735377
77.0,74.92109248962701
92.0,79.5643821507144
92.0,72.79272062601467
100.0,90.52678049954378
100.0,83.60241996905307
81.0,97.40288187818516
81.0,99.78931101345401
80.0,91.15312922158282
80.0,82.72010326741209
72.0,90.42025010473368
72.0,73.87974327972323
53.0,84.94257402126308
53.0,61.52312272633513
52.0,67.03626958829344
52.0,63.1527185434894
32.0,60.88261378961473
32.0,34.92978036468109
33.0,49.55441855365317
33.0,42.7077228843418
31.0,52.919424801258465
31.0,69.79165507466169
32.0,52.913961803044316
32.0,54.61069646488812
30.0,50.85032094631614
30.0,58.10596416699623
28.0,60.61483840145175
28.0,63.6312537786003
24.000002,61.669107970778086
24.000002,59.3775519804035
53.0,62.92880333078129
53.0,65.69537820223778
58.0,64.97911040809049
58.0,47.2367638940726
60.0,60.72912499715042
60.0,71.74530747155929
52.0,66.22315379471769
52.0,69.86957170598389
56.0,71.2026821800064
56.0,78.57086874121987
58.0,77.0718568964457
58.0,72.76951098482817
45.0,72.78407478990812
45.0,70.69918178961562
35.0,68.94645437864186
35.0,66.18677916770388
43.0,76.21532954706292
43.0,81.0964825803768
42.0,58.69751465279764
42.0,52.3604010572062
46.0,45.18029561608109
46.0,51.797929314541
52.0,43.923454978881615
52.0,41.34567194033581
59.0,48.19367120929818
59.0,57.09860946427693
64.0,62.472296734476984
64.0,75.86545263045451
60.0,88.73256100333577
60.0,66.40432569574057
61.0,71.94376178089834
61.0,69.84693009944534
60.0,69.04043683097375
60.0,67.60735805448789
55.0,70.08600818955483
55.0,72.08687648953698
58.0,64.67575337965002
58.0,86.7833363975336
30.0,80.07013784989311
30.0,44.05241210367794
48.000004,52.09846596429245
48.000004,65.82481008980105
41.0,60.993924495033916
41.0,59.20290337326147
31.0,56.95111111110435
31.0,46.8559608231107
34.0,52.255788675865816
34.0,63.312314126155705
59.0,55.3669736961222
59.0,70.60588860681747
54.0,76.30972307022827
54.0,73.98325598172721
69.0,75.69620670862523
69.0,76.06691846940505
64.0,75.65156243760119
64.0,67.31853511183468
60.0,72.77879873265846
60.0,74.75284398148904
60.0,67.22165182307774
60.0,72.14421472587657
58.0,78.21801985311549
58.0,77.94894727388447
67.0,76.5532877418861
67.0,82.02978913483511
72.0,79.76383839593963
72.0,77.16705648334344
64.0,73.41652797499208
64.0,73.15716392258553
56.0,73.60432272485917
56.0,70.20771674169768
55.0,69.24157758922158
55.0,65.63425671769865
59.0,64.37459252662353
59.0,75.43035557380689
62.0,81.9302463677562
62.0,85.2828499739603
55.0,80.05088184427422
55.0,75.5908773055658
46.0,66.06324334062137
46.0,57.04864241081732
48.000004,53.99131445720648
48.000004,47.08903030211583
43.0,54.346470794952594
43.0,61.00101134076738
51.0,55.02876674064367
51.0,59.35549963641012
44.0,61.874408199498525
44.0,64.19453607359507
40.0,57.65651878962247
40.0,56.57040902130318
61.0,53.57814838963544
61.0,69.66462600210836
63.0,65.7760278531593
63.0,72.58482992202713
72.0,71.32338346463987
72.0,75.36350879280059
68.0,75.0396025323135
68.0,76.7508365836503
83.0,78.46283750317072
83.0,83.34060326681497
85.0,84.50811837324719
85.0,85.7931279833955
82.0,86.55054208729229
82.0,85.12500451130511
73.0,86.62057469560166
73.0,83.12258420627127
74.0,84.3939382226124
74.0,83.46146966909421
66.0,85.04144953910522
66.0,79.89723256517246
61.0,80.76913561584279
61.0,76.5773941886139
59.0,75.16275987805818
59.0,73.88680266037285
70.0,70.61212843572555
70.0,79.38623425916548
61.0,78.4085632761566
61.0,75.91008757829397
72.0,72.06752873125696
72.0,89.64932701728877
60.0,85.47174554453555
60.0,75.56589957575176
71.0,71.82352099572213
71.0,84.74922234555432
80.0,74.03117752206974
80.0,75.10676989298373
86.0,76.52745634039253
86.0,70.50494797039582
82.0,76.94392267327505
82.0,72.91576743393857
77.0,75.44016965262131
77.0,71.92992124754204
58.0,76.21156829723935
30.0,68.24306060610411
46.0,42.04896075201513
40.0,64.64173131836684
28.0,61.38298491875732
24.000002,54.82940931392545
37.0,45.941868418595114
31.0,54.88203972262031
47.0,47.41179718479355
44.0,57.1503175547558
52.0,52.545195252959566
41.0,66.72578556840354
37.0,63.092196873457695
35.0,59.98502391070762
24.000002,51.533714831185115
22.0,46.4331187428738
40.0,52.455940936941666
37.0,53.00992699266439
35.0,66.60002144537965
30.0,48.85099533375969
54.0,56.61943806788338
47.0,62.35743603166209
36.0,57.11255610782164
51.0,45.403888976128776
28.0,56.40167937525641
45.0,43.141326495993354
43.0,70.47191793827811
47.0,70.05246547221228
42.0,66.78006973626917
57.0,62.19586111973858
31.0,69.94168322978565
52.0,43.796221188182265
57.0,65.07914087780884
50.0,67.4339194740274
39.0,66.11077807174645
34.0,49.59877398320942
40.0,52.92198790157174
43.0,69.8562187198758
38.0,65.31819603408324
44.0,70.5372035965191
45.0,58.109948184768776
45.0,55.74139115093168
45.0,59.69646728939561
41.0,63.61673166278016
38.0,58.023484944450956
29.0,61.928777462651155
20.0,48.16845975903792
14.0,58.07794121131527
24.000002,49.26909019367909
22.0,48.01604521419431
21.0,51.60901463285808
21.0,49.59941625658354
25.0,52.19909532447527
25.0,51.17982550376949
21.0,49.090832812200276
17.0,56.76450131263936
13.0,49.699444243643335
10.0,49.97342175870067
18.0,53.27176470559237
30.0,50.851601674923266
31.0,55.53135904121644
32.0,56.29134047374329
26.0,47.5651865307157
21.0,41.455910625853946
38.0,46.06484635625206
53.0,59.66894186274918
50.0,64.03039415397939
54.0,65.71060546435262
47.0,82.91159735661486
54.0,72.90405391722115
41.0,73.09660022736082
41.0,57.68387864395159
33.0,51.165360242619535
33.0,43.75279417809264
25.0,48.97874368762075
27.0,44.25813671715617
24.000002,57.65152496763068
45.0,51.68343032830037
45.0,74.01819720023718
48.000004,75.95741874770239
42.0,86.47982388270317
40.0,63.87451434716589
40.0,54.05111899169565
53.0,57.77943190284328
53.0,66.27735090361523
48.000004,54.54744920552585
45.0,49.97944348606856
47.0,32.91103667558982
45.0,40.17857725618352
33.0,39.49905352529767
27.0,46.294674581361974
30.0,50.85019614512342
36.0,47.11054059634071
35.0,49.45719761384704
25.0,59.275435901523934
29.0,54.375554502296254
31.0,55.42185445319916
26.0,57.74059167438957
25.0,48.88005952073866
31.0,44.10413650478222
38.0,43.49106231858678
46.0,51.79644452888602
54.0,63.144682635060505
54.0,72.97325095202123
45.0,72.57896231624562
39.0,57.95959774616377
34.0,58.525397632936716
29.0,40.28673836839324
29.0,40.38896911243806
27.0,46.006152769708486
30.0,44.10172584119436
32.0,37.251017612364194
35.0,46.03731459284699
55.0,40.882602829304695
64.0,62.11561645421024
71.0,71.48178627767219
67.0,81.45210937461263
72.0,72.79295886831801
68.0,82.82166425613742
45.0,69.60840354981505
39.0,56.340594309319606
28.0,54.55554213816336
18.0,39.371915315037086
25.0,40.608206820200145
25.0,46.23253355665398
25.0,39.80655350963254
21.0,48.75693538907708
29.0,56.05942234935546
33.0,65.00310434931163
29.0,62.35357782495003
31.0,51.33286357427719
38.0,43.8148535747278
36.0,49.46290038810642
35.0,56.03836213477988
44.0,55.65247619785439
51.0,57.80291649891511
58.0,61.05106985036965
80.0,62.16819767191207
67.0,78.60959281250047
61.0,76.58228251277811
57.0,76.41394249611014
60.0,67.5286452997244
55.0,67.61780313280713
52.0,66.08927189584091
59.0,63.12457971324917
54.0,63.05703434769245
43.0,64.99567785785098
32.0,60.60534351713357
47.0,51.924927456258466
15.0,55.21190703647794
37.0,44.32871472138126
23.0,58.11655585675268
18.0,55.127618886311154
19.0,49.801110881790336
28.0,45.93147097116898
28.0,48.877792561440444
25.0,51.26882068502286
23.0,46.03968289496402
32.0,44.810683019892494
45.0,49.42678556833796
37.0,56.4686639458624
39.0,53.925692313110005
38.0,50.22868169813869
32.0,61.59944899525421
33.0,61.30382156867282
27.0,59.052038902671896
26.0,59.392003474540054
23.0,45.23905372186807
35.0,43.699731610205816
40.0,51.41015388998414
33.0,50.41433092435634
33.0,44.318649175496056
27.0,44.312486550854665
38.0,46.24767116904835
32.0,56.680743314691945
24.000002,60.2745619993611
27.0,47.90856736806813
24.000002,48.15519095322145
24.000002,54.486316318461384
23.0,50.376693500135055
24.000002,46.73883486344517
24.000002,55.236626972853735
29.0,49.35267146771038
27.0,46.90320994954268
24.000002,50.4834036432923
41.0,49.80431740980664
29.0,66.41690855829819
12.000001,55.108828202796545
10.0,43.25056452945364
34.0,53.2881666003966
36.0,56.00431798564911
30.0,50.86858869335679
38.0,54.57657226119364
35.0,61.97799203932978
36.0,66.23634171276284
35.0,61.060412567319034
25.0,59.8366253411558
31.0,55.71565129363662
26.0,65.81846713859997
21.0,57.29558079544613
27.0,61.17980223373855
30.0,61.431151771351885
25.0,56.13607828160959
25.0,47.96203207972365
25.0,46.04183295660928
25.0,41.13286303551086
23.0,38.90095149239216
30.0,48.341717584057626
40.0,51.82843117033525
60.0,42.827608126928624
51.0,70.0256551235637
48.000004,71.79298283036289
45.0,69.58559349807462
35.0,60.85639791125306
25.0,45.21174014042304
35.0,48.72944089959378
39.0,54.081904006447466
51.0,48.99565702847462
33.0,54.165283054957094
35.0,34.95753261187257
30.0,48.20590736329252
34.0,38.14821952044344
31.0,54.248474287998306
30.0,42.342040693239724
28.0,37.61837014309522
22.0,34.92669730343079
21.0,42.06465042308843
23.0,26.686674833447942
20.0,33.447561604094254
18.0,20.24302590939697
19.0,16.284094940644792
20.0,21.44842701265544
31.0,21.92983330860342
32.0,33.6462468268156
45.0,32.791631265296395
60.0,44.32214868116821
56.0,63.069197327534695
64.0,62.43443127335739
46.0,68.14612440870513
42.0,48.40363078457415
27.0,35.058967804193735
20.0,27.287288576366294
20.0,17.870372120718958
23.0,19.85672016474067
26.0,25.008732259400126
23.0,34.1892881426544
18.0,28.417247921332237
46.0,29.80070214345956
33.0,43.18510306500741
31.0,26.927341009189607
32.0,23.417971167059786
33.0,9.584872890968567
29.0,14.475814090775051
27.0,23.889199870252305
28.0,18.771476148191404
39.0,19.442769418910753
54.0,38.03398539102948
57.0,48.184569285574355
39.0,53.02695565677877
51.0,47.29687859605907
58.0,65.15543045512939
47.0,68.54167356744846
36.0,54.551234921560024
41.0,52.385208332687725
37.0,43.60499517314123
58.0,33.87947976416258
26.0,53.09433608408719
30.0,31.903496705677057
27.0,37.3667857452618
22.0,33.16157250828781
19.0,31.914416348022204
30.0,38.39701310263157
28.0,49.223307605800784
30.0,34.64670183034602
36.0,33.91938514727745
45.0,38.881317819284924
41.0,46.801007801380656
39.0,41.01142062302337
40.0,40.355409640022245
37.0,41.70954708112743
31.0,42.67011564112401
40.0,51.01504432585142
56.0,54.643954498087986
46.0,62.25027088600164
40.0,66.375686553567
45.0,61.04520036943828
37.0,59.39492366250652
45.0,50.80757661954098
41.0,46.96318672410194
41.0,53.957186722823224
39.0,54.20755674477309
40.0,47.79652932047376
45.0,44.39619789785084
45.0,40.57037808173405
47.0,43.8777967661688
47.0,59.64819550652164
50.0,64.65218846086961
50.0,67.25646985484093
47.0,61.837613968714386
41.0,51.0137584692777
58.0,55.37205183551577
64.0,71.26608446818531
59.0,71.33841145518818
53.0,66.2156451107824
42.0,63.922807773126124
38.0,62.68945794489612
29.0,63.10069622687358
33.0,56.370819470496926
29.0,58.24178044758801
31.0,57.308525163649605
24.000002,58.50221703417163
18.0,49.489591456422275
9.0,46.120603839070185
10.0,41.749399626382754
11.0,43.0445878174426
3.0000002,44.069239615641166
27.0,41.810514856682964
36.0,57.926390999304814
22.0,71.4065912394404
32.0,63.75388929715043
22.0,67.94380396767248
25.0,65.24765248980499
35.0,65.26204638540526
36.0,66.7160184214157
33.0,62.235941564206605
33.0,55.38884524609842
33.0,58.230950540803114
25.0,55.73273529192938
29.0,53.69390959497594
37.0,55.701589948230456
58.0,64.35735794583155
54.0,72.48425308290112
39.0,75.61380796630917
28.0,67.83114098905848
24.000002,58.437852278478516
18.0,61.34969336406204
18.0,56.93660058498742
19.0,53.61091219647882
22.0,60.95294056194224
21.0,58.17493603564995
23.0,58.91271491790044
20.0,57.50169515352988
26.0,61.89301364629862
21.0,65.10891411336459
10.0,66.8032756597283
18.0,54.49663111357092
30.0,59.83814113925847
42.0,67.44914416685242
52.0,72.22453445837394
54.0,74.73814340399453
55.0,70.95943492380445
53.0,63.75949592719361
58.0,63.84585224520043
64.0,65.01726727040696
66.0,69.00458512874224
66.0,75.05549537996603
76.0,80.59626331666254
60.0,81.24646095968866
64.0,78.4166139055969
60.0,71.84146695849202
68.0,70.94893256560088
60.0,77.60323156034558
70.0,74.75832915337628
65.0,80.50451360802936
70.0,73.6298419523157
75.0,76.8247400201571
75.0,83.60901938161795
84.0,82.67343365981739
64.0,84.65374340090183
62.0,79.73510661130454
61.0,85.83148403021887
57.0,86.609386794356
54.0,81.80194986758846
52.0,83.22376834990928
57.0,75.34283171796633
55.0,67.48956300103495
50.0,70.21637065738892
58.0,64.71914585939327
45.0,75.61841093411873
45.0,64.14388017599488
45.0,70.1589701350855
54.0,70.32902358821484
53.0,68.6099522251467
70.0,67.60775845549325
59.0,73.2518985666715
60.0,64.19348223777706
60.0,74.53157836960547
55.0,89.45172888432442
60.0,76.81120877734338
61.0,67.76222665888068
62.0,76.29845134261524
58.0,67.54197639097188
72.0,67.87739052783452
75.0,74.54093507639614
76.0,78.77917276653389
78.0,83.44512659779018
65.0,77.13775773563249
58.0,74.97843374220255
54.0,80.23347673571583
49.0,72.72106314137089
56.0,63.03297544257018
64.0,54.2253885890129
66.0,61.680007733613365
44.0,67.92883479629113
52.0,70.9576456561828
52.0,64.63626957437619
53.0,76.33861552565862
66.0,72.08521605769693
56.0,72.86438846990599
69.0,55.280331769077776
41.0,80.18407336967076
39.0,75.53574075437027
38.0,67.62517881085424
51.0,60.31059501869231
31.0,70.99995054121679
38.0,61.32213169902226
36.0,74.17200734859553
39.0,48.025808833872034
46.0,50.97484142906178
52.0,58.44336254497357
55.0,64.58363875136973
56.0,70.00916022291398
57.0,70.56644684687299
59.0,64.93810839733706
60.0,69.89877443055514
58.0,74.84953980960977
59.0,70.76902868859374
55.0,71.38282819151799
49.0,64.54047089669689
59.0,62.98291357717403
45.0,62.53565043516511
31.0,53.833879230522605
49.0,44.29717829340067
43.0,54.11723947326827
46.0,56.04926175855574
38.0,57.44406460547958
48.000004,52.0247615422365
40.0,56.332386333200915
28.0,57.919427082469376
50.0,55.54356116241799
25.0,70.430760127927
41.0,54.94575030034905
43.0,59.99376031890522
47.0,58.49749257814904
42.0,57.56654350115658
40.0,60.11466428330501
36.0,54.96282440453022
30.0,51.78483982671543
32.0,57.66221552712789
35.0,49.44810672798206
30.0,49.4630761579565
33.0,52.5077026897827
35.0,61.25260130946642
32.0,61.436829299071256
30.0,61.41839709447343
44.0,58.44851021936122
33.0,62.25183249419402
27.0,61.81762614926736
30.0,60.573467784156
51.0,58.78440917646759
23.0,61.03448587341763
30.0,52.2750592056254
34.0,63.348303945314754
50.0,74.02615933054281
44.0,79.56214241455693
43.0,66.46009472826442
34.0,57.99272578159576
29.0,58.71723540572737
27.0,45.659081923135325
26.0,44.395179652194884
30.0,40.49531830487867
25.0,48.697636768630126
40.0,57.49559645949484
38.0,51.60672355774254
46.0,52.15033876986179
46.0,68.95872668074234
44.0,78.02854263469054
49.0,73.65136513429671
49.0,73.12183784159156
39.0,66.13957785405347
56.0,65.7235835107296
37.0,75.3031873021882
53.0,57.05154308617607
23.0,70.05365021308555
24.000002,52.7175043378005
30.0,59.12688784616619
32.0,57.21442771969432
54.0,69.06520793818908
42.0,74.37251797036907
31.0,69.95184902171066
34.0,64.14781705225235
44.0,65.98892371704399
39.0,61.3891525975994
36.0,63.126894202074034
41.0,61.525146547484944
52.0,64.04105880248908
53.0,71.65037836403967
52.0,67.7685973638007
52.0,64.86362497414416
54.0,72.24050053522431
53.0,74.09931477284854
52.0,71.46835570672046
49.0,79.26553569153364
51.0,66.99352409395351
59.0,67.85678038319367
54.0,66.98549942164048
42.0,73.57639181565058
57.0,69.89279667205739
61.0,64.41733297665255
53.0,73.86344664329602
52.0,63.10874183367911
52.0,76.37153183506415
62.0,68.21575284692926
55.0,68.13095606914855
53.0,58.53555179586402
42.0,68.2172339679173
27.0,44.01000662145292
20.0,41.95292730633372
16.0,32.07846378720379
33.0,26.4019586035881
43.0,46.650750596986285
47.0,55.35227847070177
52.0,59.94725366997581
62.0,69.22759981956028
65.0,72.30318180223145
64.0,70.75093362336123
67.0,70.12569819332249
67.0,62.22454723309822
64.0,62.21101339034094
63.0,61.76099362827112
67.0,61.582178015359155
48.000004,68.57427724324138
43.0,52.64180774275095
40.0,49.93568094589157
43.0,51.32849500244256
44.0,53.92817445611357
49.0,53.49878313152547
39.0,51.59130507818354
34.0,48.293268571532074
36.0,44.96567759021199
32.0,44.88792641191328
30.0,44.20163931370751
30.0,40.840851612689356
41.0,41.02330598283116
56.0,48.970399187198204
40.0,56.714321162031894
41.0,48.27891686996013
35.0,52.1964118954816
36.0,52.29276170215985
43.0,57.29401172545089
36.0,61.46084178790365
58.0,53.00338065473092
48.000004,66.12100495765806
39.0,63.06424788127706
28.0,64.92065687007583
30.0,52.97089689543669
51.0,49.41242541770512
51.0,64.33936950604993
36.0,68.61524669014872
44.0,58.87876559671022
40.0,61.281613199859464
41.0,54.551412811750914
33.0,56.9288784913495
37.0,53.87600527686256
33.0,48.2087935453274
31.0,53.49520260673615
47.0,49.25968079398712
44.0,58.40519193246848
47.0,60.09741456670609
48.000004,61.18284034928851
52.0,62.63949366976593
53.0,60.19278463938939
70.0,69.45183966638578
58.0,77.57062735831072
52.0,75.97904639732572
39.0,74.82519381723844
38.0,56.36240688004994
31.0,53.072634253009085
34.0,49.31558516581565
32.0,56.71022412006065
51.0,45.7269702467778
17.0,53.18389831569021
64.0,39.429042024027815
69.0,77.18758920552152
74.0,82.62263368441786
76.0,71.04496088512393
68.0,76.4608303857781
65.0,76.73489476362626
64.0,75.92633560302873
64.0,74.90863845913249
58.0,73.22219029697455
47.0,68.3287496640329
30.0,66.6507838452101
48.000004,61.524873962299566
30.0,68.6467707219028
52.0,64.25107168351948
79.0,78.40692845029683
80.0,85.46676364682048
81.0,89.32416062705849
75.0,84.42481314278548
72.0,80.83518238275259
62.0,79.66169837391105
64.0,79.66771044986365
64.0,78.65645691022061
63.0,79.77567700757528
66.0,78.5296545284688
62.0,81.37222351372236
66.0,80.19632772966317
61.0,83.33316289643275
56.0,75.35288153527526
49.0,76.8377341797508
45.0,71.3836523078012
53.0,66.68422931132255
55.0,73.50594654392562
50.0,70.5701996418536
54.0,70.49505690298982
54.0,71.47331721795912
56.0,70.54048562257874
55.0,74.6254750542049
54.0,72.33507305362762
54.0,70.93090917117227
59.0,71.1222367516459
57.0,70.55975587439468
59.0,71.67628542016938
60.0,73.20199010810533
63.0,74.38267287124201
59.0,78.51220997833285
60.0,76.6593723763509
61.0,71.61086643286892
67.0,78.77146309903259
65.0,82.38923987642536
69.0,87.46594181874377
79.0,89.29739527401917
79.0,86.71134340228616
73.0,85.88217752199414
61.0,78.71400864752312
64.0,72.50804197631595
66.0,79.69570896972279
69.0,85.8357743308541
78.0,74.33721250693146
81.0,82.38522257578536
77.0,73.10501486847569
76.0,75.58792084821862
68.0,78.57280265051638
68.0,79.73774488653622
75.0,80.88095203285712
64.0,79.196653892308
64.0,67.18263453160489
53.0,67.45679573461447
42.0,56.54812762961087
46.0,67.29441916225916
48.000004,69.45122396812003
51.0,68.80784327029819
63.0,59.16200234126021
61.0,90.41534728587817
78.0,83.63064886161071
87.0,98.73436980477835
81.0,98.86200062529095
75.0,84.1300685548787
75.0,83.63345408383506
72.0,83.14950575763665
71.0,84.12960565957765
70.0,76.0049710277268
60.0,73.89676401729638
62.0,61.96082920467019
67.0,65.50347091658577
60.0,81.85419302941378
69.0,81.33637183284054
61.0,87.18522620511006
60.0,71.13682194318328
40.0,65.77593485770022
47.0,56.37867730426373
42.0,64.7799363401427
40.0,53.24879819629041
51.0,61.36062115016134
46.0,63.631432284409456
31.0,72.51330641159328
32.0,68.09206351768523
30.0,47.11241787998062
25.0,49.902570955416095
21.0,52.19516487530582
31.0,50.537239750163565
47.0,79.52673714742293
44.0,80.68977809737245
49.0,59.352567414710194
52.0,76.45390541487676
59.0,72.27114638670191
54.0,63.47882009595927
60.0,74.36131732853939
65.0,80.72174851959795
63.0,78.25084489621256
62.0,73.52279725982173
63.0,73.83339318251433
63.0,76.17759717543346
59.0,62.316411113335036
54.0,63.48951816617211
64.0,68.06283223861952
68.0,77.42886671721195
64.0,82.82258382723701
61.0,73.67180757362419
62.0,76.1796256384377
64.0,72.22706507908511
68.0,76.68718653052116
71.0,75.88024272535274
70.0,73.15377708136943
70.0,78.28334866630041
79.0,80.45716259707584
84.0,90.4204068831967
83.0,85.96067892535216
83.0,79.95706481375737
74.0,82.3307991401777
71.0,89.15154429477293
47.0,82.9639775387371
67.0,54.33963196706388
81.0,69.77096395324926
94.0,80.87225107016164
67.0,87.76980535961751
60.0,71.99142334259781
52.0,66.6157703232011
52.0,58.14309943775667
48.000004,71.13714411835427
38.0,72.02458900380246
44.0,61.91754481510702
54.0,62.274854122697135
54.0,78.04585895657749
63.0,88.31639978241746
103.0,85.97639223527707
83.0,106.42891969492109
80.0,87.58042262873788
73.0,94.46832827488699
76.0,79.0103811893067
77.0,73.20490706928705
79.0,78.17325802364567
79.0,79.35752944957913
63.0,79.37314290914556
54.0,79.08360797328797
51.0,69.42944780271203
46.0,69.01733453775434
53.0,63.92138490539402
48.000004,70.2227332637944
40.0,63.40015069046938
30.0,61.66809815254163
21.0,45.62113411394663
33.0,40.05243485642341
35.0,65.95553344057507
40.0,65.10622655277965
43.0,62.140595349720556
51.0,61.55542793306466
60.0,73.72315095400525
80.0,79.7826748657696
57.0,98.76050957605077
72.0,77.79523531834022
54.0,81.74939668708114
53.0,69.57326401721173
55.0,61.237994114953445
66.0,60.262871711216434
61.0,78.96357942762621
59.0,62.409402516670916
62.0,59.34354468601957
70.0,68.27786825595327
75.0,71.61540886807278
75.0,73.2162141255349
67.0,88.7809317132173
63.0,74.86731847667258
64.0,68.70403321667526
68.0,66.86415316384084
68.0,65.33884573484652
71.0,63.76616920639765
67.0,80.83984142308363
76.0,68.59206344533044
70.0,83.16450408009084
69.0,79.80315427563657
66.0,86.01955419097618
73.0,80.11387270915152
75.0,94.29577907436138
81.0,82.7679443670372
84.0,83.87366073778485
97.0,90.79787833896934
101.0,111.14578276965337
97.0,94.53755517905668
95.0,89.74521247265729
94.0,87.1439259255568
91.0,96.31580861812367
90.0,88.6601261652029
87.0,86.97618738263115
89.0,75.72176719203131
96.00001,81.01529286326206
109.0,95.56963441208606
78.0,106.5114930449648
62.0,85.47420876105915
63.0,61.795969985153896
56.0,58.682361496138306
53.0,59.52789551396834
70.0,64.10296395216363
62.0,69.85909061290542
62.0,61.383003245166144
63.0,68.37841305335884
55.0,73.01638499367357
52.0,71.81854530509752
48.000004,60.67224335851465
58.0,68.68819631085387
58.0,83.50902425854638
62.0,79.96041857880444
75.0,76.06413401673944
84.0,84.56589872225652
80.0,88.78620725009296
78.0,77.05452526537091
58.0,72.88675342816713
61.0,65.43238616878511
66.0,62.119730134041035
56.0,67.39552918643706
63.0,63.92584642804303
83.0,68.55138749548074
83.0,88.22545177336684
79.0,90.87285686246304
86.0,83.7826206651928
93.0,81.37889066662267
81.0,88.60863302333307
71.0,75.32029184077149
69.0,66.76405668453451
74.0,63.07975018933414
77.0,70.58521157481248
80.0,79.84816983784867
72.0,80.73787214275006
68.0,74.63555703590939
66.0,62.20809181149771
59.0,57.91391835988935
59.0,52.035784591223006
47.0,51.903366122086254
42.0,49.495097068242615
42.0,44.68617659847349
41.0,46.31758207337473
34.0,48.92538874112703
31.0,51.93126119795144
53.0,47.05778616385774
59.0,52.991497105251874
81.0,66.30014082176656
74.0,79.36054280537412
145.0,74.36330001225923
95.0,124.6452926418956
69.0,90.81360704245316
58.0,69.32420685066529
57.0,52.13577798647283
50.0,61.323444640022856
57.0,54.17054390880175
46.0,62.93392160709589
38.0,51.733186037026556
72.0,45.30996596360141
122.0,78.68717048045171
87.0,115.75995296360828
71.0,74.20807674922402
59.0,53.154535405312984
47.0,53.72994635478365
36.0,36.89253943574191
30.0,40.32670586602986
23.0,29.429945137821832
20.0,33.920107073600526
20.0,38.91549439049276
80.0,34.6182713911476
81.0,86.28784630511737
83.0,95.7657764036478
81.0,92.32780133335689
83.0,89.695471244373
86.0,88.52786607016239
88.0,85.27211989176018
97.0,94.58518446288213
95.0,109.93264636333475
91.0,105.95134391801277
89.0,87.07423596244884
75.0,81.66371159496975
79.0,55.52631997196754
68.0,50.12442125603415
61.0,46.20019695903769
54.0,41.56615947392145
53.0,43.11334056124036
48.000004,45.71509510539667
37.0,56.511668316197984
31.0,49.03113965575401
30.0,43.73938443201925
42.0,49.53787454459299
55.0,60.11833594272162
97.0,66.83849202303828
122.0,96.55381503083409
122.0,102.72293901849397
98.0,100.63405934014924
84.0,112.42780693908136
71.0,93.3558740207551
80.0,88.69405168787672
79.0,85.97768117673351
79.0,81.00583427330142
76.0,82.84525647336234
72.0,89.04492700788227
64.0,81.56881563768442
58.0,73.47597444031518
56.0,62.6328455080191
55.0,54.46020966972944
54.0,54.036337120153874
52.0,55.18947603105854
54.0,64.17035311838728
53.0,80.81463674315702
52.0,74.56274774158994
53.0,65.5120530311533
56.0,70.98321499224602
57.0,85.35791810609425
59.0,86.52083387184578
77.0,69.46434891224267
78.0,70.03490871043185
86.0,85.79455739056444
87.0,102.76849498473972
90.0,97.46486796589093
105.0,90.42093018665766
111.0,108.00100693363353
98.0,106.06456045422784
101.0,88.01984618092152
113.0,92.15064370452242
93.0,101.75232508316951
88.0,71.42896457222507
94.0,84.11230758823316
93.0,86.7674204487647
85.0,78.98505254355852
81.0,64.9496976261366
74.0,77.79336277185095
61.0,83.08581770543599
65.0,71.62510673266885
60.0,67.39817023880778
52.0,72.42337617489342
41.0,82.6994755446936
37.0,45.93069642914849
53.0,54.263492449423296
56.0,55.86353276157136
59.0,81.971328987215
65.0,53.04921219131826
113.0,78.4123918105323
136.0,112.15437835188798
110.0,148.47921285818998
91.0,129.55154499304058
90.0,94.43455356182466
89.0,61.7771515349412
86.0,78.08270690755893
83.0,83.3438203204891
79.0,59.95482989456145
74.0,73.60012806297858
67.0,63.25691880275948
59.0,62.22507763775393
58.0,60.76777353959083
54.0,68.0548072012339
59.0,68.91610124489169
43.0,74.74543586075092
38.0,71.79395096670396
51.0,54.303771388245956
52.0,58.513260443909516
61.0,65.48861694276943
79.0,48.55896101484754
97.0,76.18118082733804
109.0,107.56185881589901
96.00001,96.76077136287925
88.0,81.98287754630881
92.0,96.6819375156144
87.0,112.14558428408431
80.0,85.45562009921514
71.0,83.7846130116788
72.0,66.73743176937184
71.0,93.97699526734289
79.0,75.66587146831515
85.0,88.98825673376157
90.0,69.37543166002379
87.0,96.15835186885771
68.0,82.24711426676416
58.0,67.18058674521957
56.0,49.88118436266915
47.0,54.3969478433567
48.000004,64.14010001444342
55.0,63.41573942332811
58.0,48.724109116676225
59.0,79.19739973481086
66.0,52.119521175197384
72.0,56.49714343836381
71.0,60.42263630759916
65.0,51.48687739294324
65.0,59.443137030813105
68.0,84.28570751960024
66.0,71.72050536612261
68.0,90.94952154147391
71.0,83.98573770491602
70.0,74.3215873743101
72.0,68.60669751367989
74.0,76.96471392693651
75.0,84.2702860322357
78.0,68.97642447861259
70.0,96.26645835626672
66.0,46.51041826435769
55.0,60.40175014554845
50.0,21.59008700149488
54.0,40.69881541197129
54.0,42.857812471283
62.0,51.59360822050833
67.0,59.005173309638245
89.0,82.1288566745909
93.0,90.95292122789745
93.0,97.11897389397731
89.0,105.79723713084273
91.0,83.90814810592023
90.0,91.57352903960975
101.0,79.43825476618895
110.0,101.09448082868501
121.0,106.77470008941803
108.0,159.55816268898906
120.0,117.36972757017155
107.0,127.32332787531011
89.0,100.45263770739146
81.0,86.3937378689242
82.0,82.48271961453942
83.0,75.69021439819169
81.0,78.14522663718301
66.0,71.84618237326376
58.0,73.19985424753237
58.0,61.7069321948886
62.0,50.18106602641067
56.0,81.05759074049381
61.0,68.24436943759783
77.0,57.63647995475353
88.0,78.14254768873218
76.0,95.98060763027249
83.0,78.76197686113919
80.0,79.52442863529194
71.0,80.92233245766039
64.0,80.07312643551522
64.0,74.66301847796969
73.0,76.49776208989311
71.0,92.84465912894407
70.0,96.17509996538723
65.0,94.09245194115952
66.0,81.59740550278507
79.0,82.78649588229369
65.0,93.4838229144407
66.0,79.62017132508164
64.0,71.86915405630363
59.0,78.06906005583367
56.0,67.65280169754354
54.0,68.08335161613223
58.0,62.154749805146395
46.0,61.238033243866205
44.0,49.079114498295844
51.0,42.72236061820193
51.0,54.686407585904576
57.0,54.102994740442334
56.0,63.3272840875954
60.0,65.01599238059791
59.0,75.357765723406
55.0,70.74116799431567
50.0,60.73932528408894
40.0,54.17440211606252
28.0,42.1581736443335
22.0,30.062469763784584
21.0,32.53733462721987
23.0,43.718208634271214
26.0,46.61992077383024
46.0,48.4036239060719
60.0,70.92887918124606
63.0,74.10891070477788
62.0,68.33267266209761
60.0,57.53113013962922
71.0,45.61673207890791
80.0,66.59381130106458
77.0,73.83757002190795
69.0,72.36591977559254
63.0,65.73223489574119
60.0,63.66145673450679
63.0,77.51960728517105
61.0,65.66784276581043
61.0,65.23577707991588
65.0,58.125282520928465
58.0,65.75376393006115
60.0,61.360380270084455
55.0,66.60477200155812
63.0,66.68389852983725
80.0,70.61723375873162
87.0,80.27317413505725
91.0,121.67932228805157
103.0,98.97418868837688
106.0,107.84306622675435
99.0,85.9957068276012
98.0,110.59487515614472
99.0,94.75846361836167
93.0,107.9319018172549
77.0,88.92028963022871
78.0,58.98277298400905
78.0,69.4223604499328
72.0,81.55558365985999
64.0,68.53563491643875
60.0,58.9001970860109
58.0,50.44489952252871
55.0,57.11674668059729
60.0,45.52072877088137
63.0,56.245212169053545
67.0,61.958654350413646
62.0,74.81640093768881
60.0,90.47595963247318
60.0,48.43954182560048
63.0,84.7928725979099
62.0,60.908213745146625
59.0,68.43375487479395
54.0,64.44959096216881
59.0,69.71104287387043
73.0,79.23516500951193
75.0,94.93819402368568
78.0,96.25601427441497
80.0,85.16560246898769
73.0,80.21680257617068
68.0,62.598640633942814
65.0,39.339877808788174
63.0,58.09930192516307
62.0,53.60160898202726
60.0,57.99585042620613
59.0,44.95560524165119
61.0,69.74030814301601
58.0,83.54345485560664
54.0,74.8345156270403
61.0,66.23807045917593
63.0,80.53455092423562
67.0,74.26588415135743
66.0,121.29634451705056
70.0,69.29300596313323
64.0,66.00332190947073
72.0,76.03280527631648
73.0,60.80909273875823
77.0,68.39761312880987
86.0,84.39571609932298
111.0,88.07027650966175
142.0,97.64772777831239
154.0,125.88103884073493
152.0,136.83986224047806
131.0,135.80219337231824
122.0,122.48974740116692
101.0,94.36096748764442
91.0,87.23196547307504
77.0,79.535714304159
72.0,74.70585014369782
67.0,69.62022240202849
61.0,66.5187775108851
59.0,75.76981773405781
61.0,71.08748254419812
65.0,63.551083739362596
61.0,64.87689519981669
67.0,70.20771822727477
59.0,72.1549203209271
68.0,59.76095378341899
78.0,70.81373359189175
80.0,80.65108741546135
81.0,90.84565980837199
71.0,73.69122767184119
75.0,59.23171378763644
76.0,69.1014572606277
70.0,61.32747654187057
71.0,56.31023741179522
74.0,91.8097134865241
71.0,85.25306697089773
59.0,85.35111467404353
50.0,56.45580499461734
52.0,42.7245271428324
61.0,55.84852471552533
62.0,71.65265818997085
69.0,52.806201853500156
58.0,75.78374197972231
80.0,74.73918267477849
68.0,89.69707109650199
72.0,65.06948965729481
89.0,80.01053527285293
66.0,96.679731249774
69.0,68.93954025963961
95.0,70.77129159231245
101.0,103.8791868557716
92.0,110.08715620788344
85.0,102.45153114984934
81.0,84.32003140319013
79.0,76.51842567281575
79.0,84.6133684263328
75.0,79.94591952094609
72.0,73.03734828217738
68.0,59.40495297634481
69.0,72.33163272170704
62.0,78.31115835809948
57.0,65.35763183636064
55.0,65.42537476466198
70.0,63.31401567268389
72.0,85.11022426929539
77.0,79.15299787045872
67.0,74.06843136292001
74.0,57.38299200414895
64.0,88.75645358534925
70.0,64.35275184177263
71.0,82.97361773802643
80.0,74.39424201917052
85.0,85.27293362598955
77.0,86.30012531384763
65.0,94.56761939509259
63.0,78.82145569568661
50.0,81.95765319780712
41.0,67.65739659094474
50.0,35.649954924966686
53.0,42.54075324945731
33.0,35.8434425257701
25.0,23.809149009157135
33.0,18.332820119363024
33.0,26.187466893966352
52.0,35.44521918785186
51.0,51.563055135101195
57.0,47.19496542361941
57.0,59.02735143680054
62.0,55.16255858586168
63.0,50.912364309308195
61.0,74.25149183112555
59.0,60.51764972823639
93.0,48.414128103560905
122.0,97.54476342580811
111.0,112.72247693524304
113.0,129.7944674322825
114.0,111.97848958614163
112.0,121.13628421234924
96.00001,81.07200823405596
108.0,109.5530110312391
137.0,97.3281071353884
133.0,119.68971932712667
125.0,117.44844583627889
121.0,121.07054575204009
102.0,128.2805440766779
84.0,110.15436497045424
92.0,74.00772655111486
94.0,99.62306299275673
102.0,114.84957433480498
130.0,102.10680843619153
127.0,144.6725653477419
111.0,129.79732471158718
115.0,126.31320060273207
107.0,122.46416582417667
102.0,127.9197601619846
101.0,127.05662318881845
113.0,123.63224965049233
89.0,128.51601444711469
85.0,95.7672530139245
74.0,109.5453239674922
80.0,88.21396769299729
73.0,118.8253283183036
84.0,71.22117932285965
90.0,90.6178512314359
94.0,78.3854374947933
80.0,105.1972311408509
71.0,75.37278637267994
61.0,71.22671392021921
56.0,68.6920316779064
52.0,50.111984524895966
51.0,60.5286062994553
59.0,52.24590480485771
63.0,68.21020115583259
66.0,70.99020904711392
63.0,72.87540645378989
57.0,54.5374868966331
54.0,30.997870810863997
56.0,55.6227768455404
68.0,49.76359127134145
68.0,64.9405306934794
62.0,88.07355225776016
79.0,71.67621910662344
78.0,83.98862811208775
85.0,110.42288614009222
100.0,130.67103169160563
104.0,111.25120835773814
93.0,136.15061053956632
95.0,100.366789297892
103.0,93.62807736387661
95.0,114.47498385342546
94.0,101.1486436744878
93.0,79.40615107530054
93.0,101.36405884843077
93.0,123.1989829055839
79.0,118.69426944453811
56.0,94.41482920650402
56.0,73.55754699683486
55.0,47.75229367887415
52.0,49.29497401192908
49.0,74.13375155803377
79.0,62.50784344521173
68.0,77.82172960470196
68.0,89.01376308003438
71.0,101.72884083394844
64.0,112.53376375860222
59.0,75.78700425380602
68.0,47.52252444225157
68.0,60.04374077259201
68.0,45.453714137493876
75.0,77.97700257090004
77.0,85.26139168903171
76.0,98.67655518727938
75.0,90.77277945292147
65.0,96.1269752287648
57.0,50.778595397850395
53.0,35.94741008531216
48.000004,27.96924560527916
47.0,16.960634501437653
48.000004,35.51494626119616
52.0,35.10219561078065
48.000004,64.67386497259099
55.0,84.59080382865511
50.0,83.34977013424704
54.0,63.766737328902195
61.0,59.78351448576078
55.0,68.50738817748648
53.0,82.50620518006778
55.0,39.29119451144531
57.0,49.337157169465165
65.0,49.02178726397664
67.0,83.57026907197155
97.0,100.65380619505393
92.0,124.2464173485525
138.0,94.79881458845544
152.0,124.82451810354246
134.0,109.12733490290037
108.0,114.55551676706133
85.0,62.442380299156106
75.0,62.62838227145951
70.0,55.57550701014936
65.0,39.742812808688605
59.0,68.80551028062814
56.0,46.71963250236942
55.0,70.9706992341466
59.0,62.43501386644397
69.0,72.98958020909451
61.0,51.03809972275649
62.0,41.58416912076022
66.0,77.53553962781882
59.0,105.48447176581448
70.0,53.66183866782118
61.0,82.4101387861996
76.0,93.6007533221972
80.0,91.6135159063551
88.0,100.43517907284541
79.0,114.39756994918564
73.0,81.3962774810673
77.0,62.28879075576343
79.0,83.59299817720176
92.0,88.16578330161485
93.0,104.24016431003994
92.0,81.40180238966249
84.0,81.7424807111121
80.0,90.9061257983853
79.0,91.46256066139209
81.0,76.8527947382912
62.0,93.1087855227773
55.0,84.51017785079131
59.0,58.67209896669145
58.0,79.2428262155688
59.0,75.82654453705885
75.0,87.73966804438159
76.0,80.34885816308407
97.0,92.38183161462578
84.0,136.78826079348013
107.0,125.52038784324594
98.0,92.95016992064645
88.0,78.1440207991562
77.0,103.63300181955839
91.0,97.64098486311913
107.0,102.43547902447119
106.0,112.34605034496586
103.0,88.06548731940755
88.0,95.2187985103865
78.0,84.63329018768343
76.0,80.56187729135941
70.0,57.426467742463814
66.0,57.46171250531501
63.0,51.28553797366383
56.0,60.12338359288181
58.0,66.09772248872173
56.0,54.05012837010366
56.0,61.675791064863866
57.0,73.02214484048997
65.0,64.12282294572768
75.0,94.14490828965512
72.0,70.12413582838113
72.0,79.52013499378546
81.0,77.80277414642012
72.0,68.81191081819085
78.0,43.515469910024095
80.0,90.82161439733993
92.0,91.5740253963938
103.0,110.97221400519743
115.0,105.4898962804914
110.0,118.71311801605314
103.0,114.48046006285072
117.0,119.19289382412994
93.0,145.69023109047922
80.0,100.44101810221169
73.0,109.71816828637355
69.0,99.25130908082106
75.0,86.00093079594
65.0,99.29803929639786
65.0,68.13725672454142
50.0,61.73251336677939
56.0,76.21960210687993
67.0,75.93957580206269
86.0,94.01226358282848
88.0,87.42711536508672
83.0,96.29681398500274
66.0,76.38493639369952
78.0,47.965424450657736
64.0,62.56357581041989
65.0,71.03159380148553
87.0,101.7054715823766
70.0,87.68064873294047
74.0,73.18997331771153
92.0,69.8806925795576
121.0,77.95081223231195
140.0,95.71764028385924
143.0,110.56400267910873
117.0,127.35851253936832
125.0,94.4057124608989
110.0,100.09114260350113
102.0,95.46247791033859
91.0,102.39594547684119
94.0,107.14378894181615
100.0,79.41492357311627
80.0,88.18111142083521
83.0,119.14765116106742
73.0,69.61384511374986
82.0,67.62689095166365
89.0,83.19503855186667
106.0,88.91102652751631
129.0,100.83101460208108
130.0,134.55647429865678
120.0,142.01624883907888
112.0,158.90949016532073
99.0,140.1253001868099
89.0,104.06407385094695
106.0,124.0517587178476
124.0,107.64447306801546
126.0,112.89361521607799
129.0,115.26587544575436
130.0,142.4165447299496
115.0,134.84984477840507
114.0,118.87092224129725
96.00001,110.259335447977
88.0,83.55078030396152
80.0,87.28730761243906
72.0,62.17749941597106
59.0,50.04894066670097
59.0,56.81932678240924
68.0,64.90858690151367
83.0,75.18903601563879
94.0,80.07104286427447
96.00001,99.76878907357265
83.0,104.96010470276562
90.0,87.9018189059215
159.0,84.97210901742581
157.0,131.2227709162025
155.0,138.2832886145218
152.0,171.18891395493856
154.0,167.87453342018856
136.0,167.24299109816326
121.0,131.58892815783207
112.0,109.10590570732407
117.0,107.98829410721376
94.0,112.89943027786269
77.0,77.69678984239141
74.0,61.67476148857519
76.0,42.505503873797316
77.0,72.25021378401262
93.0,73.5879746782735
86.0,106.05492614837264
84.0,96.43050865436064
96.00001,116.80530518033775
96.00001,118.62271633011369
87.0,90.79422293421992
74.0,99.07932169079452
67.0,81.78951888073708
75.0,59.830713314054535
68.0,51.13867344058769
68.0,64.02690624228546
73.0,59.181006709193746
62.0,118.6455858573178
74.0,80.10322690711563
80.0,63.927939707638714
93.0,80.58802622750312
103.0,113.02446861244344
94.0,110.21373370516363
97.0,102.26043959208101
106.0,106.52339458023317
153.0,106.24447505785612
152.0,169.1808596162844
153.0,158.3972574875016
153.0,147.29683536199883
154.0,133.54888038160428
156.0,136.37909385802132
123.0,146.54283366116448
114.0,107.11473212704823
83.0,108.3518952227276
81.0,95.71960173811834
88.0,80.66119883717069
85.0,92.40620709181648
92.0,71.78996460899761
83.0,94.73914739599313
81.0,116.85460815029099
81.0,89.36485549347782
102.0,70.58480662400837
129.0,97.08152309521299
152.0,149.75496297450889
154.0,169.29146503060693
157.0,159.735216533923
166.0,137.7327662110383
167.0,128.60578399076587
156.0,113.0059427331125
135.0,125.2863078720434
132.0,116.22391011404338
115.0,101.88380228832445
106.0,71.08708097503099
87.0,50.73662958325043
73.0,41.091113885054334
62.0,-4.39205929529152
59.0,41.35754064671206
67.0,65.79835384730141
62.0,69.39366832125303
55.0,67.79532445440688
60.0,79.84819869856729
65.0,67.9873667390642
56.0,65.88702617576699
60.0,47.73214570728149
75.0,40.044240133370316
55.0,60.277922231128144
61.0,34.94110777921934
71.0,54.87114315151066
96.00001,68.49533376756423
76.0,90.71828656427803
66.0,60.7162419133982
63.0,75.9352980177744
69.0,58.41482831228945
61.0,67.77646176356119
62.0,63.26019699670064
65.0,53.17433309131967
66.0,61.20657976339995
57.0,64.0527389736402
57.0,52.43735084447165
61.0,59.90285227291905
56.0,52.55704060740276
53.0,64.52121875803375
66.0,58.26265737552662
77.0,65.39364330333454
72.0,68.82299350269906
74.0,72.91866928973307
68.0,86.4010976195259
64.0,82.55584367272773
72.0,80.52531019846363
84.0,79.04329031214698
107.0,88.0399578127481
112.0,120.53395227703706
107.0,133.48579036776704
117.0,117.63303670722657
123.0,111.53547064059114
136.0,110.05977053476818
150.0,118.44855406965442
130.0,134.80821817662383
108.0,120.95693931841535
93.0,101.08922259347955
87.0,96.69142133817155
97.0,84.27538125568815
77.0,107.60819259755293
75.0,82.31112924064013
80.0,86.65074336987013
99.0,91.02187956709827
107.0,93.32563752572129
107.0,92.54132339722625
119.0,97.22678369010264
128.0,101.62273982730292
111.0,139.88922808945995
109.0,116.549711681612
74.0,92.90319639116404
72.0,73.09549357033444
76.0,96.1922963479414
104.0,105.6312146246404
139.0,126.61456720956652
137.0,143.7482403697402
113.0,131.06124437655558
103.0,111.23126805048683
109.0,92.72352233651387
108.0,103.20513908086392
92.0,100.35206432090385
88.0,79.50296142170527
86.0,91.15326752661208
92.0,78.16671292861017
105.0,94.27921317671624
110.0,96.34535495451969
105.0,146.59556981210397
85.0,118.33494605568896
87.0,83.86167232983212
90.0,86.00355202810661
93.0,96.2647309897425
88.0,77.67867303228331
97.0,64.13187663570567
113.0,95.78998622562993
104.0,105.00267204805725
108.0,132.9972649924203
133.0,140.95917990855403
109.0,141.66916934142662
91.0,122.73232691349297
94.0,99.22799017475725
87.0,90.37044923962169
89.0,88.9273642551315
78.0,101.15519992470144
89.0,69.8134031667361
103.0,107.74795102851692
97.0,112.23313322970891
95.0,97.28059157391598
94.0,93.62534519202475
99.0,84.9804031009428
84.0,108.11794360276305
75.0,93.27253784111866
68.0,85.37444241118797
74.0,94.47192781649349
85.0,86.8035698318462
89.0,100.82265649024706
75.0,109.63740516574835
61.0,68.15680046541722
55.0,78.28916896040367
64.0,77.2378179696272
63.0,86.17323219913817
68.0,70.37159796663248
71.0,100.7843327201016
92.0,83.00554218863309
86.0,106.43348328728698
92.0,100.82609597216869
103.0,103.03438249271152
95.0,105.9222310134463
88.0,98.80710960447303
91.0,100.35743327983647
93.0,84.73654458908541
94.0,98.64483400830494
95.0,82.52467131863145
90.0,112.53617827712058
90.0,102.94159906874766
90.0,91.24925213878333
92.0,104.34081239598495
98.0,111.12513830971497
96.00001,75.77728793479423
80.0,72.34644446977939
66.0,94.7865379279176
71.0,94.35287317430969
63.0,89.33922782584715
64.0,64.48471235683802
54.0,75.04786299606675
61.0,98.83627942529816
85.0,75.40590631839633
67.0,69.14573241284329
72.0,77.30536425028654
104.0,91.99380503270103
91.0,111.81269143638832
86.0,94.18229920487114
77.0,103.10356743572495
83.0,87.19808463863669
81.0,81.85305037798456
81.0,79.57742742256495
70.0,84.72851369716578
66.0,70.65504348655611
81.0,75.8229164219193
69.0,89.63277091162904
71.0,75.9852638585105
70.0,70.31278573960446
76.0,66.14705507136692
61.0,79.12435357177058
55.0,62.75604257012665
52.0,66.06067270412254
55.0,73.20804265118544
53.0,69.7861278338739
58.0,82.2361029649163
65.0,91.35282559177799
70.0,86.0986316754923
70.0,67.67787154346118
77.0,58.73053372870938
93.0,69.4643681665856
92.0,62.91307361951288
75.0,90.79229884161292
74.0,77.99639298775799
75.0,68.21000778732598
66.0,58.40250666136836
62.0,59.695360119472575
53.0,79.39906889937579
57.0,61.25450250373166
67.0,60.39606382838475
74.0,76.65068099175527
92.0,104.02635128325119
82.0,108.46587881593949
80.0,82.91766634843579
81.0,76.7359457183039
75.0,77.81968092250666
75.0,77.59106718800486
76.0,81.7823892896352
71.0,83.56850005956711
54.0,75.26068702009933
41.0,85.3147684536993
56.0,79.01096298481107
55.0,98.86869199685584
71.0,90.60098620063187
87.0,92.14562740272588
90.0,111.88730115378412
87.0,87.46203539890729
94.0,91.17049890925053
91.0,79.47049397396695
93.0,90.36677498065657
94.0,88.94122793394516
93.0,91.82916844976265
93.0,89.08278627852744
83.0,93.70152834231277
85.0,85.93483580721313
104.0,93.77125201886727
100.0,100.2390191172141
83.0,100.12424162275764
56.0,108.55725695049124
52.0,92.54103585020977
57.0,60.79554971954399
45.0,68.3226703773909
39.0,50.95904207767719
32.0,47.9897118395116
33.0,47.66035263591937
52.0,59.12365391470344
47.0,60.88904866118935
53.0,67.41901656859085
61.0,76.19167114320973
77.0,77.71969620754845
69.0,90.56711342466446
69.0,77.12448370869909
60.0,67.72327863613161
55.0,67.42182784354105
53.0,60.92335803176962
40.0,66.20323423796751
52.0,62.81196062648132
49.0,69.67354831702104
61.0,69.49252025345181
59.0,75.9231759467239
82.0,84.00522788960012
92.0,89.56195861621464
91.0,101.17054529696208
73.0,106.92173686720723
60.0,91.22702369521612
58.0,74.75510349024943
56.0,76.40431521754071
62.0,83.21920667742629
67.0,84.00854860561054
103.0,90.29621132426873
107.0,112.50918749105709
99.0,114.90412817713353
91.0,105.31469592393069
107.0,94.42990992367973
87.0,104.0169263361431
92.0,82.66129884670224
85.0,89.8440941960762
81.0,79.41502933555437
80.0,90.89619205215125
78.0,98.12181940642479
70.0,76.12108740806836
75.0,61.19178399171359
71.0,68.62769765648801
74.0,107.08901175957934
83.0,77.69193523491562
83.0,85.05878789468076
93.0,94.61522751548155
94.0,119.33355341021776
110.0,105.72659149156748
105.0,132.71213140632483
110.0,97.008568956437
105.0,117.1047323512793
111.0,107.6176570635064
99.0,129.36494681528936
102.0,96.36895545420401
93.0,119.59453772711274
95.0,100.34763390377782
98.0,82.96047260384093
101.0,105.4117850097878
101.0,108.08682966383682
106.0,117.51384322915173
115.0,98.87002821351845
119.0,110.50175347655188
116.0,104.102981642794
117.0,121.78661457805543
107.0,125.66732834811188
99.0,109.20448710420051
118.0,99.8702065475884
131.0,118.64248169484141
134.0,126.42890045759479
141.0,143.32464307208534
106.0,150.55966264678395
97.0,98.33694026763561
87.0,112.91105529891396
82.0,111.92660095731577
91.0,104.14928396691859
96.00001,82.23327547020452
85.0,101.01181744079246
79.0,86.58002740569849
79.0,98.21139654441552
92.0,87.12486226907636
86.0,112.43603792863055
92.0,94.30637199127422
94.0,88.66490437159595
98.0,111.06867880685147
95.0,99.81634991808502
97.0,119.51857486442324
98.0,103.92498105259943
91.0,115.98206442184613
88.0,104.8875739210631
86.0,106.27280976291809
89.0,110.86829251212286
93.0,94.99188469249167
101.0,69.69892742761324
91.0,63.2146245001323
85.0,96.18226528891272
86.0,82.84147027508601
76.0,97.01113969508025
81.0,80.36557334702677
93.0,71.69119146731863
94.0,116.28953557475411
110.0,111.20011982558621
111.0,118.69029763596599
113.0,111.91019131522636
101.0,102.56799664120136
99.0,121.78218581626217
99.0,104.67903496487405
104.0,91.22296486171606
110.0,106.4372578070441
103.0,100.03006239625151
100.0,92.9958788057466
96.00001,115.74283701218766
100.0,117.55501696041262
99.0,115.61122216992378
102.0,112.66960346260962
112.0,113.67181491128093
119.0,93.28685294891729
121.0,120.80742481072153
123.0,96.39458562235407
124.0,114.48720443496507
114.0,89.90768323548362
114.0,104.15211810515369
116.0,114.38261861517813
120.0,117.30403905482132
125.0,136.0150399688802
134.0,99.25861757332731
131.0,111.61041699540732
139.0,144.4217795408191
94.0,112.3925001458238
104.0,104.2465762537322
116.0,87.37150591603876
124.0,104.50792164663345
118.0,127.13191664065681
121.0,90.65784996031812
123.0,109.97288767493765
105.0,120.9763560702377
85.0,127.43534126138292
81.0,111.40577285883172
73.0,83.71441977523561
89.0,68.13063529052754
94.0,70.16521465260921
105.0,91.95559328677265
96.00001,102.23654974209516
82.0,87.24161674566606
78.0,59.827609030286524
89.0,94.59135033031522
72.0,102.61585724183044
80.0,72.61525125693916
88.0,100.15267393179933
93.0,90.65600637440713
79.0,105.56023222584821
89.0,111.48445118589139
106.0,86.12200761360977
100.0,139.1187586032982
98.0,102.88424587334899
104.0,104.56015179777003
100.0,95.97592525246067
103.0,104.54256022315718
104.0,100.25206226996515
105.0,111.84836596300758
95.0,117.36512965769687
95.0,116.68170631829953
97.0,114.64905651826436
108.0,107.9264019580728
107.0,107.48326776036315
121.0,91.54752351513844
120.0,97.07720421145335
118.0,101.17968657864508
133.0,109.24638019375683
110.0,108.7027430699345
85.0,113.49200380383363
103.0,106.7779081169505
137.0,115.05995884414942
126.0,151.94432205084564
153.0,138.09276450176796
157.0,156.05840039248116
162.0,151.12667165526315
152.0,173.76112800379366
135.0,142.36297630553835
134.0,127.84944226957637
139.0,125.82943272774142
130.0,141.2552555572398
126.0,130.475573498972
142.0,119.06178730972397
153.0,134.44131343683105
139.0,145.62084312205707
127.0,137.50385522342364
103.0,128.47710399063052
99.0,93.33230293998996
107.0,77.4541522955121
113.0,105.34381267798311
114.0,108.02467339124684
117.0,103.97970367451353
138.0,116.99761681485468
120.0,120.22626298126387
96.00001,126.57001908811554
110.0,82.20365164969873
92.0,91.37258090859972
89.0,96.24638340806212
74.0,73.24532774837549
94.0,69.13430398492045
108.0,76.14510978046302
99.0,107.81237076379867
107.0,98.2476768320128
119.0,94.88188929164056
126.0,111.1624005360985
129.0,116.16109619718175
131.0,120.37789602342697
149.0,132.97346617063664
140.0,142.36254847265158
127.0,150.0716083149728
106.0,133.12045012036998
93.0,110.544608961198
117.0,93.3468900302894
128.0,108.19962443222668
130.0,127.22210810465384
104.0,103.22674110763819
84.0,89.19179769249462
73.0,84.39802113624187
70.0,98.55542375169131
68.0,100.93526016423866
63.0,103.97437158900321
75.0,87.63610142768633
81.0,91.95681300616684
81.0,85.98565784892959
87.0,100.73151004416782
84.0,90.38812458261158
93.0,93.36675705376392
98.0,100.08984435346031
100.0,98.84562074216112
101.0,101.51960924037103
102.0,98.6367537293345
118.0,111.67708421332279
113.0,118.23442403697963
110.0,117.53099821922861
108.0,107.50073882276216
97.0,85.21088833561004
71.0,87.2626585556399
80.0,65.4027650802378
75.0,62.651097555983334
68.0,70.18124691419963
75.0,66.02686630406096
77.0,79.05026819816375
68.0,76.58651146568123
140.0,80.93497631572826
161.0,138.56274237258077
166.0,154.39554030171132
169.00002,163.8375987016394
155.0,151.5133526794811
158.0,142.2966506269568
155.0,156.9141339046061
154.0,144.70265760583032
142.0,152.79013003014248
112.0,144.1480321220694
96.00001,112.77042219690472
84.0,89.3638584197216
80.0,75.98546177431929
81.0,85.52091287141477
84.0,92.84093643502607
90.0,94.45565848064767
116.0,103.6268589752845
136.0,112.42667419311532
144.0,130.21530873405487
123.0,139.99617189601454
115.0,122.87675155792664
97.0,109.94183279599942
113.0,100.13970023827679
108.0,115.77392455296781
127.0,111.11481815186642
129.0,130.59529441569416
154.0,125.76672118004387
143.0,147.27578009678703
133.0,121.76757587645058
151.0,133.3814292512154
152.0,138.03527923319064
151.0,138.0254709305122
139.0,154.89892387736074
146.0,136.63019709735855
150.0,131.02860236499362
152.0,134.147543358655
153.0,168.43944164269004
149.0,137.08042377008627
138.0,149.692550026076
134.0,126.24856979974686
119.0,120.10429156643136
121.0,109.15602037137654
119.0,115.53123047046323
91.0,91.94086856625262
80.0,82.9775677886491
77.0,92.10244044654537
92.0,60.41068496947738
70.0,107.64072255135274
88.0,83.02181010587395
115.0,103.80478624487436
98.0,115.365596911607
70.0,102.39108810935267
76.0,95.06924432400872
78.0,94.12578046689372
74.0,84.60633130625514
75.0,95.56950073921321
74.0,81.29117425035328
68.0,73.93810189059512
64.0,74.93235858162478
63.0,63.50505746532655
58.0,92.63837430585158
58.0,58.646529816437614
75.0,85.87522412513151
87.0,91.52546109274974
87.0,87.2451516830163
88.0,80.57686482620387
93.0,86.47457952396621
105.0,83.8228082715662
90.0,116.8545423982995
75.0,92.2758552800897
66.0,98.23128496514684
57.0,81.20152021084374
69.0,90.41319616663398
58.0,96.24761152050677
84.0,90.80198240119667
82.0,113.60525663391837
79.0,101.81283630422965
67.0,98.44944768147411
68.0,69.57810156050549
93.0,88.52837944885528
96.00001,95.1159036296527
92.0,101.17308914084984
90.0,84.97142017498085
102.0,96.89810583113488
95.0,113.93213964633365
96.00001,103.08673277091161
88.0,114.37935208555362
89.0,106.76374156366373
91.0,92.56351556659962
94.0,71.36542276977167
77.0,92.74220313843095
68.0,79.11762485959777
65.0,64.8585247034371
75.0,78.20649704391393
86.0,104.96819657519501
86.0,99.98721532817612
132.0,80.687869819336
156.0,134.1489424058451
150.0,143.09038895747307
127.0,155.26198121777512
110.0,126.20849311409322
111.0,115.50823839608289
121.0,107.43942080621963
113.0,111.61963342750106
91.0,107.84931421551134
90.0,96.80146680874108
89.0,98.17391310584017
91.0,94.00917422096049
106.0,89.62120718644626
105.0,112.73697568827596
92.0,107.67225946036326
100.0,94.14795141239269
98.0,112.97935698565878
87.0,88.48984277923046
92.0,97.43238552679036
85.0,85.5601347061558
76.0,86.61347693967404
81.0,71.55895889716335
69.0,95.5162499500429
62.0,71.45956237193994
77.0,86.18371554550502
75.0,81.57397195157941
64.0,87.69334726041451
70.0,75.82667541236876
74.0,109.47838368992741
78.0,83.14257640048402
93.0,93.9547845663144
121.0,100.69656484138793
109.0,130.7013078025769
114.0,106.13200236820111
116.0,116.07787305216438
127.0,106.58716127617842
114.0,116.24744968356426
97.0,106.14654284332471
96.00001,95.40640470051649
75.0,92.8786911982275
70.0,80.37070719610045
63.0,79.69399551996676
63.0,72.11932057436695
71.0,72.10240640861862
70.0,85.09527693970115
79.0,82.94381421218576
83.0,86.08568819195325
81.0,92.30616487043423
87.0,87.80144037886447
79.0,98.99581188303313
71.0,87.62978507462324
96.00001,84.74585360696075
95.0,101.57593450807374
104.0,110.22336109948262
108.0,113.82831373531174
108.0,116.86710159932545
122.0,110.43422725059625
146.0,118.13626189829127
152.0,135.16024427214197
152.0,137.8600076310057
134.0,136.75864960406565
113.0,127.3425245003223
88.0,105.77284442859687
91.0,85.78383474807694
84.0,86.86929289926057
82.0,84.49446727140206
74.0,83.17699643491788
73.0,85.84175436639782
77.0,85.32595057823738
76.0,85.35427490676457
108.0,94.04200755243872
113.0,112.7668045255968
104.0,119.26546511650027
90.0,110.8141657364239
74.0,101.11887868460731
91.0,94.94786133760753
99.0,113.07001458490272
102.0,113.7336628357441
113.0,117.9274043489168
130.0,121.48264605106507
117.0,124.87539582281923
111.0,120.37103577401275
86.0,110.2885094507305
75.0,89.44270676271056
68.0,84.08130565411145
68.0,74.1768391057229
68.0,70.765782876493
77.0,70.4598795345281
69.0,97.59436604741431
76.0,63.38823872011689
71.0,67.90895457183152
69.0,72.96971712071843
77.0,71.94309777372364
92.0,74.81346243398488
107.0,99.92055538693545
100.0,103.07918439719013
98.0,102.28439135441708
98.0,129.23963667516037
109.0,125.8005072127209
117.0,98.21741697700642
127.0,124.40904048980684
121.0,136.92951881048512
125.0,114.9472238823483
104.0,122.3099051792765
86.0,115.0022166438698
76.0,95.23687758594377
67.0,84.22821800604486
63.0,67.21820253615817
50.0,70.90894160273669
54.0,68.8514075617337
54.0,74.83155836031085
51.0,86.21243663133394
58.0,72.4114161861546
59.0,69.14070945376187
60.0,72.57386140864531
69.0,79.18645968343891
68.0,75.2572060530683
70.0,73.58628246811044
70.0,69.93182873328853
74.0,75.68015410072634
72.0,83.28964065543325
77.0,86.5197868233798
85.0,95.07224425789475
85.0,96.63669209571597
93.0,95.13758451866227
96.00001,99.06203301467843
97.0,99.24143733706221
100.0,99.02183957143868
96.00001,97.37609327019072
96.00001,92.57111044826446
87.0,99.2081177359576
83.0,92.77037421150762
75.0,89.3591443202134
79.0,82.67314411200176
76.0,86.15427225396543
82.0,86.34150708371183
96.00001,89.05701529353765
96.00001,103.9270588455631
102.0,108.40695590747198
81.0,109.97544364396744
82.0,92.22908724413739
68.0,87.6445828818672
68.0,81.43670105477679
70.0,85.28157218555994
74.0,82.93421346276592
76.0,77.02027889377291
78.0,81.417689707367
89.0,82.98029217594132
79.0,102.3514081792897
73.0,96.90683957370437
74.0,90.42669940955713
88.0,81.09094873605015
78.0,91.8052745005055
78.0,85.86199198013398
72.0,91.91464054597581
69.0,79.74961707724034
61.0,83.68391319235546
56.0,80.21946730303503
54.0,71.82511188032208
64.0,67.70896834199027
64.0,83.39578575241117
68.0,79.88978276547357
68.0,78.60605711179366
103.0,81.72763536250405
130.0,99.96271246322496
120.0,129.52293574780666
105.0,122.63497292500386
90.0,112.08736769136802
85.0,96.48257654595183
90.0,93.2778676881902
98.0,126.32482551156019
95.0,111.9772741946038
93.0,105.18546331341808
92.0,93.98840716859183
114.0,103.48406640553856
139.0,114.87418375469443
111.0,132.3505992933561
90.0,100.80644235760778
96.00001,80.50907212725477
98.0,91.27412485080652
100.0,105.70047699209047
80.0,103.09509675354738
83.0,85.13028995121212
79.0,94.29919467176497
86.0,85.73342751620648
89.0,102.51324130687829
83.0,88.21017308770433
108.0,76.24376438864279
95.0,90.36614544609799
85.0,98.36014995853073
84.0,82.83688509189611
78.0,103.28323190346015
72.0,99.29120226134894
87.0,103.93955522359721
76.0,105.70530881486297
80.0,100.60316984468488
89.0,92.4824007141789
97.0,104.94120958407026
118.0,103.92613125611042
138.0,119.77880319830473
147.0,128.4400375318212
154.0,137.93184982234663
156.0,130.37004217861718
136.0,137.64660725233213
120.0,125.19634336936475
92.0,112.59446643334168
72.0,102.46418761051163
68.0,62.94798197633351
75.0,67.34062199431624
85.0,65.6879168723318
80.0,84.54183131948295
81.0,83.15312987813263
106.0,88.86597788487248
86.0,96.29566513172976
99.0,105.44457401975428
122.0,105.67806454442345
114.0,109.94442777357607
112.0,116.99022494490825
139.0,108.93772363899912
123.0,139.49542092774973
110.0,131.26580634342895
97.0,105.56870856935743
124.0,113.85366544056681
110.0,132.86326667126104
108.0,104.42289067517292
93.0,107.68796366737476
98.0,103.12402763334978
102.0,97.39309151401514
112.0,110.52299026278844
113.0,113.84103338023033
111.0,115.06958845315775
103.0,117.9609849710641
91.0,101.91323473912054
78.0,83.49142196180541
78.0,85.15527733141856
76.0,67.74214859509357
75.0,99.20542982831039
79.0,97.37587849193908
66.0,75.64817283166566
64.0,66.82869436654079
62.0,78.46602180433555
72.0,83.55277460028425
73.0,84.60470827749795
90.0,101.87942080156168
90.0,119.92720913484285
154.0,106.8625628543268
155.0,165.82797436093477
155.0,147.0911117950841
152.0,162.96824187049313
146.0,140.3592343252556
135.0,132.86321987063457
130.0,122.25150441442769
122.0,119.44670563870274
137.0,113.05149599048698
110.0,126.49803286308624
95.0,108.64105765973642
92.0,99.74511702773512
100.0,100.18170095863374
93.0,100.23488154567556
75.0,92.84198386988204
73.0,71.07574367852858
72.0,75.17491087062378
80.0,75.84731488410652
80.0,87.65405775011936
87.0,92.44800386199508
95.0,97.09740848302594
76.0,100.48670736718537
79.0,100.56518234244581
95.0,106.2312210291912
120.0,112.83952049179716
117.0,124.71889416588854
105.0,113.85445909733933
101.0,106.09099543791977
97.0,93.95544450897569
96.00001,97.86356503749677
96.00001,90.51467546465632
75.0,97.07528073630121
65.0,83.68819046683659
60.0,76.1645079026003
65.0,81.96493109882474
68.0,77.61016493318306
59.0,88.93712274364324
61.0,59.008922870261664
93.0,61.41525279146435
79.0,75.76587430753258
93.0,100.68152345246237
116.0,91.30013695652698
139.0,95.95576236778838
116.0,122.6332072897038
115.0,124.89803033363278
116.0,118.12756211613512
156.0,99.76026312002017
129.0,142.58438784014982
117.0,118.3272855264891
112.0,103.68289576405412
97.0,115.09124863738636
85.0,75.563043872304
86.0,85.08436927713205
85.0,93.54391341942788
85.0,65.86521091515223
72.0,98.23264538220198
63.0,51.23890318867441
61.0,66.91837752816981
68.0,65.09864223497642
77.0,77.04676163353008
85.0,83.090310821251
89.0,92.15995495036583
77.0,108.52559424785778
73.0,107.75059923762518
63.0,75.6452471067498
55.0,78.85491949118686
55.0,76.18905447681976
50.0,66.06514592778288
45.0,69.09823392990776
41.0,57.345851946126785
33.0,73.87330891341162
52.0,68.13725896957307
60.0,76.10378559554887
54.0,88.99420920085944
57.0,72.73251518385798
59.0,67.49042707142415
59.0,59.95348671388538
50.0,71.9011957845608
45.0,68.47013953422808
53.0,52.29167317786504
58.0,68.08532434158369
59.0,65.34051882347147
70.0,66.23166524031102
65.0,79.48287622673662
63.0,81.07793952113951
62.0,89.51568301816263
59.0,74.15095516709138
62.0,59.938300027895984
73.0,72.50276347596999
54.0,75.87891886143137
52.0,73.92855609598122
56.0,71.59636735562474
52.0,68.29202808466604
58.0,74.88391088095942
60.0,85.36597562194812
70.0,84.11036353734681
71.0,82.36556721935933
66.0,83.38683535395639
79.0,78.38775436655722
74.0,83.29474063176797
73.0,78.43533166127249
64.0,79.46632765649697
59.0,78.16632849772127
59.0,76.51925729894971
56.0,74.96374353907055
68.0,68.3206512267939
68.0,77.82606498187903
69.0,79.18761353601451
76.0,84.31658709231638
83.0,92.83207912983151
78.0,89.78374794519927
72.0,85.1461461456641
