Actual,Predicted
52.0,52.60999933254439
45.0,53.22999939377885
45.0,46.62999941827263
53.0,47.64999931294936
53.0,54.369999352139416
62.0,53.37999932642094
62.0,61.12999977833125
59.0,59.899999546865004
59.0,58.62999943786766
83.0,57.85999940480105
83.0,79.66000214320609
97.0,78.30000262328426
97.0,94.56000304212796
94.0,92.2400032870658
94.0,88.37000283025672
79.0,87.18000278984199
79.0,75.33000278126916
64.0,75.33000329073987
64.0,63.4199999779556
60.0,63.22999977588188
60.0,59.949999119448464
61.0,60.57999926763586
61.0,61.01999937050976
57.0,61.259999772207806
57.0,56.6799995689094
59.0,56.33999959095381
59.0,58.859999282332126
45.0,59.07999943174421
45.0,50.43999935336411
43.0,50.219999282332125
43.0,48.03999925538896
55.0,47.08999936193693
55.0,55.939999365611
55.0,55.96999915618915
55.0,55.089999146391634
58.0,54.82999919782858
58.0,56.81999884634278
59.0,57.089998940643845
59.0,58.90999924681614
60.0,59.55999941214919
60.0,58.73999957135878
57.0,58.859999595852564
57.0,58.789999418272636
56.0,59.42999949665274
56.0,58.36999952849466
53.0,58.06999966321047
53.0,52.59999948073178
53.0,53.329999557887206
53.0,53.489999538292174
53.0,54.009999278658064
53.0,54.1199991378188
57.0,53.129999151290384
57.0,55.849999641166065
64.0,58.43999974526464
64.0,64.00000090627
72.0,63.66000073236414
72.0,73.35000245550184
63.0,73.21000288414307
63.0,63.75999983834103
62.0,62.8700004078215
62.0,61.2699998983508
62.0,62.3200003282167
62.0,62.57999980649911
55.0,62.22999993754085
55.0,55.569999440317034
68.0,55.53999933621846
68.0,67.92000230731445
57.0,68.52000262573362
57.0,55.97999971342273
54.0,56.55999962279573
54.0,53.839999172110105
55.0,53.41999912557191
55.0,55.33999916476197
53.0,55.89999952726997
53.0,54.38999921252485
46.0,54.28999916598666
46.0,49.04999945501331
52.0,49.309999481956474
52.0,53.30999977588188
49.0,53.61999980649911
49.0,47.66999948685523
56.0,48.17999953216872
56.0,54.669999178233546
53.0,54.859999066786834
53.0,50.879999181907614
50.0,51.01999914516694
50.0,50.88999934724066
53.0,50.96999898473266
53.0,53.05999905209057
50.0,52.63999943664297
50.0,51.17999932152219
50.0,50.48999943541828
50.0,49.65999919415451
54.0,48.8899991610879
54.0,54.859999066786834
56.0,55.339999439092345
56.0,58.94999998652842
63.0,57.59999957380816
63.0,63.44000038700179
64.0,63.64000020574779
64.0,63.74000056580641
62.0,62.810000473954716
62.0,60.59999983344227
69.0,61.850000356384555
69.0,70.44000242978336
63.0,67.8900013018446
63.0,61.989999888553285
62.0,63.10000076175668
62.0,61.87999999020249
86.0,61.46999999142717
86.0,84.13000252653381
91.0,82.43000255837572
91.0,89.71000358711464
87.0,90.00000324787574
87.0,86.79000343525318
94.0,87.60000342423099
94.0,94.29000328094236
90.0,93.86000310826118
90.0,87.9200035809912
87.0,90.1800034805667
87.0,88.05000369243793
79.0,89.64000348791483
79.0,79.76000266002494
69.0,78.96000252285974
69.0,70.810002119937
76.0,71.97000201706311
76.0,75.57000275187661
77.0,78.15000245550183
77.0,79.12000266002492
66.0,76.88000262083489
66.0,64.43000084381086
66.0,64.28000075440855
66.0,64.37000040047336
66.0,64.520000725016
66.0,65.35000112303999
62.0,65.8800011463091
62.0,61.82999920272733
61.0,61.24999905821401
61.0,60.4799995346181
56.0,60.619999772207805
56.0,57.779999610548835
52.0,57.75999963259324
52.0,52.649999288455575
51.0,52.89999930682591
51.0,51.79999903004616
46.0,51.31999908883124
46.0,47.19999933866784
58.0,47.30999935458879
58.0,59.60999996448401
60.0,59.37999976730906
60.0,61.08999986161012
70.0,60.539999546865
70.0,69.37000217872207
77.0,70.36000247877092
77.0,76.80000223873185
100.0,77.47000277392102
100.0,101.14000292210841
105.0,94.700003514858
105.0,101.00000315479937
85.0,99.8400032184832
85.0,80.68000258654358
75.0,80.09000302130825
75.0,70.42000237344766
72.0,70.090002482445
72.0,71.25000328094235
73.0,70.90000321603382
73.0,71.89000328094235
68.0,71.51000275922475
68.0,68.75000294047875
59.0,68.51000273473097
59.0,54.85999922354705
57.0,57.35999913292005
57.0,58.05999934111721
57.0,57.90999952604528
57.0,58.039999402351675
52.0,57.21999940480105
52.0,53.089999548089686
55.0,51.82999948685522
55.0,54.83999928478151
54.0,55.13999926763586
54.0,54.3499992174236
51.0,54.71999918190762
51.0,51.169999234569254
51.0,52.00999905331525
51.0,51.799999186806374
42.0,51.8699992860062
42.0,42.85999912557192
38.0,42.839999186806374
38.0,39.819999272534616
50.0,39.86999937418382
50.0,49.27999922109767
57.0,48.609999508899634
57.0,58.779999605650076
60.0,57.689999690153634
60.0,61.88000046048314
70.0,60.70999996693339
70.0,71.3500019950187
75.0,70.8600020060409
75.0,77.8800033213571
77.0,76.63000303355514
77.0,80.88000260123985
75.0,78.31000243590681
75.0,73.64000286087395
61.0,73.62000303967858
61.0,60.239999681580805
67.0,60.37999968403019
67.0,67.30000181498939
60.0,66.76000154800714
60.0,59.65999949787743
63.0,59.799999598301945
63.0,63.65999971342273
62.0,63.10999951624777
62.0,62.24999936683568
58.0,61.58999923211987
58.0,56.339999101078135
56.0,55.96999905821401
56.0,55.559999353364105
55.0,55.93999920885078
55.0,55.7299993423419
55.0,55.819999380307266
55.0,56.08999953339342
60.0,56.20999967545736
60.0,58.569999523595904
56.0,58.89999968892894
56.0,55.949999609324145
56.0,55.55999939255416
56.0,55.41999946848489
52.0,55.04999911210034
52.0,50.98999931539874
45.0,51.639999441541725
45.0,45.72999939132947
52.0,46.9399993313197
52.0,53.60999936683568
53.0,54.06999944766517
53.0,54.0299991390435
57.0,53.419999164761975
57.0,57.989999594627875
57.0,58.1399997624103
57.0,57.099999733017754
54.0,56.40999949420336
54.0,53.239998932071025
53.0,53.3299991267966
53.0,52.9399992627371
53.0,52.90999927620869
53.0,53.63999919660389
52.0,53.85999918925575
52.0,53.079999617896966
60.0,53.329999675457366
60.0,59.35999967178329
52.0,59.599999328870325
52.0,51.40999940112698
52.0,50.729999366835685
52.0,50.829999530944036
55.0,49.839999583605675
55.0,56.139999576257544
53.0,55.78999951134901
53.0,53.28999932764563
59.0,52.74999925661366
59.0,57.27999939745292
54.0,56.99999935336411
54.0,54.4999991500657
60.0,54.60999924436676
60.0,60.07999936806038
38.0,59.98999956523534
38.0,43.97999920395202
48.000004,44.75999922599643
48.000004,50.33999946358613
43.0,50.669999472158956
43.0,47.1099993202975
44.0,49.93999890512786
44.0,49.54999902147333
45.0,49.14999889410566
45.0,48.03999896146356
48.000004,47.679999025147396
48.000004,50.2899997734325
52.0,48.46999981997069
52.0,52.629999506450254
51.0,51.319999441541725
51.0,51.4399993876554
52.0,51.13999924804084
52.0,52.719999309275295
51.0,52.659999336218455
51.0,51.159999265186485
51.0,50.43999919660389
51.0,50.61999915496446
50.0,50.619999037394294
50.0,50.14999902637209
47.0,50.48999923946801
47.0,47.719999177008866
51.0,47.569999440317034
51.0,52.23999940725043
62.0,52.379999409699806
62.0,61.90000000734814
66.0,60.57999918925575
66.0,65.080001087524
61.0,66.22000112426467
61.0,59.65999945868737
53.0,60.309999388880094
53.0,52.66999918803106
53.0,52.45999932152219
53.0,52.4199989345204
50.0,52.799998985957345
50.0,51.12999939622823
56.0,51.799999382756646
56.0,55.16999945011455
61.0,54.969999278658065
61.0,60.219999546865
49.0,59.30999970729928
49.0,49.87999953951687
53.0,49.36999957258347
53.0,52.98999930560122
48.000004,52.04999920517671
48.000004,48.929999822420065
43.0,48.16999956278596
43.0,45.59999949542805
42.0,47.10999951624777
42.0,45.76999919048044
33.0,46.40999919048044
33.0,39.809999312949365
35.0,39.37999917945824
35.0,38.899998944317915
34.0,38.65999909128062
34.0,36.72999888675752
40.0,36.95999906433745
40.0,41.029999045967116
51.0,41.259998812051485
51.0,52.92999925416428
59.0,52.169999190480446
59.0,59.71999986283481
57.0,59.57999986038543
57.0,57.81999995836057
56.0,57.26999976118561
56.0,56.389999673007985
58.0,55.98999964361545
58.0,60.08999947460834
58.0,60.73999928723089
58.0,59.929999415823254
58.0,58.66999919782858
58.0,58.819999052090566
63.0,58.80999939622823
63.0,63.05999986528419
66.0,62.229999741590575
66.0,65.8400007593073
68.0,65.28000071031974
68.0,65.86000132511371
74.0,65.39000139247162
74.0,73.73000297721944
78.0,74.55000368019103
78.0,76.53000224240591
69.0,76.59000205870254
69.0,68.75000211748761
65.0,68.8900021983171
65.0,64.36000039190054
63.0,64.38000060499647
63.0,62.089999033720225
59.0,62.70999929090496
59.0,58.04999913659412
63.0,57.389999041068364
63.0,63.139999463586136
62.0,63.34999929090496
62.0,61.87999928478151
56.0,62.479999603200696
56.0,55.76999945501331
60.0,56.40999949420336
60.0,59.869999305601226
57.0,59.6499994109245
57.0,57.459999610548834
56.0,57.18999941827263
56.0,55.669999369285065
61.0,55.969999195379195
61.0,60.45999983099289
66.0,58.81999960075132
66.0,64.1700003857771
67.0,63.99000034903642
67.0,65.94000139369632
74.0,65.75000103486238
74.0,73.83000306294768
67.0,73.34000252530913
67.0,65.05000043476466
64.0,65.40000089157373
64.0,63.09000000857282
54.0,61.53999989467673
54.0,53.48999895044136
63.0,54.2099989798339
63.0,64.75999940235167
65.0,62.589999501551496
65.0,67.61000153208619
60.0,66.75000118672384
60.0,61.1699997734325
62.0,60.95999990692362
62.0,61.799999804049726
60.0,61.80999945991206
60.0,59.12999927865807
57.0,60.09999967913143
57.0,56.7299993766332
66.0,56.53999960565008
66.0,65.4300008389121
70.0,65.22000089402312
70.0,69.35000239671675
74.0,70.66000250081534
74.0,73.260003514858
68.0,71.86000356874432
68.0,65.77000144390855
69.0,66.530001938683
69.0,68.49000275677538
64.0,68.05000226200094
64.0,63.109999555437824
64.0,62.529999410924496
64.0,62.64999967055861
59.0,63.780000090627006
59.0,58.959999230895185
57.0,57.81999915496446
57.0,56.869999535842794
54.0,56.419999620346346
54.0,53.92999928845558
59.0,53.80999922477174
59.0,58.89999915986321
56.0,59.23999921619892
56.0,55.6399994219467
67.0,56.06999924191739
67.0,65.57000111569185
65.0,66.5500010544574
65.0,64.480000181254
62.0,64.420000090627
62.0,62.19999951992184
71.0,61.759999299477776
71.0,70.74000249101783
76.0,69.98000230976382
76.0,75.89000243835619
62.0,76.17000287434554
62.0,63.83000021187123
61.0,63.080000039190054
61.0,62.91000032454264
61.0,60.31999978935346
61.0,61.029999888553284
63.0,61.21999993386679
63.0,63.73999997795559
66.0,63.320000048987566
66.0,65.40000077400357
64.0,66.03000096138102
64.0,64.19000016778242
67.0,63.76000007348136
67.0,66.38000118304977
66.0,66.1900010985462
66.0,64.02000025718473
60.0,64.21000053763856
60.0,58.839999186806374
69.0,59.009999371734445
69.0,68.9600024934672
65.0,69.19000225955156
65.0,64.2200001935009
60.0,64.04000023514033
60.0,59.06999922722112
60.0,58.729999249265525
60.0,58.93999923334456
59.0,58.93999939010478
59.0,57.63999921619891
51.0,57.779999316623424
51.0,53.92999956278595
55.0,52.569999846913845
55.0,56.179999179458235
50.0,55.519999397452914
50.0,50.87999953461811
55.0,51.33999945868738
55.0,55.25999948807991
53.0,55.83999935826286
53.0,52.20999922477174
46.0,51.87999945133924
46.0,47.32999950889963
53.0,47.08999949910212
53.0,52.30999915373977
48.000004,52.98999903127085
48.000004,48.34999956033658
49.0,47.51999959340319
49.0,47.92999927865806
49.0,47.89999940969981
49.0,47.87999943174422
55.0,47.71999937295913
55.0,54.37999928233213
52.0,55.06999944276642
52.0,52.839999451339246
52.0,53.01999952726997
52.0,53.71999965708702
61.0,53.82999947705771
61.0,60.43999946113675
61.0,60.48999938643071
61.0,60.54999908515717
41.0,60.59999920640141
41.0,43.51999922109767
48.000004,42.25999923824332
48.000004,47.0299994672602
49.0,47.949999491753985
49.0,47.539999571358784
47.0,47.979999458687374
47.0,49.459999375408515
58.0,49.94999944276642
58.0,59.25999978200532
56.0,58.38999931049999
56.0,55.96999958727974
52.0,55.74999971219803
52.0,51.359999632593244
49.0,51.10999961422291
49.0,48.35999937295913
41.0,47.879999274983994
41.0,42.70999911454972
43.0,44.34999916843604
43.0,45.829999339892524
43.0,45.74999931049998
43.0,46.019999443991104
40.0,49.0799992064014
40.0,46.89999902269802
45.0,47.82999915373977
45.0,49.17999925293959
50.0,47.65999928233213
50.0,50.77999972322024
50.0,50.799999622795724
50.0,50.369999567684715
41.0,51.35999943664297
41.0,40.72999900432768
54.0,40.849998911251305
54.0,53.43999922109767
44.0,53.26999931049998
44.0,43.57999897860921
38.0,45.45999906188808
38.0,41.87999909862875
38.0,42.909999109650954
38.0,42.419999003102994
44.0,43.77999924804084
44.0,47.29999950277619
54.0,45.729999254164284
54.0,53.099999086381864
55.0,53.47999925538897
55.0,55.1699994109245
59.0,54.64999931784812
59.0,58.759999784454706
65.0,58.529999626469795
65.0,63.49000039067585
67.0,70.47000092708973
67.0,68.78000120264478
64.0,66.49000104221051
64.0,62.209999959585254
72.0,61.43999965218827
72.0,72.05000298701695
77.0,72.49000254123008
77.0,77.9300026979903
71.0,77.89000285964927
71.0,70.29000281066169
64.0,69.32000241018834
64.0,64.21999987998046
60.0,64.27000027555508
60.0,59.439999466035516
56.0,59.26999955543782
56.0,56.009999386430714
55.0,55.679999456238
55.0,56.36999949910212
59.0,56.949999526045275
59.0,60.20999926396179
59.0,59.719999274984
59.0,59.38999932519626
66.0,59.63999930437654
66.0,65.95000085360837
69.0,65.80000056825578
69.0,68.75000192153736
74.0,68.24000187622386
74.0,74.76000342912975
75.0,73.99000331768303
75.0,74.7500031854166
75.0,75.27000284740238
75.0,73.92000282658266
71.0,74.13000253633132
71.0,70.35000235262794
71.0,70.36000243958088
71.0,69.9900024359068
71.0,69.58000251551161
71.0,69.79000249959064
76.0,71.05000252163507
76.0,76.89000235507731
77.0,76.91000241141303
77.0,77.73000264410398
72.0,78.41000279596544
72.0,72.13000246774874
67.0,72.28000247877094
67.0,67.75000173048583
62.0,68.32000178804623
62.0,64.0100002486119
62.0,62.050000096750445
62.0,62.459999899575486
62.0,64.16000041639433
62.0,63.950000314745125
68.0,63.630000216769986
68.0,70.04000196930022
66.0,69.850002119937
66.0,68.14000155535528
64.0,66.42000094301068
64.0,66.88000102384017
59.0,66.27000097117855
59.0,57.949999188031065
55.0,57.13999927743337
55.0,55.49999941949732
50.0,55.42999943786766
50.0,51.62999955053906
45.0,51.289999611773524
45.0,48.73999920885078
53.0,49.55999932397156
53.0,52.69999937050975
55.0,52.94999915373977
55.0,56.12999929335434
57.0,55.769999337443146
57.0,57.21999960075132
54.0,56.319999338667834
54.0,53.69999909128062
58.0,53.81999935091473
58.0,59.00999909740406
65.0,59.08999932274688
65.0,64.13000058662612
59.0,63.61000029759948
59.0,58.20999958727974
56.0,58.57999943419359
56.0,57.38999970729928
74.0,57.29999970852398
74.0,73.43000236732422
115.0,74.7900027886173
115.0,122.44000150881709
90.0,111.77000219831712
90.0,84.66000345117415
68.0,86.59000314622654
68.0,64.44000108752401
55.0,63.870000442112804
55.0,56.579999443991106
62.0,55.60999931784812
62.0,62.29999972322024
66.0,61.26999978078063
66.0,67.11000200481622
60.0,67.11000153453557
60.0,59.57999997795559
61.0,59.680000024493786
61.0,59.91999979915097
63.0,59.509999957135875
63.0,63.529999837116335
62.0,63.88000001959503
62.0,62.229999624020415
55.0,61.88999937173445
55.0,54.9599993876554
53.0,54.83999951992184
53.0,51.569999224771735
57.0,50.96999929825309
57.0,55.92999955298844
58.0,56.609999508899634
58.0,58.26999901167582
53.0,58.99999904964118
53.0,52.61999930192716
54.0,52.46999921252485
54.0,54.239999044742426
106.0,54.749999168436034
106.0,111.24000268451871
90.0,107.00000320378693
90.0,84.73000331523366
76.0,83.87000296987131
76.0,69.48000190071762
57.0,69.62000149167145
57.0,56.47999951502308
59.0,56.17999949297867
59.0,59.649999489304605
53.0,60.34999985426199
53.0,53.50999928110744
48.000004,58.23999961299822
48.000004,51.5299993080506
43.0,48.829999109650956
43.0,47.33999922354705
46.0,48.19999931417405
46.0,47.81999920395202
42.0,47.83999912312254
42.0,44.10999915863852
42.0,43.80999914639163
42.0,44.5299992639618
54.0,45.60999903372023
54.0,57.039999603200705
43.0,55.36999938643071
43.0,44.82999934479128
44.0,44.68999932274688
44.0,44.58999917823355
43.0,43.939998934520396
43.0,42.12999908760655
36.0,42.10999901167582
36.0,36.06999922232236
35.0,36.33999925783834
35.0,38.91999907903372
35.0,39.5199990251474
35.0,39.86999905086587
40.0,40.37999903739429
40.0,42.29999909617938
39.0,43.49999912557192
39.0,42.819999385206025
32.0,43.08999951869714
32.0,33.41999907658435
30.0,32.69999894921667
30.0,30.80999921987298
40.0,30.08999920027796
40.0,43.08999906801152
39.0,42.93999921374954
39.0,42.099999277433376
51.0,42.68999927375931
51.0,53.379999600751326
46.0,51.959999363161614
46.0,45.75999943664297
52.0,44.97999943419359
52.0,51.949999393778846
56.0,50.62999932029749
56.0,54.34999941337388
55.0,55.13999954196624
55.0,54.609999518697144
50.0,54.169999533393415
50.0,50.76999947950709
45.0,53.529999494203366
45.0,46.969999200277954
54.0,46.74999901167582
54.0,54.42999920762609
58.0,53.48999938153195
58.0,59.5999996032007
55.0,59.42999973179307
55.0,56.37999915496446
56.0,56.89999963994138
56.0,57.10999958483036
52.0,56.09999942439608
52.0,50.59999929457902
56.0,50.429999462361444
56.0,55.939999443991105
53.0,56.289999587279745
53.0,50.779999056989325
51.0,52.01999949297868
51.0,50.42999930560123
54.0,50.76999947950709
54.0,54.46999928110744
55.0,55.11999925049021
55.0,55.19999951502308
53.0,56.30999960442539
53.0,54.079999417047944
43.0,54.259999375408505
43.0,43.8599992970284
40.0,44.02999954074156
40.0,42.79999934846534
51.0,43.20999934724066
51.0,52.61999930192716
52.0,51.57999895901418
52.0,54.32999912189785
33.0,56.83999962769449
33.0,40.59999926518648
37.0,40.189999305601226
37.0,42.069999369285064
33.0,42.769999342341904
33.0,40.93999936071224
35.0,40.86999928110744
35.0,41.86999937418382
36.0,41.199999466035514
36.0,41.81999952726997
30.0,41.89999924314208
30.0,30.319999250490213
34.0,29.12999926886055
34.0,36.44999910720158
35.0,36.43999913781881
35.0,36.34999926641117
26.0,36.59999910842627
26.0,25.829999222322364
11.0,25.60999930315185
11.0,16.76999980037566
12.000001,17.119999784454702
12.000001,18.529999702400527
16.0,16.23999980037566
16.0,18.189999807723797
27.0,17.599999766084363
27.0,32.63999957380816
47.0,31.81999939500354
47.0,46.63999936806037
58.0,48.39999956401065
58.0,53.49999966443516
52.0,53.4299991733348
52.0,49.61999935581348
52.0,54.96999963136855
52.0,55.80999964606482
51.0,52.599999441541726
51.0,50.98999915863852
52.0,51.48999931294936
52.0,53.50999928110744
41.0,53.28999936683569
41.0,42.97999920885078
43.0,42.84999915618914
43.0,45.74999929090495
36.0,46.21999953706749
36.0,40.089999023922715
28.0,39.26999902637209
28.0,30.419999228445807
23.0,31.849999131695363
23.0,28.359998971261074
22.0,27.69999911087564
22.0,27.959999059438697
42.0,30.739998914925373
42.0,47.72999918558169
42.0,48.93999920395202
42.0,48.86999933989252
22.0,48.439999382756646
22.0,28.889999357038175
28.0,27.329999332544386
28.0,36.99999948073178
35.0,35.03999934846535
35.0,38.44999918558168
34.0,38.65999905209056
34.0,37.149999011675824
38.0,37.20999906311277
38.0,38.54999915373977
40.0,39.75999913292005
40.0,41.83999903494491
36.0,41.98999902637209
36.0,37.18999908515717
33.0,37.07999901045113
33.0,38.05999913536943
35.0,37.46999912924598
35.0,37.27999918190762
30.0,39.079999079033726
30.0,31.579999272534618
25.0,31.649999254164282
25.0,30.189999295803712
25.0,30.439999402351674
25.0,29.989999457462684
29.0,30.919999397452916
29.0,32.429999344791284
31.0,29.64999936193693
31.0,29.44999926886055
30.0,30.049999312949364
30.0,29.459999336218456
28.0,30.279999294579024
28.0,29.429999261512414
28.0,30.549999300702467
28.0,30.349999325196254
25.0,30.219999448889862
25.0,25.769999357038174
25.0,27.179999380307265
25.0,30.369999410924496
23.0,31.59999932887032
23.0,29.529999244366767
47.0,32.12999910720158
47.0,53.32999975383747
42.0,50.119999706074594
42.0,47.099999213749534
31.0,48.79999914271757
31.0,35.14999940357636
32.0,35.83999941704794
32.0,37.23999932397157
28.0,36.909999403576364
28.0,35.18999975138809
29.0,34.22999976118561
29.0,35.63999967668205
29.0,35.01999975261278
29.0,34.62999978078063
39.0,34.079999730568375
39.0,44.98999936438631
43.0,42.70999929090496
43.0,47.939999443991105
44.0,48.57999930682592
44.0,48.56999925906304
52.0,48.469999251714896
52.0,56.78000016410835
48.000004,54.82000005143694
48.000004,55.14999990324955
40.0,54.799999877531086
40.0,43.11999936806037
41.0,42.699999282332136
41.0,42.99999922599643
41.0,44.34999920762609
41.0,43.91999921130016
45.0,44.13999887083656
45.0,48.04999914639163
41.0,46.07999918190762
41.0,42.289998950441365
43.0,42.70999923211988
43.0,43.629999197828575
40.0,42.33999926763586
40.0,41.39999926518649
49.0,43.669999408475114
49.0,49.5999995346181
49.0,48.88999947460833
49.0,48.529999518697146
48.000004,48.70999954564031
48.000004,48.239999573808156
38.0,48.50999961912166
38.0,41.369999406025734
51.0,40.66999933499377
51.0,50.81999960075132
50.0,51.77999940480105
50.0,51.93999930682592
57.0,52.31999935826286
57.0,56.80999983711634
54.0,57.30999956033658
54.0,56.93999943909235
64.0,55.949999413373874
64.0,65.36000066133217
63.0,64.99000093198848
63.0,64.24000064173714
61.0,62.74999991304707
61.0,60.25999930682591
61.0,60.45999955666251
61.0,61.139999590953806
58.0,61.25999949787743
58.0,57.73999922354705
65.0,57.72999909740406
65.0,64.11000049110037
68.0,64.37000094913412
68.0,66.67000198032244
62.0,66.23000148554799
62.0,61.20999918068293
58.0,59.63999889288097
58.0,58.339999228445805
53.0,57.169999126796604
53.0,52.4299992174236
56.0,54.35999965708702
56.0,56.20999967545736
54.0,56.29999967423267
54.0,55.019999203952025
48.000004,55.67999914271757
48.000004,49.099999419497316
51.0,49.07999928478151
51.0,49.80999928355682
42.0,50.4099995235959
42.0,41.99999913292005
42.0,42.679999128021294
42.0,43.28999921987298
56.0,44.73999916966073
56.0,57.099999928968025
76.0,57.069999668109226
76.0,80.00000259144234
81.0,79.28000271881001
81.0,79.02000284862707
83.0,80.2400026404299
83.0,81.47000298946632
95.0,81.72000300783667
95.0,93.55000362630471
98.0,95.70000327481891
98.0,100.47000301396011
114.0,100.95000295517502
114.0,114.95000175008087
109.0,108.73000229629224
109.0,103.39000296987129
113.0,104.92000271391126
113.0,112.10000267717058
131.0,109.48000219464303
131.0,128.4300007262407
144.0,120.8000011218153
144.0,142.5999973938614
124.0,140.0199977686163
124.0,113.0700026857434
102.0,113.02000268206933
102.0,96.48000355159867
85.0,99.7200029588491
85.0,83.51000317072032
77.0,86.75000324420168
77.0,79.37000240406489
78.0,81.25000244815371
78.0,85.27000342545568
79.0,83.38000329441394
79.0,80.21000257552137
74.0,78.8400024591759
74.0,72.2200021530036
68.0,72.72000226812439
68.0,69.94000219709243
57.0,71.97000233058354
57.0,57.939999747714026
48.000004,56.869999535842794
48.000004,51.019999301927164
38.0,50.469999143942246
38.0,41.94999922722111
34.0,41.66999922232236
34.0,37.089999058214005
38.0,36.72999920027796
38.0,41.83999921130015
42.0,41.869999295803716
42.0,47.01999955666251
33.0,46.22999933009501
33.0,39.419999213749534
25.0,40.7999992406927
25.0,29.099999336218456
23.0,29.98999927130993
23.0,29.709999168436035
43.0,30.85999919415451
43.0,50.3599994219467
53.0,49.24999925416429
53.0,64.31000054498669
58.0,65.93000083646272
58.0,57.80999969505239
61.0,58.299999546864996
61.0,74.4700009074947
63.0,65.40000085238368
63.0,65.00000109732152
62.0,63.39000120631886
62.0,64.15000115243252
65.0,68.53000118427445
65.0,73.52000260123985
70.0,71.46000220688992
70.0,74.78000262328425
76.0,74.40000284617769
76.0,78.91000255837572
83.0,76.03000302865638
83.0,85.53000364834911
87.0,84.9100031952141
87.0,89.19000345484822
94.0,86.83000343035444
94.0,91.13000339361376
98.0,90.57000377571678
98.0,98.72000304212796
90.0,95.6300033323793
90.0,87.27000302375761
77.0,88.28000271391126
77.0,76.56000246407467
70.0,76.57000259021765
70.0,70.94000203543344
66.0,72.65000220811463
66.0,67.60000164108352
66.0,68.39000180886595
66.0,68.5100016765995
68.0,68.2400019154139
68.0,70.36000228282066
61.0,71.55000244080556
61.0,62.36000051926822
59.0,62.6900005670311
59.0,58.49999952237122
73.0,58.51999963749199
73.0,74.08000257184732
67.0,73.86000269676562
67.0,68.49000158107374
61.0,68.34000188357199
61.0,61.56999999877531
61.0,61.56999999877531
61.0,62.550000251061284
43.0,64.60000063683837
43.0,45.14999941337388
59.0,47.36999941582326
59.0,62.059999909373005
62.0,61.06999972689431
62.0,65.65000087075403
73.0,64.94000088912436
73.0,75.22000288291837
55.0,76.3500031070365
55.0,56.649999582380985
56.0,56.019999708523976
56.0,55.70999952114653
73.0,55.66999956523534
73.0,71.90000270166436
83.0,73.340002446929
83.0,83.82000327971767
72.0,80.46000263308177
72.0,70.86000204523096
67.0,70.26000243223274
67.0,68.46000163373539
65.0,67.72000123448672
65.0,66.06000126142987
57.0,66.80000115120784
57.0,58.73999964973889
56.0,59.079999706074595
56.0,58.92999957748223
49.0,59.999999632593244
49.0,50.76999944031704
49.0,50.81999924804083
49.0,50.88999932764563
41.0,50.82999919782858
41.0,42.95999878020956
43.0,42.67999906923621
43.0,44.1599990251474
40.0,42.659999032495534
40.0,42.429999168436034
47.0,44.57999930682592
47.0,48.54999926151241
51.0,47.87999943174422
51.0,49.94999924681615
40.0,50.12999916598666
40.0,42.90999914884101
22.0,43.98999913414474
22.0,25.7499992517149
30.0,25.429999232119872
30.0,31.92999921007547
50.0,30.719999289680267
50.0,55.94999988365453
46.0,54.719999730568375
46.0,49.46999930560123
58.0,49.519999250490216
58.0,54.09999959095381
75.0,53.569999175784176
75.0,78.40000274820255
58.0,76.5500026514521
58.0,59.6899994452158
46.0,59.269999398677605
46.0,45.77999935581349
35.0,46.859999458687376
35.0,42.189999119448466
34.0,43.08999910720158
34.0,41.049999043517744
32.0,40.77999900800175
32.0,34.70999923211988
28.0,33.3899992860062
28.0,32.21999928233213
27.0,33.059999189255755
27.0,31.249999107201578
26.0,30.869999143942252
26.0,27.52999918068293
25.0,26.979999203952023
25.0,26.079999314174053
23.0,25.65999937540851
23.0,23.969999504000878
22.0,24.899999483181162
22.0,27.79999950032681
29.0,30.139999350914724
29.0,32.20999924436676
44.0,31.00999920517671
44.0,45.86999945256393
53.0,45.10999921252485
53.0,50.02999962891917
52.0,50.83999953951686
52.0,50.39999971097335
57.0,51.599999564010645
57.0,56.90999974648934
61.0,56.389999575032846
61.0,59.71000012859236
59.0,59.30999994243961
59.0,58.63999936806037
54.0,58.06999942807015
54.0,53.95999911822378
40.0,53.63999907903373
40.0,41.619999003103
35.0,42.53999898840673
35.0,42.14999930070247
30.0,43.61999916966073
30.0,33.10999927130993
27.0,34.649999063112766
27.0,31.85999922844581
32.0,31.5999992406927
32.0,33.899998968811694
51.0,35.25999884144402
51.0,54.75999937295913
62.0,53.849999298253096
62.0,63.06999971709679
57.0,61.63999970607459
57.0,55.58999918313231
50.0,55.59999936806038
50.0,50.26999936438631
48.000004,49.43999935826287
48.000004,46.19999928478151
40.0,46.0899992296705
40.0,40.87999897615983
37.0,42.47999897615983
37.0,42.22999894799198
31.0,43.59999899575486
31.0,30.77999940969981
38.0,32.44999933254439
38.0,41.97999917455948
48.000004,44.029999050865875
48.000004,48.749999315398746
52.0,47.869999305601226
52.0,52.93999930192716
54.0,52.909999393778854
54.0,53.46999916843604
52.0,53.92999936683569
52.0,53.529999611773526
71.0,53.69999948318116
71.0,66.32000089647251
83.0,68.25000137532597
83.0,78.30000266247431
69.0,76.96000276779758
69.0,62.91000040292274
72.0,65.11000091729221
72.0,69.54000212850983
69.0,70.06000210401604
69.0,66.52000181254
59.0,67.89000169374516
59.0,59.47999957870692
52.0,59.44999927865806
52.0,54.56999948440585
53.0,53.369999357038175
53.0,52.99999927498399
48.000004,52.929999214974224
48.000004,50.699999419497324
41.0,51.609999376633205
41.0,46.94999904596712
35.0,48.729999141492875
35.0,42.7399992970284
45.0,43.27999932887032
45.0,49.31999948073178
37.0,48.849999401126986
37.0,42.49999926763586
29.0,41.56999923456925
29.0,30.989999217423605
35.0,33.2699992517149
35.0,37.50999892839695
36.0,37.87999887328594
36.0,37.81999893941916
33.0,38.21999900800176
33.0,37.57999917455948
31.0,37.709999246816146
31.0,32.20999908760655
34.0,31.639999118223777
34.0,38.51999889288096
32.0,39.259998919824135
32.0,33.779999199053265
37.0,34.54999933009501
37.0,42.719998985957346
39.0,44.62999891859944
39.0,46.129999224771744
51.0,44.83999924559146
51.0,49.47999939255416
42.0,48.85999929212965
42.0,43.19999900555237
59.0,42.5199992064014
59.0,60.29999981139787
57.0,60.31000001592096
57.0,57.56999978323001
61.0,57.889999744039955
61.0,61.270000447011554
63.0,65.20000099444762
63.0,66.34000079604797
74.0,65.23000054988545
74.0,79.09000298701694
75.0,78.44000301763417
75.0,78.35000254857822
90.0,74.97000243345742
90.0,91.40000260613861
71.0,91.34000282903203
71.0,68.34000133491122
57.0,70.39000203420875
57.0,56.73999930682592
52.0,57.449999562785955
52.0,59.53000005266164
43.0,57.00999993019272
43.0,44.26999939377885
32.0,44.07999934846535
32.0,32.98999936438631
39.0,34.21999920395202
39.0,45.65999899820424
52.0,46.35999901045113
52.0,54.73999947338364
45.0,54.4699993202975
45.0,46.379999321522185
41.0,47.029999369285065
41.0,43.55999907903372
31.0,43.75999915251508
31.0,31.07999923579394
26.0,30.959999289680265
26.0,26.979999248040833
25.0,27.979999277433375
25.0,26.809999263961796
50.0,27.769999249265524
50.0,48.61999931172467
50.0,47.719999216198914
50.0,50.20999935213942
40.0,50.21999943909235
40.0,40.66999909005593
53.0,40.699999135369424
53.0,51.88999914639163
52.0,52.959999358262856
52.0,53.07999934356659
63.0,52.59999940235167
63.0,61.25000046905596
59.0,63.08000015676022
59.0,58.559999338667836
56.0,59.51999961299821
56.0,55.44999969015363
47.0,55.189999624020416
47.0,47.47999944154173
32.0,46.44999930315185
32.0,32.16999915129039
33.0,33.919999142717565
33.0,39.69999902269802
37.0,40.06999886961187
37.0,41.969998774086115
50.0,41.659998821848994
50.0,53.529999337443144
48.000004,53.529999494203366
48.000004,50.12999928355682
67.0,48.969999190480436
67.0,72.73000227669722
55.0,71.12000199379402
55.0,55.03999918190762
64.0,55.339999556662505
64.0,65.26000096750447
73.0,65.51000086830463
73.0,73.00000305682424
72.0,71.80000292945655
72.0,70.33000284495301
67.0,70.77000294782688
67.0,64.65000017023179
57.0,64.1300002731057
57.0,56.2399993876554
45.0,57.15999951012432
45.0,47.229999227221114
37.0,48.319999221097675
37.0,40.199999079033724
50.0,39.26999926151241
50.0,53.419999321522184
53.0,53.24999945011455
53.0,56.229999104752196
41.0,54.029999178233545
41.0,45.84999908270779
39.0,45.6599991157744
39.0,45.039999113325024
49.0,44.16999905331525
49.0,47.36999932764563
45.0,47.869999207626094
45.0,45.83999919170513
45.0,47.10999920272734
45.0,47.549999325196254
54.0,47.88999916598666
54.0,53.209999298253095
34.0,52.31999916231259
34.0,37.109999134144736
51.0,36.72999926886055
51.0,50.72999960197601
59.0,50.1399993313197
59.0,57.41999951747246
55.0,57.82999937908258
55.0,54.33999956156127
57.0,54.97999928723089
57.0,56.629999330095
55.0,55.84999936683568
55.0,54.28999951869715
54.0,54.889999523595904
54.0,54.94999922232236
54.0,55.51999943664297
54.0,54.92999904841649
59.0,54.9899991390435
59.0,58.46999926151242
59.0,58.62999932029749
59.0,59.14999941337388
60.0,58.79999954441562
60.0,59.83999965218827
61.0,59.439999583605676
61.0,59.6499994109245
61.0,59.30999955053907
61.0,59.989999584830365
53.0,60.06999973179306
53.0,51.69999914026818
39.0,53.02999922232236
39.0,39.42999920272733
32.0,40.659999297028406
32.0,32.1399993313197
24.000002,33.57999928233213
24.000002,27.459999208850782
23.0,29.089999263961793
23.0,28.989999129245984
24.000002,29.879999186806373
24.000002,30.329999190480443
22.0,28.139999228445806
22.0,25.50999938888009
32.0,24.50999945256393
32.0,31.939999414598564
33.0,32.36999932274688
33.0,35.65999910597689
33.0,38.69999916476197
33.0,39.519999064337455
35.0,39.58999906556214
35.0,40.74999911944847
51.0,42.46999941827263
51.0,48.109999472158954
40.0,46.86999934969003
40.0,41.399999088831244
33.0,42.13999915496445
33.0,35.75999915251508
27.0,36.499998856140294
27.0,28.85999920395202
45.0,28.889999308050605
45.0,46.04999917578417
39.0,45.76999913169536
39.0,40.829999217423605
25.0,41.889999214974225
25.0,26.189999305601226
33.0,26.41999937540851
33.0,38.66999880592804
31.0,38.55999888798221
31.0,31.139999150065698
56.0,31.519999113325024
56.0,52.80999958238098
56.0,53.35999975996092
56.0,54.44999971464742
37.0,55.17999938030727
37.0,37.469999256613654
44.0,38.03999922599643
44.0,43.00999933254439
47.0,43.11999934846535
47.0,46.43999921619891
51.0,46.749999246816145
51.0,50.44999900922644
52.0,52.29999910597689
52.0,52.72999900432768
49.0,52.40999908270779
49.0,48.039999431744214
56.0,47.4899994109245
56.0,56.76999937173444
56.0,57.299999434193595
56.0,57.039999603200705
52.0,56.63999957380816
52.0,51.059999218648294
45.0,51.609999298253086
45.0,45.78999934479128
41.0,45.94999934479128
41.0,41.73999922354705
54.0,43.01999926273711
54.0,53.599999240692696
55.0,53.39999926518649
55.0,54.759999098628754
54.0,54.92999932274687
54.0,52.579999150065696
51.0,53.23999940235167
51.0,50.45999964484013
55.0,49.749999663210474
55.0,54.77999931172467
57.0,54.379999321522185
57.0,56.479999475833026
48.000004,56.65999927743337
48.000004,48.81999964973889
52.0,48.90999968770426
52.0,51.89999919415451
41.0,52.08999908270779
41.0,41.32999889165628
31.0,41.349998967587005
31.0,32.49999917945824
45.0,33.93999926763586
45.0,48.849999322746875
45.0,48.37999946848489
45.0,47.5799993313197
50.0,47.55999929457902
50.0,52.34999922722112
53.0,51.62999947215896
53.0,50.97999918925575
61.0,51.09999944888986
61.0,61.12000004408881
54.0,59.029999584830364
54.0,52.7699991953792
51.0,53.71999903004616
51.0,51.41999925293959
48.000004,51.75999911332502
48.000004,47.98999933009501
41.0,49.05999926763586
41.0,47.209999406025744
41.0,47.859999277433374
41.0,47.62999902147333
43.0,47.52999897493515
43.0,47.009999156189146
73.0,47.01999938030727
73.0,73.77000254123008
61.0,73.11000224975406
61.0,58.06999970240053
66.0,58.680000146962705
66.0,64.38000080094673
73.0,63.39000042251777
73.0,70.60000213585795
61.0,69.99000196562615
61.0,59.18999944766517
63.0,59.96999976363498
63.0,63.680000553559516
59.0,62.410000483752235
59.0,56.7899994672602
60.0,58.569999621571036
60.0,59.25999970362521
63.0,58.529999744039955
63.0,64.7900004862016
58.0,64.21000010654795
58.0,57.749999232119876
64.0,58.05999922354705
64.0,64.5200002155453
35.0,64.13000023391564
35.0,40.40999902392271
30.0,38.00999921987298
30.0,33.85999911087564
48.000004,35.349999075359655
48.000004,48.90999925661366
51.0,49.49999940969981
51.0,53.95999923579394
59.0,53.16999945991206
59.0,58.72999940602574
54.0,57.20999927865806
54.0,52.36999924436677
43.0,53.08999907780904
43.0,42.09999915986321
46.0,42.63999909372999
46.0,48.18999922722112
44.0,47.78999925661366
44.0,45.7299991953792
38.0,46.03999916721135
38.0,41.30999922722112
38.0,40.00999922967049
38.0,40.4399992064014
44.0,41.04999921987299
44.0,45.66999941827263
56.0,46.00999943541828
56.0,57.079999480731786
47.0,55.73999946848489
47.0,45.06999911944847
46.0,45.58999925171491
46.0,45.419999184356996
48.000004,45.88999913659411
48.000004,46.419999101078126
52.0,46.43999915741383
52.0,50.92999926396179
54.0,50.10999946236144
54.0,51.539999159863214
54.0,52.16999915129039
54.0,52.129999234569254
43.0,52.65999925783835
43.0,42.43999931417405
42.0,43.989999388880086
42.0,42.699999027596775
35.0,41.82999908515717
35.0,36.28999920517671
51.0,36.539999194154504
51.0,50.60999953829217
30.0,50.71999935826286
30.0,37.46999916843604
33.0,32.469999232119875
33.0,36.17999922844581
27.0,37.559999274984
27.0,31.389999148841007
20.0,32.0199992970284
20.0,28.119999265186483
26.0,28.37999925293959
26.0,31.239999137818806
25.0,29.309999237018634
25.0,26.52999939132947
23.0,25.999999446440484
23.0,23.75999954441562
32.0,23.669999477057715
32.0,34.18999915863853
37.0,32.59999915741383
37.0,36.809998935745085
52.0,38.65999905209056
52.0,48.43999932397156
55.0,49.47999947093427
55.0,52.969999170885416
48.000004,53.94999903127085
48.000004,45.59999908393249
39.0,45.95999903984367
39.0,40.94999905576463
32.0,42.0299990018783
32.0,31.919999319072804
24.000002,32.39999925049021
24.000002,29.03999916231259
39.0,29.569999244366766
39.0,43.209998994530174
45.0,41.669999251714906
45.0,43.979999017799265
37.0,45.68999910230282
37.0,36.66999920762609
35.0,36.09999918925575
35.0,37.89999912557192
40.0,39.88999923456925
40.0,41.69999895411543
49.0,41.53999897371046
49.0,48.019999238243315
57.0,47.97999920395202
57.0,57.12999944521579
45.0,57.05999934601597
45.0,45.30999918803106
37.0,45.16999914639163
37.0,36.329999268860554
29.0,36.029999158638525
29.0,31.729999068011523
27.0,31.13999907168559
27.0,30.509999080258417
34.0,30.059999125571917
34.0,39.16999882307368
34.0,39.34999877163674
34.0,40.13999878265894
33.0,41.68999898473266
33.0,38.249998857364986
27.0,39.17999885124153
27.0,28.579999375408512
28.0,29.709999325196254
28.0,31.54999915863852
30.0,32.479999093729994
30.0,32.17999912067316
36.0,31.81999916476197
36.0,37.55999908883123
37.0,38.10999899208079
37.0,37.349998850016846
37.0,37.70999919782858
37.0,38.22999927130993
39.0,38.83999910842627
39.0,41.129999131695364
38.0,40.87999928968026
38.0,42.23999927988275
44.0,42.869999212524846
44.0,45.76999934724066
55.0,46.23999931907281
55.0,56.679999529719346
50.0,56.0199995125737
50.0,49.22999941337388
52.0,49.45999941459856
52.0,53.36999904351774
45.0,52.429999256613655
45.0,43.62999882552307
56.0,45.179999037394296
56.0,54.469999241917385
42.0,54.03999938275665
42.0,41.85999891492537
31.0,43.64999921497422
31.0,30.519999323971565
36.0,32.439999382756646
36.0,37.79999929457902
35.0,38.95999929947778
35.0,38.99999915741383
38.0,38.679999323971565
38.0,40.94999907535966
38.0,40.49999910107813
38.0,39.9099991047522
38.0,39.899999037394295
38.0,39.46999900187831
44.0,39.949999080258415
44.0,43.7499991047522
40.0,43.78999900187831
40.0,41.789998913700686
35.0,41.829998908801926
35.0,37.809998950441354
40.0,38.76999906801152
40.0,42.73999890512786
37.0,42.19999906923621
37.0,36.54999908515717
39.0,36.3399990814831
39.0,39.379999199053266
40.0,40.10999919782857
40.0,43.05999917945824
33.0,43.1599991280213
33.0,35.49999924314208
29.0,36.40999950400088
29.0,30.65999921864829
33.0,29.579999174559482
33.0,37.6799991721101
29.0,38.08999911210033
29.0,31.339999164761966
25.0,31.86999917823355
25.0,27.98999916353728
25.0,29.299999169660726
25.0,27.899999321522184
23.0,27.22999940847512
23.0,26.86999938888009
28.0,27.229999339892526
28.0,30.199999441541728
30.0,28.83999944154173
30.0,30.599999461136754
38.0,30.40999940602574
38.0,38.11999902024864
35.0,38.23999910352751
35.0,34.35999908883124
28.0,34.959999230895185
28.0,29.369999239468008
37.0,30.67999948073178
37.0,38.10999901167582
31.0,37.87999890267849
31.0,31.679999172110104
51.0,32.08999926886055
51.0,53.74999921252485
44.0,53.669999183132305
44.0,43.099998998204235
47.0,43.529999112100334
47.0,47.00999903861898
46.0,47.4199991157744
46.0,47.03999937785789
46.0,47.68999921007547
46.0,46.73999906188808
42.0,46.81999922844581
42.0,43.209998896555035
46.0,43.11999897615983
46.0,47.78999927620868
38.0,45.95999903984367
38.0,41.289999210075464
29.0,40.01999904229305
29.0,30.80999921987298
35.0,32.36999914639163
35.0,37.04999908270779
38.0,37.439999201502644
38.0,40.29999887083656
40.0,41.43999929947778
40.0,44.17999921864829
28.0,45.50999933989252
28.0,30.96999923946801
58.0,31.839999230895188
58.0,57.53999975751154
60.0,58.909999717096795
60.0,61.55000025596004
60.0,60.4999999436643
60.0,60.199999882429836
62.0,58.11999974526465
62.0,59.230000226567505
44.0,58.4499999889778
44.0,43.32999913659412
35.0,42.33999926763586
35.0,40.96999925906303
42.0,40.48999932764563
42.0,44.269998884308144
42.0,44.04999865651595
42.0,42.49999867978505
54.0,43.32999886226374
54.0,52.50999893329571
45.0,52.919999245591455
45.0,45.77999914026818
49.0,45.16999916598666
49.0,48.04999926396179
41.0,48.469999349690035
41.0,40.88999910230282
41.0,40.93999898840672
41.0,41.94999903127085
31.0,43.06999897248576
31.0,31.94999902147333
28.0,33.599998927172265
28.0,32.48999899453017
30.0,32.20999915618914
30.0,31.929999092505305
36.0,32.84999889165628
36.0,39.209998896555035
39.0,39.86999895289074
39.0,40.77999914516694
44.0,39.45999905209056
44.0,43.23999917700886
43.0,44.88999921987298
43.0,44.74999925661366
53.0,45.55999953951686
53.0,54.66999945256393
27.0,54.13999888063408
27.0,32.009999357038176
34.0,31.059999326420943
34.0,41.36999921987298
38.0,37.629999188031064
38.0,40.74999898228328
38.0,42.32999912189785
38.0,40.59999910842627
33.0,40.639999123122536
33.0,37.29999925783835
31.0,38.359999108426265
31.0,31.899999174559483
24.000002,30.9499992517149
24.000002,27.69999928723089
22.0,28.29999922844581
22.0,27.289999293354334
46.0,27.7499992517149
46.0,50.169999219872984
33.0,44.54999914394225
33.0,36.4799992406927
27.0,35.74999930070247
27.0,28.619999262737103
30.0,29.059999355813485
30.0,29.41999934111721
32.0,30.069999408475116
32.0,30.839999343566593
28.0,30.38999915373977
28.0,30.20999920517671
31.0,30.469999241917385
31.0,30.889999278658063
30.0,32.25999919905327
30.0,30.189999305601226
28.0,29.57999936071224
28.0,28.98999934479128
26.0,29.47999917700886
26.0,27.609999366835687
28.0,27.089999273759307
28.0,29.89999925293959
24.000002,29.83999922109767
24.000002,26.829999354588793
41.0,26.049999361936926
41.0,41.78999897248576
37.0,40.95999894676729
37.0,38.35999908883124
27.0,38.49999916966073
27.0,29.449999249265524
18.0,29.189999310499985
18.0,18.369999597077257
17.0,21.769999494203365
17.0,23.34999948195647
17.0,23.299999512573702
17.0,23.12999945011455
21.0,23.909999383981333
21.0,22.84999946970958
21.0,22.44999945011455
21.0,22.359999461136752
23.0,22.079999480731782
23.0,22.37999952726997
28.0,23.249999533393417
28.0,31.679999426845455
35.0,32.089999552988445
35.0,42.65999885614029
48.000004,41.21999911087564
48.000004,46.049999234569256
51.0,45.04999921987299
51.0,45.149999560336575
40.0,45.699999404801055
40.0,39.99999908393248
43.0,40.97999919905327
43.0,42.26999916843604
42.0,42.839999088831235
42.0,41.8499989455426
40.0,42.5499991733348
40.0,42.6099991267966
30.0,42.13999903739429
30.0,30.61999917455948
23.0,33.909999310499984
23.0,24.219999390104782
57.0,24.709999281107443
57.0,66.04000114630908
29.0,56.6599995125737
29.0,43.59999905453994
45.0,33.719999343566585
45.0,46.609999283556824
45.0,46.54999915373977
45.0,44.98999903127085
20.0,44.729999141492875
20.0,22.78999954564031
28.0,23.019999546864998
28.0,33.839999456238
26.0,32.74999912924598
26.0,25.919999397452916
28.0,25.929999357038174
28.0,33.809999214974226
24.000002,32.60999914639163
24.000002,24.15999942684546
27.0,25.19999940725043
27.0,30.539999439092348
30.0,29.449999308050604
30.0,31.169999234569254
40.0,29.909999173334793
40.0,45.779999316623424
45.0,46.94999933989252
45.0,45.2399992064014
45.0,46.54999927130993
45.0,45.69999903249553
55.0,45.959999059438694
55.0,55.519999358262865
57.0,55.6399994219467
57.0,56.45999934111721
56.0,57.48999916598666
56.0,55.77999942439608
58.0,55.48999937173444
58.0,58.779999370509756
56.0,59.75999974036589
56.0,55.16999964606482
54.0,56.37999946848489
54.0,53.349999261512416
51.0,53.12999928845558
51.0,49.61999947338364
35.0,49.87999922599643
35.0,39.67999910352751
30.0,38.139998978609206
30.0,29.5399992970284
40.0,31.859999287230888
40.0,43.11999883899464
39.0,43.069998874510624
39.0,40.909999080258416
34.0,39.90999918313231
34.0,38.37999916476197
31.0,38.689999058214006
31.0,31.549999168436038
30.0,32.919999245591455
30.0,31.74999933009501
38.0,32.65999931662343
38.0,41.30999922722112
44.0,41.93999925783835
44.0,44.919999225996435
36.0,44.49999915986321
36.0,35.87999893207102
28.0,35.94999890390317
28.0,31.509999065562145
27.0,33.009999391329465
27.0,31.589999290904956
26.0,31.3799991500657
26.0,27.399999167211348
28.0,28.479999172110105
28.0,32.329999268860554
33.0,28.749999217423607
33.0,38.40999913169536
50.0,38.40999913169536
50.0,50.9599991721101
55.0,50.699999419497324
55.0,54.72999911210033
66.0,54.50999896268825
66.0,65.07000103976112
59.0,63.87000102996362
59.0,57.86999953094404
58.0,58.079999632593236
58.0,58.52999946970957
59.0,60.13999983099289
59.0,60.440000127367675
55.0,59.57999989957548
55.0,53.26999899697955
50.0,53.509999202727336
50.0,49.639999020248645
42.0,49.77999901290051
42.0,45.20999914149287
48.000004,45.029999065562144
48.000004,49.42999942807015
40.0,49.27999929947778
40.0,43.819999145166946
49.0,45.42999905576463
49.0,50.119999196603885
56.0,49.37999938520603
56.0,56.41999934601597
30.0,56.46999931049998
30.0,43.89999899820424
23.0,34.859999390104775
23.0,25.91999921130016
30.0,26.40999926886055
30.0,33.87999922599643
32.0,33.119999172110106
32.0,34.359999108426265
49.0,32.29999917455948
49.0,48.3899993202975
20.0,47.05999915986322
20.0,24.089999474608334
25.0,22.879999485630538
25.0,25.21999942439608
27.0,25.329999332544386
27.0,31.289999268860548
24.000002,31.17999917455948
24.000002,24.53999945378862
22.0,25.51999946603551
22.0,25.389999418272634
30.0,25.429999398677605
30.0,29.809999312949362
35.0,29.61999923824332
35.0,40.25999905209056
38.0,40.729999023922716
38.0,43.85999912067316
57.0,45.16999900922644
57.0,52.17999966933392
62.0,53.56999946970958
62.0,59.66999997673091
56.0,58.03999975506216
56.0,53.2699992517149
52.0,53.779999316623424
52.0,50.04999921497423
53.0,51.22999920762609
53.0,52.13999936071224
48.000004,52.18999959952663
48.000004,47.189999388880096
43.0,47.489999214974226
43.0,43.5699991267966
40.0,44.739999110875644
40.0,44.7799990471918
37.0,44.41999924804083
37.0,39.549999188031066
45.0,38.80999920027796
45.0,46.489999023922714
41.0,46.76999910720158
41.0,43.41999893941916
41.0,42.32999892594758
41.0,42.86999901657458
37.0,42.939999037394294
37.0,37.609999170885416
41.0,37.709998982283274
41.0,42.159998878184695
40.0,42.12999889165628
40.0,42.17999887573532
45.0,42.61999891982413
45.0,46.04999911699909
45.0,45.38999909985344
45.0,45.609999014125194
44.0,45.249998881858765
44.0,43.95999930437653
50.0,43.74999908515717
50.0,49.54999945256393
46.0,50.3199991721101
46.0,47.85999906188808
44.0,47.709998972485764
44.0,46.83999914761632
47.0,45.8299993202975
47.0,47.279999270085234
66.0,47.17999928233213
66.0,69.02000187867323
63.0,66.78000133001247
63.0,62.45000024371315
64.0,61.93000026820694
64.0,63.44000077890232
65.0,62.940000702971595
65.0,64.53000104710927
51.0,64.20000068582596
51.0,48.24999963136855
57.0,47.61999950277619
57.0,57.36999949420336
44.0,57.38999943296891
44.0,45.249998999428925
32.0,44.71999907413497
32.0,31.179999262737102
35.0,31.509999349690037
35.0,38.429999344791284
30.0,38.81999920885078
30.0,31.649999430519525
35.0,31.36999931784812
35.0,38.479999172110105
32.0,38.34999890390317
32.0,33.06999916843604
30.0,33.999999113325025
30.0,31.529999131695362
34.0,31.919999319072804
34.0,36.909999080258416
31.0,36.73999906188808
31.0,31.22999914884101
30.0,31.66999917333479
30.0,31.309999168436036
34.0,31.679999221097674
34.0,38.66999898228328
40.0,39.22999901167582
40.0,41.99999887818469
34.0,40.399998799804585
34.0,36.46999897738453
30.0,36.389999143942255
30.0,31.319999196603888
30.0,32.349999383981334
30.0,31.909999290904956
35.0,31.089999293354335
35.0,37.70999911944847
38.0,39.05999927743338
38.0,41.18999928110745
53.0,41.17999923334456
53.0,52.64999913169536
59.0,51.91999932887032
59.0,60.849999812622556
59.0,61.44000020084903
59.0,60.550000064908524
63.0,62.14000025228597
63.0,61.04999990569893
73.0,61.70000022779219
73.0,72.59000254857821
76.0,71.18000231956134
76.0,74.39000248489438
68.0,74.15000282780736
68.0,63.50000079114922
53.0,62.290000420068395
53.0,50.19999930437654
42.0,50.23999929947778
42.0,42.229999094954685
37.0,43.89999907658434
37.0,38.84999899942893
23.0,38.44999910720158
23.0,25.14999942317139
24.000002,25.379999321522188
24.000002,29.129999205176713
28.0,29.75999921130016
28.0,35.519999270085236
31.0,33.48999935213942
31.0,33.30999922722111
28.0,31.809999185581685
28.0,30.869999290904957
22.0,31.53999935581348
22.0,22.27999940725043
21.0,23.08999940602574
21.0,23.749999359487553
48.000004,23.56999945378862
48.000004,51.109999339892525
45.0,46.119999177008864
45.0,43.489999038618976
39.0,43.22999903127085
39.0,37.95999907903372
52.0,39.159999049641186
52.0,48.009999386430714
45.0,49.069999472158955
45.0,44.54999920272733
35.0,45.64999916598666
35.0,36.819998944317916
30.0,37.64999920517671
30.0,31.51999927008524
40.0,31.27999919170513
40.0,44.4499991953792
57.0,45.1399992970284
57.0,62.36000051926822
63.0,59.360000161658974
63.0,60.87999991672113
71.0,59.859999982854355
71.0,72.4800024150871
72.0,70.77000196807553
72.0,70.02000195215457
75.0,70.69000166435262
75.0,73.66000264287928
74.0,73.70000318664128
74.0,73.24000338014218
68.0,73.36000297354536
68.0,65.64000160679223
58.0,66.05000199746809
58.0,57.56999935213942
55.0,57.78999946236144
55.0,55.479999206401395
52.0,54.79999925049022
52.0,53.91999916231259
38.0,53.70999909985344
38.0,40.579999130470675
53.0,40.37999929212964
53.0,53.879999245591456
35.0,52.769999234569255
35.0,39.74999937908258
30.0,39.079999098628754
30.0,31.749999202727334
44.0,33.84999915129038
44.0,45.67999909373
37.0,46.26999914884101
37.0,38.18999939377885
31.0,39.23999931417405
31.0,32.7299990141252
47.0,33.81999908638186
47.0,47.369999151290386
40.0,45.69999909128062
40.0,40.71999897615983
45.0,40.35999915741383
45.0,45.069999237018635
37.0,44.25999942439608
37.0,36.219999282332125
29.0,38.0299991390435
29.0,30.469999124347225
27.0,31.789999276208686
27.0,30.769999097404064
26.0,30.13999917455948
26.0,28.489999278658065
46.0,28.6399992406927
46.0,48.6499993080506
62.0,46.67999934356659
62.0,62.19000002081972
70.0,59.4299996142229
70.0,70.03000211748761
91.0,68.78000190806577
91.0,91.06000345117415
96.00001,90.46000313275496
96.00001,94.74000339238907
88.0,95.72000340953473
88.0,83.78000308866615
64.0,85.09000307519457
64.0,63.70000053151511
59.0,63.320000480078164
59.0,59.67999978935346
60.0,59.219999786904076
60.0,63.05999974771403
40.0,61.700000266982244
40.0,46.14999908515717
37.0,47.08999902882147
37.0,39.809999214974226
31.0,40.83999913781881
31.0,33.92999932764563
28.0,34.48999926886055
28.0,34.31999920150265
24.000002,34.13999915496445
24.000002,28.20999920517671
25.0,28.16999926886055
25.0,27.949999295803714
25.0,28.719999240692697
25.0,29.06999925661366
35.0,30.65999926763586
35.0,38.81999907168559
38.0,40.42999915863852
38.0,41.849999200277956
40.0,41.1499990704609
40.0,39.439998682234425
37.0,40.389998928396956
37.0,36.58999929580371
31.0,36.55999911332503
31.0,31.189999173334794
30.0,32.39999923089518
30.0,32.86999926151241
28.0,31.14999918803106
28.0,30.639999142717564
26.0,31.739999086381857
26.0,26.699999213749535
38.0,27.079999191705134
38.0,43.379999336218454
48.000004,43.939999248040834
48.000004,48.099999267635866
58.0,47.839999260287726
58.0,61.10000006613322
64.0,60.12000004898756
64.0,63.38000049232505
70.0,61.01000026330817
70.0,70.05000221301337
54.0,70.10000194235705
54.0,53.50999924191739
43.0,53.179999037394296
43.0,43.889999087606554
34.0,43.4499990827078
34.0,35.95999941214919
27.0,36.70999930070247
27.0,29.129999170885412
40.0,31.329999263961792
40.0,44.809999229670495
39.0,45.8499991610879
39.0,43.33999934111721
38.0,41.089999048416495
38.0,39.6299992860062
31.0,38.38999942807015
31.0,30.969999112100332
28.0,31.86999909985344
28.0,31.169999254164278
28.0,31.479999382756645
28.0,32.659999297028406
33.0,33.1299993080506
33.0,37.49999893941915
43.0,38.35999887328594
43.0,44.45999916476197
43.0,44.419999091280616
43.0,44.039998981058595
38.0,44.139999262737106
38.0,38.029999178233545
33.0,39.13999911087565
33.0,36.10999909985345
33.0,37.0299991047522
33.0,36.829999109650956
33.0,37.709998943093225
33.0,36.41999895411543
40.0,37.98999902637209
40.0,44.19999911822378
43.0,44.509999227221115
43.0,45.979999429294836
53.0,45.86999927620868
53.0,55.129999337443145
50.0,54.669999256613664
50.0,51.779999365611
44.0,52.33999949297867
44.0,44.97999919905327
51.0,45.659999311724675
51.0,51.2299995015515
58.0,50.6899994109245
58.0,58.30999920272733
56.0,58.14999930070247
56.0,56.7199996032007
55.0,55.649999587279744
55.0,54.26999946236145
52.0,53.62999934479128
52.0,50.06999931049998
40.0,50.74999930560122
40.0,42.909999188031065
47.0,43.96999925416428
47.0,48.469999428070146
51.0,47.89999952726997
51.0,51.94999919782858
44.0,51.84999926886055
44.0,45.44999919048045
54.0,46.12999928355682
54.0,53.6399988438934
55.0,53.45999896391294
55.0,54.9599993092753
45.0,55.209999406025744
45.0,46.27999937295913
35.0,49.219999287230884
35.0,41.00999942072201
32.0,40.839999196603884
32.0,33.839999162312594
37.0,33.759999025147394
37.0,39.739999096179375
48.000004,39.83999908393248
48.000004,48.089999337443146
45.0,48.90999980527442
45.0,45.739999399902295
54.0,44.97999931662343
54.0,54.319999034944914
54.0,54.10999912924598
54.0,54.32999888675752
60.0,54.02999882552306
60.0,60.13999994856305
64.0,60.439999813847244
64.0,64.03999988242984
59.0,61.80999961667228
59.0,60.39999977955595
53.0,60.19999941214919
53.0,53.07999903004616
50.0,54.21999934111721
50.0,49.86999949175399
38.0,50.07999943664297
38.0,42.08999926886055
38.0,43.889999087606554
38.0,42.35999906923622
31.0,41.229999080258416
31.0,32.02999902147334
26.0,30.999999245591457
26.0,28.409999396228226
42.0,29.67999929947778
42.0,44.759999088831236
40.0,43.529999112100334
40.0,41.86999915863852
26.0,42.43999903984367
26.0,27.93999940480105
28.0,29.509999320297496
28.0,31.649999352139414
41.0,31.709999354588795
41.0,43.24999914639163
31.0,43.159999363161624
31.0,31.909999232119876
28.0,32.17999933621846
28.0,32.91999940235167
24.000002,34.479999289680265
24.000002,29.309999354588793
35.0,30.709999281107443
35.0,40.519999255388974
32.0,41.63999919660389
32.0,32.59999917700886
43.0,34.64999920027795
43.0,45.82999920272733
51.0,45.25999908638186
51.0,49.519999152515076
46.0,49.79999935336411
46.0,45.529999494203366
54.0,45.84999921987298
54.0,55.49999914516694
52.0,54.15999913292005
52.0,52.139999282332134
45.0,51.959999363161614
45.0,45.44999905331525
48.000004,45.55999906923621
48.000004,48.83999931417405
38.0,48.2399993876554
38.0,41.009999479507094
55.0,41.079999304376535
55.0,56.53999937050975
33.0,56.68999953829217
33.0,40.769999234569255
53.0,39.38999912924598
53.0,51.449999435418285
55.0,53.60999913169536
55.0,53.19999925049021
52.0,54.96999904351774
52.0,49.63999929457903
59.0,50.679999323971565
59.0,60.59999955911189
58.0,56.839999470934266
58.0,57.629999795476905
55.0,58.92999965586234
55.0,55.49999981139786
50.0,56.89999991427176
50.0,48.259999248040835
50.0,49.47999939255416
50.0,48.859999370509755
59.0,49.449999249265524
59.0,57.049999376633195
42.0,57.79999919660389
42.0,45.839999368060376
55.0,44.80999917088541
55.0,56.90999968770426
61.0,56.939999556662514
61.0,63.6200003061723
62.0,65.94000111936593
62.0,66.35000107895118
56.0,66.41000093443785
56.0,57.59999961299822
57.0,57.59999976975843
57.0,59.56999961667228
54.0,58.12999967545737
54.0,54.539999262737105
47.0,52.279999245591455
47.0,50.16999957258347
42.0,48.139999576257544
42.0,43.08999922477174
48.000004,43.11999889777972
48.000004,48.72999963136855
51.0,49.2999995125737
51.0,53.219999346015975
36.0,52.20999942072201
36.0,39.23999909862875
39.0,39.5799991157744
39.0,44.12999927375931
36.0,46.53999916476197
36.0,43.56999913659412
47.0,43.90999911454971
47.0,49.29999931662343
44.0,50.46999926151242
44.0,46.979999110875646
52.0,46.6599991500657
52.0,51.08999928355682
67.0,49.53999924804083
67.0,71.90000183948318
60.0,70.93000210524073
60.0,57.66999975138809
64.0,59.68999975873623
64.0,66.10000047273002
58.0,63.200000377204276
58.0,58.18999925661365
56.0,58.809999239468006
56.0,56.08999949420336
68.0,56.3999996032007
68.0,69.15000199011993
63.0,67.63000139247161
63.0,64.15999998530373
64.0,64.51000032454263
64.0,63.98000057560392
62.0,64.20000088177622
62.0,63.14000016900711
60.0,64.47000017268118
60.0,59.619999659536404
47.0,61.769999974281525
47.0,49.98999930070247
54.0,50.499999346015976
54.0,56.76999980282504
51.0,57.009999577482226
51.0,52.53999962524511
46.0,52.129999665659845
46.0,50.36999972444493
54.0,49.279999534618106
54.0,54.569999210075466
49.0,53.51999932887032
49.0,47.73999958605505
43.0,46.87999931907281
43.0,43.22999916843604
40.0,46.319999034944914
40.0,43.30999904106836
37.0,43.60999896513763
37.0,44.19999911822378
33.0,44.369999352139416
33.0,42.329999278658065
37.0,40.029999383981334
37.0,42.42999936438631
50.0,41.75999922109767
50.0,50.259999473383644
59.0,50.68999952849466
59.0,60.00000002449378
61.0,58.52999993999023
61.0,59.519999808948484
57.0,60.24000042619184
57.0,54.23999963259324
53.0,56.10999966810923
53.0,51.02999942807015
43.0,51.05999925783835
43.0,41.62999914884101
40.0,42.21999910597688
40.0,44.839999470934266
37.0,46.11999939255416
37.0,40.449999038618984
52.0,40.69999905698932
52.0,54.21999973301775
53.0,52.53999962524511
53.0,53.449999229670496
53.0,54.57999917945824
53.0,53.66999937908258
48.000004,54.01999928723089
48.000004,50.259999473383644
40.0,49.61999947338364
40.0,44.22999928110744
52.0,44.43999936316162
52.0,54.19999948073178
48.000004,54.11999937295913
48.000004,49.59999961299822
40.0,49.30999952114652
40.0,45.49999942929483
33.0,46.24999946481082
33.0,36.70999951624777
37.0,37.58999954564031
37.0,37.829999124347225
35.0,37.48999916598666
35.0,36.309998996979544
26.0,36.559999270085235
26.0,26.669999168436036
25.0,28.019999248040833
25.0,27.59999927008524
27.0,27.74999921252485
27.0,30.72999935703817
28.0,29.779999248040834
28.0,31.759999201502644
39.0,31.489999254164278
39.0,43.21999915986321
44.0,42.69999914516694
44.0,46.209999175784176
52.0,46.56999924926552
52.0,62.09000095403288
55.0,61.14000080584549
55.0,55.32999946970958
73.0,56.62999976118561
73.0,74.49000280576294
73.0,74.52000275310131
73.0,71.35000254367947
66.0,71.13000235507732
66.0,68.16000153331088
66.0,66.70000145738014
66.0,67.3900018137647
59.0,67.08000170476735
59.0,59.70999983466696
54.0,57.56999943051952
54.0,57.049999259063036
43.0,57.5599995003268
43.0,46.129999342341904
44.0,46.13999927253462
44.0,46.12999926396179
35.0,46.209999450114545
35.0,46.71999932887032
30.0,45.61999934601597
30.0,31.95999928478151
27.0,32.019999306825916
27.0,32.109999364386304
43.0,33.30999930560123
43.0,50.369999254164284
44.0,51.67999941704794
44.0,51.35999939745291
39.0,51.95999928478151
39.0,44.74999927620868
30.0,45.119999162312595
30.0,33.039999348465344
23.0,33.71999935336411
23.0,33.11999922109768
53.0,32.679999216198915
53.0,50.6099993423419
48.000004,54.67999953951686
48.000004,50.239999573808156
51.0,49.279999456238
51.0,51.7999994219467
48.000004,51.8699995015515
48.000004,46.52999917578417
43.0,46.82999931539874
43.0,42.87999953461811
58.0,43.57999944888986
58.0,62.95000031964388
63.0,61.090000096750444
63.0,65.38000138389879
70.0,65.25000121366699
70.0,71.50000188847073
92.0,71.17000199746808
92.0,95.31000344994946
113.0,95.57000335932246
113.0,116.00000186642633
143.0,112.69000157617499
143.0,144.15999653657897
151.0,141.789996973793
151.0,148.9699957613507
130.0,148.729995633983
130.0,124.08000079849735
146.0,126.58999977588188
146.0,144.88999704482495
151.0,144.72999729956032
151.0,151.3199954637512
156.0,151.11999466525387
156.0,156.50999391696877
158.0,155.57999511838887
158.0,157.32999516860113
151.0,157.93999635777433
151.0,143.70999673865268
121.0,145.56999606017487
121.0,118.63000235752669
136.0,120.59000192153735
136.0,134.57999686724506
122.0,134.64999775024594
122.0,119.52000229751692
95.0,115.62000248122031
95.0,87.73000322215728
83.0,91.39000322460664
83.0,80.34000288291837
65.0,81.42000271146188
65.0,63.690000209421854
55.0,65.11000079972204
55.0,57.829999653412955
48.000004,58.029999785679394
48.000004,49.249999195379196
45.0,46.6099993423419
45.0,46.53999932152219
45.0,48.609999508899634
45.0,47.909999437867654
57.0,48.09999910107813
57.0,62.44000097975135
58.0,61.13000056213234
58.0,59.05999937540851
63.0,60.469999447665174
63.0,67.44000107282773
57.0,65.7500008389121
57.0,59.23999988242984
50.0,58.439999902024866
50.0,49.09999967423268
50.0,49.789999442766415
50.0,51.25999929212964
43.0,51.379999492978676
43.0,45.869999295803716
54.0,46.529999214974225
54.0,56.699999546864994
56.0,56.58999945256393
56.0,57.83999966198578
51.0,57.069999472158955
51.0,50.9099992860062
59.0,50.91999937295913
59.0,58.19999953951686
61.0,57.5499994329689
61.0,64.07000071154442
58.0,65.55000121611637
58.0,57.59999912312254
62.0,56.829998992080796
62.0,66.59000026575755
75.0,65.60000055355952
75.0,78.40000329686332
83.0,78.04000314500185
83.0,89.860002971096
85.0,89.10000224118123
85.0,87.28000256204979
99.0,87.67000285719989
99.0,104.17000305070079
95.0,101.33000304580203
95.0,92.27000335197432
78.0,96.5400033678953
78.0,75.47000297966882
77.0,77.09000252653381
77.0,78.65000241386241
81.0,79.45000243345743
81.0,82.80000275800006
83.0,81.64000258654357
83.0,82.36000328216704
77.0,83.51000328829049
77.0,76.12000279229137
92.0,76.77000311438462
92.0,94.3400031278562
100.0,93.31000322460665
100.0,97.6700034352532
81.0,94.95000345484821
81.0,77.0400026404299
80.0,79.6500033103349
80.0,80.17000246284996
72.0,80.38000319154004
72.0,69.45000209054446
53.0,70.02000246162528
53.0,53.69999948318116
52.0,62.750000108997334
52.0,57.95999980404973
32.0,51.649999489304605
32.0,35.979998929621644
33.0,34.509999227221115
33.0,42.36999950889963
31.0,44.1899992860062
31.0,35.63999938275664
32.0,34.349999364386306
32.0,36.67999926518649
30.0,36.80999930805061
30.0,32.81999934601597
28.0,33.83999940725043
28.0,32.57999930682592
24.000002,32.82999924681614
24.000002,34.9499993202975
53.0,32.85999941949732
53.0,51.079999902024866
58.0,53.03999946603551
58.0,56.82999975628685
60.0,55.0999993313197
60.0,64.02999997183215
52.0,65.28000033801422
52.0,51.919999368060374
56.0,50.92999934234191
56.0,57.28999966076109
58.0,57.63999972566962
58.0,59.49999998775311
45.0,59.28999992529396
45.0,48.09999930682592
35.0,48.30999934969004
35.0,47.33999904719181
43.0,46.84999907780904
43.0,46.20999937173444
42.0,46.12999932274687
42.0,45.239999539516866
46.0,46.24999958238098
46.0,49.03999944644048
52.0,49.88999958727974
52.0,55.78999998162966
59.0,55.76000030862168
59.0,61.279999671783294
64.0,60.35999939255416
64.0,64.53000042006839
60.0,63.44000046538189
60.0,59.59999983834103
61.0,60.72000009307638
61.0,62.330000101649205
60.0,63.37000064051245
60.0,60.68000023514033
55.0,61.090000175130555
55.0,56.15999982854351
58.0,57.3299997734325
58.0,59.87999949052929
30.0,60.44999937173444
30.0,37.62999914884101
48.000004,34.53999952726997
48.000004,57.90000036005863
41.0,58.78000054621138
41.0,48.2299995358428
31.0,46.079999515023076
31.0,32.88999942562077
34.0,33.33999934111721
34.0,46.85999930192716
59.0,45.55999932397156
59.0,58.660000090627
54.0,61.64000013716519
54.0,61.449999856711365
69.0,60.479999181907615
69.0,78.89000250204003
64.0,70.90000192276203
64.0,65.2400007935986
60.0,64.52000092096627
60.0,60.4999999436643
60.0,60.54999975138809
60.0,60.40999970974866
58.0,60.53000000857283
58.0,58.49999905209056
67.0,59.319999206401405
67.0,68.42000148187392
72.0,68.85000153698493
72.0,73.19000310213774
64.0,73.1300030507008
64.0,63.599999857936055
56.0,63.96000012736768
56.0,58.04999980282504
55.0,58.2300001922762
55.0,56.20999947950709
59.0,56.39999968158081
59.0,60.2699998640595
62.0,61.140000139614564
62.0,61.41999963504262
55.0,60.7899994672602
55.0,55.74999928110744
46.0,55.46999915863852
46.0,48.009999406025734
48.000004,48.739999385206026
48.000004,49.56999966565985
43.0,49.879999657087026
43.0,44.69999937050975
51.0,49.18999922232236
51.0,52.53999958605505
44.0,52.8199994341936
44.0,48.35999915741383
40.0,50.11999911822378
40.0,48.9199995003268
61.0,50.01999977710657
61.0,61.080000440888114
63.0,63.71000118672383
63.0,66.57000126755332
72.0,66.5200013814494
72.0,75.3400029466022
68.0,74.41000246284997
68.0,69.59000217137394
83.0,69.69000206115192
83.0,87.96000330176207
85.0,84.94000310336241
85.0,85.59000334707557
82.0,83.24000325277451
82.0,77.96000307641926
73.0,79.90000340708534
73.0,70.16000203298407
74.0,69.84000211136419
74.0,73.6600028780196
66.0,74.39000334707556
66.0,66.45000077277889
61.0,66.96000109242277
61.0,62.29999999755062
59.0,61.299999728119
59.0,57.279999534618106
70.0,58.189999844464474
70.0,71.46000259879047
61.0,71.78000255960042
61.0,60.43000023636501
72.0,61.450000679702505
72.0,73.40000324297698
60.0,72.44000292945655
60.0,59.750000515594145
71.0,59.430000084503554
71.0,73.77000238446986
80.0,74.07000268084465
80.0,84.67000291108621
86.0,86.8000028559752
86.0,87.92000264042991
82.0,85.17000271268657
82.0,80.76000257674606
77.0,79.96000306662174
77.0,78.26000270656313
58.0,77.46000253020787
30.0,58.889999915496446
46.0,39.719999186806376
40.0,49.75999965218826
28.0,47.52999931784812
24.000002,32.12999925416428
37.0,37.81999931172468
31.0,46.17999942439607
47.0,36.33999916966073
44.0,54.93000047885347
52.0,47.619999443991105
41.0,56.56999974893872
37.0,43.90999930070247
35.0,42.67999938275665
24.000002,41.69999926763586
22.0,33.009999459912066
40.0,30.839999500326808
37.0,46.05999936071224
35.0,40.729999141492875
30.0,39.7399991157744
54.0,31.00999925416428
47.0,55.909999692603016
36.0,50.0499994109245
51.0,38.07999926028773
28.0,51.58999986895825
45.0,33.67999929947778
43.0,47.88999924436676
47.0,45.93999937540851
42.0,49.209999611773526
57.0,49.19999942684546
31.0,63.89000077277888
52.0,38.72999946481082
57.0,59.350000113896094
50.0,60.26999996203464
39.0,53.4099997048499
34.0,44.669999286006195
40.0,37.9299992296705
43.0,43.33999936071224
38.0,43.69999937540851
44.0,39.45999917945824
45.0,43.83999935826286
45.0,47.239999353364105
45.0,49.109999545640314
41.0,47.69999939500354
38.0,43.779999091280615
29.0,40.25999926763586
20.0,31.619999277433372
14.0,26.379999434193593
24.000002,21.619999426845457
22.0,34.8099995921785
21.0,31.88999950889963
21.0,33.80999930315184
25.0,27.11999932887032
25.0,27.5999994219467
21.0,27.999999456237997
17.0,28.61999930192716
13.0,28.26999933009501
10.0,25.239999386430714
18.0,21.909999376633202
30.0,23.309999457462684
31.0,34.459999703625215
32.0,29.879999382756647
26.0,32.51999909862875
21.0,24.579999566460025
38.0,23.359999358262865
53.0,42.379999105976886
50.0,45.62999940357636
54.0,55.69999986528419
47.0,57.96999945991207
54.0,47.02999938888009
41.0,55.12999972934369
41.0,45.5599995003268
33.0,44.28999956768471
33.0,42.64999923946801
25.0,43.90999926151241
27.0,31.029999447665173
24.000002,32.44999940112698
45.0,33.60999932764564
45.0,52.93999961544759
48.000004,52.61999941949732
42.0,51.889999401126985
40.0,45.88999901902395
40.0,46.41999917945824
53.0,47.49999953706749
53.0,51.77999940480105
48.000004,51.99999927988275
45.0,45.91999939745292
47.0,43.94999915863852
45.0,46.98999931539874
33.0,45.22999941337388
27.0,38.19999900065362
30.0,30.53999922354705
36.0,33.929999317848115
35.0,44.809999327645635
25.0,45.31999941214919
29.0,28.339999385206024
31.0,30.959999230895185
26.0,30.309999369285062
25.0,34.58999947215896
31.0,35.09999946848489
38.0,30.759999245591455
46.0,45.99999925049021
54.0,50.64999929825309
54.0,60.23999999510124
45.0,59.12999990569894
39.0,48.64999919048044
34.0,44.889999200277956
29.0,41.75999926028772
29.0,31.429999212524844
27.0,30.239999260287725
30.0,29.609999259063038
32.0,33.09999929212964
35.0,32.88999921987298
55.0,44.46999909495469
64.0,59.049999993876554
71.0,68.06000189826825
67.0,75.3200024591759
72.0,70.38000190806576
68.0,71.95000254857823
45.0,69.41000186030288
39.0,43.96999925416428
28.0,41.64999943051952
18.0,31.059999414598565
25.0,26.279999294579024
25.0,36.899999434193596
25.0,34.79999941704794
21.0,35.939999355813484
29.0,37.47999932397156
33.0,37.55999933376908
29.0,41.489999126796604
31.0,30.689999352139417
38.0,33.06999926641117
36.0,44.02999948195647
35.0,39.81999900800175
44.0,41.7599990251474
51.0,46.45999915496446
58.0,55.179999889777974
80.0,57.70999955053907
67.0,83.88000293925406
61.0,70.16000187622384
57.0,63.870000442112804
60.0,56.17999941459856
55.0,61.13000001347158
52.0,53.92999936683569
59.0,51.82999940847512
54.0,58.81999960075132
43.0,55.00999935213942
32.0,44.41999922844581
47.0,31.049999200277956
15.0,49.449999327645635
37.0,23.92999935458879
23.0,42.58999912924599
18.0,33.899999086381854
19.0,27.69999931662343
28.0,26.969999259063037
28.0,36.839999490529294
25.0,33.11999919170513
23.0,27.679999431744214
32.0,23.15999948563054
45.0,34.63999926028772
37.0,46.34999941337388
39.0,39.9199988781847
38.0,41.96999908760655
32.0,41.56999931294936
33.0,33.33999938030726
27.0,43.99999916231259
26.0,28.76999930315185
23.0,26.719999446440486
35.0,24.89999939500354
40.0,35.919999250490214
33.0,40.069999045967116
33.0,35.96999905821401
27.0,37.71999904964118
38.0,27.959999304376538
32.0,40.13999912557192
24.000002,33.619999110875646
27.0,26.749999442766416
24.000002,28.589999393778847
24.000002,25.63999934356659
23.0,26.829999383981335
24.000002,24.54999935948755
24.000002,26.029999388880093
29.0,26.049999440317038
27.0,31.60999929825309
24.000002,29.799999270085237
41.0,28.53999931662343
29.0,42.919999255388966
12.000001,30.839999265186485
10.0,20.849999562785957
34.0,23.849999279882752
36.0,40.2199989688117
30.0,39.77999906188808
38.0,26.29999949787743
35.0,42.11999922599643
36.0,36.219999282332125
35.0,34.86999929090495
25.0,40.13999916476197
31.0,30.749999540741552
26.0,32.93999939990229
21.0,32.84999935213941
27.0,29.369999180682928
30.0,33.40999953829217
25.0,32.09999942439608
25.0,28.099999365610998
25.0,26.489999396228225
25.0,25.21999942439608
23.0,25.91999937295913
30.0,23.549999364386306
40.0,31.929999288455576
60.0,46.449999165986654
51.0,61.980000271881
48.000004,51.25999927253462
45.0,48.29999924314208
35.0,44.879999172110104
25.0,39.45999918925575
35.0,27.70999931539874
39.0,37.65999937050975
51.0,40.53999916476197
33.0,46.39999926028772
35.0,37.119999064337456
30.0,36.80999899453017
34.0,31.21999901290051
31.0,39.489999038618976
30.0,32.159999162312594
28.0,31.809999205176712
22.0,32.56999917088542
21.0,23.879999461136755
23.0,24.199999392554158
20.0,25.559999382756647
18.0,23.599999495428055
19.0,22.14999938888009
20.0,23.639999534618106
31.0,25.67999953461811
32.0,33.909999437867654
45.0,34.579999355813484
60.0,45.519999250490216
56.0,58.180000227792185
64.0,55.31999953951686
46.0,56.379999507674945
42.0,44.1299991953792
27.0,37.399998990856105
20.0,28.239999338667833
20.0,26.84999933254439
23.0,25.559999382756647
26.0,28.32999928845558
23.0,30.669999237018633
18.0,27.769999170885416
46.0,24.069999306825917
33.0,55.44999941582326
31.0,38.899998963912935
32.0,30.22999916353728
33.0,31.399999167211348
29.0,36.62999901657457
27.0,30.999999157413836
28.0,31.38999923701863
39.0,32.529999410924496
54.0,40.93999898840672
57.0,62.550000015920965
39.0,62.600000372305516
51.0,45.28999913169536
58.0,52.69999944888986
47.0,60.95000009430107
36.0,46.579999257838345
41.0,46.18999904106836
37.0,42.46999900677706
58.0,46.07999913292005
26.0,58.38999974159058
30.0,32.49999925783835
27.0,32.509999227221115
22.0,28.699999301927157
19.0,29.989999104752197
30.0,28.659999045967115
28.0,37.10999927130993
30.0,32.36999921497423
36.0,32.92999901902395
45.0,39.23999903004616
41.0,45.4699992860062
39.0,42.859999066786834
40.0,39.82999874224419
37.0,44.559998956564804
31.0,43.19999882919713
40.0,31.47999911822378
56.0,46.46999916353728
46.0,60.40000005388632
40.0,48.48999934724066
45.0,43.1299991610879
37.0,47.11999925049021
45.0,43.10999920272734
41.0,47.02999921252485
41.0,40.609999312949355
39.0,40.12999931294936
40.0,40.349999383981334
45.0,42.68999933254439
45.0,47.17999912557191
47.0,48.309999290904955
47.0,49.499999488079915
50.0,49.239999461136755
50.0,49.03999936806037
47.0,50.319999642390755
41.0,49.09999953706749
58.0,43.989999173334795
64.0,57.08999972444493
59.0,63.389999991427175
53.0,57.8799994219467
42.0,54.209999332544385
38.0,44.00999934724066
29.0,42.71999945623799
33.0,32.159999172110105
29.0,40.99999937295913
31.0,34.279999255388965
24.000002,33.22999925661366
18.0,29.529999219872984
9.0,26.369999414598563
10.0,22.979999398677606
11.0,23.269999458687376
3.0000002,23.239999506450253
27.0,23.119999524820592
36.0,34.819999595852565
22.0,39.409999263961794
32.0,30.37999952726997
22.0,32.779999517472454
25.0,32.609999401126984
35.0,31.139999409699808
36.0,41.47999923579394
33.0,39.1399991500657
33.0,37.34999912434723
33.0,37.89999912557192
25.0,38.179999169660725
29.0,28.09999934601597
37.0,31.429999232119872
58.0,38.9599991721101
54.0,57.29999970852398
39.0,55.699999512573704
28.0,41.38999933499377
24.000002,31.519999348465348
18.0,33.07999954931437
18.0,24.789999486855226
19.0,23.58999956033658
22.0,29.059999453788617
21.0,34.179999595852564
23.0,33.07999955911189
20.0,33.829999658311706
26.0,33.559999564010646
21.0,35.899999762410296
10.0,32.92999945011454
18.0,28.299999426845456
30.0,28.5999993766332
42.0,36.61999974281527
52.0,48.879999446440486
54.0,49.95999980404973
55.0,51.29999926763586
53.0,52.2699993545888
58.0,47.439999407250426
64.0,55.97999951747246
66.0,59.4100007139938
66.0,67.0600015308615
76.0,79.06000194235708
60.0,78.79000269064217
64.0,61.58000014451332
60.0,64.00000059274957
68.0,59.729999910597684
60.0,71.7800023244601
70.0,61.20000007348135
65.0,72.10000205012972
70.0,71.5100026416546
75.0,76.47000215177891
75.0,77.77000252163506
84.0,79.72000235140325
64.0,86.72000329686331
62.0,66.41000101281797
61.0,65.47000077522826
57.0,69.10000079114921
54.0,59.61999981629662
52.0,57.42000008572825
57.0,59.20000024003908
55.0,57.579999791802834
50.0,58.6899998420151
58.0,60.01000066010747
45.0,62.709999996325934
45.0,57.50999916353728
45.0,47.82999952604528
54.0,49.70999949175398
53.0,63.75999962279573
70.0,59.0399996717833
59.0,75.18000288781712
60.0,60.80999977833126
60.0,61.820000409046195
55.0,63.20000033801422
60.0,58.720000181254
61.0,61.66000035026111
62.0,63.95000070664567
58.0,66.15000094668474
72.0,63.71000055968296
75.0,75.44000283638019
76.0,75.70000294170345
78.0,76.40000303233045
65.0,81.97000255592636
58.0,64.42000020819717
54.0,64.29000052784104
49.0,53.849999533393415
56.0,52.94999960442539
64.0,60.53000028290321
66.0,65.20000081809238
44.0,68.28000132266433
52.0,48.18999956033658
52.0,53.72999974403996
53.0,50.259999551763755
66.0,53.44999962157104
56.0,67.30000161903912
69.0,57.49999995836057
41.0,71.32000220444056
39.0,44.12999942072201
38.0,43.84999917088542
51.0,44.359999333769075
31.0,58.059999928968026
38.0,34.6399993092753
36.0,47.549999109650955
39.0,45.50999918313231
46.0,48.299998949216665
52.0,50.63999934846535
55.0,54.83999948073178
56.0,57.469999854261985
57.0,56.20999979302752
59.0,55.209999719546175
60.0,58.07999955421313
58.0,59.83999996570871
59.0,59.3900000110222
55.0,58.56999934724066
49.0,56.65999935581349
59.0,49.04999949420336
45.0,59.96999964606482
31.0,46.259999473383644
49.0,32.759999274984
43.0,49.69999946358613
46.0,45.95999923579394
38.0,46.77999932152218
48.000004,41.41999913536943
40.0,49.639999235793944
28.0,45.34999928110744
50.0,30.709999545640308
25.0,53.749999761185606
41.0,34.099999532168724
43.0,43.36999934724066
47.0,45.46999938398134
42.0,50.20999950889963
40.0,41.91999912312254
36.0,41.66999898718203
30.0,36.679999098628755
32.0,30.13999927253462
35.0,33.02999933009501
30.0,40.64999919048044
33.0,33.20999915129039
35.0,41.979999233344564
32.0,44.07999936806038
30.0,31.919999270085242
44.0,30.649999200277957
33.0,46.369999175784166
27.0,39.26999924191739
30.0,35.30999940357636
51.0,35.60999956278596
23.0,58.400000220444056
30.0,35.22999944276641
34.0,35.679999612998216
50.0,40.10999927620869
44.0,60.67000024616253
43.0,51.11999936806037
34.0,50.12999928355682
29.0,38.6099993423419
27.0,31.949999354588794
26.0,30.189999442766414
30.0,29.07999945133924
25.0,33.79999935336411
40.0,27.2399994219467
38.0,42.669999158638525
46.0,44.22999914394225
46.0,48.669999286006195
44.0,49.63999931417405
49.0,44.97999917945824
49.0,46.71999937785789
39.0,47.289999513798385
56.0,41.25999922354705
37.0,51.809999626469796
53.0,39.779999316623424
23.0,53.28999975873623
24.000002,34.409999342341905
30.0,36.56999956278595
32.0,34.86999945746268
54.0,36.06999933989252
42.0,57.4999997624103
31.0,48.08999912189785
34.0,32.80999931784812
44.0,37.569999332544384
39.0,46.11999947093427
36.0,42.559999260287725
41.0,37.44999909250531
52.0,44.70999908515717
53.0,53.34999941827263
52.0,55.55999919660389
52.0,53.939999336218456
54.0,55.09999942929484
53.0,56.08999949420336
52.0,53.05999905209057
49.0,50.88999907291028
51.0,47.56999949910212
59.0,49.97999939010478
54.0,59.5799996252451
42.0,54.23999947583303
57.0,44.00999891615006
61.0,58.27999960809946
53.0,62.400000671129675
52.0,52.75999922599643
52.0,54.96999951379839
62.0,54.329999396228224
55.0,65.06000012981706
53.0,55.97999916476197
42.0,53.249999214974224
27.0,42.90999936438631
20.0,29.03999937785789
16.0,22.679999343566593
33.0,21.989999575032847
43.0,41.90999913414474
47.0,47.51999937785789
52.0,51.05999957135879
62.0,56.55999958360567
65.0,66.09000091484282
64.0,67.87000120631885
67.0,63.35000058417675
67.0,69.34000160434285
64.0,69.51000116223005
63.0,58.05000003796537
67.0,61.58000075195917
48.000004,67.02000122223983
43.0,48.32999934724066
40.0,43.41999924314208
43.0,43.929999180682934
44.0,46.76999940112699
49.0,48.27999957870692
39.0,51.76999961177352
34.0,44.5199993533641
36.0,39.32999909740406
32.0,39.25999909617938
30.0,32.70999917333479
30.0,31.369999190480442
41.0,30.549999094954686
56.0,45.029999026372096
40.0,59.03999986773356
41.0,47.09999913536943
35.0,46.45999915496446
36.0,42.30999922232236
43.0,43.41999940969981
36.0,45.499999272534616
58.0,38.959999250490206
48.000004,59.31999979425222
39.0,48.429999550539065
28.0,39.499999262737106
30.0,29.009999263961795
51.0,31.189999349690037
51.0,51.129999788128764
36.0,51.86999948195647
44.0,41.69999922844581
40.0,47.849999406025745
41.0,46.20999903861898
33.0,45.42999921252485
37.0,37.92999938643071
33.0,36.18999934479128
31.0,36.64999921007547
47.0,30.759999294579025
44.0,49.43999955421313
47.0,43.67999898595735
48.000004,50.97999946358613
52.0,48.17999961054884
53.0,56.45999934111721
70.0,53.839999172110105
58.0,69.2900016790489
52.0,58.24999958238098
39.0,50.999999441541725
38.0,39.599999338667836
31.0,42.159999407250424
34.0,31.749999496652737
32.0,41.03999925049021
51.0,35.009999371734445
17.0,54.59999962769449
64.0,22.329999538292174
69.0,68.12000098954887
74.0,76.95000201461373
76.0,74.87000297477006
68.0,77.01000320256225
65.0,67.22000123693608
64.0,68.29000125285705
64.0,63.9500001579849
58.0,63.12999992529396
47.0,57.88999907780903
30.0,50.07999959340319
48.000004,31.819999399902294
30.0,48.77999940969981
52.0,34.89999915986321
79.0,52.3699995578872
80.0,85.93000258042014
81.0,84.97000301151073
75.0,80.82000266737307
72.0,77.70000289271587
62.0,72.12000218484552
64.0,63.790000589075504
64.0,64.65000052294229
63.0,64.16000025963412
66.0,64.44000038210302
62.0,69.65000202686062
66.0,64.28000024493784
61.0,70.12000219464304
56.0,63.17000023391564
49.0,57.42999989835079
45.0,52.029999697501765
53.0,49.37999969872646
55.0,50.64999929825309
50.0,55.72999918558169
54.0,53.63999927498399
54.0,55.399999529719345
56.0,56.099999267635866
55.0,56.819999728119
54.0,56.689999342341906
54.0,56.07999940725043
59.0,54.919999549314376
57.0,58.619999350914725
59.0,57.839999583605675
60.0,59.45999944399111
63.0,59.95999979425221
59.0,61.82999969260301
60.0,57.88999956768471
61.0,61.44999981752132
67.0,64.18000066868031
65.0,70.90000251061285
69.0,71.03000215177892
79.0,76.0900032760436
79.0,85.30000274575318
73.0,81.0600028339308
61.0,71.96000224363061
64.0,60.039999823644756
66.0,62.669999766084366
69.0,68.57000106180553
78.0,69.67000169129578
81.0,83.23000281311108
77.0,85.4400027873926
76.0,78.44000329196456
68.0,75.4100028890418
68.0,71.25000206605067
75.0,70.00000205257909
64.0,76.7600025963411
64.0,65.55000090259594
53.0,61.73000041027088
42.0,54.55999955421313
46.0,42.579999257838345
48.000004,51.439999622795725
51.0,52.56999969015364
63.0,55.9999999657087
61.0,65.42000118304976
78.0,63.910001083849934
87.0,88.18000274575319
81.0,91.1500029012887
75.0,81.42000302498231
75.0,72.10000181498938
72.0,79.64000149901958
71.0,70.27000267594589
70.0,71.89000226200093
60.0,73.15000220566523
62.0,61.82000076175668
67.0,64.29000052784104
60.0,70.02000206972474
69.0,63.010000802171426
61.0,72.80000253265725
60.0,65.18000082054176
40.0,60.93999985058792
47.0,47.23999941214918
42.0,51.98999985916075
40.0,45.919999377857884
51.0,49.18999933989252
46.0,55.82000024248846
31.0,51.869999854261984
32.0,34.889999504000876
30.0,37.71999943174421
25.0,35.34999950645025
21.0,35.22999926641117
31.0,34.7599991378188
47.0,37.049999572583474
44.0,52.759999813847244
49.0,46.85999902759678
52.0,51.38999981507193
59.0,51.159999382756645
54.0,60.26000003184192
60.0,58.89000028780196
65.0,62.69000033189077
63.0,63.2700009858748
62.0,66.94000052661636
63.0,62.30000066378154
63.0,64.2000006466359
59.0,62.42999983466696
54.0,58.24999977833126
64.0,55.90999953584279
68.0,63.90000117325225
64.0,71.30000222648495
61.0,63.74000095770695
62.0,63.12000030862168
64.0,66.26000088422559
68.0,64.68000074461104
71.0,77.14000288291837
70.0,78.58000274575318
70.0,72.42000244203025
79.0,71.44000250326472
84.0,82.48000291476028
83.0,83.51000254367946
83.0,82.67000299926383
74.0,82.88000302253293
71.0,73.71000264655335
47.0,71.2500023795711
67.0,48.509999227221115
81.0,70.85000199746807
94.0,85.20000297354537
67.0,97.65000283025672
60.0,67.18000159454533
52.0,60.12999986161012
52.0,49.67999968158081
48.000004,47.809999214974226
38.0,48.56999923946801
44.0,43.8099991267966
54.0,45.269999212524844
54.0,59.6500003514858
63.0,62.67000090259594
103.0,68.38000117325225
83.0,123.22000084503554
80.0,93.71000176477712
73.0,83.63000237222296
76.0,72.23000216157642
77.0,72.91000217627271
79.0,77.45000287434554
79.0,79.17000293802937
63.0,77.78000268696809
54.0,62.210000233915636
51.0,53.739999203952024
46.0,54.28999932274687
53.0,49.90999936928506
48.000004,55.3899992860062
40.0,51.12999939622823
30.0,43.34999921252484
21.0,30.7399991500657
33.0,26.439999274983997
35.0,43.649999391329466
40.0,42.01999925783835
43.0,44.869999320297495
51.0,48.70999918313231
60.0,59.40000009797514
80.0,64.09000049354975
57.0,90.52000287067146
72.0,54.95999942684546
54.0,77.18000256449918
53.0,63.570000459258445
55.0,67.07000071644319
66.0,56.749999589729114
61.0,73.88000228282067
59.0,65.23000090259593
62.0,60.13999965463765
70.0,66.45000096872914
75.0,75.20000251306223
75.0,78.52000261593612
67.0,75.44000267961995
63.0,71.85000167904889
64.0,63.310000432315285
68.0,65.12000076910482
68.0,77.74000218239615
71.0,71.54000215790236
67.0,74.11000244080557
76.0,70.12000227302315
70.0,84.02000243223274
69.0,75.22000284372831
66.0,73.35000261226205
73.0,72.74000220688993
75.0,80.40000293435531
81.0,78.1200033311546
84.0,88.22000321113507
97.0,90.08000351240861
101.0,101.20000305192548
97.0,95.14000295150096
95.0,89.88000345852228
94.0,88.39000323930293
91.0,88.23000333727805
90.0,85.01000363365284
87.0,86.74000366671946
89.0,86.47000339606313
96.00001,88.7400029123109
109.0,96.96000376714396
78.0,108.01000258042014
62.0,76.40000267961996
63.0,64.5100008732034
56.0,62.35000088300092
53.0,58.71000021187123
70.0,56.58000014941208
62.0,73.18000293680468
62.0,65.49000081196894
63.0,66.18000093321317
55.0,68.51000148064924
52.0,58.879999573808156
48.000004,60.85999970362521
58.0,51.93999950277619
58.0,59.73999968403019
62.0,59.269999437867654
75.0,65.41000050824601
84.0,73.45000277637041
80.0,82.93000298701695
78.0,78.6400030715205
58.0,75.66000259389172
61.0,56.2799995003268
66.0,60.279999755062164
56.0,70.12000223383309
63.0,58.06999958483036
83.0,66.42000149167144
83.0,86.60000248856845
79.0,81.93000275677538
86.0,76.81000303110577
93.0,84.58000322583133
81.0,91.70000325522388
71.0,77.19000300416259
69.0,66.62000087932684
74.0,68.30000141819008
77.0,73.88000204768034
80.0,78.19000245060307
72.0,79.5500026759459
68.0,71.57000308499208
66.0,67.24000192031265
59.0,63.649999900800175
59.0,57.899999556662515
47.0,56.69999923334456
42.0,51.29999942439608
42.0,43.63999914761632
41.0,44.00999922967049
34.0,45.37999942439608
31.0,41.13999904229305
53.0,35.05999927743338
59.0,50.57999921864829
81.0,59.1399996595364
74.0,83.71000259756579
145.0,71.03000172068832
95.0,121.49000089034904
69.0,88.6200030837674
58.0,63.25000026330817
57.0,58.290000028167846
50.0,55.67999929947778
57.0,46.16999925906304
46.0,58.759999627694484
38.0,50.64999953339342
72.0,43.399999196603886
122.0,75.56000242978335
87.0,124.67999919660389
71.0,83.81000303600452
59.0,66.74000086463057
47.0,58.899999982854354
36.0,40.669999276208685
30.0,36.94999931049998
23.0,31.569999087606547
20.0,24.509999403576362
20.0,25.369999249265522
80.0,27.50999902637209
81.0,94.60000248856845
83.0,88.46000228037128
81.0,89.98000311315992
83.0,88.31000266124963
86.0,90.91000312663152
88.0,93.21000259021764
97.0,91.79000294047876
95.0,101.54000271636063
91.0,96.40000305192548
89.0,88.45000297721944
75.0,87.86000309846366
79.0,68.69000130184462
68.0,79.62000293190593
61.0,67.38000153086149
54.0,63.4000005094707
53.0,58.34000012981705
48.000004,56.95000023146626
37.0,51.76999939622823
31.0,40.92999939132947
30.0,33.86999926641117
42.0,34.629999290904955
55.0,44.319999221097675
97.0,58.18999968770426
122.0,103.81000285964927
122.0,130.43999809928238
98.0,127.39999917700887
84.0,94.77000310458712
71.0,88.03000312663151
80.0,72.61000205625317
79.0,87.03000309234022
79.0,90.15000341565818
76.0,85.95000318541659
72.0,77.52000230731444
64.0,71.81000207584817
58.0,63.06000021799468
56.0,58.689999450114556
55.0,56.36999945991206
54.0,58.07999959340319
52.0,57.800000019595025
54.0,55.53999976730905
53.0,56.36999965586234
52.0,55.239999588504425
53.0,57.22000038455241
56.0,55.69999947338365
57.0,58.71000009430107
59.0,57.79999994121492
77.0,61.57999992896803
78.0,91.55000222526027
86.0,87.8900027322816
87.0,92.60000300783666
90.0,94.78000303477982
105.0,94.62000305437485
111.0,113.95000187254979
98.0,115.63000221546275
101.0,98.5100029012887
113.0,107.44000283638019
93.0,114.52000247877093
88.0,87.69000287434554
94.0,80.89000319766349
93.0,91.5600033311546
85.0,92.85000314377716
81.0,80.44000343892726
74.0,78.83000256817324
61.0,70.75000210769011
65.0,63.40000082299114
60.0,69.49000157617499
52.0,63.590000750734475
41.0,57.990000339238904
37.0,46.19999962769449
53.0,44.599999245591455
56.0,56.74999978567939
59.0,58.69000058662613
65.0,59.82999978078064
113.0,72.11000182356221
136.0,128.00999942562075
110.0,139.81999791068023
91.0,112.15000185785351
90.0,86.50000271636063
89.0,93.32000272370878
86.0,92.14000273105691
83.0,90.7400020403322
79.0,83.98000286822209
74.0,77.88000218484552
67.0,71.88000262573364
59.0,70.22000137900002
58.0,67.10000101649203
54.0,58.33999950277619
59.0,59.080000137165186
43.0,62.60000060744584
38.0,59.75999946603551
51.0,48.86000007593073
52.0,59.630000099199826
61.0,58.86999991794582
79.0,70.45000179172028
97.0,91.82000269186686
109.0,103.78000271636063
96.00001,120.03000018737744
88.0,93.20000301273542
92.0,88.67000249959065
87.0,93.75000293558
80.0,93.18000225097873
71.0,83.6200028339308
72.0,71.78000228527003
71.0,77.02000242733398
79.0,74.13000257552139
85.0,83.65000285964926
90.0,85.28000280698764
87.0,92.29000293802939
68.0,86.4100029919157
58.0,66.76000045068562
56.0,59.01999977220781
47.0,56.759999519921834
48.000004,53.17999952726997
55.0,51.89999962524511
58.0,59.00999995958526
59.0,62.21000027310569
66.0,61.82000036985614
72.0,72.25000178682154
71.0,76.86000303477982
65.0,73.97000243835618
65.0,68.51000140226914
68.0,67.45000166925136
66.0,65.9300011107931
68.0,66.58000068827532
71.0,68.4300015296368
70.0,72.52000315479937
72.0,71.91000271023718
74.0,74.61000310458711
75.0,75.18000261348675
78.0,75.62000252041037
70.0,78.67000270533843
66.0,68.83000183335972
55.0,66.00000015186146
50.0,57.569999587279746
54.0,52.209999107201575
54.0,58.4899996705586
62.0,58.03999944154173
67.0,69.19000194603113
89.0,69.3700019043917
93.0,92.6700026759459
93.0,101.64000241018834
89.0,95.49000325154981
91.0,87.8400032772683
90.0,90.79000298456758
101.0,94.98000324542636
110.0,108.48000200359152
121.0,109.12000231711195
108.0,119.15000139247161
120.0,105.67000276902226
107.0,118.67000184315724
89.0,99.88000293925406
81.0,80.26000301028604
82.0,77.61000344260133
83.0,80.15000338626562
81.0,81.9700035356777
66.0,80.83000322460664
58.0,65.52000095525757
58.0,59.35999959340319
62.0,60.55999972077086
56.0,63.75000075073448
61.0,58.49999967913143
77.0,63.77000106180554
88.0,85.95000259756578
76.0,93.66000321113506
83.0,84.57000282535797
80.0,89.82000313275496
71.0,81.51000271023719
64.0,68.66000211871231
64.0,67.53000099322294
73.0,69.68000134715811
71.0,77.20000222893434
70.0,72.80000241508709
65.0,71.52000268941748
66.0,69.66000211381355
79.0,69.33000163496007
65.0,83.76000303233045
66.0,66.97000106180552
64.0,66.12000092096628
59.0,62.859999889777974
56.0,56.949999408475115
54.0,56.04999930315185
58.0,52.6199996154476
46.0,58.47999903494491
44.0,47.88999924436676
51.0,44.639999123122536
51.0,53.45999966933392
57.0,53.02999922232236
56.0,59.83999965218827
60.0,55.93999952237122
59.0,60.49999974771403
55.0,58.709999153739766
50.0,54.90999934479128
40.0,50.03999916721135
28.0,43.06999905086587
22.0,34.52999906801152
21.0,27.07999929457902
23.0,30.899999287230887
26.0,30.649999278658065
46.0,33.14999946236144
60.0,49.489999322746876
63.0,60.2100002829032
62.0,64.77000101771672
60.0,62.9300009295391
71.0,56.49999980649911
80.0,71.2300026759459
77.0,87.27000282780736
69.0,76.07000271023719
63.0,62.55000048620161
60.0,60.37000024371315
63.0,61.119999691378325
61.0,65.1300008952478
61.0,61.880000068582596
65.0,62.40000027922913
58.0,67.19000164230822
60.0,60.2399996032007
55.0,61.8199999779556
63.0,56.599999990202484
80.0,75.38000153086149
87.0,96.580002971096
91.0,99.97000297721944
103.0,96.08000313030558
106.0,117.49000177212527
99.0,112.72000211136417
98.0,99.47000231343789
99.0,101.89000274207912
93.0,100.73000237467235
77.0,93.49000290863684
78.0,73.92000212116169
78.0,77.09000213463327
72.0,78.3900023477292
64.0,68.8500020072656
60.0,62.77000032209326
58.0,59.96999952849466
55.0,60.51999996080995
60.0,59.49999975261279
63.0,62.3399997967016
67.0,64.36000099934638
62.0,66.76000135205686
60.0,61.760000338014216
60.0,59.34999966321047
63.0,61.1699997734325
62.0,63.61000039557461
59.0,65.32000131286682
54.0,60.88999988610391
59.0,58.950000221668745
73.0,66.04000065643339
75.0,78.1000027653482
78.0,75.64000226322563
80.0,85.34000297599475
73.0,82.49000280576294
68.0,74.63000218117146
65.0,68.8700006919494
63.0,70.88000084748492
62.0,74.55000078012702
60.0,66.15000137777534
59.0,61.20000034781173
61.0,61.78000033556484
58.0,67.25000079237391
54.0,61.92000002449379
61.0,57.419999811397865
63.0,61.59000048620161
67.0,65.00000117570163
66.0,70.34000218729491
70.0,72.50000215790236
64.0,73.11000224975406
72.0,70.11000167659951
73.0,76.16000255225228
77.0,80.44000222403558
86.0,83.88000278249385
111.0,93.71000294047876
142.0,127.0000017341599
154.0,148.33999526045284
152.0,155.79999538537112
131.0,140.89999640676191
122.0,120.35000148064923
101.0,108.41000347199386
91.0,89.70000338259156
77.0,82.30000307396989
72.0,74.28000266492369
67.0,68.58000212850983
61.0,67.12000158229844
59.0,63.00000016655773
61.0,62.460000409046195
65.0,63.9500005890755
61.0,68.52000172436239
67.0,62.340000149412084
59.0,69.18000150636772
68.0,58.15999958360567
78.0,72.9700020513544
80.0,84.88000250326472
81.0,85.74000292700717
71.0,84.44000318419191
75.0,68.94000181009062
76.0,71.61000217872208
70.0,74.2700024604006
71.0,68.93000191908797
74.0,70.06000277024697
71.0,75.04000276779759
59.0,71.99000305315016
50.0,59.98999978078063
52.0,53.319999627694486
61.0,54.40999942562077
62.0,62.16000024983659
69.0,61.36000019105151
58.0,71.91000282780735
80.0,57.35999917211011
68.0,82.36000320378693
72.0,69.02000176110306
89.0,70.7700021640258
66.0,92.39000349403828
69.0,70.3200020525791
95.0,70.5500018578535
101.0,102.7200027090125
92.0,103.70000323562886
85.0,90.69000235017857
81.0,78.60000331155959
79.0,78.62000301518479
79.0,79.37000275677538
75.0,77.87000280331357
72.0,74.43000298946633
68.0,70.18000201093966
69.0,68.23000194603112
62.0,69.46000237344765
57.0,63.11000057437923
55.0,60.00999975873623
70.0,58.32999976853374
72.0,69.44000223873184
77.0,73.77000258042013
67.0,79.72000242978336
74.0,69.17000200726558
64.0,76.43000243100805
70.0,65.15000101036858
71.0,71.0200021432061
80.0,70.02000183458442
85.0,83.54000300048853
77.0,84.9000031866413
65.0,77.7900029698713
63.0,67.23000093198849
50.0,60.88999970974866
41.0,48.81999941459856
50.0,43.919999250490214
53.0,49.729999175784165
33.0,51.46999949175399
25.0,38.70999954564031
33.0,26.789999428070146
33.0,41.729999675457364
52.0,41.709999579931605
51.0,54.10999930560122
57.0,55.28999963136856
57.0,58.81000000367407
62.0,57.13999980649911
63.0,63.100000644186515
61.0,82.2500002486119
59.0,68.68000084258617
93.0,70.41000156147872
122.0,98.78000305437484
111.0,125.18000001714564
113.0,109.51000167170075
114.0,110.45000200726558
112.0,111.11000202441124
96.00001,107.87000222526027
108.0,91.44000283638019
137.0,105.91000281800983
133.0,135.89999815561808
125.0,126.56999991549644
121.0,118.17000266859776
102.0,112.53000261471144
84.0,98.57000271758533
92.0,80.2000026061386
94.0,94.4300034009619
102.0,95.36000329686331
130.0,99.03000326869545
127.0,122.88999950400087
111.0,122.6200014279876
115.0,105.61000232568477
107.0,107.44000244447963
102.0,99.23000293068125
101.0,99.92000293435531
113.0,100.02000337279404
89.0,111.92000275800007
85.0,85.55000327359423
74.0,83.2900034132088
80.0,75.47000262695833
73.0,83.74000285842459
84.0,76.93000278126917
90.0,90.60000321358446
94.0,94.99000250938816
80.0,96.30000316214749
71.0,76.0400029588491
61.0,64.84000060744584
56.0,59.80999976363499
52.0,55.11999952482059
51.0,51.40999983221758
59.0,54.18999947215896
63.0,68.55000171089081
66.0,77.59000187744853
63.0,70.59000153943431
57.0,66.81000121856574
54.0,58.749999697501764
56.0,53.72999941092449
68.0,55.89999991917051
68.0,72.1300022326084
62.0,72.3100019950187
79.0,69.18000168272295
78.0,87.76000254245477
85.0,87.77000313887841
100.0,93.20000258164482
104.0,113.7900018921448
93.0,111.97000205625315
95.0,93.89000274207912
103.0,94.80000316949564
95.0,111.93000115978067
94.0,91.60000332625586
93.0,94.80000262083487
93.0,95.04000278739261
93.0,100.49000283515548
79.0,94.29000265390148
56.0,75.28000222893432
56.0,58.1399997624103
55.0,58.629999908148314
52.0,60.72000017145649
49.0,55.869999854261984
79.0,52.279999343566594
68.0,96.97000267839528
68.0,77.57000274207911
71.0,72.4100020415569
64.0,72.91000215667766
59.0,72.14000092831441
68.0,62.13000036128331
68.0,69.50000154555777
68.0,68.38000160434284
75.0,74.87000234772918
77.0,82.87000254367946
76.0,87.8600025498029
75.0,84.6200024371315
65.0,82.7400029025134
57.0,67.98000079114922
53.0,56.219999566460025
48.000004,49.93999919905327
47.0,50.11999947093427
48.000004,51.59999952482059
52.0,51.8399995346181
48.000004,60.879999759960924
55.0,55.17999965463764
50.0,61.17000083156396
54.0,53.909999388880095
61.0,57.59999976975843
55.0,73.10000145738015
53.0,56.990000089402315
55.0,54.90999938398134
57.0,57.73000015553552
65.0,59.48999978323001
67.0,72.51000185295476
97.0,73.3600023465045
92.0,107.99000209299383
138.0,95.83000291598498
152.0,136.77999789108523
134.0,147.1999966345541
108.0,123.17000162516256
85.0,97.83000341565817
75.0,77.00000288046898
70.0,67.32000118549914
65.0,68.12000181254001
59.0,65.35000100546984
56.0,60.259999973056836
55.0,59.50999999632593
59.0,58.809999827318826
69.0,61.750000349036426
61.0,75.24000321358444
62.0,71.42000080094674
66.0,68.71000037842896
59.0,76.0800021309592
70.0,58.80999972934369
61.0,72.67000265635086
76.0,75.42000140839257
80.0,85.6500033201324
88.0,86.45000298701694
79.0,98.32000309111554
73.0,85.70000273595566
77.0,75.00000214565547
79.0,84.33000324665106
92.0,81.02000299558978
93.0,96.66000323562886
92.0,97.05000329563862
84.0,92.58000224607999
80.0,83.57000322215727
79.0,79.17000321235976
81.0,79.57000300661197
62.0,81.20000267961996
55.0,74.22000124183484
59.0,58.799999897126106
58.0,58.509999864059495
59.0,73.9999996032007
75.0,60.77000001837034
76.0,86.18000236365015
97.0,83.59000237712173
84.0,107.01000293802939
107.0,89.50000278004448
98.0,112.57000186520165
88.0,101.91000307274518
77.0,94.81000274697786
91.0,82.88000270901249
107.0,95.49000285964928
106.0,118.25000203175938
103.0,110.0200026183855
88.0,103.61000264900274
78.0,87.77000278616792
76.0,75.94000318664128
70.0,73.83000216157643
66.0,70.60000190071763
63.0,66.33000117937569
56.0,61.1099998983508
58.0,56.45999957625754
56.0,60.390000084503555
56.0,56.83999966688454
57.0,57.68999992529396
65.0,58.02999998162966
75.0,69.20000144513325
72.0,76.05000226200094
72.0,73.2700028571999
81.0,74.05000246774873
72.0,82.19000262695833
78.0,73.86000210891478
80.0,82.01000259021765
92.0,89.3100028914912
103.0,99.99000256327447
115.0,117.11000144635794
110.0,117.95000114753377
103.0,108.76000232201072
117.0,99.31000339116437
93.0,119.00000153820962
80.0,99.00000183213504
73.0,80.77000270288904
69.0,72.55000259266703
75.0,70.77000126265456
65.0,74.84000200849029
65.0,68.18000166802668
50.0,67.70000153086148
56.0,49.93999947338365
67.0,55.47999987263233
86.0,74.80000205257909
88.0,88.83000330298675
83.0,93.96000284127894
66.0,86.84000316459688
78.0,72.59000199991745
64.0,90.24000298334288
65.0,75.0300018578535
87.0,73.84000236609953
70.0,100.95000295517502
74.0,74.45000198767056
92.0,78.95000282780735
121.0,102.63000243590682
140.0,136.75999693337823
143.0,135.1699981176527
117.0,135.52999819113404
125.0,110.870002210564
110.0,115.9500022546528
102.0,103.58000258409419
91.0,97.76000268941748
94.0,84.54000303477983
100.0,95.01000334952495
80.0,95.2100031290809
83.0,75.6700022889441
73.0,81.65000192888547
82.0,72.0100025608251
89.0,86.96000287557023
106.0,92.16000329686332
129.0,109.66000230976383
130.0,133.14999771840405
120.0,127.82000094790945
112.0,116.16000200359152
99.0,107.13000292333311
89.0,97.54000328461642
106.0,90.11000298946632
124.0,115.51000140716789
126.0,127.76000136675314
129.0,125.75000132878777
130.0,125.82000017390587
115.0,124.63000091729221
114.0,111.10000197664837
96.00001,111.60000271881002
88.0,87.29000347199387
80.0,84.18000358833935
72.0,79.15000272493346
59.0,67.75000169129576
59.0,59.19999969137832
68.0,61.96000033311546
83.0,71.53000211013949
94.0,87.29000288414305
96.00001,97.20000330666082
83.0,100.35000302865637
90.0,86.0800027090125
159.0,93.95000291108622
157.0,152.36999671660828
155.0,161.5499961997894
152.0,150.37999512818638
154.0,143.95999652188266
136.0,150.90999475955493
121.0,131.7600004849769
112.0,116.59000147085173
117.0,105.44000323807823
94.0,111.37000224730467
77.0,88.4300029600738
74.0,71.7900018235622
76.0,70.2300017206883
77.0,77.5300026294077
93.0,75.71000298946632
86.0,103.86000251061286
84.0,83.38000329441394
96.00001,83.11000294537752
96.00001,98.33000313887841
87.0,95.17000325154982
74.0,85.73000385899566
67.0,71.60000240528959
75.0,65.4300009172922
68.0,73.76000253265725
68.0,67.76000173905867
73.0,69.48000215545298
62.0,74.58000245182777
74.0,64.82000108017587
80.0,79.32000298824164
93.0,83.00000296864661
103.0,99.71000236242546
94.0,112.97000197297429
97.0,98.39000287679491
106.0,101.81000235997608
153.0,111.69000228649473
152.0,153.11999449869614
153.0,140.45999736201946
153.0,146.50999522003806
154.0,144.54999596954787
156.0,151.53999533883294
123.0,153.70999527882316
114.0,104.39000355282336
83.0,102.67000348913952
81.0,96.80999944521581
88.0,82.04000316459688
85.0,95.40000286087395
92.0,88.09000282535797
83.0,94.83000292088373
81.0,88.09000290373808
81.0,83.98000282903205
102.0,87.41000283025673
129.0,118.46000201583841
152.0,139.0099981176527
154.0,150.58999597444662
157.0,152.789994254983
166.0,155.86999446562953
167.0,167.7899948085425
156.0,164.18999626837203
135.0,149.62999554335602
132.0,122.95000167170075
115.0,126.54000055600889
106.0,107.20000333605337
87.0,97.53000268819278
73.0,83.51000277881978
62.0,70.11000132388902
59.0,61.58000026208349
67.0,59.02999938888009
62.0,76.04000213585795
55.0,68.76000177334996
60.0,60.719999740365886
65.0,60.569999729343685
56.0,67.77000151249116
60.0,57.96999965586233
75.0,59.909999908148315
55.0,75.79000219586773
61.0,55.90999977098312
71.0,60.78000045803376
96.00001,71.96000251796099
76.0,101.94000235385263
66.0,73.97000200726559
63.0,65.67000088789968
69.0,61.9499999326421
61.0,68.36000209666791
62.0,59.47999953951686
65.0,61.349999594627874
66.0,65.30000100179576
57.0,65.73000097852666
57.0,57.81999972322024
61.0,57.54999984446447
56.0,62.38000006613322
53.0,58.22000018370338
66.0,55.289999611773524
77.0,66.26000119774604
72.0,79.0200021432061
74.0,71.89000249714128
68.0,81.9400031964388
64.0,76.70000274085442
72.0,65.68000134715811
84.0,72.97000212973451
107.0,90.74000282413328
112.0,124.5300020072656
107.0,117.94000164843166
117.0,106.6300030825427
123.0,121.56000185173006
136.0,126.91000059887301
150.0,135.03999820215626
130.0,143.67999565480275
108.0,121.06000205012971
93.0,97.3500030825427
87.0,87.57000308499208
97.0,83.35000346464574
77.0,96.76000402677808
75.0,73.100002789842
80.0,69.50000193745831
99.0,83.72000244937838
107.0,104.65000220811463
107.0,109.59000213218388
119.0,105.4700028327061
128.0,113.67000218117145
111.0,129.34999994733838
109.0,103.8500026196102
74.0,104.62000300538729
72.0,76.54000221178869
76.0,73.59000230853913
104.0,86.74000245182776
139.0,120.30000084993429
137.0,143.9599966002628
113.0,140.8499980490701
103.0,111.23000212728513
109.0,100.82000311805868
108.0,105.80000256694855
92.0,101.41000287924429
88.0,88.74000295150097
86.0,82.61000298701695
92.0,83.64000328216704
105.0,97.29000326624607
110.0,108.51000175497963
105.0,105.65000337891749
85.0,102.5500032295054
87.0,81.0500029821182
90.0,86.66000281433577
93.0,90.0600033776928
88.0,94.99000317561908
97.0,90.44000291965904
113.0,101.93000297232066
104.0,113.41000227179846
108.0,100.40000283638018
133.0,107.58000260368924
109.0,134.38999823277348
91.0,105.95000312663151
94.0,86.75000300906136
87.0,94.69000299681446
89.0,88.86000250571409
78.0,90.11000291108623
89.0,78.70000277024695
103.0,92.1700028351555
97.0,105.710003116834
95.0,96.65000350138641
94.0,93.28000351240861
99.0,95.47000374387487
84.0,99.35000330788552
75.0,81.14000302008355
68.0,74.00000293435532
74.0,68.07000106425491
85.0,75.54000272615815
89.0,86.76000329196455
75.0,88.38000319154004
61.0,76.410002844953
55.0,62.070000270656315
64.0,57.43000001592096
63.0,75.94000161903912
68.0,73.85000180641657
71.0,73.6400023122132
92.0,75.33000231098852
86.0,101.20000242488462
92.0,89.57000284005424
103.0,93.5600033213571
95.0,111.81000231098851
88.0,94.85000258531889
91.0,88.35000324420169
93.0,91.84000317929315
94.0,97.26000304457735
95.0,98.77000265390149
90.0,99.10000250571409
90.0,88.57000311928337
90.0,91.16000302743169
92.0,92.90000361773188
98.0,97.2800032184832
96.00001,101.45000322705603
80.0,98.54000343647787
66.0,76.79000266124963
71.0,66.21000103731176
63.0,71.78000177579933
64.0,62.780000134715806
54.0,64.98000041394495
61.0,55.81999961544759
85.0,62.630000319643884
67.0,89.6800031303056
72.0,71.39000187254979
104.0,72.50000215790236
91.0,114.43000220566523
86.0,91.55000281311109
77.0,89.39000307764394
83.0,76.80000306172299
81.0,85.4700030482514
81.0,82.89000307029582
70.0,82.00000332625585
66.0,69.57000156637748
81.0,68.37000104710927
69.0,85.88000359568747
71.0,67.3800016092416
70.0,71.72000172436239
76.0,71.2200019619521
61.0,77.81000204645564
55.0,63.42000036985614
52.0,57.179999448889866
55.0,57.12999960197601
53.0,56.2699996485142
58.0,55.56999987140764
65.0,60.28999964606482
70.0,70.18000110956841
70.0,73.75000221056399
77.0,71.34000202563593
93.0,83.47000309723897
92.0,95.97000299681446
75.0,89.89000327114483
74.0,63.23000120631886
75.0,58.18000046293252
66.0,73.19000210279135
62.0,66.62000091851691
53.0,64.06000068337657
57.0,50.94999912434722
67.0,58.379999928968026
74.0,72.95000211258886
92.0,85.1400021774974
82.0,104.01000279596543
80.0,84.78000241753648
81.0,80.61000233058354
75.0,87.79000241141301
75.0,77.33000277147165
76.0,78.5300025853189
71.0,78.39000285719989
54.0,72.43000233303292
41.0,53.96999963626731
56.0,44.259999375408505
55.0,58.32999996448402
71.0,57.13999953216873
87.0,74.80000205257909
90.0,95.44000324787574
87.0,92.38000305437485
94.0,89.07000327359422
91.0,96.32000235630201
93.0,89.44000323807823
94.0,103.16000163618476
93.0,100.7000029368047
93.0,94.26000313765373
83.0,94.61000308499209
85.0,81.35000312173277
104.0,86.66000293190594
100.0,107.15000215667767
83.0,100.41000264900272
56.0,84.09000186520164
52.0,56.01999990447424
57.0,52.15999949542805
45.0,57.80999987140763
39.0,46.87999959340319
32.0,44.27999933376908
33.0,32.379999096179375
52.0,43.759999270085245
47.0,53.479999490529295
53.0,51.12999961177352
61.0,52.00999913169536
77.0,60.870000378428955
69.0,83.18000327971767
69.0,67.70000172681176
60.0,67.59000159332065
55.0,60.80999989590142
53.0,56.1599996717833
40.0,49.549999099853444
52.0,42.75999923579394
49.0,51.649999489304605
61.0,49.56999931294936
59.0,60.4700001922762
82.0,61.00999963626731
92.0,90.49000260981268
91.0,101.66000227057377
73.0,88.29000284005424
60.0,71.40000168517233
58.0,61.470000148187395
56.0,61.99000051559415
62.0,56.779999811397865
67.0,67.22000111936592
103.0,75.32000187132509
107.0,117.73000221301338
99.0,111.95000297966881
91.0,103.69000295272565
107.0,91.30000271636064
87.0,113.18000199624339
92.0,89.94000280453825
85.0,95.08000321358445
81.0,80.21000328094235
80.0,81.49000296742192
78.0,80.71000261226206
70.0,78.58000227547252
75.0,70.20000206727536
71.0,72.73000241386241
74.0,71.6400021652505
83.0,79.46000216769988
83.0,87.84000265022742
93.0,85.34000289761464
94.0,99.13000339361376
110.0,100.29000289883932
105.0,115.93000161046629
110.0,109.6100026196102
105.0,107.68000265022741
111.0,107.20000317929315
99.0,111.81000262450894
102.0,104.99000320501162
93.0,115.8600017464068
95.0,95.05000369733668
98.0,98.93000263430645
101.0,103.36000294415282
101.0,107.70000266737306
106.0,108.47000250448941
115.0,106.67000284250362
119.0,117.12000219954179
116.0,121.38000130551869
117.0,115.22000245182777
107.0,116.34000223628247
99.0,101.9500032637967
118.0,94.80000375734645
131.0,116.78000269186686
134.0,134.58999918803107
141.0,133.40999856833832
106.0,135.29999811152928
97.0,102.71000360181091
87.0,96.9800041370001
82.0,89.19000263185708
91.0,83.74000289761463
96.00001,94.25000261961019
85.0,97.65000310458711
79.0,90.02000267717058
79.0,80.99000316582158
92.0,82.86000335809777
86.0,93.84000363977628
92.0,91.11000251428692
94.0,94.57000344260133
98.0,95.56000393860045
95.0,104.91000243100805
97.0,100.23000304335265
98.0,101.28000319888818
91.0,97.37000341320878
88.0,88.78000345607292
86.0,85.42000363242816
89.0,88.59000356751963
93.0,90.84000318419191
101.0,98.51000352832956
91.0,108.1200030274317
85.0,94.50000302988107
86.0,96.06000119284728
76.0,93.26000306417237
81.0,78.13000333972744
93.0,85.1000027310569
94.0,100.86000299558977
110.0,96.74000338259155
111.0,115.26000264287929
113.0,114.43000322460665
101.0,116.58000189336948
99.0,108.89000317806845
99.0,107.34000251551161
104.0,105.06000306907112
110.0,109.60000280698763
103.0,111.18000251551162
100.0,104.73000353077896
96.00001,99.71000314622654
100.0,98.21000233058354
99.0,105.33000224240591
102.0,99.7400034462754
112.0,108.79000183825849
119.0,114.66000220688994
121.0,126.90000055111013
123.0,121.8200011340622
124.0,122.79000137777534
114.0,123.07000200971497
114.0,114.72000225832689
116.0,112.66000237344765
120.0,115.81000189949295
125.0,122.14000117325224
134.0,128.49000015063677
131.0,136.63999683050434
139.0,130.9599993288703
94.0,135.99999667374414
104.0,93.69000300171321
116.0,113.85000217872208
124.0,118.01000206115192
118.0,126.88000123938546
121.0,119.6400021652505
123.0,125.0200012124423
105.0,122.74000129572117
85.0,98.39000295517502
81.0,79.86000290251339
73.0,80.34000354914929
89.0,77.94000196195209
94.0,99.89000314377716
105.0,97.49000312418214
96.00001,113.6500012234645
82.0,97.19000357241839
78.0,81.02000319154004
89.0,80.05000286944679
72.0,95.02000304457734
80.0,76.42000265757555
88.0,85.10000241753647
93.0,97.22000214810484
79.0,98.83000294047876
89.0,80.96000294415282
106.0,94.16000266002493
100.0,117.89000164475759
98.0,106.80000252285974
104.0,100.36000256694855
100.0,109.07000270533842
103.0,101.35000349403828
104.0,105.7300028204592
105.0,103.16000300783666
95.0,105.20000311071055
95.0,93.6800024836697
97.0,100.3000024371315
108.0,99.87000328339174
107.0,113.15000212728512
121.0,107.51000309234021
120.0,115.50000300538728
118.0,116.650001757429
133.0,120.24000181743877
110.0,134.28999853894578
85.0,104.36000348791482
103.0,90.72000229751693
137.0,117.67000114263502
126.0,140.25999632838182
153.0,128.84999983221758
157.0,150.1099951710505
162.0,158.67999393533913
152.0,161.01999476567838
135.0,138.4699984385213
134.0,127.06999971709679
139.0,131.71999833442268
130.0,137.01999801845287
126.0,131.3099984140275
142.0,123.78000242243523
153.0,140.46999717464203
139.0,146.96999545762776
127.0,127.4399996815808
103.0,114.48000283638017
99.0,94.51000315602406
107.0,94.48000379653651
113.0,105.1500031854166
114.0,111.57000257552137
117.0,113.63000230364038
138.0,117.67000129939524
120.0,135.02999893819447
96.00001,117.8700013140915
110.0,96.35000379286244
92.0,109.06000257919544
89.0,98.92000344872478
74.0,91.94000271636064
94.0,76.410002844953
108.0,102.56000261103736
99.0,118.1600008964725
107.0,99.6000029343553
119.0,106.17000229629224
126.0,123.80000087197871
129.0,127.53000026820693
131.0,131.7099989137007
149.0,133.4899983234005
140.0,142.2299967239564
127.0,130.53999928233213
106.0,118.05000201706311
93.0,95.28000346342104
117.0,94.45000396676829
128.0,120.05000051804353
130.0,128.70000036985613
104.0,126.23000056458172
84.0,101.3500026318571
73.0,91.04000304212796
70.0,71.11000147575048
68.0,71.69000209054445
63.0,73.25000240896364
75.0,65.93000114998316
81.0,76.82000221668746
81.0,89.58000229996631
87.0,87.91000263185708
84.0,95.33000323195479
93.0,88.49000242365992
98.0,102.56000296374785
100.0,102.91000291108622
101.0,100.11000262695832
102.0,101.4800027433038
118.0,103.32000298824164
113.0,119.26000168272296
110.0,108.4500028792443
108.0,105.44000331645834
97.0,105.3200034095347
71.0,92.8800032870658
80.0,72.16000202318656
75.0,81.09000270288905
68.0,77.0800026747212
75.0,70.68000165577979
77.0,77.97000292823186
68.0,80.1800029808935
140.0,72.56000228771941
161.0,144.8699966357788
166.0,161.4099963149102
169.00002,165.47999474853273
155.0,165.67999507674944
158.0,148.61999440317038
155.0,156.53999531433914
154.0,151.3399947754759
142.0,152.27999409209932
112.0,135.66999737059228
96.00001,104.09000298211818
84.0,87.9500032539992
80.0,80.09000262940769
81.0,77.29000265880025
84.0,79.18000267227183
90.0,86.40000317929315
116.0,94.58000341198411
136.0,117.84000164108352
144.0,135.06999858058524
123.0,141.85999793517402
115.0,117.05000264900274
97.0,107.03000252408444
113.0,98.45000379041306
108.0,113.23000192153735
127.0,104.3900030825427
129.0,130.8399996962771
154.0,131.52999962157102
143.0,153.81999407985242
133.0,137.90999842872375
151.0,125.54999966810922
152.0,137.57999677416865
151.0,144.7799963626731
139.0,141.57999659781342
146.0,130.01999985548667
150.0,141.66999671415888
152.0,144.779996284293
153.0,148.63999590953807
149.0,149.12999550661533
138.0,138.52999880347863
134.0,127.79000009919982
119.0,130.19000027555506
121.0,108.81000318786597
119.0,110.97000276657289
91.0,113.61000236487483
80.0,83.46000340218657
77.0,77.60000300293791
92.0,78.02000222648495
70.0,101.18000319154005
88.0,77.8000022338331
115.0,95.32000279229136
98.0,129.30999842382502
70.0,107.58000225097875
76.0,70.25000128714834
78.0,76.42000173660928
74.0,82.33000251183755
75.0,73.81000232078603
74.0,72.4700024261093
68.0,74.64000246407466
64.0,67.13000194358175
63.0,62.41999986528419
58.0,64.93000029270073
58.0,61.469999952237124
75.0,62.48000026943162
87.0,76.44000294905159
87.0,89.08000300783667
88.0,88.1100031952141
93.0,88.75000335197433
105.0,92.71000349403826
90.0,104.0900030604983
75.0,89.0600032650214
66.0,75.470002391818
57.0,70.00000173905866
69.0,58.70000000734813
58.0,72.75000252898319
84.0,60.37999956646002
82.0,95.92000244447964
79.0,88.42000255960042
67.0,84.97000281556046
68.0,67.76000138634818
93.0,73.53000272738284
96.00001,103.34000261348673
92.0,103.78000295150096
90.0,96.67000320501162
102.0,89.11000295517503
95.0,106.18000293190593
96.00001,93.90000282903203
88.0,97.17000347689262
89.0,87.28000326747078
91.0,88.01000318786598
94.0,91.32000367406759
77.0,95.78000295150096
68.0,77.13000275677538
65.0,68.54000170231798
75.0,70.0700025828695
86.0,81.73000254612883
86.0,92.65000308989083
132.0,90.62000362263063
156.0,144.89999717096796
150.0,159.00999488447323
127.0,141.8699971207557
110.0,124.18000041394494
111.0,99.71000267594589
121.0,110.92000190071762
113.0,123.62000157984906
91.0,109.78000272615814
90.0,83.9000028780196
89.0,88.4000032870658
91.0,89.6700034352532
106.0,93.55000296007378
105.0,104.54000254490414
92.0,102.73000291353559
100.0,87.85000352098145
98.0,98.21000319276473
87.0,94.6600035589468
92.0,84.86000319154005
85.0,92.5800033434015
76.0,80.31000305315015
81.0,74.07000295517503
69.0,81.63000308744147
62.0,70.65000213953202
77.0,64.31000127000269
75.0,79.84000265022742
64.0,82.66000244203026
70.0,68.4500015075924
74.0,74.34000255960042
78.0,79.9700028008642
93.0,86.88000276779758
121.0,103.85000183580911
109.0,127.42999971219803
114.0,105.35000320011287
116.0,112.17000308989084
127.0,114.30000283882956
114.0,122.37000109609683
97.0,108.81000303110577
96.00001,88.96000353200364
75.0,92.43000341075941
70.0,71.05000228649473
63.0,69.4500021297345
63.0,62.999999813847246
71.0,61.740000144513324
70.0,69.76000247387218
79.0,71.10000232935886
83.0,79.42000240773896
81.0,85.65000296742191
87.0,81.66000244692901
79.0,90.25000330543614
71.0,81.9100028571999
96.00001,73.1400020403322
95.0,107.54000307886864
104.0,102.15000288659243
108.0,111.12000246407466
108.0,110.72000259144234
122.0,105.26000324052761
146.0,129.69999989467672
152.0,144.91999687459318
152.0,144.78999664557628
134.0,141.0799970313534
113.0,119.91000173048583
88.0,98.86000339728783
91.0,82.84000263553115
84.0,88.64000333605337
82.0,83.40000268451873
74.0,80.25000300171321
73.0,73.4900027322816
77.0,75.28000293435532
76.0,80.6400021995418
108.0,78.47000245550184
113.0,121.78000078625045
104.0,119.20000163128601
90.0,103.49000340831003
74.0,89.30000280453825
91.0,72.67000238202048
99.0,95.0000025963411
102.0,106.28000254735352
113.0,112.46000204523096
130.0,116.11000176477714
117.0,137.1199977122806
111.0,115.63000198032243
86.0,107.83000328829048
75.0,80.65000373652673
68.0,68.06000181988814
68.0,67.22000143288636
68.0,67.67000174028334
77.0,69.92000190561639
69.0,80.36000242978336
76.0,70.0900023256848
71.0,75.56000258654359
69.0,71.24000193990769
77.0,69.44000180764125
92.0,83.5200031401031
107.0,100.34000294170345
100.0,113.0800018713251
98.0,107.60000179784373
98.0,105.74000247632155
109.0,108.90000150146895
117.0,123.39000040292275
127.0,126.49000047395472
121.0,126.56000120019542
125.0,124.73000021921936
104.0,126.11000132388902
86.0,99.99000252408443
76.0,77.46000347076918
67.0,69.94000213830734
63.0,64.87000031964388
50.0,61.53999950277619
54.0,51.64999945011455
54.0,56.99999949052929
51.0,56.589999511349006
58.0,54.739999120673154
59.0,60.96999983711634
60.0,61.62999989345204
69.0,62.27000016778242
68.0,69.0700024701981
70.0,68.53000192888548
70.0,72.05000224240591
74.0,71.07000226445032
72.0,75.93000274697786
77.0,72.13000301640949
85.0,78.61000218362084
85.0,89.39000331278427
93.0,86.39000348424076
96.00001,96.57000296252316
97.0,95.23000291108622
100.0,98.97000345239884
96.00001,101.30000282413329
96.00001,91.0200038087834
87.0,90.79000388593882
83.0,84.39000302375763
75.0,79.8100030947896
79.0,70.19000237222296
76.0,78.34000273595565
82.0,77.05000311928339
96.00001,82.5200030274317
96.00001,103.52000331645834
102.0,103.46000310826118
81.0,108.32000210156666
82.0,80.99000273473098
68.0,83.86000280453825
68.0,70.86000184928068
70.0,73.2900020513544
74.0,74.00000246407465
76.0,82.67000245060308
78.0,84.92000277269634
89.0,86.37000256572387
79.0,96.74000271636064
73.0,85.13000263920522
74.0,73.37000243345743
88.0,72.32000214075671
78.0,90.25000267839528
78.0,77.68000271881002
72.0,76.7700023697736
69.0,70.57000222770964
61.0,67.57000212483577
56.0,61.939999963259325
54.0,56.85999960565008
64.0,56.259999483181154
64.0,65.03000073113945
68.0,64.01000075808261
68.0,69.38000250081534
103.0,69.32000276289882
130.0,109.75000219096897
120.0,131.88999953829216
105.0,127.62999996203463
90.0,102.81000298211819
85.0,90.73000273718036
90.0,93.17000263430646
98.0,99.6800030029379
95.0,109.8200014279876
93.0,97.63000285230113
92.0,98.47000310213774
114.0,97.77000289394057
139.0,122.6400009748526
111.0,140.69999560826454
90.0,108.68000248856845
96.00001,85.89000380021058
98.0,96.7200032086857
100.0,97.75000326869547
80.0,97.87000297966881
83.0,74.80000283638017
79.0,79.2300028327061
86.0,79.08000297844411
89.0,83.47000278371854
83.0,89.13000379531181
108.0,83.60000289516526
95.0,112.22000223138372
85.0,94.29000304580204
84.0,84.91000339116438
78.0,86.05000319276472
72.0,81.52000314990062
87.0,77.68000311071054
76.0,94.74000300048853
80.0,83.24000340953472
89.0,87.26000325032513
97.0,95.15000339116439
118.0,108.25000278616793
138.0,124.23000073113946
147.0,140.46999654760117
154.0,142.45999711708163
156.0,150.0099953204626
136.0,155.40999556050167
120.0,119.81000187989792
92.0,105.28000294415283
72.0,85.66000336789529
68.0,70.36000173415991
75.0,65.59000152473804
85.0,78.52000320378693
80.0,84.49000260001516
81.0,82.04000300783666
106.0,82.25000314867593
86.0,111.93000139492099
99.0,87.09000353567771
122.0,106.99000319521411
114.0,134.42999807111454
112.0,115.78000191296452
139.0,114.8500020954432
123.0,144.35999521881337
110.0,123.77000104221051
97.0,109.93000195337927
124.0,97.20000260123985
110.0,127.09000012614298
108.0,104.34000268696809
93.0,104.12000273350628
98.0,91.7200033899397
102.0,98.01000404024965
112.0,106.01000274697786
113.0,110.58000270656312
111.0,111.13000282535798
103.0,107.73000332013241
91.0,100.85000318296723
78.0,88.62000351485798
78.0,75.24000235140326
76.0,75.85000236487484
75.0,73.86000261838551
79.0,74.62000248611906
66.0,79.16000269431622
64.0,70.08000169007109
62.0,67.55000163740945
72.0,72.95000078012701
73.0,78.67000250938815
90.0,77.29000305070079
90.0,103.91000259266703
154.0,96.00000345362353
155.0,158.5399968721438
155.0,153.0699947301624
152.0,151.6299956903187
146.0,143.2499966578232
135.0,137.6799968598969
130.0,129.9099992517149
122.0,127.460000090627
137.0,111.21000305070078
110.0,129.26999948685523
95.0,98.67000358711466
92.0,94.01000366794415
100.0,93.5700030947896
93.0,100.98000278494322
75.0,93.98000325032511
73.0,73.84000252285973
72.0,70.51000198032243
80.0,70.04000212606044
80.0,84.85000271268657
87.0,85.49000306539705
95.0,94.68000341933224
76.0,96.030003479342
79.0,81.2800021995418
95.0,81.51000290618747
120.0,97.08000304702672
117.0,125.72000016655772
105.0,118.89000148309862
101.0,99.27000331768303
97.0,100.97000297232067
96.00001,94.25000308989084
96.00001,95.71000363610223
75.0,96.85000335932246
65.0,81.10000141819009
60.0,68.49000162026381
65.0,60.46999995713588
68.0,72.88000228771942
59.0,72.44000241998584
61.0,60.17999990447424
93.0,67.10000109487214
79.0,97.02000252530912
93.0,87.43000175008086
116.0,97.25000284005425
139.0,129.71999897126108
116.0,140.83999674722548
115.0,119.09000126265455
116.0,117.32000205747785
156.0,118.03000113773626
129.0,157.16999573685692
117.0,123.17000052784104
112.0,114.83000192153735
97.0,109.2900023452798
85.0,90.42000337279404
86.0,82.78000203543344
85.0,85.62000309846367
85.0,83.63000303845389
72.0,81.65000283025672
63.0,67.19000125040768
61.0,63.570000655208716
68.0,64.46000067357906
77.0,71.15000205870254
85.0,83.37000285475051
89.0,85.35000290618746
77.0,91.25000302620701
73.0,80.78000255470167
63.0,77.70000234405512
55.0,70.96000083768742
55.0,56.80999971954618
50.0,55.419999507674945
45.0,52.75999973546713
41.0,49.91999949542805
33.0,48.30999927130993
52.0,45.4999991157744
60.0,54.809999455013305
54.0,61.050000493549746
57.0,53.879999245591456
59.0,58.47000008450355
59.0,60.97000026820693
50.0,59.85000001347158
45.0,54.65999960075133
53.0,45.89999918435699
58.0,52.87999928968026
59.0,59.229999599526636
70.0,60.769999665659846
65.0,75.06000282413328
63.0,69.03000145615545
62.0,65.00000050947071
59.0,63.23000005021226
62.0,60.13999951747246
73.0,64.79000060377177
54.0,71.73000251673629
52.0,56.05999972322024
56.0,46.9399993313197
52.0,57.2499997048499
58.0,53.43999957380816
60.0,65.60000106303022
70.0,64.47000091729221
71.0,71.95000199991746
66.0,72.12000265512617
79.0,67.74000148677268
74.0,83.2600028780196
73.0,74.07000322950542
64.0,71.40000207707287
59.0,61.43999969137832
59.0,59.35999978935346
56.0,60.189999834666956
68.0,57.04999972934369
68.0,71.73000243835618
69.0,71.64000251796098
76.0,71.08000250816347
83.0,78.46000276044944
78.0,84.59000237222298
72.0,82.61000279106668
