Actual,Predicted
52.0,60.96021698969954
45.0,49.963465840352654
45.0,47.028827808840106
53.0,48.15507113973079
53.0,58.8419240922008
62.0,61.28491062119433
62.0,62.05318988436669
59.0,63.278697247155456
59.0,53.40465803532795
83.0,56.32214293641392
83.0,81.49190473171849
97.0,76.14965690282152
97.0,93.42111623309707
94.0,89.43945633499253
94.0,86.92061605965546
79.0,86.65719277475125
79.0,72.39792843696233
64.0,75.36646011164929
64.0,64.7412195455812
60.0,65.22355649141144
60.0,63.858659486901814
61.0,64.15026782224169
61.0,66.06237031180576
57.0,66.57167161697146
57.0,63.81157801357891
59.0,66.15996591741256
59.0,69.03478821538125
45.0,69.11762798599197
45.0,54.72333508798574
43.0,57.57786529589136
43.0,54.858833290032386
55.0,55.79399786875321
55.0,62.60655076068357
55.0,61.43964748510151
55.0,62.67578456960506
58.0,55.38946034034782
58.0,59.9567579483776
59.0,59.533153632412365
59.0,63.614549373568686
60.0,63.96634904788484
60.0,61.391102172310745
57.0,64.351617508117
57.0,53.02379814167434
56.0,61.6999739690614
56.0,68.61067862129322
53.0,61.86769619221539
53.0,62.94497293643938
53.0,55.75943817255894
53.0,54.52027716950202
53.0,51.60941965132323
53.0,50.01994242203594
57.0,59.57640372847975
57.0,66.33560316307326
64.0,62.79899423355252
64.0,64.04370220148216
72.0,68.22498663170961
72.0,73.78920187408036
63.0,71.86746832939419
63.0,63.93275050436815
62.0,67.19277805914892
62.0,70.55106524931976
62.0,68.19160090743753
62.0,68.59812999444473
55.0,68.80698487882914
55.0,63.73273896410772
68.0,63.2400751801246
68.0,76.51654259950693
57.0,75.53457569563058
57.0,66.586502266646
54.0,66.40105969457387
54.0,64.05657982421442
55.0,65.56684260355497
55.0,65.81882408483867
53.0,67.4989906764455
53.0,65.66555470870932
46.0,64.6857743070721
46.0,57.03640517494209
52.0,58.214318025222425
52.0,64.3276100005185
49.0,61.586390611161995
49.0,54.30524885356394
56.0,54.92358181136506
56.0,60.958649783031674
53.0,55.974849042297585
53.0,53.61991445645793
50.0,53.795846373854594
50.0,53.279047473401405
53.0,53.3170841222134
53.0,54.3073986489521
50.0,60.95640693422479
50.0,56.05656116305439
50.0,58.858644427568564
50.0,53.401160070625245
54.0,53.05228283537753
54.0,62.378526472238875
56.0,57.3994598917279
56.0,58.3416135595064
63.0,53.396015987441835
63.0,55.42393258207549
64.0,54.54439333010347
64.0,58.87102088748439
62.0,67.69548289904134
62.0,68.37047219597032
69.0,62.41002992727543
69.0,63.794122219250454
63.0,66.0385603907834
63.0,64.90240058506201
62.0,69.55430680991401
62.0,71.73240424225675
86.0,69.4329438174726
86.0,90.48956233828275
91.0,89.23114590237728
91.0,94.00066014407673
87.0,91.62988049960741
87.0,88.35997690183031
94.0,88.69166561999891
94.0,97.43256408171999
90.0,95.058811758162
90.0,92.57494043134182
87.0,92.38824747590688
87.0,90.8769838556827
79.0,93.10132707097763
79.0,85.85885146426607
69.0,87.01610356374323
69.0,77.5049002541052
76.0,78.43420506066772
76.0,84.35355990656983
77.0,83.74630627366055
77.0,83.40479249012822
66.0,82.79202438336496
66.0,71.19543922591564
66.0,71.16391843124897
66.0,70.6042008920621
66.0,69.17258116270995
66.0,69.19235406202512
62.0,69.70512323615633
62.0,68.14055111027578
61.0,67.34795096232989
61.0,65.6469942205248
56.0,64.88574625482026
56.0,58.01709151209192
52.0,59.749349758876086
52.0,53.2460560053513
51.0,57.05771293063884
51.0,53.53106991219761
46.0,52.91437491663561
46.0,49.28572808825809
58.0,49.75742396207926
58.0,63.74169529283077
60.0,63.43322961118923
60.0,64.04995933388359
70.0,63.357746460515195
70.0,69.26806296676659
77.0,71.44260830237567
77.0,76.52276663930188
100.0,76.67236590676485
100.0,100.53993334734402
105.0,94.55355865683192
105.0,100.92525083484277
85.0,99.05920953361533
85.0,80.67169920106204
75.0,82.79718204431481
75.0,75.30015021483698
72.0,76.34285616712717
72.0,75.62339610296152
73.0,74.59790211276852
73.0,75.72000682766277
68.0,76.64990149260824
68.0,71.98633395690537
59.0,73.01294577831695
59.0,67.03931198102937
57.0,66.58460535646381
57.0,65.27060729168464
57.0,68.41566740630505
57.0,66.75937674051069
52.0,67.84746948399048
52.0,56.81805843068943
55.0,58.738233708871604
55.0,62.36099154989003
54.0,57.064969461436874
54.0,59.941845558493746
51.0,56.38551654516238
51.0,55.091920082175264
51.0,55.74821186172976
51.0,55.263123745439366
42.0,59.6211137531745
42.0,48.75882707677901
38.0,47.58658468085857
38.0,42.702493645328495
50.0,45.54399850523756
50.0,51.32886759802312
57.0,55.5796293640299
57.0,66.0437901806393
60.0,60.081261908986626
60.0,65.53806604433473
70.0,66.52811979605782
70.0,77.4122082025267
75.0,71.6380794204268
75.0,74.35678162507718
77.0,77.51284879184465
77.0,77.17312326146632
75.0,78.71948754913606
75.0,78.3768157563674
61.0,76.15930323940596
61.0,64.25731330422941
67.0,65.57605268447121
67.0,74.20413405824245
60.0,73.1935069086749
60.0,66.80636766731969
63.0,67.84579543307683
63.0,69.86735306804601
62.0,70.80746407364907
62.0,69.81166766348721
58.0,69.75889104969436
58.0,66.74646080756962
56.0,65.96968905472231
56.0,64.92332033266567
55.0,65.73268899527254
55.0,64.65650429900806
55.0,66.74695404226611
55.0,65.84636535456204
60.0,66.78545491345453
60.0,70.60484445874624
56.0,67.9560094589984
56.0,61.660550773553254
56.0,62.09732925925187
56.0,63.84187508091089
52.0,60.935823615976
52.0,57.68896642313069
45.0,54.68725917490997
45.0,48.6698014162673
52.0,50.979075739456576
52.0,58.60885785063918
53.0,61.43487102497255
53.0,60.8145153838798
57.0,58.70122132832852
57.0,61.31593116621035
57.0,64.22358465818421
57.0,62.277049303443846
54.0,63.40487114915595
54.0,56.613329251410015
53.0,55.398579517794715
53.0,55.816259952483655
53.0,58.851448005127224
53.0,62.12709904949504
52.0,60.200128896137635
52.0,59.80934565075793
60.0,56.81372190779127
60.0,62.787354543791366
52.0,64.87340593608835
52.0,57.922437710253966
52.0,60.08953300020248
52.0,60.77513267161984
55.0,60.45064998473007
55.0,63.34261421045352
53.0,64.19492376820953
53.0,63.63835934710508
59.0,63.143427616074
59.0,68.9556742944333
54.0,68.88530887525035
54.0,64.40377191720047
60.0,63.37952288161253
60.0,70.12683300093302
38.0,69.46768278362681
38.0,50.0878663536769
48.000004,52.46234435255731
48.000004,63.0675113873677
43.0,61.65415296076422
43.0,56.95291967356325
44.0,58.05557232509474
44.0,58.45392235737512
45.0,58.9414811457761
45.0,57.22249158182991
48.000004,58.79039243242994
48.000004,60.108093055681294
52.0,58.89830273958902
52.0,64.46303441672252
51.0,59.752101204416185
51.0,59.75799231412263
52.0,60.50941879597904
52.0,62.392176066621545
51.0,63.6999665752237
51.0,61.414723726668825
51.0,59.194607566810426
51.0,57.38088493652478
50.0,56.529219956350346
50.0,52.7884040085922
47.0,54.17616073265267
47.0,49.23150404204095
51.0,50.80271076888593
51.0,53.981367125457695
62.0,54.21292042232669
62.0,62.46067471498028
66.0,63.719724527748795
66.0,66.45314811851922
61.0,65.57778529601245
61.0,61.39272621370376
53.0,59.00069350647325
53.0,54.156755596718426
53.0,54.93185306181144
53.0,57.2195065407198
50.0,57.52204928040461
50.0,55.81086079065352
56.0,55.815001152156746
56.0,62.60586118972364
61.0,63.412798223323996
61.0,68.30599562074173
49.0,70.41741419645345
49.0,58.84178857967747
53.0,58.634698483000506
53.0,62.334135781841375
48.000004,61.11898189469677
48.000004,59.338293281161974
43.0,58.35641975113831
43.0,55.67573777955603
42.0,54.8473749781015
42.0,52.34868719942772
33.0,53.46899516107539
33.0,44.09508190218963
35.0,43.7769760312401
35.0,44.389491784748394
34.0,45.40351730152536
34.0,45.14696200946946
40.0,43.88123203864299
40.0,47.87137908200644
51.0,46.70371778166875
51.0,55.189747159111704
59.0,56.33026771620306
59.0,63.96029508197589
57.0,61.85462195906476
57.0,58.69844563509256
56.0,56.14326203505998
56.0,54.52164842513526
58.0,57.860021247243296
58.0,61.52013425884713
58.0,60.22126415430937
58.0,56.090801497277425
58.0,55.0139418887171
58.0,53.47917158660503
63.0,60.35366317062588
63.0,64.44580473554963
66.0,65.09998369026539
66.0,69.53260924770997
68.0,62.740712491091436
68.0,67.7149823551579
74.0,66.888141267988
74.0,74.31064384676405
78.0,75.10677016961651
78.0,78.03829895031537
69.0,80.07961667250557
69.0,70.65386601873189
65.0,72.56634828494006
65.0,69.73392621611883
63.0,69.47273456669187
63.0,69.27977729270955
59.0,68.99225668178886
59.0,67.71726333977693
63.0,66.26645693097096
63.0,70.63778359219806
62.0,70.65637724170823
62.0,70.97731564294683
56.0,71.18891692760447
56.0,65.80946199439687
60.0,66.65161889435471
60.0,68.78953192091916
57.0,69.71676890426004
57.0,65.70591298624673
56.0,64.35868856523935
56.0,60.7622904683526
61.0,60.60296187644935
61.0,66.87514085732342
66.0,62.968871064953525
66.0,68.70583325097917
67.0,66.85216848610878
67.0,67.53039309502383
74.0,71.91638659839774
74.0,74.73602033018891
67.0,75.44100917900413
67.0,66.24085571149259
64.0,66.96837313543588
64.0,68.9710252880035
54.0,68.7116587103557
54.0,60.52418738006655
63.0,57.07472832109892
63.0,58.98536107732185
65.0,62.28065022122956
65.0,64.02929408297037
60.0,69.30950238971397
60.0,67.98193840026596
62.0,63.68286988219764
62.0,68.41725837831659
60.0,65.10829192056698
60.0,61.559463979974865
57.0,66.12129681182697
57.0,62.43270631560029
66.0,64.38734995377928
66.0,72.83668263114481
70.0,70.27436409487018
70.0,76.0432398054163
74.0,73.06426653652565
74.0,77.1598272772296
68.0,76.14538335833326
68.0,70.61464042669412
69.0,71.5796337139863
69.0,72.83949427242935
64.0,72.49939991036022
64.0,68.47684701364399
64.0,68.63545084014044
64.0,69.83569335963992
59.0,69.45689930971079
59.0,65.64836715735726
57.0,67.92054967238822
57.0,64.69541964508056
54.0,67.33522229544413
54.0,63.192515383917375
59.0,61.64675568136163
59.0,64.48571570925758
56.0,63.80144156252848
56.0,65.6551125562023
67.0,63.01244055810647
67.0,75.46862156027966
65.0,73.55718276333465
65.0,71.73443962638365
62.0,74.18176922348796
62.0,68.69535374630334
71.0,71.82148531572797
71.0,76.51926455931991
76.0,77.56710061988979
76.0,82.52590534363051
62.0,77.64121364819744
62.0,63.06541986397097
61.0,61.95757057430446
61.0,62.58554121575425
61.0,61.896836066910836
61.0,63.67699859880604
63.0,61.1235565504281
63.0,60.03117408845988
66.0,65.93047518922515
66.0,66.27128037318032
64.0,69.1502658565278
64.0,64.50880385248938
67.0,63.37001450951145
67.0,69.12070117203544
66.0,68.0652436902214
66.0,70.17349520239438
60.0,68.32162373095399
60.0,64.32803452079628
69.0,65.59830349427197
69.0,73.36420270934798
65.0,74.48532812977113
65.0,71.21848058669245
60.0,70.77756821114217
60.0,67.19592112691447
60.0,66.92618258778788
60.0,67.72080476841066
59.0,68.09009810929649
59.0,68.87959274182323
51.0,67.87796665339492
51.0,61.56923731889848
55.0,62.04290995926388
55.0,64.59709161988235
50.0,66.49639461286166
50.0,61.27690729534177
55.0,61.90279375204014
55.0,63.088275342426726
53.0,63.61537708995104
53.0,62.700267830986675
46.0,57.81298210572588
46.0,52.01154271623307
53.0,50.966264218573336
53.0,57.772105608310795
48.000004,58.26507876699446
48.000004,50.6206183314241
49.0,52.67215142848133
49.0,53.206234484319154
49.0,53.55460123970536
49.0,54.21757432838428
55.0,54.370577576957686
55.0,60.100171732424684
52.0,59.865471491898596
52.0,57.24233643863789
52.0,56.01643096324232
52.0,54.48663831623541
61.0,55.954987162382196
61.0,61.516141722897174
61.0,66.60003161031005
61.0,64.53409775053426
41.0,60.7022852012779
41.0,40.48929869024217
48.000004,42.39849027827905
48.000004,54.92802216759673
49.0,53.90773520384957
49.0,55.8979953240707
47.0,55.6994262624017
47.0,54.45979622352366
58.0,54.12351582340115
58.0,64.33068321514648
56.0,65.6867984989152
56.0,64.86067625122081
52.0,63.87239757014496
52.0,60.24036082518677
49.0,60.91139296517381
49.0,57.911288212590875
41.0,58.18980756392705
41.0,52.23574304273443
43.0,52.084590802527885
43.0,55.990012968965104
43.0,55.17680135513389
43.0,55.41200341435629
40.0,57.292787406099315
40.0,52.73229258202665
45.0,54.85608442563279
45.0,55.69043058594959
50.0,55.84420549037902
50.0,61.169467934960736
50.0,55.101919158993425
50.0,56.09106357755101
41.0,54.802445366296716
41.0,47.8963357513441
54.0,49.5518315402855
54.0,61.39622262876753
44.0,60.326567421848296
44.0,50.748480954775296
38.0,49.98485003626141
38.0,45.92497565235602
38.0,46.423631346687245
38.0,43.518168736865526
44.0,46.216907839528595
44.0,48.20315156680249
54.0,49.059717815400695
54.0,51.86113445523354
55.0,55.03831203201737
55.0,56.7463402111285
59.0,50.92963546233457
59.0,56.661814301206896
65.0,53.78263704505354
65.0,62.86169277892692
67.0,63.29200203072826
67.0,64.31775695102628
64.0,67.92582755810473
64.0,61.959148070653086
72.0,65.77512732126267
72.0,75.21132869598745
77.0,73.29365346674943
77.0,80.72398218088938
71.0,79.89498272393581
71.0,77.10692395720164
64.0,77.4046957404274
64.0,72.13934675789613
60.0,71.79759685104703
60.0,68.83041966463433
56.0,68.38389141151502
56.0,67.16338805974284
55.0,67.2546914278564
55.0,67.25425416728235
59.0,66.89373570859537
59.0,70.28820861976516
59.0,70.99687190905733
59.0,68.73108531889945
66.0,70.52113585740257
66.0,75.15699839259784
69.0,75.1523385594097
69.0,78.33818146701695
74.0,73.306576860274
74.0,78.4781019362522
75.0,77.6379328456011
75.0,79.38665818729451
75.0,83.05589396941704
75.0,82.49993643767213
71.0,80.92783737423919
71.0,75.69796341534163
71.0,74.22642384165631
71.0,74.85613093429446
71.0,75.7191884595463
71.0,75.5868062727403
76.0,75.09065947624143
76.0,79.15254486160201
77.0,75.18811327245122
77.0,72.36372775059766
72.0,79.04142529472674
72.0,75.75460114665275
67.0,78.71292509576027
67.0,75.41693372662978
62.0,73.78321993779058
62.0,69.85611862909494
62.0,71.57646524057915
62.0,71.83334987077252
62.0,74.7431072105298
62.0,74.13492855068928
68.0,71.6951990448381
68.0,80.74169552759247
66.0,77.81284031481573
66.0,77.24536046100981
64.0,74.58259886636934
64.0,72.30846801243332
59.0,73.57395839527383
59.0,68.65774132825608
55.0,67.79999097712938
55.0,64.16141278872247
50.0,63.969662480264596
50.0,59.51894363128315
45.0,59.695423736189234
45.0,56.57897232276576
53.0,55.805478001182436
53.0,60.82289776812455
55.0,64.18771918407273
55.0,62.922121202265366
57.0,63.67272071169802
57.0,62.573145817572275
54.0,62.18982889902343
54.0,63.558449654084676
58.0,57.773174918586534
58.0,65.0164877126624
65.0,63.59087636233957
65.0,68.39517589866706
59.0,73.33557889909564
59.0,63.795802115503264
56.0,66.44162750288666
56.0,60.65810305970867
74.0,59.59179072073546
74.0,79.89432208010955
115.0,78.74454106911197
115.0,118.5114249985941
90.0,115.06115941621538
90.0,87.81838052129609
68.0,87.47763829495236
68.0,68.83512092381936
55.0,73.32513537983269
55.0,65.64220255571392
62.0,64.64648239647974
62.0,73.18152167877228
66.0,67.46988572878533
66.0,70.16566466514263
60.0,72.75192034246962
60.0,66.5834690318871
61.0,69.81979228348848
61.0,69.16441169044914
63.0,67.65953219436567
63.0,67.98125099128536
62.0,68.49915878519599
62.0,67.99822368615385
55.0,66.65748334307996
55.0,59.47153949635133
53.0,59.1781599208882
53.0,57.432700926803385
57.0,55.090943445341026
57.0,59.72634262951664
58.0,58.102722736683255
58.0,59.89115744706804
53.0,60.99263749369534
53.0,55.002695641772725
54.0,58.848905664530456
54.0,58.75646397950441
106.0,61.478773671585785
106.0,107.57080689333227
90.0,106.69785790507709
90.0,89.2887486624514
76.0,88.69145625249472
76.0,77.52703160534698
57.0,72.54337590990856
57.0,58.71312161350189
59.0,55.268010238560585
59.0,59.28149441170075
53.0,60.669095552242155
53.0,52.88270498020647
48.000004,66.41812782057285
48.000004,62.99675439229347
43.0,57.81756057715284
43.0,52.55794529358318
46.0,44.884778277693606
46.0,47.68192048456062
42.0,51.826346376709026
42.0,49.190848876470426
42.0,49.33918417130586
42.0,52.65052490062809
54.0,52.09923346839881
54.0,62.30817660777854
43.0,66.52452631883875
43.0,51.75026194068341
44.0,49.82711372312594
44.0,49.22632925263512
43.0,51.9883084102094
43.0,55.64797985041676
36.0,51.38790230552256
36.0,47.05475165064068
35.0,47.65705462652993
35.0,46.483282151288954
35.0,48.403562390810535
35.0,48.63522055861224
40.0,47.95518751942663
40.0,51.741110715585954
39.0,51.904454426078814
39.0,50.32437657174155
32.0,50.31770160740359
32.0,43.65565330467183
30.0,43.752461347975135
30.0,42.33067589359536
40.0,41.59964470965519
40.0,53.11225870676787
39.0,50.44819239246677
39.0,50.89308332273391
51.0,51.59477894043597
51.0,60.623475243019776
46.0,63.69572524250324
46.0,55.45882424195336
52.0,55.766441901728896
52.0,60.60231724882184
56.0,55.0490633401162
56.0,61.18852380473156
55.0,57.585981859389236
55.0,58.47691258490804
50.0,60.875548159034715
50.0,51.97686946218423
45.0,58.6758847165668
45.0,50.06318762071678
54.0,52.66675927480738
54.0,58.1815287485876
58.0,55.631328603391644
58.0,63.640733981708834
55.0,61.45614618864584
55.0,61.583149942656625
56.0,60.71406069613829
56.0,60.48788588446082
52.0,60.50465163528892
52.0,57.11631338433729
56.0,59.11190023363211
56.0,64.66789446394858
53.0,63.22136017499859
53.0,59.78273792619297
51.0,63.743825721976364
51.0,61.302051480460264
54.0,60.87811238883405
54.0,64.8776966125056
55.0,64.52706252820488
55.0,67.57373630217185
53.0,66.10302563486094
53.0,64.85795172442901
43.0,66.04476424541646
43.0,57.1613841876397
40.0,58.257864779943176
40.0,55.81857749755614
51.0,55.81941239117107
51.0,66.86906291984504
52.0,66.06746748259128
52.0,67.85570619382685
33.0,67.60552873049932
33.0,51.79910938527039
37.0,53.31191709540639
37.0,54.403633646405595
33.0,55.14871026928694
33.0,51.54766558302709
35.0,52.17794626229252
35.0,54.684076952804354
36.0,52.72863903461591
36.0,52.70406164650264
30.0,50.55454776531603
30.0,44.288721181624915
34.0,42.79038169989862
34.0,45.34759197613081
35.0,44.381724518321285
35.0,44.67965860700708
26.0,42.86598562331091
26.0,34.283451412908114
11.0,34.24093934395846
11.0,17.72709997987658
12.000001,24.939018307812766
12.000001,27.723383866380818
16.0,31.44696073755407
16.0,34.04718366108029
27.0,29.383861211061802
27.0,42.966664230956916
47.0,45.26457121085651
47.0,60.060250393184795
58.0,65.38798101072749
58.0,70.40322555973628
52.0,60.499572606855644
52.0,55.314293495218
52.0,56.6307269116409
52.0,63.12945323994342
51.0,62.092251559395486
51.0,62.06549630978682
52.0,62.93194840456934
52.0,63.82193317935247
41.0,63.429208323361884
41.0,54.472444756809516
43.0,55.244010884655644
43.0,58.61633496230985
36.0,57.60489631639997
36.0,51.431958850770044
28.0,51.06874740431018
28.0,43.89405153213451
23.0,44.98096389760251
23.0,39.871390175859474
22.0,41.327099138405075
22.0,41.99837857567706
42.0,40.967660208697986
42.0,58.527070120397724
42.0,60.107354604573615
42.0,59.200422663086705
22.0,58.70928131750047
22.0,38.6807415919339
28.0,42.53553275370169
28.0,49.3317854919424
35.0,46.00264392857909
35.0,51.71334466747454
34.0,48.877834159386786
34.0,45.55549283585867
38.0,49.498462071893556
38.0,54.36932020877021
40.0,52.98256874570554
40.0,53.73459691290249
36.0,48.56528807507575
36.0,43.63852893636794
33.0,48.332580982018726
33.0,41.80758579083375
35.0,45.45738968994671
35.0,48.788957955976876
30.0,42.16489134231634
30.0,38.15549295495884
25.0,43.867742396659445
25.0,40.765515376008665
25.0,41.106220303061576
25.0,39.56860892064108
29.0,38.2900521354349
29.0,41.57507381058572
31.0,40.84360262329778
31.0,43.060499248599704
30.0,43.92074549496277
30.0,43.762370348019076
28.0,43.183960291796645
28.0,43.11901923026752
28.0,40.932852171110774
28.0,41.68356969165156
25.0,41.83605768997518
25.0,40.82498210671195
25.0,41.325954623150345
25.0,42.011484625112494
23.0,42.158424778048
23.0,39.758340525221705
47.0,42.04418604918058
47.0,63.63786848748731
42.0,62.27966538749864
42.0,56.53114904502484
31.0,55.94086579581721
31.0,47.56764174570397
32.0,48.21997788960172
32.0,50.8481002365384
28.0,50.53755099530156
28.0,48.340219569418565
29.0,48.131017788774955
29.0,50.26739773876231
29.0,50.71607788762361
29.0,49.61546001087841
39.0,49.81434019063701
39.0,58.39650014363492
43.0,61.50720404774899
43.0,65.11842011740124
44.0,64.37878251343906
44.0,63.663330502138805
52.0,61.77268981169426
52.0,66.73690343665706
48.000004,68.62059219718111
48.000004,64.8486251119934
40.0,64.03133971972865
40.0,52.64318976238901
41.0,48.86177173926174
41.0,48.469643703428005
41.0,51.10128423128473
41.0,53.83311687438939
45.0,52.6631474592229
45.0,54.68997492869464
41.0,50.13804444651731
41.0,44.875541523923694
43.0,45.6834018829304
43.0,47.983679082553095
40.0,51.23584229284297
40.0,48.43180977870784
49.0,49.84063578811169
49.0,59.74242669819281
49.0,58.63865526384844
49.0,59.97295456278783
48.000004,59.89032097919182
48.000004,59.598888318781654
38.0,59.77426980458329
38.0,51.09344904295219
51.0,51.520792160250984
51.0,64.21752843324218
50.0,62.34261602365637
50.0,61.971596801632785
57.0,60.909383146454424
57.0,68.30561984831562
54.0,65.02242624503397
54.0,61.44523916031606
64.0,63.06321482179056
64.0,72.19117395722874
63.0,71.1238904940966
63.0,68.30000116073698
61.0,68.70877797582263
61.0,67.99000014858922
61.0,64.65512263286823
61.0,64.6851308747686
58.0,65.73745856976421
58.0,62.490233135765585
65.0,67.03483587610683
65.0,73.24833567273755
68.0,73.43788593386643
68.0,71.63881228665107
62.0,74.13854275414252
62.0,71.75723891280978
58.0,71.02150430181737
58.0,66.7241149608553
53.0,64.79249255564247
53.0,62.68199634817445
56.0,59.65834319373539
56.0,66.04204343703857
54.0,64.44479765361025
54.0,60.360385901275315
48.000004,60.783811368362834
48.000004,53.111855195647244
51.0,59.42792152201927
51.0,61.693449122649305
42.0,60.171726970777875
42.0,49.00784112824054
42.0,51.24525971052947
42.0,51.20622168147612
56.0,53.716025734937055
56.0,68.503290943561
76.0,64.77340726059366
76.0,83.67680098524453
81.0,80.67603688974758
81.0,86.39696978191695
83.0,86.0569670259423
83.0,88.2838398047542
95.0,87.55759369851543
95.0,97.81122203357174
98.0,96.8331696468436
98.0,99.5921467256355
114.0,99.32067508709619
114.0,116.31439262593075
109.0,114.49613601202864
109.0,108.88560566184427
113.0,111.08248190408212
113.0,115.86607772759552
131.0,114.82823944672553
131.0,130.2425550054251
144.0,129.34916178988365
144.0,144.38995939014654
124.0,138.27459657510988
124.0,122.50670602584661
102.0,123.84532279135695
102.0,104.27630794836648
85.0,113.1432141420446
85.0,97.47625487958743
77.0,98.26431831832747
77.0,92.00776301780623
78.0,94.81298122915258
78.0,94.5326407243802
79.0,92.4244238729152
79.0,88.81833166208976
74.0,91.64460633107912
74.0,80.95571819838513
68.0,75.7734603823901
68.0,70.88406765692096
57.0,75.59549003906699
57.0,69.82572237658334
48.000004,60.167006937520576
48.000004,49.81141913282068
38.0,54.48911737467604
38.0,42.586253635576476
34.0,52.22934057002319
34.0,48.001275961042744
38.0,48.2724958275471
38.0,53.00533509130605
42.0,50.005951452034836
42.0,57.43873026715137
33.0,57.506180419226304
33.0,50.405500902388816
25.0,53.52096711418781
25.0,44.211378300720234
23.0,44.851063796617126
23.0,43.001377055458164
43.0,43.378027647469054
43.0,63.23873138328834
53.0,61.67886291070453
53.0,70.88642835918687
58.0,68.22698504972531
58.0,72.05608425518729
61.0,68.45342096805257
61.0,72.17591816604742
63.0,69.72928435428037
63.0,74.1355766390056
62.0,76.3274316108614
62.0,74.91251053525083
65.0,72.7567429287224
65.0,76.30032025175302
70.0,76.30184142962085
70.0,82.55302822978443
76.0,79.49477681233893
76.0,87.28400220381644
83.0,92.32366020604161
83.0,93.68647936840127
87.0,89.10080529899626
87.0,90.87035818978795
94.0,94.83292652626953
94.0,102.79205776139479
98.0,98.81835619957198
98.0,97.56022844778259
90.0,100.42473150379267
90.0,86.93106368842751
77.0,92.31505358599101
77.0,78.635889131028
70.0,79.52359096637568
70.0,72.21450372318746
66.0,76.02908824684896
66.0,76.79288112816413
66.0,66.72514691004142
66.0,69.26884788385327
68.0,67.24939188697022
68.0,73.83037367196101
61.0,75.28026544447825
61.0,68.8929707335286
59.0,70.10374930940935
59.0,68.6276863702723
73.0,68.43458889337393
73.0,82.66454224426879
67.0,81.89538181254484
67.0,77.40474397447947
61.0,76.97367468700409
61.0,70.9591956558134
61.0,71.34636641351567
61.0,72.2192499369126
43.0,73.05608203817674
43.0,57.93873157127363
59.0,59.98245549175791
59.0,74.04360306089553
62.0,73.48594321151532
62.0,74.84005765132284
73.0,75.24769049592705
73.0,84.32493462991495
55.0,84.8434488772825
55.0,65.73546287919822
56.0,66.04661299115621
56.0,68.57011786861398
73.0,63.2197019229764
73.0,80.13904831539762
83.0,76.94896583935741
83.0,85.64175500902324
72.0,85.93764500688168
72.0,71.51384369545241
67.0,76.4051323712889
67.0,68.59419450609602
65.0,72.38608060306032
65.0,67.80948915942616
57.0,71.82907274321764
57.0,59.62581784485553
56.0,64.39179869783317
56.0,62.777956570894716
49.0,57.012063975622056
49.0,57.377566064719616
49.0,54.296682586447695
49.0,60.4515029415146
41.0,54.311725976706036
41.0,44.73045550059608
43.0,42.30563304433047
43.0,44.44986181184839
40.0,46.70824087810082
40.0,45.03565730490587
47.0,46.19322948396847
47.0,54.026858714039975
51.0,54.58169047421973
51.0,59.34476947952226
40.0,59.25224525691025
40.0,48.211902644205075
22.0,49.55628255834611
22.0,32.84016963328191
30.0,36.356537916579036
30.0,45.02112420674584
50.0,43.47892429981345
50.0,61.68942803498649
46.0,59.56256887421034
46.0,56.11247312348336
58.0,56.97402169484173
58.0,68.69186098424287
75.0,67.88451929026667
75.0,82.67843277966007
58.0,81.12554541148126
58.0,65.4614372824548
46.0,66.8085515155828
46.0,55.45485145373033
35.0,58.06728682165391
35.0,48.29613851703418
34.0,45.03174278981559
34.0,43.528404916393946
32.0,42.746295278612735
32.0,40.08687753921509
28.0,42.98488111798265
28.0,38.69735479285093
27.0,37.67780271503274
27.0,36.27087217080967
26.0,35.89093190878582
26.0,34.307656094178114
25.0,36.895693238447485
25.0,35.8327680462711
23.0,34.588589082462356
23.0,31.1815636814902
22.0,31.419817438716485
22.0,30.12423036760998
29.0,34.75952357919836
29.0,39.996482462206714
44.0,41.784825697344836
44.0,51.55030198031515
53.0,48.83382487662925
53.0,55.27407115675918
52.0,55.194861461502946
52.0,57.029459448444435
57.0,56.191700036574936
57.0,62.59604025657686
61.0,59.86746259146993
61.0,64.30725624299423
59.0,62.927447715049745
59.0,62.17666832264216
54.0,61.30978574429236
54.0,59.44901036109651
40.0,59.81773297311112
40.0,48.212043895007696
35.0,49.41690805427266
35.0,44.805383332058724
30.0,47.24711588152069
30.0,43.02050652889826
27.0,44.50784039350598
27.0,41.92787933286215
32.0,40.82804428979073
32.0,45.49907829468083
51.0,45.62650547017964
51.0,62.45070165802077
62.0,61.0024306390795
62.0,70.18031595856921
57.0,67.5605722560814
57.0,62.85205233058669
50.0,59.50468272578196
50.0,52.83965884664311
48.000004,53.292591269065575
48.000004,51.9376214181402
40.0,54.704983502227755
40.0,47.93260101179369
37.0,47.36474141337226
37.0,43.99380058092929
31.0,44.06806023882943
31.0,38.65025398801109
38.0,39.76466255067322
38.0,43.551988304170806
48.000004,41.707445562995304
48.000004,48.32020839260971
52.0,48.507559318218135
52.0,50.95263514139973
54.0,53.92299582517967
54.0,53.05504650587259
52.0,53.36515762966407
52.0,49.681319670347456
71.0,48.67207398738452
71.0,66.46316500907346
83.0,65.23580240474428
83.0,77.86234070756844
69.0,76.6441173876222
69.0,64.38038104993956
72.0,65.13079851637264
72.0,69.81412380766896
69.0,68.37455026355933
69.0,67.47898009610641
59.0,67.79535813127231
59.0,59.92950278708793
52.0,61.319515048744734
52.0,54.30280790429908
53.0,55.67290536776623
53.0,57.23613697026873
48.000004,56.661303470372225
48.000004,54.03173392483438
41.0,54.45569202346274
41.0,48.57154356548807
35.0,49.539552788219815
35.0,43.80779092502378
45.0,45.538268688439416
45.0,53.86205698182899
37.0,52.8400376796252
37.0,43.33159053930342
29.0,43.48790022733332
29.0,36.21366265051368
35.0,33.246423788608475
35.0,39.949398461536504
36.0,38.65171928752034
36.0,40.3884959935138
33.0,41.530681626172424
33.0,37.253891015268955
31.0,39.16849119579358
31.0,33.3235634666515
34.0,34.671794623586095
34.0,37.89443781023685
32.0,38.55345737381939
32.0,37.50742578732232
37.0,35.88392636097922
37.0,42.95346082915608
39.0,41.219428527534056
39.0,43.13128028510948
51.0,47.591870633553626
51.0,59.48304783073866
42.0,53.781780365968636
42.0,45.92752679559933
59.0,46.28612823665139
59.0,67.13236835836288
57.0,66.255249457819
57.0,64.59164765812218
61.0,65.82953094385591
61.0,68.09998570338797
63.0,70.72036696159824
63.0,72.67640235585472
74.0,74.07433344748026
74.0,84.20247855663662
75.0,81.64807855684195
75.0,81.69420247036612
90.0,81.26216306744892
90.0,95.5126422131442
71.0,92.08503174957553
71.0,75.27765121345215
57.0,76.77154048694346
57.0,65.71235008249649
52.0,67.31377891480749
52.0,62.82807393901047
43.0,62.68535462036474
43.0,53.92243326530549
32.0,55.496335022178904
32.0,46.71828359493223
39.0,48.423361610807426
39.0,54.022730165073376
52.0,53.877550295340036
52.0,65.11129788046587
45.0,61.31761521153556
45.0,49.80915719811398
41.0,51.36018632931644
41.0,45.15580644977679
31.0,46.47931263155425
31.0,38.55266326696715
26.0,36.89051874498548
26.0,34.71564838029822
25.0,33.181097804785
25.0,30.631142790894177
50.0,35.09440001482574
50.0,51.48923854666698
50.0,50.47598069133653
50.0,52.64986964877697
40.0,51.687102512343785
40.0,45.585708481191034
53.0,49.34695472712116
53.0,65.63249545410805
52.0,57.731927690034624
52.0,57.38026944949053
63.0,56.94116850663488
63.0,68.63333038883032
59.0,71.59057368495812
59.0,67.63187967913842
56.0,70.16981177418792
56.0,63.41221046564575
47.0,64.11340625990717
47.0,56.939631990355714
32.0,56.63409112533179
32.0,46.6017741089367
33.0,46.22438631748987
33.0,49.63298548551798
37.0,50.405655765780224
37.0,53.91842505065222
50.0,53.87083079163292
50.0,65.09677927753849
48.000004,63.74632738842556
48.000004,61.636706166193335
67.0,61.357776580493535
67.0,79.35137997535418
55.0,75.43032906033294
55.0,61.21096944449261
64.0,62.86782135490549
64.0,71.17379967028113
73.0,71.50824937107568
73.0,79.2750289638298
72.0,77.22576908575843
72.0,74.67436772588127
67.0,70.57157167478486
67.0,62.98661109622535
57.0,64.85954734141062
57.0,55.90752504793908
45.0,58.44958442687204
45.0,50.99231273884263
37.0,49.46098482801409
37.0,40.39776073233068
50.0,41.90405428690114
50.0,56.16573418503703
53.0,54.15462187373194
53.0,57.03431490976373
41.0,58.845439173426726
41.0,47.75174338326307
39.0,47.97885512327901
39.0,42.15861561753992
49.0,45.16658277430988
49.0,56.127661006574755
45.0,54.56470217744047
45.0,52.950083211068524
45.0,53.23273245910217
45.0,50.46177304977747
54.0,53.85775913427121
54.0,59.86088774862156
34.0,61.21557619567093
34.0,43.08275130651416
51.0,41.48597228103385
51.0,59.819639624300294
59.0,57.65625899471857
59.0,65.78338084530515
55.0,64.51049457550876
55.0,61.49973951138604
57.0,61.08033522546405
57.0,62.85173325661251
55.0,63.26773160661794
55.0,62.87522181967915
54.0,61.77548962916768
54.0,61.87356132358958
54.0,63.345644085568495
54.0,63.247933363973424
59.0,64.13102029552654
59.0,66.98041741976891
59.0,68.33166740544326
59.0,67.03095764288993
60.0,65.69999204936536
60.0,63.93537242044695
61.0,62.002287399043645
61.0,63.13483395211236
61.0,58.76870034535614
61.0,60.23383002118619
53.0,55.93982201855038
53.0,49.66126643762268
39.0,51.499819553526685
39.0,40.31503569516806
32.0,42.48296606776496
32.0,32.79225236284614
24.000002,40.95576921314423
24.000002,34.33714665333053
23.0,38.43788498676127
23.0,34.9528536863373
24.000002,34.1505046364536
24.000002,31.03941389947695
22.0,27.36351048523707
22.0,29.942552472708183
32.0,30.438060580767605
32.0,40.803855896216625
33.0,39.826747899521436
33.0,35.049090254407126
33.0,39.78783599688427
33.0,41.59149020678252
35.0,45.60054169672408
35.0,46.93904041425256
51.0,44.411685628379125
51.0,59.713419005959665
40.0,49.09226193353292
40.0,47.69128453609542
33.0,47.78478695519231
33.0,44.594574641108316
27.0,45.73540069520161
27.0,37.4940585514158
45.0,40.19753881436939
45.0,56.9345942735331
39.0,55.37160532334363
39.0,49.54823146586815
25.0,50.81469913150309
25.0,37.85714271217388
33.0,38.56491079485851
33.0,46.218145125329976
31.0,46.006211875408276
31.0,43.092597896679074
56.0,44.00963287936262
56.0,65.94360523132889
56.0,64.87662623945702
56.0,62.9523210163343
37.0,62.43764976468408
37.0,45.93339842079799
44.0,42.376044179153496
44.0,51.92097466107093
47.0,48.63554609431177
47.0,53.50811401899147
51.0,54.442439069850536
51.0,57.68630539075817
52.0,60.83299157383159
52.0,55.95994872275719
49.0,58.75287490461047
49.0,52.103546752018744
56.0,53.271540299563824
56.0,62.45287450021104
56.0,58.592139692857884
56.0,60.89458174814663
52.0,55.38204746425941
52.0,51.18417235214965
45.0,54.31479469058441
45.0,47.03897550433917
41.0,52.57362331409179
41.0,46.75587235841771
54.0,46.61330139916369
54.0,55.63501928278089
55.0,57.62671517064248
55.0,58.06808921317135
54.0,58.930759036564545
54.0,59.21018128206133
51.0,56.445146145616434
51.0,55.47478125993938
55.0,54.396403160883246
55.0,59.58377948912041
57.0,57.33337151907323
57.0,59.426688138592105
48.000004,58.721503861407555
48.000004,50.41155736731843
52.0,51.10508652811301
52.0,55.61697472343761
41.0,55.71967213657525
41.0,45.764734071989636
31.0,47.15050492692765
31.0,39.75167221687498
45.0,41.891037512507275
45.0,53.69014903005542
45.0,55.658872718888794
45.0,54.58542322869944
50.0,53.13057651812026
50.0,55.06920377127183
53.0,55.82491969266425
53.0,60.11832263064585
61.0,55.689879132932454
61.0,64.19577797350533
54.0,61.839798972082676
54.0,56.16201571156513
51.0,59.9669983927601
51.0,55.567407938777144
48.000004,58.661199441478274
48.000004,55.5829635099902
41.0,53.62364873909929
41.0,52.54890026430927
41.0,47.04902205663315
41.0,47.31970012454547
43.0,47.56725753000722
43.0,49.45245831674669
73.0,48.546823798609246
73.0,74.68850275930335
61.0,71.91208871713933
61.0,54.32949568676647
66.0,60.34735617284062
66.0,62.78852034518463
73.0,71.17542121331172
73.0,76.98124377043902
61.0,72.08455274915606
61.0,61.73827299277148
63.0,56.49839700469817
63.0,62.704642026530564
59.0,63.069972138405404
59.0,62.61517951623874
60.0,59.06196303139046
60.0,60.066137871437185
63.0,60.16894588747848
63.0,62.58459361335927
58.0,63.508863694527186
58.0,57.878092458723074
64.0,58.91457236767156
64.0,63.2706057631684
35.0,64.43421909191123
35.0,37.980668362234645
30.0,40.789690695931704
30.0,38.11878508950702
48.000004,40.14478259009452
48.000004,54.857565879696715
51.0,56.00652494892397
51.0,56.86120300835864
59.0,55.20536790645668
59.0,57.82620471086204
54.0,58.59574335244419
54.0,56.36602535916578
43.0,48.48518229376362
43.0,40.38434402043034
46.0,37.76555038651204
46.0,41.59653111993302
44.0,43.953624646054514
44.0,40.54944260154983
38.0,42.79199418825349
38.0,32.471829267067946
38.0,36.10098859729992
38.0,35.56846276660467
44.0,37.78284589413585
44.0,45.917816092683836
56.0,40.265199789533
56.0,50.77131102327597
47.0,47.76946579523804
47.0,41.27990052930791
46.0,47.081388879152854
46.0,44.175362264775096
48.000004,46.005578610828195
48.000004,44.475437642945685
52.0,42.06776661420638
52.0,45.94383630532503
54.0,48.31277170119664
54.0,51.37190288342859
54.0,53.593695894840906
54.0,53.03625715914442
43.0,51.859270056774186
43.0,42.813508383786015
42.0,41.91626726152374
42.0,43.09350670356422
35.0,41.2191592173209
35.0,36.60566530942876
51.0,35.77570460063313
51.0,50.15131390519625
30.0,47.638562018456284
30.0,27.740881305196357
33.0,31.60842162445435
33.0,36.64115764654815
27.0,37.8707576522158
27.0,33.97306948509231
20.0,32.17153530545186
20.0,26.509096625826743
26.0,27.41826121881003
26.0,35.20198932383062
25.0,37.04404659436188
25.0,33.85854964288415
23.0,34.54875921023505
23.0,32.47480803426589
32.0,29.242770825622607
32.0,37.1891871873451
37.0,34.63535677508051
37.0,40.783412794343874
52.0,42.30136841089503
52.0,56.38384181673413
55.0,54.92013913076188
55.0,51.93151975096879
48.000004,49.61448110009583
48.000004,43.027938728049016
39.0,45.487753230743316
39.0,39.70529808559765
32.0,38.36509201165754
32.0,29.193174661571224
24.000002,33.19185383141212
24.000002,25.06616785387298
39.0,30.633218201833994
39.0,41.34235291121549
45.0,37.76842986436284
45.0,50.388175526042204
37.0,44.43295410852641
37.0,37.196735971952315
35.0,42.38349983875151
35.0,38.23068300109955
40.0,44.096067523650355
40.0,48.665762103119086
49.0,44.497456964279635
49.0,54.32211829561629
57.0,51.51364129508068
57.0,60.5590541741992
45.0,60.2841324454932
45.0,50.89126648116102
37.0,51.856129416087036
37.0,45.177374401010795
29.0,45.47295980196554
29.0,38.49172170777344
27.0,39.722061533669574
27.0,38.46925361039153
34.0,39.14735288049733
34.0,46.14662750548314
34.0,46.043909395545654
34.0,45.561081775963146
33.0,45.15135246904555
33.0,42.93233244190727
27.0,41.93350245727197
27.0,33.13107275174162
28.0,33.240833564287435
28.0,36.61614079722128
30.0,30.67183858004357
30.0,33.548934949114475
36.0,32.52788471185861
36.0,37.76213996363333
37.0,40.01454478538496
37.0,37.561843045406526
37.0,39.5341553694433
37.0,36.749642263425976
39.0,34.7930474091497
39.0,37.63605606521742
38.0,36.25588940266369
38.0,37.18830601407825
44.0,40.99830851841419
44.0,46.17356221158857
55.0,43.715381283532885
55.0,54.02517021565975
50.0,50.44581767143204
50.0,42.01139970995773
52.0,46.588896470636996
52.0,46.03215262831734
45.0,46.66061771586243
45.0,37.01536277053705
56.0,37.78859772022566
56.0,49.66581999834891
42.0,48.092292922792794
42.0,37.33178121585446
31.0,40.446823417389226
31.0,32.33234888471165
36.0,33.36646020160422
36.0,39.30002208233491
35.0,39.543884716643745
35.0,39.819204094406565
38.0,39.61505303373188
38.0,42.08383577633973
38.0,42.31308432324928
38.0,41.38577127134002
38.0,41.70767468675108
38.0,42.96971795654639
44.0,41.45396644838798
44.0,49.27392731924118
40.0,46.061839769949714
40.0,42.45604219857096
35.0,43.684804899829835
35.0,37.82903792709414
40.0,40.260679504520965
40.0,40.168526118702225
37.0,39.80510190462742
37.0,38.83909907492892
39.0,31.332885501349203
39.0,34.88059552988485
40.0,35.47602309049843
40.0,37.947041433499365
33.0,39.95309955619294
33.0,29.9169020600062
29.0,33.572424635850176
29.0,28.02943274638582
33.0,30.16056530302566
33.0,36.32469058751352
29.0,35.18825776438306
29.0,35.850055632385114
25.0,35.63404320143194
25.0,31.52886238578751
25.0,27.458786733608484
25.0,25.699988987218173
23.0,29.924141990007268
23.0,28.748508127578962
28.0,31.47554143122463
28.0,31.26450046022803
30.0,27.48884605002146
30.0,26.813788343116567
38.0,25.685449369317688
38.0,37.54624322569174
35.0,36.54172533321422
35.0,34.60216662670024
28.0,35.77107815022137
28.0,29.480617751192607
37.0,30.725060486586294
37.0,40.7567884280129
31.0,40.70734817510633
31.0,36.59007788705716
51.0,37.73263728174674
51.0,55.521413758277546
44.0,55.05050065268219
44.0,47.31176314359984
47.0,47.688916887099325
47.0,52.05495314865905
46.0,51.452080035647
46.0,52.70126806749257
46.0,52.622801876694545
46.0,52.51346244059678
42.0,53.48960306053043
42.0,47.964309733054286
46.0,48.684233086081996
46.0,49.115833251779215
38.0,48.82614249374271
38.0,43.08504939014877
29.0,39.27492130828907
29.0,32.640676661285084
35.0,31.166105215518293
35.0,38.24328376393097
38.0,39.28660088528743
38.0,41.07765354373541
40.0,41.62417363326866
40.0,40.96083354979631
28.0,43.24537073595286
28.0,34.17441798428602
58.0,32.674925432835266
58.0,54.55616426244205
60.0,54.61257613471322
60.0,55.58881977202484
60.0,52.20988815846371
60.0,54.11708675392147
62.0,54.00947290593471
62.0,58.64210175975949
44.0,57.130490431136046
44.0,42.14038097068904
35.0,45.71635727571877
35.0,37.06583455705653
42.0,39.735400758352924
42.0,46.26562620374125
42.0,47.048758987006686
42.0,47.35126995451332
54.0,46.1099743525731
54.0,56.86587499406147
45.0,55.70757629624174
45.0,46.48308282633426
49.0,47.709964450678584
49.0,52.7359835269728
41.0,52.04335476457069
41.0,45.84673714152237
41.0,45.59314462580092
41.0,46.422615215784376
31.0,47.061317838532254
31.0,37.304842085945204
28.0,40.51922314532306
28.0,38.52312291835637
30.0,37.869167840043936
30.0,38.741479173053825
36.0,39.70477717093888
36.0,44.76232101532627
39.0,43.19098168281905
39.0,42.5709019955401
44.0,42.87836108335386
44.0,45.79105590984075
43.0,40.42346624592916
43.0,36.218028771769035
53.0,36.39031307560919
53.0,47.46436794369119
27.0,51.527682344959544
27.0,27.67039288207442
34.0,28.62014764134333
34.0,27.344006299090662
38.0,22.863684958467136
38.0,33.76383086620752
38.0,34.80836182126804
38.0,38.738747880476986
33.0,39.957860479276995
33.0,30.972671572643968
31.0,33.106704840516166
31.0,30.03690569784273
24.000002,32.6101730123253
24.000002,29.78132623464828
22.0,30.788852086242063
22.0,29.111007487376124
46.0,24.187793377967875
46.0,44.58657846807528
33.0,40.87642373592128
33.0,36.064301326193096
27.0,35.27418390173741
27.0,28.547897105115574
30.0,32.74822386238885
30.0,33.60149800381905
32.0,35.123828716810294
32.0,38.39375763229603
28.0,36.92721214430213
28.0,34.680423380202235
31.0,35.17969490517296
31.0,38.93551592964917
30.0,39.08082954868912
30.0,36.94068271472227
28.0,35.41489317719222
28.0,33.942648253444865
26.0,33.47735442724897
26.0,35.20761601028902
28.0,35.60384316873358
28.0,37.32871441965061
24.000002,38.843510606066914
24.000002,33.078518921455355
41.0,35.1721684285917
41.0,46.437006674284824
37.0,46.13409868101858
37.0,43.12877505858133
27.0,36.76619998869378
27.0,29.193094174602912
18.0,28.82998398004173
18.0,23.063421850847295
17.0,24.753575335076142
17.0,21.24701178850089
17.0,22.832071712071325
17.0,20.24683043974429
21.0,23.425447705281464
21.0,28.11553040038185
21.0,30.07424973241615
21.0,27.165036157095148
23.0,28.457304034099874
23.0,31.21507002948728
28.0,27.441787717223423
28.0,31.01889834942328
35.0,37.595009816307766
35.0,42.47927423939755
48.000004,40.31740666798504
48.000004,47.771454114030874
51.0,40.02153319254214
51.0,45.63144155007704
40.0,44.75377968172886
40.0,41.36293585927452
43.0,42.56203431783494
43.0,43.58243014688649
42.0,44.9803444445606
42.0,44.63678340390906
40.0,43.862724242927406
40.0,43.65711498069948
30.0,44.41310741520741
30.0,36.59765645598004
23.0,38.3935566838788
23.0,32.16328113679233
57.0,33.18363508614007
57.0,62.93370780124955
29.0,60.963187508032895
29.0,34.496095314873756
45.0,35.593275218003754
45.0,53.538172955824336
45.0,51.83412790899184
45.0,49.87465231175546
20.0,52.24764385686604
20.0,29.425821728399796
28.0,31.04416347193174
28.0,33.25176403793525
26.0,36.21940626511999
26.0,35.87728929234342
28.0,24.784956672615763
28.0,29.067456552857358
24.000002,27.94323252718265
24.000002,25.338650228566358
27.0,30.487157983023877
27.0,31.81050877282917
30.0,34.17793427385398
30.0,31.920653950264864
40.0,35.79396740161858
40.0,45.40663580824169
45.0,46.173012557891035
45.0,53.71879107234911
45.0,49.50490445049049
45.0,48.584723522160544
55.0,42.02351397606684
55.0,51.426845141417104
57.0,57.33313513062469
57.0,57.622435437596174
56.0,57.193001041733844
56.0,53.19077279234863
58.0,47.77549022710953
58.0,53.05136839426196
56.0,56.02290149364446
56.0,55.072968572995634
54.0,57.84277616646199
54.0,53.635498661768565
51.0,54.935989466682884
51.0,53.450334505801536
35.0,50.912117304294
35.0,39.375512074642835
30.0,38.115872956663196
30.0,38.00860299904835
40.0,36.93731675274158
40.0,45.90635677651051
39.0,44.96898318823652
39.0,41.69237474927669
34.0,42.96317431265619
34.0,38.1806166240778
31.0,39.866415750624
31.0,37.67049405049612
30.0,37.24824735225968
30.0,36.32721342946699
38.0,37.07332755871865
38.0,43.565197967733816
44.0,44.30800490719756
44.0,44.04906531304058
36.0,43.06998143082391
36.0,38.82948992081226
28.0,31.253665576738932
28.0,25.61257087692298
27.0,28.402813047918578
27.0,31.952948648822716
26.0,33.053733601367654
26.0,28.701722989360302
28.0,30.62080528739493
28.0,27.286972869243872
33.0,31.823238108476872
33.0,31.980378189030116
50.0,36.44150853536616
50.0,52.802811888009195
55.0,45.096930078260904
55.0,50.661814137718004
66.0,48.59175903936716
66.0,61.88414512709095
59.0,55.807312072123985
59.0,52.272686068851904
58.0,53.83532662198291
58.0,53.53860765496875
59.0,54.296794710255334
59.0,51.24422144301713
55.0,55.46314533013626
55.0,52.29006543775232
50.0,52.258740345826205
50.0,48.00114539227142
42.0,47.10971644636053
42.0,40.70243775464426
48.000004,41.97116958733497
48.000004,48.765550665741024
40.0,49.03421502232244
40.0,42.98640026989069
49.0,44.00570452745449
49.0,52.62863652604455
56.0,52.801565266611426
56.0,57.56937333487379
30.0,57.54431723130842
30.0,33.58267437785698
23.0,34.90144928655453
23.0,30.849692699847676
30.0,31.580726632537306
30.0,39.630027226932945
32.0,38.40008606180257
32.0,38.87506487653803
49.0,39.93007823233608
49.0,49.24859464365942
20.0,48.34393815644088
20.0,23.031180216921516
25.0,17.16012502596585
25.0,26.871734412378572
27.0,24.668589599135476
27.0,29.467661323441067
24.000002,29.91774192950076
24.000002,23.816146513475008
22.0,27.63319358073182
22.0,22.053746379696715
30.0,24.11146519362294
30.0,27.06204276558492
35.0,26.992292693369972
35.0,35.86722679711787
38.0,37.30384566572079
38.0,37.31690483456222
57.0,40.450037966634596
57.0,55.61368861656271
62.0,49.51538329243382
62.0,56.204856597786545
56.0,59.31682173162735
56.0,56.3791141415095
52.0,53.282116654210284
52.0,47.453848558749925
53.0,49.83958897596614
53.0,51.157024441445124
48.000004,52.10784177457084
48.000004,48.67319677627946
43.0,44.606658624067414
43.0,43.50801988464662
40.0,42.66810908211289
40.0,41.29396710353086
37.0,43.040909101013
37.0,40.26229411150863
45.0,40.999865836214816
45.0,47.547403128639885
41.0,47.33832439227689
41.0,42.95754485253212
41.0,43.640769660597144
41.0,43.804515221462296
37.0,43.59786209584677
37.0,40.21656934974152
41.0,41.26171475996801
41.0,46.122910462063096
40.0,46.256199179569975
40.0,44.45618420489354
45.0,44.86462636396768
45.0,42.83395842470381
45.0,43.41623698930439
45.0,45.37684112376222
44.0,37.25662336477933
44.0,37.84268112725877
50.0,34.19595416964133
50.0,44.147965832391684
46.0,44.33659734206655
46.0,35.11094616947301
44.0,41.49237287619729
44.0,33.193406670466935
47.0,39.09902027003659
47.0,40.64623812754137
66.0,43.067084550639244
66.0,63.83700560618228
63.0,60.28883444101709
63.0,58.373113594712464
64.0,51.38764130561962
64.0,52.002165672457856
65.0,57.83352930702116
65.0,60.96959583753018
51.0,60.95875210620591
51.0,49.40771413588309
57.0,42.96802645730949
57.0,50.091601185545656
44.0,54.011632414561966
44.0,41.65960460720895
32.0,43.89612029683037
32.0,32.35582993171413
35.0,33.79334341964385
35.0,37.715201541525396
30.0,38.14094764796489
30.0,35.145035682039676
35.0,34.89290455733645
35.0,40.37552650679052
32.0,42.22883377032787
32.0,39.47600769110071
30.0,39.067870117201664
30.0,37.44066086262609
34.0,36.8696520060997
34.0,41.11714902283398
31.0,40.82487372344907
31.0,39.02663728138177
30.0,37.85890304325377
30.0,36.60935508586667
34.0,37.634751436884784
34.0,41.75904677849669
40.0,40.484060431916326
40.0,41.74914659641211
34.0,43.33428576515533
34.0,37.58994431448499
30.0,32.48468383593291
30.0,28.68408684002057
30.0,25.98618735436737
30.0,28.166730661837168
35.0,29.416677997152007
35.0,33.15952787752499
38.0,35.20752616084876
38.0,34.6930544195436
53.0,35.74966536128312
53.0,49.22396876972511
59.0,48.76056669862268
59.0,51.54883671839067
59.0,56.31469684947438
59.0,59.404273034463884
63.0,59.52703135994615
63.0,61.871935168262226
73.0,61.95751300089239
73.0,69.72937674181779
76.0,64.97220736767987
76.0,69.25642441872735
68.0,66.72493411090758
68.0,62.54707170255646
53.0,60.4890846125157
53.0,47.23271220719541
42.0,50.05266714371738
42.0,40.08510890506351
37.0,42.7209269443581
37.0,40.19242787618083
23.0,40.47166009736476
23.0,28.680787681417115
24.000002,30.04240641182045
24.000002,30.180946147759816
28.0,32.28390271103683
28.0,36.01420896983464
31.0,35.912485143231315
31.0,38.33553594369815
28.0,37.646199922717585
28.0,34.87229580227242
22.0,34.84886769886734
22.0,31.130701112685447
21.0,31.540553795694894
21.0,29.37019219255928
48.000004,31.199878743498875
48.000004,54.23725090370876
45.0,51.41272504280188
45.0,44.515249126635524
39.0,43.790144148049535
39.0,41.113475452915374
52.0,34.45820354019789
52.0,48.51593420784891
45.0,44.8564786408815
45.0,40.82779062742074
35.0,43.9635296963805
35.0,34.27029296654765
30.0,41.73617156929982
30.0,33.91687622196865
40.0,34.349326761384646
40.0,44.572306650521604
57.0,44.096468160740635
57.0,61.185481455868135
63.0,62.365395281798406
63.0,66.9043519532354
71.0,63.23076755854065
71.0,71.21747305533675
72.0,70.61800795324021
72.0,69.25569260520395
75.0,71.9859281611272
75.0,71.8062332211908
74.0,70.00595519043664
74.0,68.26222977329914
68.0,68.8368782633166
68.0,65.93515693281611
58.0,63.708170995497156
58.0,55.32677750076067
55.0,57.621406674644014
55.0,56.29374977245088
52.0,55.848933690196084
52.0,54.43249726730557
38.0,53.75284067213774
38.0,42.42856710267953
53.0,45.42495782076986
53.0,57.870840413356696
35.0,57.9375714629103
35.0,40.68583526061261
30.0,40.6609424115844
30.0,37.63937238354393
44.0,40.14776842341518
44.0,55.26179130427934
37.0,54.02957133722457
37.0,45.69791648518616
31.0,46.58258252843878
31.0,39.44874308901278
47.0,40.53353419244476
47.0,50.92716481569661
40.0,48.83730595102474
40.0,46.24066428957064
45.0,38.18409230287748
45.0,43.5355005459895
37.0,43.08830895682114
37.0,36.28725907756898
29.0,38.417963871553034
29.0,29.010150154459843
27.0,31.484971188181756
27.0,28.49810268218298
26.0,27.327497100632577
26.0,26.36335209544586
46.0,27.65970559638231
46.0,44.43337895382915
62.0,51.38209470458765
62.0,63.932847202185144
70.0,59.83396104101095
70.0,64.85614595263388
91.0,64.47362920910537
91.0,86.60409290483769
96.00001,86.03849754264623
96.00001,91.01442283076352
88.0,87.70509727390352
88.0,80.73982791118218
64.0,82.80968645659905
64.0,61.4553284637944
59.0,66.12565181211077
59.0,63.30787321890714
60.0,62.372950592443225
60.0,67.08207199670001
40.0,64.89621342266929
40.0,47.016932607770904
37.0,48.7440516578453
37.0,46.39707504457837
31.0,47.85167723354482
31.0,42.556844694084575
28.0,41.69324031530409
28.0,39.42894709074165
24.000002,39.727357955515636
24.000002,36.24645405684884
25.0,38.86163200286319
25.0,40.36764216206793
25.0,38.59299237287361
25.0,37.61718302219138
35.0,38.051380375825914
35.0,46.1778966543273
38.0,45.59339331000022
38.0,45.015279746878264
40.0,43.62374277935745
40.0,45.6395007376238
37.0,40.226092255537864
37.0,38.24124463775358
31.0,36.72940804472907
31.0,32.54641146619919
30.0,36.253846543859346
30.0,34.70612605528413
28.0,37.03492047325324
28.0,32.53253068635125
26.0,29.68781010915296
26.0,28.7139798428326
38.0,32.10799711992994
38.0,43.37084817990274
48.000004,43.611088262901646
48.000004,51.80426793458476
58.0,49.513897360444446
58.0,58.642654215876334
64.0,61.92599495175396
64.0,64.02483761538714
70.0,65.19671520758303
70.0,70.73272943121765
54.0,66.91073074761698
54.0,54.08832932730053
43.0,54.745777873310054
43.0,47.9695743533285
34.0,50.08216323941997
34.0,41.86242215520185
27.0,44.7594118205153
27.0,37.91355129615989
40.0,36.22583910249513
40.0,48.655084035105254
39.0,46.89946306217765
39.0,47.883629592255936
38.0,46.109112930696334
38.0,46.17088312898552
31.0,45.45930866240459
31.0,37.48298568311777
28.0,38.552440180923874
28.0,36.075374328280795
28.0,36.41818684507417
28.0,38.04298928399026
33.0,39.941301169740406
33.0,43.86429437735199
43.0,45.36231630806276
43.0,52.231767559598104
43.0,50.51164036922345
43.0,46.084560003515676
38.0,45.65027092661043
38.0,44.78079956435534
33.0,38.92186430785517
33.0,35.787026584784066
33.0,34.01848118269951
33.0,35.45112853373088
33.0,36.69940396093685
33.0,34.79189947439291
40.0,37.46958135875775
40.0,41.49163607599021
43.0,41.54392989709992
43.0,44.6808394413822
53.0,44.32574684730388
53.0,52.032433159791964
50.0,54.57534763519627
50.0,50.491537522589965
44.0,54.46949898305169
44.0,48.60900342674688
51.0,49.35366178565173
51.0,56.02340827167142
58.0,52.46315011443676
58.0,61.6521058468087
56.0,59.33082707782456
56.0,59.98845219891624
55.0,60.08194183117622
55.0,60.34451029319451
52.0,61.15741046477872
52.0,56.62089802062683
40.0,59.20769567322797
40.0,49.37346929270532
47.0,48.8903904449436
47.0,56.281642888348564
51.0,55.727759453895374
51.0,60.55982135570746
44.0,59.08415959517725
44.0,52.2536738959882
54.0,52.58983029242032
54.0,59.95543233173953
55.0,60.71469736162566
55.0,63.156376399826435
45.0,62.22478109291439
45.0,53.7546848948732
35.0,56.697113299164315
35.0,46.50040853193616
32.0,48.49513245140239
32.0,45.05820575764021
37.0,43.372381398695595
37.0,47.58085265976423
48.000004,45.957485786906176
48.000004,56.301699543356065
45.0,52.14953223420472
45.0,50.153409077896185
54.0,46.70193206518278
54.0,56.96226347854939
54.0,59.47958499848593
54.0,60.289047037606565
60.0,61.54626098695815
60.0,63.472890239886006
64.0,65.08508683718864
64.0,64.28942119397264
59.0,66.16198138742385
59.0,62.96256448065037
53.0,62.8652009619423
53.0,55.40909029049735
50.0,60.230571401096675
50.0,61.84547755682423
38.0,56.08367938346315
38.0,48.49191257201433
38.0,45.97501123329806
38.0,47.00964083286549
31.0,45.922578810355404
31.0,39.45798507624864
26.0,42.55905597175753
26.0,37.957910722076946
42.0,38.05511630972854
42.0,52.17473889045399
40.0,50.90338839691185
40.0,50.060641273960414
26.0,50.20129183722589
26.0,35.720198844609
28.0,38.999849929980854
28.0,40.61210596468808
41.0,40.91449152931242
41.0,54.57732698989526
31.0,52.06671190206757
31.0,44.12415545529193
28.0,44.94499142390634
28.0,41.54458406264625
24.000002,44.25232535990086
24.000002,39.76966208612551
35.0,39.90346818074158
35.0,50.03892236354244
32.0,48.813800464347345
32.0,45.99714882533395
43.0,45.41576458930393
43.0,53.21226230263678
51.0,52.64890438964986
51.0,59.019097018301885
46.0,56.526576967766864
46.0,52.46767755131806
54.0,51.83519576231005
54.0,60.238267851736055
52.0,63.0725292037935
52.0,61.739869225840735
45.0,61.79266169046259
45.0,54.98023326784036
48.000004,54.190039969210204
48.000004,52.22282177221453
38.0,56.756469823574236
38.0,49.82634468731544
55.0,47.08478462384069
55.0,62.35219986520808
33.0,58.082257251944355
33.0,42.6798388943779
53.0,40.13550996734608
53.0,60.7793805939735
55.0,60.21943304440237
55.0,58.343493575152436
52.0,61.35955974643802
52.0,56.1705324872556
59.0,63.409939589556785
59.0,68.46184118328078
58.0,65.54223460980914
58.0,65.322178336831
55.0,61.83151353313844
55.0,63.561617007579365
50.0,65.16298337210227
50.0,61.824449985617264
50.0,61.08958391937057
50.0,60.54329713085805
59.0,61.193383233796894
59.0,71.89459178854571
42.0,71.01855964642375
42.0,53.81986997889946
55.0,57.83036770355119
55.0,69.59823326112402
61.0,68.14267440504993
61.0,73.40677627293798
62.0,72.41789805025981
62.0,75.37195982247871
56.0,73.81284077792282
56.0,69.78655447373957
57.0,71.08337193874316
57.0,66.40409322375919
54.0,67.80648070367738
54.0,65.48274340466655
47.0,65.31069643725138
47.0,60.37862362580251
42.0,55.06614681231489
42.0,48.25775077977298
48.000004,54.4539867661501
48.000004,63.35776736201684
51.0,59.70198733829186
51.0,61.529109008406266
36.0,58.22684937481097
36.0,43.466855449456666
39.0,46.809078664024675
39.0,46.96090534557179
36.0,49.58078166671089
36.0,43.84410305969643
47.0,42.67913144603118
47.0,47.80868157959263
44.0,50.16936244904618
44.0,49.35078059506974
52.0,48.91401110050405
52.0,56.91955486665738
67.0,59.59528104829356
67.0,74.39762472004239
60.0,68.3163561436765
60.0,62.97084169729445
64.0,62.09214359869953
64.0,70.93057075398693
58.0,71.15949740662208
58.0,67.01812845651956
56.0,67.25799539281414
56.0,63.690085430594046
68.0,65.63126382544536
68.0,76.42491219960937
63.0,76.14161235007472
63.0,71.00950240640937
64.0,69.90301188879906
64.0,71.9171337061852
62.0,71.70184601513958
62.0,70.67160885837352
60.0,70.87208970161629
60.0,70.01372704045406
47.0,69.27887987557315
47.0,57.53522689292346
54.0,60.868321203391275
54.0,66.29021035513595
51.0,66.33775467080858
51.0,61.328664821710646
46.0,61.85160073099767
46.0,56.708238931421775
54.0,55.42564899966087
54.0,61.93704058141726
49.0,59.026214588199885
49.0,54.62886998409866
43.0,53.5236978423389
43.0,48.00761288627556
40.0,46.78169423298197
40.0,42.5333168243565
37.0,44.59728420373834
37.0,44.97367487869347
33.0,49.37404656864948
33.0,44.39417291417088
37.0,44.413712344468124
37.0,39.66838256526162
50.0,43.24608996063149
50.0,53.08281303158495
59.0,55.59456698766793
59.0,63.88793780220807
61.0,65.84145985978745
61.0,68.91826939728247
57.0,60.2219012814294
57.0,56.50888915524718
53.0,49.83305779445273
53.0,55.37903399201561
43.0,54.805542685187795
43.0,51.87178098383742
40.0,54.50277732193143
40.0,49.541698549484266
37.0,53.01986087168792
37.0,49.174944999006904
52.0,50.55852192385492
52.0,65.89735931261784
53.0,64.12682366619718
53.0,63.55274535645938
53.0,63.44655520795369
53.0,61.89200906018057
48.000004,62.57487701533247
48.000004,58.56171973389463
40.0,59.86757993198337
40.0,54.46227802492257
52.0,52.37758809173242
52.0,61.758826581992324
48.000004,63.18942470678905
48.000004,58.435583199404235
40.0,58.97218063662935
40.0,51.40795038494792
33.0,51.815981518364964
33.0,45.191911174961845
37.0,44.273542204665986
37.0,49.031169841222756
35.0,46.74777720815613
35.0,46.343825795323546
26.0,47.63230819355147
26.0,40.38230870931369
25.0,38.70075118235437
25.0,34.135214852501214
27.0,37.50820568103892
27.0,36.58509994359849
28.0,37.720795292619066
28.0,35.37836691091722
39.0,34.428082554821735
39.0,41.05693878906562
44.0,45.10667964413747
44.0,55.354919645629394
52.0,56.29976715686777
52.0,60.89925606989794
55.0,58.727819773722864
55.0,62.92709286916295
73.0,57.7112874463961
73.0,76.28435529506258
73.0,75.4803351385088
73.0,76.46154180076941
66.0,75.85416330494381
66.0,71.44137128961265
66.0,71.67564060785267
66.0,71.67378606061457
59.0,73.51531574654298
59.0,67.73675418121431
54.0,67.5740465252013
54.0,63.58927409467532
43.0,64.1476229173941
43.0,54.83279562632933
44.0,55.87400166099013
44.0,57.54752499987265
35.0,57.508459167934944
35.0,48.84682165860877
30.0,49.9211058330441
30.0,45.54553283513416
27.0,47.01033311135215
27.0,45.06312315607246
43.0,45.942777686401804
43.0,60.836852747294884
44.0,60.0783216662681
44.0,59.01961037024557
39.0,60.12025602692997
39.0,54.994696643179935
30.0,53.887102363571316
30.0,45.75745865234116
23.0,44.50863058042404
23.0,38.77572361352176
53.0,40.39638754547886
53.0,68.41977924905183
48.000004,66.18205063614603
48.000004,59.33032230775034
51.0,56.825047595521205
51.0,58.86728146534558
48.000004,58.19879636038076
48.000004,56.641573754010416
43.0,55.226313887501924
43.0,53.239919718726874
58.0,50.18822891542528
58.0,65.31671077444427
63.0,66.66595972658253
63.0,67.03347756410281
70.0,71.9993583622093
70.0,73.85158850805253
92.0,74.9000197255217
92.0,92.26442053279969
113.0,90.13092975495802
113.0,112.44205589742225
143.0,108.51816005263605
143.0,139.56493944008716
151.0,134.67398629564326
151.0,140.8110376778328
130.0,139.4821911966518
130.0,121.31731019182763
146.0,123.66226895322153
146.0,140.26506164925985
151.0,138.42912167860413
151.0,144.21141368342506
156.0,141.3733370197546
156.0,147.06103682424995
158.0,147.35215183330888
158.0,149.3430642363358
151.0,150.83466758786955
151.0,144.87583658295108
121.0,143.00772969022037
121.0,115.46417878340081
136.0,118.71964586449026
136.0,132.22875077631036
122.0,133.03490115904634
122.0,118.5876643699576
95.0,118.87361835617699
95.0,93.38757203413047
83.0,94.32590530093924
83.0,84.28047068993558
65.0,86.05940926595633
65.0,70.66178349768826
55.0,74.40434621593485
55.0,65.54863947082316
48.000004,69.03124032215277
48.000004,60.865113411973915
45.0,61.64718053000098
45.0,58.86090516086668
45.0,59.39986286905682
45.0,56.42417309209763
57.0,55.27844063081377
57.0,62.54728224313373
58.0,61.042521801076
58.0,58.31928166948271
63.0,65.05649870570501
63.0,73.14000896468863
57.0,70.29311229357702
57.0,63.222731076447715
50.0,55.9691491883192
50.0,52.9432313024388
50.0,55.343876963479474
50.0,62.66483068697473
43.0,61.06724646237289
43.0,55.05572458084943
54.0,57.03145233164391
54.0,65.85547012927806
56.0,67.37002621805948
56.0,67.04574399355337
51.0,67.65583794323288
51.0,64.84535304948726
59.0,64.86795202582799
59.0,73.22684732102887
61.0,71.79086409672597
61.0,73.87965808350361
58.0,72.29208516055226
58.0,69.2807724657738
62.0,70.84809965581829
62.0,75.32531029232628
75.0,73.51193313230291
75.0,84.77257369794151
83.0,83.10413288817934
83.0,90.72584849564646
85.0,89.0468895715543
85.0,90.12426802143109
99.0,91.69074039303676
99.0,103.90597616102691
95.0,98.22534988098279
95.0,94.83946576180793
78.0,96.32208377743197
78.0,79.50606899409988
77.0,83.34015145272447
77.0,80.62797879589041
81.0,85.07356461562735
81.0,93.53963018098432
83.0,87.73702790492945
83.0,91.23834054777751
77.0,91.11400568057084
77.0,83.94577254877935
92.0,89.07861630783394
92.0,99.30263189085642
100.0,100.29502679465514
100.0,103.7751096772888
81.0,103.97100527368768
81.0,86.08763767264414
80.0,82.47557480281343
80.0,77.95669891206126
72.0,81.68244954530631
72.0,77.02198454648041
53.0,74.63819448458919
53.0,60.691959271766166
52.0,63.32512522896612
52.0,60.97363144092231
32.0,63.47916481629999
32.0,44.389674983182594
33.0,42.49477856900388
33.0,47.277904846125246
31.0,48.84514387940641
31.0,49.73104528489332
32.0,46.9735092715425
32.0,46.975226434516536
30.0,48.405132120660774
30.0,49.85731471644923
28.0,46.49460829723085
28.0,46.943554278060255
24.000002,47.48098698552036
24.000002,44.64137949436891
53.0,45.29867225751499
53.0,68.66520976785637
58.0,64.62256840711693
58.0,68.34856276236683
60.0,69.12392049697488
60.0,72.9300347085189
52.0,69.22301505319837
52.0,57.98683766985124
56.0,62.128798297746975
56.0,62.958295575796484
58.0,63.816258476988814
58.0,63.62294626284662
45.0,69.68968499788416
45.0,58.22952713456337
35.0,59.770093031743585
35.0,50.99882457145059
43.0,50.57881776797226
43.0,58.85436393010717
42.0,57.40012768903849
42.0,56.333211903255744
46.0,54.034446635794026
46.0,56.17739907286714
52.0,54.90263006852913
52.0,57.26481730004843
59.0,62.17234831729849
59.0,67.22972519407753
64.0,63.85638506510955
64.0,64.98828963369283
60.0,62.97569532350334
60.0,60.851623082332786
61.0,63.42796144311781
61.0,68.4436478832231
60.0,66.17880319484227
60.0,66.07348606216121
55.0,69.51918309471657
55.0,66.62401201384604
58.0,66.9639307853585
58.0,71.17203963002288
30.0,71.34013463801662
30.0,44.54006392866804
48.000004,46.312827804405636
48.000004,67.75475536320238
41.0,64.7031299072782
41.0,56.355091280501256
31.0,53.98206239150666
31.0,48.052970253864814
34.0,49.2585856723232
34.0,54.82588427115039
59.0,51.39111259521333
59.0,76.94614842882267
54.0,73.80767791379348
54.0,66.45390887873556
69.0,70.32326490772147
69.0,82.86161026213126
64.0,82.1312388855551
64.0,75.00262585325413
60.0,72.24250285108215
60.0,66.61076035963382
60.0,64.41978839847437
60.0,64.26862924335926
58.0,68.4354631571006
58.0,69.33391111924902
67.0,68.55008333286901
67.0,73.77071879212687
72.0,72.8734569247348
72.0,74.46839306071946
64.0,79.87780747648497
64.0,71.62930604782895
56.0,72.33241879305376
56.0,62.668942129678356
55.0,62.463300427580165
55.0,60.26848722496283
59.0,64.65733624204304
59.0,69.73067348850338
62.0,65.86986579232432
62.0,67.07464116366701
55.0,65.86537025806398
55.0,62.970759379895966
46.0,59.605384666693844
46.0,51.854138859387085
48.000004,53.952295659138066
48.000004,59.21705327496363
43.0,58.0924990339353
43.0,53.92039849014033
51.0,56.560934884978195
51.0,61.25642557273192
44.0,63.765402499723365
44.0,57.65727720516046
40.0,57.91095142673888
40.0,56.291254656122504
61.0,54.397622767165004
61.0,75.95487050558567
63.0,74.5369775065727
63.0,76.71675818800907
72.0,76.43132478965985
72.0,82.63232611094048
68.0,81.02831203383204
68.0,76.95022578780754
83.0,76.28589922139908
83.0,91.93804502884576
85.0,88.61035990672273
85.0,90.13063239134732
82.0,90.33816018863878
82.0,87.34988299109983
73.0,85.62547988128972
73.0,77.84326771983407
74.0,79.50391921552605
74.0,79.85314053751951
66.0,83.06695404857682
66.0,74.37211876396873
61.0,78.13964358220751
61.0,72.20775381504339
59.0,71.73144360860465
59.0,66.77181371869837
70.0,68.38572286687123
70.0,77.05575751753958
61.0,82.73692287147351
61.0,69.7592859032555
72.0,68.57890439784562
72.0,76.73324083066775
60.0,74.40475556847638
60.0,66.40638909739845
71.0,64.20938663982476
71.0,83.19753598258865
80.0,69.10873261917759
80.0,80.08118705206607
86.0,80.7521908611715
86.0,85.71627457280368
82.0,89.0656679405246
82.0,82.05125749649461
77.0,85.97931036798764
77.0,82.05780271254237
58.0,81.75022462223956
30.0,67.88100460360712
46.0,45.54729338114293
40.0,63.021396980979276
28.0,58.268724668076736
24.000002,48.63062603364701
37.0,47.392289301935634
31.0,59.67286104044952
47.0,51.87445623080504
44.0,64.37275373025028
52.0,61.1523159508008
41.0,69.10487526991078
37.0,51.745545043807084
35.0,47.1642141837167
24.000002,43.86031103667661
22.0,38.948262437665605
40.0,40.283633307031316
37.0,51.540069387071775
35.0,48.566134549944735
30.0,50.923916226599914
54.0,48.519108635683104
47.0,59.845716800827006
36.0,58.44358575829135
51.0,45.05008149985344
28.0,67.04893025816347
45.0,40.43669364781761
43.0,58.91377169394909
47.0,57.04939803005305
42.0,55.825370904131205
57.0,57.57370328991644
31.0,68.75569275327092
52.0,47.15257878718975
57.0,69.70665777368302
50.0,70.39107276610851
39.0,61.243020883160895
34.0,48.665485784991276
40.0,46.74262098209086
43.0,57.352125653091676
38.0,51.196053124745085
44.0,45.596780536972695
45.0,59.29939649684443
45.0,56.95864947467343
45.0,50.02155709496165
41.0,57.521356268961945
38.0,52.02859515674477
29.0,49.272125683902665
20.0,37.38372648160207
14.0,32.42060071395468
24.000002,25.31419104871897
22.0,39.50255233589132
21.0,38.233635892137904
21.0,38.45215012856028
25.0,38.883609505783866
25.0,41.211205992266514
21.0,41.25284783930255
17.0,36.966608589332466
13.0,34.4656380677253
10.0,27.633423961690784
18.0,24.7035312813315
30.0,27.118863530173037
31.0,30.082168955875808
32.0,32.00613707805152
26.0,33.66499811971868
21.0,26.405468351820275
38.0,25.526532611899267
53.0,32.81987033283783
50.0,64.03354953102848
54.0,54.95419800534832
47.0,65.64002003580765
54.0,49.33868584576984
41.0,66.35290549617535
41.0,46.387683436191665
33.0,49.06276376049454
33.0,46.68298925527683
25.0,48.60708073042171
27.0,42.68510056841414
24.000002,42.147310671723716
45.0,38.99431460986901
45.0,62.703913447774774
48.000004,59.53404365598928
42.0,66.48785708032752
40.0,55.84125085171123
40.0,48.89712810622235
53.0,47.549696212591485
53.0,54.40552493642514
48.000004,55.475941472313735
45.0,51.298712529928444
47.0,40.593333088683636
45.0,47.30216459266773
33.0,45.59254022486822
27.0,34.54646381863215
30.0,32.33782709309034
36.0,35.892418436288615
35.0,43.031273599119004
25.0,43.8629272685043
29.0,32.75475445005573
31.0,40.85161123498363
26.0,44.58403455162087
25.0,38.779769454079684
31.0,42.166087543344396
38.0,46.2734900779781
46.0,52.64908739661191
54.0,62.329523515434595
54.0,67.0641983235066
45.0,69.31514498970326
39.0,60.21277057855435
34.0,53.241138638205285
29.0,43.438106383167565
29.0,36.09653982499368
27.0,37.136005906797976
30.0,37.693224551114895
32.0,39.44276423966071
35.0,47.36077101723056
55.0,47.03761281379844
64.0,64.70901948515142
71.0,70.09286128539776
67.0,75.50767934925102
72.0,73.28223191980655
68.0,75.31528478995435
45.0,72.3423197004578
39.0,50.49485370778553
28.0,48.04665508118107
18.0,41.675810759037645
25.0,36.52170682477432
25.0,43.954625721798884
25.0,43.40565830653752
21.0,45.35395449257125
29.0,41.506775090543776
33.0,48.68189158580499
29.0,52.31714327384986
31.0,44.01218191203015
38.0,44.27976567180344
36.0,48.03931853356599
35.0,45.269096925339234
44.0,41.695061586794814
51.0,50.62003837051108
58.0,58.044964943549424
80.0,62.99716272426549
67.0,91.29605906735114
61.0,71.07939740201589
57.0,68.90717025079852
60.0,56.74019020066761
55.0,66.92095330012958
52.0,65.59958557947873
59.0,59.026071507352505
54.0,68.61581194811903
43.0,63.16250860488857
32.0,52.86911391057019
47.0,44.21322396499015
15.0,59.552250863923405
37.0,31.69419808417884
23.0,55.11566684489653
18.0,39.73534392255839
19.0,35.231534090032405
28.0,33.519876910382884
28.0,39.6710536610599
25.0,37.125595710809264
23.0,38.122279025083
32.0,32.188586631193374
45.0,42.23340456463627
37.0,51.514165952835484
39.0,41.964516895504055
38.0,46.32702632446421
32.0,47.345363778156624
33.0,40.27628479986915
27.0,45.668122500659095
26.0,31.26394834169727
23.0,28.7869462181006
35.0,30.292505764848215
40.0,43.06809513345395
33.0,51.706993034078096
33.0,41.05791497515954
27.0,42.597308463212094
38.0,38.843497515724145
32.0,48.07011433035919
24.000002,42.37236837462233
27.0,35.745311289913346
24.000002,37.594834164278616
24.000002,33.033435572796265
23.0,33.27680004762162
24.000002,30.3856210621086
24.000002,22.93717783094607
29.0,30.530225982078452
27.0,37.26499776138702
24.000002,37.669420421590395
41.0,32.01294955664971
29.0,49.791162328095176
12.000001,36.938577279882864
10.0,20.330343585941648
34.0,25.051908368317775
36.0,48.3104725156286
30.0,50.91529752624321
38.0,44.96443478528297
35.0,49.53343122948507
36.0,49.95053468248247
35.0,50.87780593512566
25.0,48.963823640289405
31.0,41.084615864233236
26.0,49.85089127529667
21.0,38.190218928176755
27.0,35.583594221130866
30.0,38.44339964498787
25.0,40.77133548597733
25.0,32.26287291727317
25.0,28.76683940679653
25.0,31.90238518341107
23.0,29.63136093613104
30.0,18.912067512302574
40.0,36.25231077837178
60.0,46.78583243811065
51.0,69.42342367635288
48.000004,48.35887601317182
45.0,56.77591324657963
35.0,43.78765427726751
25.0,36.18796131777279
35.0,26.505096618413088
39.0,39.43391920075421
51.0,46.96810125192949
33.0,51.38516080304466
35.0,37.01208298356323
30.0,39.29747159354424
34.0,36.40815501898801
31.0,42.51812846768707
30.0,38.88158496122106
28.0,38.60645131888424
22.0,33.13727304327726
21.0,25.871702827295053
23.0,21.48504958180583
20.0,17.031676385653654
18.0,16.780303006110806
19.0,13.694142957149124
20.0,16.837242814917126
31.0,25.002159883530904
32.0,26.888861228368725
45.0,34.21188219220198
60.0,42.59528961672221
56.0,53.75100842032804
64.0,51.8965643128923
46.0,56.96889893927466
42.0,44.29907123936618
27.0,41.77456199622786
20.0,29.99551752730894
20.0,24.991202970604444
23.0,25.975079414167993
26.0,29.39396870162459
23.0,33.280394520780135
18.0,32.2195156787389
46.0,25.956619275391002
33.0,50.872375249742426
31.0,36.451507802482446
32.0,31.9928353890502
33.0,29.47076658655539
29.0,25.34976751433318
27.0,20.554562967140676
28.0,21.52517475998668
39.0,26.688715393040315
54.0,40.551487729544725
57.0,51.76779525370196
39.0,53.63523223633561
51.0,41.30374500606153
58.0,55.432279215697086
47.0,62.61381096170801
36.0,53.23415104732226
41.0,42.86768349711851
37.0,47.40603049276408
58.0,47.1266647787405
26.0,65.67541772119606
30.0,33.913175819716365
27.0,37.07924768977719
22.0,37.93791003244812
19.0,34.984990580674335
30.0,34.261783427947435
28.0,43.65413541915738
30.0,37.34161903267588
36.0,38.69854315002089
45.0,42.24407653875244
41.0,49.00811184207073
39.0,45.52018401144157
40.0,43.549686824908065
37.0,42.19060491423835
31.0,45.37204864268512
40.0,38.0336512073259
56.0,54.72026587547203
46.0,70.50249629451899
40.0,50.06124217254709
45.0,44.66777524500998
37.0,51.518617142874156
45.0,49.794019698788595
41.0,49.194440709874186
41.0,43.79368370791146
39.0,47.68486282800953
40.0,47.01216429555928
45.0,47.38273830599859
45.0,51.13212544133714
47.0,54.85480378071288
47.0,55.405199585187226
50.0,57.4591164551572
50.0,60.04583181474744
47.0,61.62512806990719
41.0,57.64123638502741
58.0,49.55922315838657
64.0,66.75288473993331
59.0,66.77140839002216
53.0,64.38866972649446
42.0,57.89985917390181
38.0,46.21570047391546
29.0,48.819815443421945
33.0,42.43161261392261
29.0,52.81795582024017
31.0,43.3758767154167
24.000002,43.1286486435937
18.0,38.52855496030373
9.0,32.31984138422642
10.0,24.85979466392315
11.0,31.700552336440943
3.0000002,31.486870700663804
27.0,27.302616705001444
36.0,47.427200825544475
22.0,54.826619289060574
32.0,39.87821162844524
22.0,49.87959783258054
25.0,36.96652561980534
35.0,42.794914143006984
36.0,48.52948387681004
33.0,44.430423009616305
33.0,39.25123299032356
33.0,37.3096635532227
25.0,42.09373356218085
29.0,35.58932030605655
37.0,40.4559568726323
58.0,43.98894530798496
54.0,66.77963256806274
39.0,57.25927655801789
28.0,46.56503812266225
24.000002,40.10517020280349
18.0,36.47186275610859
18.0,29.148025634150937
19.0,32.18386957545981
22.0,34.3570174495307
21.0,40.25066330959864
23.0,40.45372498825366
20.0,41.84163758252634
26.0,41.104177450441085
21.0,47.726744590914706
10.0,42.70590256637686
18.0,31.640961477010237
30.0,40.53836467886273
42.0,49.90391795345287
52.0,56.49698921132352
54.0,67.05895992950927
55.0,65.59824157179115
53.0,64.78545652961851
58.0,61.150078911609306
64.0,60.0665803381739
66.0,74.25842287390246
66.0,74.70228231118702
76.0,75.29495005038086
60.0,81.40369846933777
64.0,64.02436409477907
60.0,63.95121152286586
68.0,62.94586950700723
60.0,73.39251821717087
70.0,67.73743469870149
65.0,79.27746473624204
70.0,75.10137358190163
75.0,80.48904253771606
75.0,84.66184315415559
84.0,84.0882706059972
64.0,93.10299617886434
62.0,74.08634174264591
61.0,71.5004751364105
57.0,72.21814719101589
54.0,68.72844097122929
52.0,70.2384824205022
57.0,68.94099873182866
55.0,68.59452636642732
50.0,68.10049093721913
58.0,63.29442761770156
45.0,75.60623631843694
45.0,58.17974861485913
45.0,64.13096730810189
54.0,57.796734389500955
53.0,67.35344471877337
70.0,63.27735379208796
59.0,79.17345445269089
60.0,68.12746168903564
60.0,72.94204021003262
55.0,69.27950063005709
60.0,66.88476970554433
61.0,67.64260515886778
62.0,72.04194898535484
58.0,70.75008415705344
72.0,68.50907303337937
75.0,79.4956680382978
76.0,80.50962746817883
78.0,79.62975707185062
65.0,74.95038379596375
58.0,69.3142972981799
54.0,65.81816413104794
49.0,59.76978692332323
56.0,61.612163987765484
64.0,61.0993830181346
66.0,73.02899326626
44.0,80.54900617313389
52.0,61.411042120511304
52.0,60.120052371432166
53.0,57.865247826571775
66.0,62.269694566457
56.0,75.47831539234885
69.0,59.52727612109517
41.0,76.57547140808576
39.0,52.26102701087271
38.0,46.99943231419067
51.0,49.99583407850346
31.0,63.57137485000898
38.0,45.64509089294395
36.0,53.899823756755644
39.0,51.67313004582511
46.0,55.89141905567856
52.0,60.4851456869363
55.0,62.29023159172751
56.0,62.66300121450229
57.0,59.90004017359718
59.0,57.896995758893915
60.0,65.85889497914513
58.0,65.5220088227762
59.0,65.24259491577051
55.0,64.1753770297562
49.0,58.66980004925021
59.0,54.171985756718165
45.0,66.3172969197649
31.0,57.212538833235165
49.0,43.06084022210397
43.0,62.55935736085187
46.0,56.24085251494745
38.0,62.4406695293713
48.000004,54.346114492381254
40.0,64.58232998979905
28.0,57.73495713172093
50.0,47.23904656664937
25.0,66.55705832768393
41.0,44.36404387154127
43.0,56.600276041368225
47.0,53.44742221608738
42.0,51.7644362571037
40.0,48.447517328803535
36.0,42.92261922531656
30.0,36.13850856104107
32.0,28.921372648840666
35.0,44.59259615182493
30.0,54.27626836756179
33.0,41.56845403215734
35.0,44.18282742424932
32.0,38.29544536694689
30.0,43.917543943473845
44.0,34.63394629550786
33.0,58.69692478229546
27.0,53.61409490508972
30.0,42.125686103284664
51.0,45.55798682354577
23.0,63.183891441272216
30.0,40.84193506341299
34.0,50.19697674675515
50.0,55.52835967292358
44.0,70.83767478041001
43.0,60.430841075266635
34.0,57.57423854070907
29.0,45.9290246565725
27.0,40.15503550911545
26.0,37.79057020683962
30.0,36.74381686543947
25.0,36.68897090518041
40.0,35.15593062850061
38.0,54.39941021218715
46.0,57.90803081047901
46.0,56.9473773534695
44.0,56.81716241479351
49.0,55.03093478649572
49.0,57.33865438216528
39.0,52.88113693745829
56.0,49.19559490376198
37.0,70.3992143978406
53.0,51.160124742887284
23.0,64.27623256900111
24.000002,38.981293345674175
30.0,42.71131700549786
32.0,49.57714588152755
54.0,51.86359058495414
42.0,71.38986576242746
31.0,57.45872562568773
34.0,43.74262338137778
44.0,47.22094903039302
39.0,51.794126911496036
36.0,46.7070591512911
41.0,42.70978493895438
52.0,55.857565342453
53.0,57.08414943789722
52.0,68.98650967200712
52.0,58.09967885448133
54.0,64.8106548858316
53.0,55.55449929594633
52.0,61.57315181862782
49.0,62.898778624122315
51.0,53.73314389531261
59.0,63.779655503464866
54.0,66.64744139687016
42.0,63.01313085620972
57.0,53.643512123622415
61.0,68.66109821107698
53.0,71.82975140829654
52.0,65.5971892930134
52.0,63.161820293231344
62.0,60.03683933258163
55.0,71.75862823614008
53.0,62.4727502013731
42.0,58.27156991131371
27.0,44.009174929714526
20.0,29.705268042473058
16.0,24.582547236076177
33.0,23.330593331601946
43.0,39.81236548672635
47.0,52.52297092443702
52.0,55.12326661723451
62.0,58.570705065855265
65.0,68.01508494155529
64.0,70.87412754039559
67.0,69.87271404005965
67.0,68.96888953143936
64.0,70.65353402051934
63.0,69.22751248977603
67.0,68.46926350250662
48.000004,71.76141114120344
43.0,55.99882665571562
40.0,51.26223801572222
43.0,50.97171886253905
44.0,55.85030716261982
49.0,57.73024723580129
39.0,60.50928498974586
34.0,49.774146260134984
36.0,45.558028262818546
32.0,44.462146201706766
30.0,42.1355631723378
30.0,39.762434064526325
41.0,40.27099296308034
56.0,50.37532922706034
40.0,68.62388406749493
41.0,49.34475320614923
35.0,55.47022275195541
36.0,48.241679351741766
43.0,51.42284277111257
36.0,53.87507720396186
58.0,48.104332459226725
48.000004,70.66413413149661
39.0,58.710793212501336
28.0,50.87834544694078
30.0,42.623313555723094
51.0,46.276791400259086
51.0,65.92975210255878
36.0,66.29897063942119
44.0,51.35260054688106
40.0,59.818826153725
41.0,51.29883937144166
33.0,50.36019211859424
37.0,41.56250060108367
33.0,42.32649190224662
31.0,39.98567582890477
47.0,37.6791616109468
44.0,55.44773096484507
47.0,48.92849642671559
48.000004,46.26414446136165
52.0,60.08242442052266
53.0,61.28335009237902
70.0,62.25846961081586
58.0,76.51930239515085
52.0,67.09681618069786
39.0,53.13440593756753
38.0,42.213582771031746
31.0,48.98077870332585
34.0,45.76285553192207
32.0,51.23075048980243
51.0,43.84789774287795
17.0,64.9116468171381
64.0,33.64726577717746
69.0,79.2667313693384
74.0,79.52945226655477
76.0,82.98130540293562
68.0,82.33566743164066
65.0,72.10794134263868
64.0,67.4773907265515
64.0,70.1173407594912
58.0,68.68746572587149
47.0,65.88664716112677
30.0,54.089863910220714
48.000004,42.4165078008821
30.0,63.22012832764573
52.0,51.50856771660963
79.0,68.76297819735137
80.0,89.61323285881788
81.0,88.71079831843203
75.0,82.74546153428572
72.0,81.99341162742832
62.0,79.89916309106083
64.0,70.87691616407362
64.0,72.76020429889027
63.0,71.80969647727768
66.0,74.64863354745866
62.0,75.16089225862072
66.0,72.67569512204047
61.0,78.92456117916129
56.0,70.73521896762945
49.0,64.56170797788536
45.0,55.03193969552465
53.0,47.847294674579146
55.0,57.274571911909
50.0,57.50535478950842
54.0,56.89649995381893
54.0,60.369684857816466
56.0,60.25925720441352
55.0,63.5981128015555
54.0,63.38075473509901
54.0,58.98903843005489
59.0,60.18890832812877
57.0,66.3652798843784
59.0,65.36702814225752
60.0,67.7355114188475
63.0,68.14941792772956
59.0,71.29945556145006
60.0,69.54671990173715
61.0,69.24165769300376
67.0,74.40766214158614
65.0,80.08204125819299
69.0,77.06005606840927
79.0,79.7849515197457
79.0,86.7095077775047
73.0,87.34864725969167
61.0,78.7275309145236
64.0,66.67086487424451
66.0,72.64659758238551
69.0,74.4763623952338
78.0,76.25342242764388
81.0,84.54558750554222
77.0,84.64802789619222
76.0,87.11488042748245
68.0,86.34962037670938
68.0,80.32550867215247
75.0,70.96404923047578
64.0,81.63313737138893
64.0,64.5097432229126
53.0,69.4397167188919
42.0,65.63929357479233
46.0,51.42646047341451
48.000004,60.4012907831872
51.0,61.97158535429221
63.0,65.33749785851259
61.0,78.55426542764397
78.0,72.7094465920161
87.0,86.97248416096902
81.0,93.68102476392224
75.0,86.47886894311247
75.0,79.3336276997856
72.0,76.17376251823109
71.0,77.71770626110892
70.0,75.16362891054332
60.0,72.38413367302296
62.0,69.3708436166984
67.0,69.22626037335168
60.0,74.62204993793374
69.0,75.11674370218023
61.0,85.45837203685228
60.0,70.34172853076454
40.0,70.72685791427108
47.0,49.50638603901216
42.0,61.195853197834055
40.0,57.07931707884994
51.0,54.60200530091822
46.0,68.10679509065271
31.0,62.73158890589121
32.0,52.753619620635206
30.0,52.383223481559824
25.0,46.53123812232352
21.0,45.970805858072374
31.0,45.52490239979339
47.0,56.489826570875515
44.0,63.507527041290146
49.0,50.24516199900961
52.0,65.43601500034165
59.0,67.52689071153996
54.0,69.74563188779642
60.0,65.05673393560703
65.0,68.63718926291142
63.0,68.96401272098065
62.0,76.63629409315284
63.0,71.86031048355714
63.0,72.12176602313654
59.0,69.34407102225055
54.0,60.67784107831573
64.0,57.19885047646072
68.0,72.79107227830958
64.0,82.17666680706172
61.0,73.72562393237696
62.0,71.78168069651674
64.0,74.52384887166835
68.0,73.63016030612279
71.0,78.54101829762453
70.0,81.17282726433778
70.0,83.84454810254279
79.0,81.94690596677809
84.0,85.85177106567721
83.0,87.34508229515265
83.0,87.06940991780057
74.0,89.81352233848506
71.0,79.14872816048738
47.0,76.6596222273173
67.0,51.98704720468363
81.0,80.61017881452676
94.0,89.91845411586475
67.0,102.13715521255645
60.0,70.04301150356095
52.0,64.34078212763939
52.0,58.37927614369002
48.000004,63.77024916047835
38.0,61.51781623449838
44.0,55.39037464812081
54.0,63.48844895393136
54.0,70.52663492828769
63.0,68.96642555753924
103.0,77.5508664032872
83.0,115.80656337258957
80.0,94.43734971483333
73.0,89.91138953101299
76.0,78.53372783557161
77.0,79.7731002033286
79.0,77.45141691552332
79.0,85.17424058911566
63.0,84.134858403763
54.0,69.51345705988307
51.0,57.590369685321534
46.0,56.56270328973975
53.0,57.9749477871924
48.000004,62.937005759119025
40.0,60.59071041702368
30.0,51.11876729641619
21.0,39.87293050427015
33.0,34.36810642077008
35.0,48.68774828694572
40.0,52.187047551567275
43.0,57.444176791101256
51.0,61.67042894119269
60.0,68.53526125878689
80.0,75.22278910449548
57.0,93.01437369076922
72.0,68.38413977213156
54.0,87.2924301760686
53.0,65.04168502786327
55.0,65.70068124049429
66.0,65.89321535613577
61.0,80.94431574055207
59.0,76.07193675992109
62.0,67.50410551973476
70.0,72.07750902485418
75.0,76.58598506008762
75.0,81.81725902144838
67.0,87.4091449319663
63.0,69.9600628285745
64.0,74.63295119413549
68.0,72.45430780789378
68.0,78.4228640552698
71.0,80.49677684021563
67.0,84.5352586806943
76.0,77.05656266082073
70.0,87.67457035855448
69.0,79.13557665159242
66.0,83.45596849084629
73.0,85.31694039448641
75.0,89.62389432579928
81.0,86.86765497876571
84.0,93.04541279170836
97.0,90.97861952133206
101.0,99.0605478667262
97.0,99.51749657119532
95.0,94.45267824899713
94.0,94.31689702284858
91.0,91.79440866867739
90.0,86.81479667968684
87.0,83.85309688142071
89.0,82.96808236039041
96.00001,88.20815832522867
109.0,96.30012875392337
78.0,106.59339385372189
62.0,79.63662230855188
63.0,66.58880633123611
56.0,70.25821708966743
53.0,65.57472134119507
70.0,66.68751059499208
62.0,85.14997180148963
62.0,77.76003699139358
63.0,75.42204020585908
55.0,76.32832303059142
52.0,71.92409386245585
48.000004,71.88691600094573
58.0,64.63783460123418
58.0,73.69179727020747
62.0,73.34706497082178
75.0,71.86066660304894
84.0,79.64505956733231
80.0,84.54287863315375
78.0,78.8028155796176
58.0,76.74919216481985
61.0,56.339147466505835
66.0,64.31270767703145
56.0,69.69420798749883
63.0,62.58639372059079
83.0,67.82724926744334
83.0,89.65854799395115
79.0,87.21693827904672
86.0,83.81384855807715
93.0,86.67226658163251
81.0,94.7306980965796
71.0,85.0773255974761
69.0,75.3939853289687
74.0,75.96504444734111
77.0,81.31929324494278
80.0,84.50450659672768
72.0,86.66145661359585
68.0,77.51295600024233
66.0,74.57124916373745
59.0,71.2090077360422
59.0,62.89495840250977
47.0,56.243372970672425
42.0,47.199397704845794
42.0,48.601109680645905
41.0,52.245818422991036
34.0,48.61113648230289
31.0,38.3036712066085
53.0,41.96845668066583
59.0,59.35138803608183
81.0,69.01336795165297
74.0,80.58717147656267
145.0,79.66932964130152
95.0,134.35830530369194
69.0,80.70655768232152
58.0,64.04742043324444
57.0,55.11357217913235
50.0,62.73681641775017
57.0,53.34151610293095
46.0,62.153337491136
38.0,51.8018859393702
72.0,49.06843464002682
122.0,76.47178601310341
87.0,118.24959587160184
71.0,83.27629250025991
59.0,64.84273225559772
47.0,49.290689064833764
36.0,40.79460055920467
30.0,32.761485911902774
23.0,31.11273324147871
20.0,26.957231880909255
20.0,24.485761147706523
80.0,26.844079509203606
81.0,86.49061373080953
83.0,87.15598090362349
81.0,91.43925724336013
83.0,85.15549397005017
86.0,88.82892524966154
88.0,89.48595019191531
97.0,91.350905757971
95.0,103.8348827430183
91.0,101.73825576923232
89.0,93.97723224638584
75.0,91.5980135985403
79.0,77.3550228128013
68.0,86.32911692677548
61.0,75.90714887968801
54.0,70.17055271676054
53.0,65.35872615487526
48.000004,62.32512775443255
37.0,66.84496655560788
31.0,57.93905648780257
30.0,52.664018578743296
42.0,46.481857440442795
55.0,64.25692176804391
97.0,67.41748465264897
122.0,106.5637408561495
122.0,125.65377073832595
98.0,123.37175540554364
84.0,100.40635280722044
71.0,87.57913821213195
80.0,80.46416735444618
79.0,90.19496144704355
79.0,89.2057083332157
76.0,91.30889432777703
72.0,84.98239670236492
64.0,78.16649801411793
58.0,70.60484407948708
56.0,66.7590030164831
55.0,73.73456797693396
54.0,72.19380992248057
52.0,69.21947798754326
54.0,67.35205197977004
53.0,73.69404174389433
52.0,69.75070128664512
53.0,68.93845979124148
56.0,72.56483420484184
57.0,73.12308982075676
59.0,67.87224817306014
77.0,68.31730319889782
78.0,87.83026382232876
86.0,89.1874278412121
87.0,95.03949448748082
90.0,94.61660720995413
105.0,100.0940729183235
111.0,113.66189520811096
98.0,118.79161242164736
101.0,99.90262200879845
113.0,108.2688947053086
93.0,112.32396717557086
88.0,93.21170613446394
94.0,88.4867456187595
93.0,90.62207094388695
85.0,97.89991798531287
81.0,85.6096139725267
74.0,84.4991719643297
61.0,77.4011175077292
65.0,71.27678382211255
60.0,74.02079310543043
52.0,75.1309727916699
41.0,72.2522075593628
37.0,58.51643302190906
53.0,61.02258052280965
56.0,70.95947831740648
59.0,68.97063542017906
65.0,70.82053576898845
113.0,83.3981232443811
136.0,130.5634800564849
110.0,139.0882604704026
91.0,114.82594901895037
90.0,92.38094326855656
89.0,95.31568829640736
86.0,96.21399013910812
83.0,91.58745819503682
79.0,88.90471356365568
74.0,80.60358483936639
67.0,78.16217031810697
59.0,72.03747183861957
58.0,72.50458009879938
54.0,76.7982228256402
59.0,67.82728976348203
43.0,73.92938925816314
38.0,62.24415965587329
51.0,58.34704347766608
52.0,75.97739039882718
61.0,73.67014028984894
79.0,71.97647023707403
97.0,96.50457797829412
109.0,105.54052343514267
96.00001,117.86917010380117
88.0,98.51173661105135
92.0,91.02646907169151
87.0,102.12723590599639
80.0,92.50034279427503
71.0,89.11974216536002
72.0,81.80484269450284
71.0,84.22904764226915
79.0,79.58196556673286
85.0,85.89159058459171
90.0,90.36857056760367
87.0,90.70145724143869
68.0,95.29751356763187
58.0,78.3484905621651
56.0,66.87715916407693
47.0,59.53200296821801
48.000004,52.553879346442876
55.0,60.343669485806224
58.0,76.00223407627071
59.0,72.26986173413552
66.0,72.5905943943756
72.0,76.60382457137611
71.0,77.3959012118147
65.0,79.5955898252069
65.0,68.11995738530501
68.0,77.12689577035333
66.0,78.21526609827603
68.0,78.08576761878543
71.0,78.58357164062251
70.0,81.49004407203142
72.0,74.48666466740309
74.0,77.64703267998607
75.0,77.01725530569435
78.0,74.273769872279
70.0,76.61164932218445
66.0,65.48280982418522
55.0,65.04926370123071
50.0,51.7261731554398
54.0,48.0090272671395
54.0,60.29444813944952
62.0,62.23653275297143
67.0,66.62871068748831
89.0,73.8922838473955
93.0,91.51894972615956
93.0,94.74763317737342
89.0,98.43379106485948
91.0,91.14571849778315
90.0,98.3789152416917
101.0,94.17400212694358
110.0,103.19860945686932
121.0,109.54700747581983
108.0,121.44560332980203
120.0,105.16637373295701
107.0,114.89835844262593
89.0,97.94081184612735
81.0,89.01635621757693
82.0,82.30890198442647
83.0,82.77782853177297
81.0,85.47078611190608
66.0,76.63004328632128
58.0,66.39894663066791
58.0,60.22232239255554
62.0,64.09131917852527
56.0,72.06411225826643
61.0,68.62667024468689
77.0,74.9772675888719
88.0,85.96838551517754
76.0,97.91186574038016
83.0,84.65227866326195
80.0,90.9991983959176
71.0,85.07050776547659
64.0,81.35096135441758
64.0,76.09618598040794
73.0,80.62860781492785
71.0,88.69870783009667
70.0,84.35052223046442
65.0,83.70708051328596
66.0,78.99049716962644
79.0,78.74141484196512
65.0,88.88938900010127
66.0,73.89768490444973
64.0,73.28107741249765
59.0,69.5804417794619
56.0,63.035798699309915
54.0,64.80621838286727
58.0,61.89837771783017
46.0,64.95487231752573
44.0,53.71730659847027
51.0,50.46033954985268
51.0,59.16097416443526
57.0,60.405241896963226
56.0,67.9663076512639
60.0,64.96524505250956
59.0,67.48222798251955
55.0,63.7897838631307
50.0,56.31472820673386
40.0,54.5431773484402
28.0,49.1876945297301
22.0,40.42552153213192
21.0,40.54833164389188
23.0,40.78322090071216
26.0,43.885600970466236
46.0,46.835742767475175
60.0,65.07755279110417
63.0,73.5466759294095
62.0,73.2969801051595
60.0,69.07747636231569
71.0,64.27715308523972
80.0,78.27151797071744
77.0,79.7375969892005
69.0,78.36004656645999
63.0,68.0587084537774
60.0,70.07107830783387
63.0,73.27393984882721
61.0,70.67203333685207
61.0,76.24759796970295
65.0,69.06153894686162
58.0,74.31745705266766
60.0,63.977924460983026
55.0,71.29066787412974
63.0,74.4860826524662
80.0,82.58243392611905
87.0,91.8878267387332
91.0,99.20653108458882
103.0,100.28316826498575
106.0,110.12977871434776
99.0,109.31438532826196
98.0,102.99563260941252
99.0,103.27542394765993
93.0,109.35687545735766
77.0,86.61252153845815
78.0,72.30528990981536
78.0,80.84870869010315
72.0,80.64725350061643
64.0,70.07823638381029
60.0,64.99103372354715
58.0,61.563764895544374
55.0,68.20542202081461
60.0,65.32383696539709
63.0,66.71008079211616
67.0,70.8764041209824
62.0,72.703767679098
60.0,67.00232644318486
60.0,68.7611890636189
63.0,70.57953596349273
62.0,75.00727957637382
59.0,72.8937706316479
54.0,71.51939145400449
59.0,67.92078480673379
73.0,73.42286383348035
75.0,87.29147503614993
78.0,87.83802958042702
80.0,88.86418466078761
73.0,87.92724972313307
68.0,79.0339122448996
65.0,73.60895485644208
63.0,78.37494884383432
62.0,74.65851408851319
60.0,75.05372374548018
59.0,68.21217019956313
61.0,72.6315132021516
58.0,76.13937954781969
54.0,69.11092587329843
61.0,64.08907220325152
63.0,73.48054338474853
67.0,78.37735609873398
66.0,73.62549613937726
70.0,75.53979348153048
64.0,79.22478716760341
72.0,77.03688788175674
73.0,84.15962263053962
77.0,86.5571761101021
86.0,92.0165358394528
111.0,98.46658166716719
142.0,120.50988541957068
154.0,144.95915288690324
152.0,152.2998644320197
131.0,147.84501006189734
122.0,123.10246321810139
101.0,113.70245318336045
91.0,98.51333408927749
77.0,89.86979969555871
72.0,82.86014818567527
67.0,77.1861129067324
61.0,73.98637760871917
59.0,77.5025593025501
61.0,74.40232853902423
65.0,78.70353143220835
61.0,74.35100693671508
67.0,74.51381364214186
59.0,78.62736235002147
68.0,70.79313715927412
78.0,80.81004892880165
80.0,88.86187602332436
81.0,87.81042715690565
71.0,83.31967830710671
75.0,74.69616942101553
76.0,82.24323836325507
70.0,81.3412487661944
71.0,77.99390935740045
74.0,80.89718754580542
71.0,83.0554554447531
59.0,78.42816113295882
50.0,69.4185671477118
52.0,60.73272337290428
61.0,62.329262011372364
62.0,72.26362641347697
69.0,72.23112726302202
58.0,79.32679054747963
80.0,68.74802789489401
68.0,90.94747057340585
72.0,74.41585086569862
89.0,81.96686504926822
66.0,98.52320190171392
69.0,77.81667640581374
95.0,79.37409002490236
101.0,101.79997353183862
92.0,103.70341401257346
85.0,95.59436330962113
81.0,87.65450920130098
79.0,83.06229825483638
79.0,87.2125039254207
75.0,85.52203973288053
72.0,83.49339420348636
68.0,78.81692615670273
69.0,76.7918390891511
62.0,80.91080835952341
57.0,75.62409390376565
55.0,73.23599592759236
70.0,69.50117389039151
72.0,81.89086418246328
77.0,76.11228711244763
67.0,82.31764679825609
74.0,73.64657046178289
64.0,82.50456120344903
70.0,72.25630083856299
71.0,80.01413913299099
80.0,82.1084191082671
85.0,88.97268653123085
77.0,89.9807246396964
65.0,82.43050666973235
63.0,70.81478680395955
50.0,70.28732480715864
41.0,55.60272888595925
50.0,44.91375397587925
53.0,55.101991361249354
33.0,55.22450019101642
25.0,42.70109854209487
33.0,34.42245491695823
33.0,45.507120450845925
52.0,46.4847648019864
51.0,67.96964790350265
57.0,57.54143934280795
57.0,68.00468164242604
62.0,67.76627836478218
63.0,72.85740279853542
61.0,72.18355342877004
59.0,72.861476769496
93.0,70.80177903207449
122.0,104.23581028504724
111.0,125.7892556462743
113.0,110.87228135655218
114.0,115.484445779904
112.0,112.37657243823942
96.00001,110.86400397816273
108.0,100.69361609320418
137.0,102.54812067778342
133.0,135.06772255043632
125.0,126.53858123299594
121.0,119.10067099840853
102.0,117.52819559937623
84.0,104.58090289097481
92.0,89.86341125476092
94.0,97.56399809403506
102.0,98.34431035766958
130.0,106.93612463974955
127.0,133.19264699641082
111.0,124.39586426818711
115.0,111.67380797268802
107.0,113.71124096638297
102.0,104.53844389746875
101.0,99.54580688940617
113.0,100.99170418429466
89.0,112.05306439057549
85.0,93.95556421722601
74.0,90.97860695618742
80.0,80.17731775269309
73.0,89.91484830003891
84.0,84.21842133322437
90.0,93.64612186741728
94.0,97.32643714550431
80.0,95.15294462293188
71.0,76.90599040879941
61.0,74.34305988848406
56.0,67.47127608216377
52.0,61.59538465199923
51.0,57.94505294412208
59.0,58.14908802242723
63.0,72.05408071027962
66.0,71.1065877896751
63.0,74.72190930628497
57.0,70.63748002039553
54.0,66.05723528055432
56.0,65.75663416891048
68.0,68.23577992311495
68.0,77.99709086679212
62.0,80.40569896676307
79.0,81.12068095628948
78.0,88.41030474417603
85.0,89.7997899234757
100.0,96.01841453239348
104.0,106.14156425506951
93.0,109.3502747194106
95.0,96.05085168117984
103.0,100.30737254622287
95.0,107.3277422927293
94.0,100.5872946358971
93.0,94.46729105863255
93.0,94.76479312849247
93.0,96.75965347536237
79.0,93.5821874889542
56.0,84.09250892222838
56.0,74.14316363155504
55.0,64.29178155155738
52.0,76.01155465263878
49.0,59.31247504946317
79.0,60.341659368209115
68.0,91.27042572752592
68.0,70.08695381853107
71.0,81.5084805724597
64.0,78.49201507460556
59.0,74.86092115759145
68.0,71.1320187486232
68.0,77.204172245147
68.0,76.50024622106336
75.0,80.26479268001611
77.0,85.04610100923826
76.0,88.19796464262649
75.0,90.05974388780284
65.0,81.87725813253134
57.0,69.8624790697525
53.0,66.30823459887876
48.000004,62.55906645137388
47.0,59.27510878708265
48.000004,55.86472471505015
52.0,52.84791134506492
48.000004,69.23436958032848
55.0,64.75141437599827
50.0,71.95236262608688
54.0,67.02530767404548
61.0,67.52200238156668
55.0,68.89280343798568
53.0,56.90123187796067
55.0,67.37238305930657
57.0,76.16209801426469
65.0,69.77540013418904
67.0,79.53076161500155
97.0,76.1883691774777
92.0,108.8913906534312
138.0,105.96386700555605
152.0,139.07879418287575
134.0,144.09441399518988
108.0,125.31545951011292
85.0,101.61828788327612
75.0,79.81948933300698
70.0,75.64569980825583
65.0,71.09928648557175
59.0,64.34640512523782
56.0,66.90671070346838
55.0,70.21574651159125
59.0,69.02289404652608
69.0,73.76961078774451
61.0,86.79448946122655
62.0,70.28317686645396
66.0,70.39277933287184
59.0,75.67431303569508
70.0,77.33982209403052
61.0,84.78409285724491
76.0,77.09232766524265
80.0,87.44811821364947
88.0,91.83360612684599
79.0,102.36566411627702
73.0,88.2361346213737
77.0,83.08647096934183
79.0,89.02068709083514
92.0,88.01706959652348
93.0,98.32729336730321
92.0,93.81681522077176
84.0,92.19007080563529
80.0,89.39409208671624
79.0,85.7337985166369
81.0,92.55084722843922
62.0,90.76661902164321
55.0,74.71842557033439
59.0,64.33178183247237
58.0,78.30066468379754
59.0,69.01595906516525
75.0,74.04040895670158
76.0,90.5113054537242
97.0,90.69769067190622
84.0,110.22520253312389
107.0,88.45762449226615
98.0,110.62839368345257
88.0,104.05932536631242
77.0,95.68498402243969
91.0,87.72260059828679
107.0,100.73035385125974
106.0,116.05738048803592
103.0,112.02806735670428
88.0,107.57423295824474
78.0,97.04191993489124
76.0,83.80912379903575
70.0,78.75886718117776
66.0,75.76577720102951
63.0,73.05949123038772
56.0,70.12184072620292
58.0,65.35817217139706
56.0,62.60233293510893
56.0,73.02733609056664
57.0,64.09025825634693
65.0,74.0117350050941
75.0,66.72718317113265
72.0,87.35284617038191
72.0,78.34192178731008
81.0,77.27175636792367
72.0,88.60144987926226
78.0,74.76168324803956
80.0,87.47376675941801
92.0,88.6228339690231
103.0,99.60246160154239
115.0,109.66373779370247
110.0,119.4047853994523
103.0,107.43177461067215
117.0,104.28685954053827
93.0,120.0298701981858
80.0,100.64685533969508
73.0,86.37032374124455
69.0,75.05320114711719
75.0,75.25617452882605
65.0,80.85704477690008
65.0,63.244933788343474
50.0,66.58014404279902
56.0,60.68496631308045
67.0,65.40518335412919
86.0,85.89709992949908
88.0,96.46797393757639
83.0,101.65517335871367
66.0,86.85763316772794
78.0,73.23902048421662
64.0,92.91678856953561
65.0,78.5402502840953
87.0,82.02174115368507
70.0,98.17546895235847
74.0,85.6610629668911
92.0,91.50367330326151
121.0,102.65725796387596
140.0,124.28498706652432
143.0,142.67462953566215
117.0,138.4089779937544
125.0,106.79634769023512
110.0,116.99020279534423
102.0,106.31406409385296
91.0,99.15835274616816
94.0,89.93112754493141
100.0,91.04231441796877
80.0,105.22114788694816
83.0,98.95543455771204
73.0,85.26781859252404
82.0,83.97698446543639
89.0,91.47702454876944
106.0,96.11916974899104
129.0,112.54093495306742
130.0,130.4144893801292
120.0,134.25037594914656
112.0,118.86938997916847
99.0,111.64479201398828
89.0,101.66268085262314
106.0,93.99203901077755
124.0,112.864883243728
126.0,129.41941906342922
129.0,128.04189689102444
130.0,126.12065672301505
115.0,123.89976828348205
114.0,112.71621435765857
96.00001,113.81260109230239
88.0,95.33065269018502
80.0,93.507761599209
72.0,85.70289506864006
59.0,78.2856738437321
59.0,72.96421823822104
68.0,73.8971940599196
83.0,80.75371212149601
94.0,95.65689112247048
96.00001,108.99437075097161
83.0,99.28793906274404
90.0,88.09691997557903
159.0,93.78212018405183
157.0,159.50639076192496
155.0,154.124900384474
152.0,146.68933120544057
154.0,147.1780363048041
136.0,145.28686333409183
121.0,130.1739090979197
112.0,117.69139773721274
117.0,111.24876551740655
94.0,117.06469486696624
77.0,91.3913757012961
74.0,77.39449853544832
76.0,74.98184070659805
77.0,82.2009955042506
93.0,84.78299653683028
86.0,106.55927295307902
84.0,93.47708480644305
96.00001,87.5086334472154
96.00001,100.26804282094795
87.0,104.70776480600523
74.0,100.83312508232325
67.0,76.80659307030419
75.0,66.27173198689131
68.0,84.98436794038048
68.0,79.49398043198123
73.0,75.96726682262278
62.0,82.69170886086228
74.0,73.31111604705033
80.0,84.11227421111846
93.0,92.06603961060725
103.0,103.36301972365415
94.0,111.40504577936193
97.0,101.36820721338509
106.0,103.43870306916148
153.0,111.30027172922924
152.0,149.6395979976493
153.0,143.12418168903437
153.0,144.9898732852974
154.0,140.2620172859125
156.0,141.4604754893195
123.0,144.4419576350338
114.0,111.99338808724573
83.0,113.45287761529181
81.0,90.47750177365961
88.0,90.01431260074011
85.0,94.76200608933644
92.0,92.9447963284667
83.0,99.5483177289701
81.0,87.18393007408808
81.0,84.26777192889209
102.0,89.70881575795428
129.0,113.08172543908366
152.0,137.7879082782112
154.0,152.69751396582862
157.0,151.58531429288797
166.0,155.04885558621794
167.0,160.17999043161814
156.0,156.70981060092558
135.0,146.6532013576911
132.0,131.49056152315248
115.0,126.18718081359667
106.0,108.65939949449994
87.0,98.84023793554952
73.0,93.06230244780099
62.0,77.82978571382671
59.0,73.86727140635735
67.0,63.4574460013198
62.0,79.82346114508017
55.0,75.38693439085391
60.0,65.31672102019313
65.0,71.27448472689375
56.0,72.21560878118608
60.0,62.59897812270066
75.0,70.68078473294322
55.0,83.68295690936804
61.0,64.70769603711778
71.0,71.35615592496643
96.00001,79.86102711760354
76.0,99.35529357999252
66.0,80.17638218011821
63.0,69.50971503782024
69.0,65.508985997692
61.0,71.80215841898149
62.0,62.2487376290153
65.0,66.80606308333451
66.0,67.49875422756699
57.0,65.45852508412516
57.0,60.991206156993044
61.0,61.29582207829501
56.0,62.01458345165501
53.0,65.81066388730606
66.0,59.343496523595036
77.0,77.08343651785965
72.0,83.11985233884273
74.0,75.11493821620834
68.0,80.2163643571945
64.0,70.6705971963234
72.0,76.04246106861389
84.0,85.84649277856086
107.0,94.2066288449857
112.0,115.88916587490395
107.0,116.93067161023538
117.0,113.68350538247695
123.0,123.68203732383046
136.0,125.2290496810302
150.0,134.6198796187782
130.0,143.85191208096364
108.0,126.81028560422271
93.0,105.85592988905191
87.0,93.35054574533277
97.0,82.48328997256442
77.0,96.70870478664223
75.0,79.44344880610932
80.0,83.36634166440774
99.0,90.11313324490315
107.0,100.90807241792184
107.0,113.56818769803182
119.0,109.9450837284349
128.0,123.10773392278946
111.0,124.63818638376799
109.0,107.88596636054653
74.0,109.05641934913973
72.0,79.64077945184347
76.0,82.75592732470979
104.0,91.002623553946
139.0,115.91947154011339
137.0,143.51585179998253
113.0,137.38666467411312
103.0,112.87410417198923
109.0,108.28241581525458
108.0,111.91304502174002
92.0,105.29793385767654
88.0,92.83812709254106
86.0,89.0532944053078
92.0,87.34238738745906
105.0,97.15223017709707
110.0,106.06214828933561
105.0,107.18161578743616
85.0,102.89869689214848
87.0,92.13609898626397
90.0,98.42534524722296
93.0,92.63021417857581
88.0,94.02115836931462
97.0,87.23937480346193
113.0,104.56809138884005
104.0,116.0430451610711
108.0,106.59417360937972
133.0,113.58357358779675
109.0,134.31747523346525
91.0,108.64056251846792
94.0,93.17095210057383
87.0,96.48122207719729
89.0,92.6510139634411
78.0,96.48171110881515
89.0,84.75687201406147
103.0,92.8952816474513
97.0,102.60247736328121
95.0,98.03469397994947
94.0,96.44009695500095
99.0,97.67357927671524
84.0,99.95108028597217
75.0,85.94741646675783
68.0,79.84627966048944
74.0,80.66322158603587
85.0,82.71733227060595
89.0,93.23069251818768
75.0,97.76347294970633
61.0,81.15704325124514
55.0,69.26162134899913
64.0,68.61685435596513
63.0,81.9852279440305
68.0,79.13589933564288
71.0,83.13376027285051
92.0,83.57224076795187
86.0,104.28009488370886
92.0,97.16890855415909
103.0,99.28466132732972
95.0,105.48914646141772
88.0,100.80215347501225
91.0,86.92217930566723
93.0,92.86664627067375
94.0,98.74524728625558
95.0,97.02460845288331
90.0,93.90689213082692
90.0,89.79346613160493
90.0,92.5627626520743
92.0,93.10155314769956
98.0,95.81404500216709
96.00001,100.47108484460861
80.0,99.91958440744283
66.0,77.82334290410128
71.0,66.34363135462571
63.0,78.7382096254266
64.0,74.15847301035609
54.0,69.73087706609861
61.0,64.62726671938938
85.0,73.42905849510839
67.0,97.00277721727943
72.0,77.34791427710337
104.0,82.66484063096429
91.0,110.47303603575466
86.0,98.2027338110778
77.0,92.63244990558967
83.0,82.17791364735007
81.0,84.7881842300988
81.0,85.28894182626881
70.0,82.60657179636125
66.0,70.85682887047294
81.0,72.79033726536555
69.0,83.27918303945538
71.0,71.14640538671699
70.0,71.85141339763781
76.0,69.79242267918507
61.0,76.27313046419731
55.0,67.41995703917773
52.0,59.30487584846336
55.0,57.21069543344474
53.0,64.9332344985351
58.0,65.51308573060022
65.0,70.24930243361139
70.0,78.79678494010415
70.0,75.71315115116002
77.0,78.54973699827218
93.0,87.49659068009329
92.0,100.13359166907554
75.0,92.35464555390763
74.0,79.80826206129873
75.0,72.60530454784522
66.0,68.38410945324074
62.0,60.05107974652297
53.0,58.15850993522399
57.0,57.106274048540186
67.0,63.25157618485146
74.0,69.35233241999656
92.0,71.71739310638861
82.0,94.7161471590212
80.0,92.21604963709262
81.0,86.07434169132824
75.0,88.99567594267697
75.0,78.7190293427893
76.0,87.46549969250196
71.0,88.41503685171702
54.0,77.69590261718302
41.0,65.82299891645789
56.0,56.79565901472264
55.0,72.56580101585037
71.0,70.50837330844168
87.0,86.38100070954921
90.0,99.15022391365073
87.0,97.11394723149996
94.0,91.39094202250068
91.0,93.74996433573872
93.0,91.4983859569686
94.0,94.8988250274583
93.0,90.25923102713796
93.0,88.87789077883315
83.0,96.05163864515605
85.0,87.59970342911154
104.0,88.86804999700286
100.0,108.15161862148265
83.0,99.85976566174071
56.0,89.19249160585561
52.0,64.37645623049808
57.0,65.35354358374138
45.0,75.34223464205293
39.0,56.803375058561535
32.0,50.871569873081974
33.0,44.70072891226311
52.0,47.489201379175654
47.0,62.56599464586154
53.0,59.52935154892921
61.0,65.64384791467279
77.0,69.76502554249464
69.0,81.7055073112491
69.0,73.16477035031235
60.0,73.57426520424622
55.0,64.96072760353664
53.0,63.136867836486
40.0,62.107509488685004
52.0,52.73220635361575
49.0,65.45404539113059
61.0,62.78577991186736
59.0,68.83486744341529
82.0,68.99917367125056
92.0,93.24081392110975
91.0,103.72505888998158
73.0,98.7981336693198
60.0,82.22381447611617
58.0,66.13575556702347
56.0,67.24655934814479
62.0,72.60932329206639
67.0,76.84182173251304
103.0,85.52410849427808
107.0,116.60826957761451
99.0,114.82679463824681
91.0,106.52975612831068
107.0,97.52088393120741
87.0,111.86115820050149
92.0,96.20720068533441
85.0,98.06929936089097
81.0,86.04446824823701
80.0,86.70315442556112
78.0,80.77662726287625
70.0,82.43750805756439
75.0,74.25385278403306
71.0,83.32905351315485
74.0,76.65995871242751
83.0,78.5951770802734
83.0,88.04150774617418
93.0,88.45338020535722
94.0,99.23531780919143
110.0,99.07111394091966
105.0,111.6693785064289
110.0,103.70966460269385
105.0,113.01473297867105
111.0,110.09331413916682
99.0,120.86493112838691
102.0,107.61184204554141
93.0,111.26627156033364
95.0,102.34370497890473
98.0,107.63811942134477
101.0,109.22832971281856
101.0,113.83571881657808
106.0,107.14182463731133
115.0,105.47652915169651
119.0,121.28684644589019
116.0,120.43817582440164
117.0,116.13806641871334
107.0,116.17067328424666
99.0,106.2655366341289
118.0,100.16418695685682
131.0,116.57752229178912
134.0,129.55129542124195
141.0,133.14448108818232
106.0,136.68895131212574
97.0,101.66683085178666
87.0,93.11137490304108
82.0,91.78601202278905
91.0,93.75622769952196
96.00001,99.8174635991272
85.0,103.77975320740937
79.0,90.44129257265296
79.0,93.15550454331172
92.0,96.91787654305409
86.0,102.6386388649175
92.0,93.65315740642914
94.0,99.95160563192881
98.0,95.2145353807977
95.0,99.36188164374114
97.0,102.70677852982185
98.0,101.44088782270622
91.0,101.88410707382751
88.0,91.88542106336416
86.0,90.91484986214506
89.0,94.73021275147318
93.0,90.9510291294757
101.0,94.65605204007223
91.0,112.8887393138212
85.0,98.39653918323046
86.0,90.83149029711834
76.0,90.6917811587863
81.0,87.20213814521051
93.0,95.49003539766835
94.0,104.17717146201812
110.0,104.31906279329174
111.0,120.07651448749597
113.0,116.70436631377514
101.0,115.0697100365284
99.0,106.49211784030051
99.0,108.12775339885314
104.0,109.7722888314706
110.0,107.14309130006961
103.0,110.44734843884697
100.0,111.84371073762323
96.00001,110.87681377782143
100.0,102.62938689365693
99.0,105.1848951422789
102.0,103.46653601436867
112.0,116.64870811555664
119.0,116.61138578381434
121.0,120.47410797927054
123.0,126.37032901296054
124.0,124.56214928557988
114.0,123.91883534112299
114.0,115.07762944636139
116.0,115.04704882916992
120.0,118.96598130716691
125.0,129.43311928623777
134.0,136.95968664591507
131.0,141.16597318716015
139.0,136.0931054581873
94.0,140.91382293071254
104.0,99.94152398474394
116.0,113.12951418494059
124.0,117.18213274082122
118.0,117.48132319723716
121.0,112.61494211113242
123.0,118.93215042638921
105.0,119.29729297333523
85.0,106.61552235857226
81.0,82.09600831849681
73.0,75.39885528572201
89.0,82.19465392780245
94.0,94.88870525514572
105.0,103.27441917224034
96.00001,111.07392792196678
82.0,97.90335053921447
78.0,88.37643569508948
89.0,85.88754743735913
72.0,100.20306814377331
80.0,87.70709472686355
88.0,92.61290994152361
93.0,101.75487243744739
79.0,105.04096255991853
89.0,90.300114924672
106.0,101.59474347751136
100.0,114.36337085765126
98.0,105.79300937652027
104.0,101.5469590657369
100.0,105.04954721939612
103.0,102.48584358811681
104.0,108.48877728805066
105.0,102.19731913039762
95.0,102.88938546929268
95.0,97.31988527472717
97.0,100.75343957644236
108.0,102.1449244368133
107.0,110.67622507286451
121.0,106.14769624652209
120.0,123.7525480349526
118.0,120.9649089876341
133.0,117.07871404950617
110.0,129.64578200894013
85.0,109.20727602021611
103.0,90.89093631564123
137.0,111.53154660457896
126.0,141.361371493604
153.0,130.56837137954793
157.0,155.75776070158963
162.0,153.36423001370304
152.0,156.76194892305
135.0,148.82653791344558
134.0,134.92074435885502
139.0,134.6409706440759
130.0,134.96413901916932
126.0,127.10250611206493
142.0,130.70512012110873
153.0,144.27244497358078
139.0,145.51418531264449
127.0,130.62965119310832
103.0,123.12782122932033
99.0,103.00363316474026
107.0,100.9543353965846
113.0,106.34973544033686
114.0,111.73132152986653
117.0,112.58720645236285
138.0,114.30379766183708
120.0,135.45634637579306
96.00001,117.68531095965768
110.0,94.87107330932096
92.0,117.04974639274657
89.0,106.35040393058138
74.0,97.93697342004978
94.0,85.30850112298425
108.0,105.66174737555042
99.0,117.71831727224063
107.0,106.76579171756238
119.0,107.72103038014741
126.0,119.11104079604908
129.0,129.9166722605214
131.0,129.9928600342328
149.0,128.66057450775693
140.0,139.88750283332502
127.0,135.47896294970224
106.0,122.9711058411014
93.0,106.05271634756096
117.0,99.01659443258083
128.0,121.77646571288385
130.0,125.43360689436888
104.0,128.13259882875073
84.0,108.42186283292843
73.0,89.4949044705701
70.0,83.9786344558488
68.0,83.23916447196021
63.0,82.83825669662296
75.0,80.24235949643233
81.0,91.80475225866712
81.0,92.83105524477183
87.0,90.7517214612153
84.0,97.3754474161601
93.0,95.00514461020008
98.0,98.42573963049644
100.0,97.02503127158528
101.0,100.83325939575707
102.0,102.9500703906875
118.0,109.45069026472613
113.0,118.79342220530218
110.0,110.97772063810471
108.0,108.23587665087176
97.0,106.17924568951717
71.0,102.1327403384492
80.0,79.72791002035413
75.0,87.72198959622588
68.0,79.94530443648844
75.0,78.8080575183703
77.0,85.63405199955663
68.0,89.68701190077249
140.0,83.19668319843808
161.0,150.56066091283583
166.0,163.80547783845319
169.00002,164.3092892898318
155.0,164.7685577422027
158.0,147.61860062733612
155.0,150.87449465088753
154.0,150.98130284969545
142.0,146.07804301712056
112.0,135.4965238739242
96.00001,106.9549788958189
84.0,93.64538541096447
80.0,88.29659474750493
81.0,83.42419768715583
84.0,84.70484266114082
90.0,89.35145328483063
116.0,95.38200536994115
136.0,120.27236052809981
144.0,136.82110999107556
123.0,136.3638247974308
115.0,116.38830567230409
97.0,108.12494884165538
113.0,97.4337019933639
108.0,113.87892659098904
127.0,110.72433416236838
129.0,132.36869681745304
154.0,130.25922233845247
143.0,154.262944216336
133.0,139.51236442523003
151.0,132.00768245342775
152.0,154.70491994804985
151.0,151.05673419964793
139.0,149.06840190538537
146.0,134.23298678343943
150.0,142.16941631442376
152.0,145.03101028619452
153.0,151.88410859320334
149.0,145.38908216725028
138.0,141.13798333860123
134.0,131.5868112563943
119.0,126.04376358876225
121.0,113.57470791857085
119.0,122.54926706188375
91.0,117.7220284338087
80.0,90.41128294721454
77.0,83.67677085826173
92.0,84.34153188825358
70.0,103.50396296148774
88.0,82.30295675373513
115.0,101.04755084959535
98.0,119.70439277929025
70.0,103.18237522350005
76.0,78.85412168777192
78.0,85.39088695062084
74.0,87.97802700843913
75.0,80.12995760553021
74.0,79.59354843084247
68.0,77.41749153292066
64.0,74.78687114449643
63.0,66.12960837899783
58.0,77.00669286162626
58.0,72.29631178474632
75.0,68.40833310887884
87.0,82.54932021095708
87.0,93.07097091871435
88.0,92.2776811868419
93.0,91.27972806943775
105.0,98.30185732362027
90.0,108.01477267148445
75.0,92.20998796728858
66.0,80.0074263784877
57.0,74.34513816734396
69.0,69.39067701989015
58.0,81.04181715000165
84.0,72.67490713003829
82.0,101.11130519544982
79.0,93.36783013271477
67.0,83.05527830057244
68.0,78.33370027385288
93.0,80.849762811448
96.00001,99.84275845216325
92.0,100.61298702569768
90.0,97.57522938650514
102.0,94.73054956851796
95.0,108.47457266338242
96.00001,99.58188355926795
88.0,102.95463466404357
89.0,97.2665541824676
91.0,94.61996273240361
94.0,90.84399577776385
77.0,100.24350547808307
68.0,87.10013478355017
65.0,75.33388293590765
75.0,71.72277799159264
86.0,86.32886581945574
86.0,96.36458672066482
132.0,94.58372004629558
156.0,139.12820289261668
150.0,155.42203960156448
127.0,146.15008927740453
110.0,122.7497539699893
111.0,110.95223603931159
121.0,114.91481379596487
113.0,122.92724436101179
91.0,108.3601625417237
90.0,92.77736360813743
89.0,95.70159026078485
91.0,90.324564682165
106.0,96.1352404411856
105.0,114.8010887942975
92.0,104.11887350933205
100.0,98.07112131850832
98.0,100.10874593044342
87.0,99.61611178669146
92.0,88.46257055081426
85.0,95.15884650057457
76.0,81.48066037915122
81.0,83.59873206135792
69.0,81.36639137174255
62.0,73.64942303338155
77.0,74.41989856586643
75.0,88.32880002568886
64.0,86.80475230207206
70.0,79.43762880778823
74.0,83.10019974800247
78.0,85.56056426144924
93.0,90.12534747680509
121.0,102.12202084356532
109.0,125.51735654332296
114.0,109.93936392970359
116.0,114.21429524377027
127.0,112.4063614099267
114.0,127.8722061614611
97.0,114.53779624658695
96.00001,97.60118668854554
75.0,97.69346856535786
70.0,78.71142141671336
63.0,77.15341953978346
63.0,67.4370073171065
71.0,72.7166287920562
70.0,78.710300047037
79.0,78.36217369702
83.0,85.07318133981124
81.0,91.18205641292532
87.0,89.25875897713053
79.0,95.34582136409291
71.0,88.90947405438581
96.00001,82.27898858601935
95.0,106.34229043768575
104.0,106.75806080821278
108.0,111.51874514202757
108.0,113.94408667053668
122.0,109.25856751259039
146.0,119.54417314640595
152.0,146.05252334971877
152.0,145.81661601893632
134.0,144.67778460018022
113.0,125.93634490296002
88.0,105.9510734607158
91.0,90.19418211196106
84.0,93.4472848354211
82.0,88.87467833597105
74.0,83.8580952327506
73.0,85.83672495674939
77.0,78.23055969991097
76.0,87.43101815239176
108.0,88.66270483768245
113.0,117.6902142068984
104.0,120.12593461777479
90.0,107.42292534125924
74.0,95.17524440936653
91.0,84.63661099497901
99.0,101.67534563669379
102.0,109.90393894649647
113.0,107.69958687223222
130.0,113.46781439459862
117.0,126.56302096702801
111.0,110.08818880070874
86.0,110.97231598169135
75.0,79.74519262287068
68.0,71.33819225922842
68.0,67.20127834768628
68.0,69.58664427724656
77.0,67.63967684644305
69.0,72.00712853040288
76.0,61.18229748216227
71.0,75.19023976781256
69.0,71.03270969312383
77.0,62.28175651212903
92.0,73.31871949684063
107.0,93.81633151924052
100.0,113.03788087215952
98.0,102.87739297506731
98.0,103.19274922393703
109.0,106.00953594844525
117.0,119.51406711016139
127.0,123.05178138060047
121.0,132.86196040299387
125.0,125.83314343196456
104.0,127.33593095516443
86.0,107.27489751166196
76.0,83.01133150266914
67.0,81.45066743520282
63.0,71.45193977865043
50.0,67.416736661159
54.0,55.595210583874234
54.0,57.572903127140016
51.0,62.287911353281096
58.0,60.24086846549782
59.0,67.47394258006408
60.0,67.50326634289709
69.0,66.08988505104257
68.0,72.70766548365123
70.0,73.18801500810012
70.0,76.34390615406213
74.0,79.18051357251333
72.0,83.36275620593021
77.0,82.07716216522857
85.0,87.13854330213002
85.0,93.5679583914645
93.0,94.55908312057562
96.00001,98.20302460002614
97.0,99.73376023642678
100.0,99.63400951933541
96.00001,98.99533621263326
96.00001,91.71745867615721
87.0,95.79712070338711
83.0,87.55894994425961
75.0,84.76504161062206
79.0,75.05958896108866
76.0,85.54280803288356
82.0,83.92120571872366
96.00001,92.45908650770141
96.00001,103.02679502840131
102.0,104.63918007037498
81.0,107.2217973991745
82.0,85.83179227056654
68.0,90.51989122564541
68.0,81.38610599417255
70.0,82.13223723642115
74.0,86.1537911515095
76.0,89.34462154882878
78.0,90.18124342611263
89.0,91.12083912725598
79.0,102.02457945170974
73.0,95.16777085950059
74.0,84.75128696934965
88.0,76.55294866234867
78.0,91.09782758239453
78.0,80.61324486116956
72.0,84.45923782998285
69.0,74.59756755911751
61.0,75.68734956939589
56.0,69.10270020654971
54.0,64.96069846284202
64.0,62.81933968170375
64.0,74.39420964108264
68.0,70.53497542076506
68.0,76.71551665459356
103.0,78.15546022632721
130.0,111.12965044729219
120.0,132.39166615922508
105.0,120.40529065845567
90.0,105.82476468312576
85.0,94.29597463247707
90.0,90.91629047990166
98.0,103.61980777075031
95.0,109.81518144100387
93.0,105.22200181519344
92.0,100.57734979933537
114.0,99.14535327565379
139.0,122.9504488900653
111.0,139.61546320421635
90.0,103.66907622688127
96.00001,95.37849926267641
98.0,98.34157466100447
100.0,99.08253172844832
80.0,101.19226253322167
83.0,83.36914326456535
79.0,92.21061455821001
86.0,84.10202504912074
89.0,91.01513165371341
83.0,94.68320469185218
108.0,91.87083005304318
95.0,112.17744071871326
85.0,99.67799173089807
84.0,88.55624589389753
78.0,92.7595527038383
72.0,89.34759328123789
87.0,85.80224282885713
76.0,101.26617819009786
80.0,89.29897252382722
89.0,92.4495214502421
97.0,99.7738326917672
118.0,107.75635450655108
138.0,128.57565301147235
147.0,136.42809643555375
154.0,136.61159530095455
156.0,146.3156251084164
136.0,145.42850236282024
120.0,131.33769967410484
92.0,110.7391312110384
72.0,83.3160645394935
68.0,70.82874748054712
75.0,80.72165276023686
85.0,82.86240276835657
80.0,93.39462689668402
81.0,88.48410098889656
106.0,85.45970568614318
86.0,112.81587276614476
99.0,93.66682237907142
122.0,106.4348920541237
114.0,127.95139543852605
112.0,119.2037959215958
139.0,116.15768647480292
123.0,142.13279469805423
110.0,124.3525170720928
97.0,115.4219800603376
124.0,103.2387675030501
110.0,123.8958137929595
108.0,108.86833452041652
93.0,103.4778115264439
98.0,91.89942833090934
102.0,101.5977221143922
112.0,107.11859186248878
113.0,109.0485835706542
111.0,115.71245209945825
103.0,114.69089989338278
91.0,99.29656844031027
78.0,89.45108555587596
78.0,84.27596797937701
76.0,80.99681212796014
75.0,83.33586948660265
79.0,77.98085878858318
66.0,80.96427119085
64.0,77.9494968175412
62.0,77.70101555571253
72.0,76.67171426290778
73.0,86.79142808400982
90.0,88.54726897164377
90.0,102.29144147596496
154.0,98.82876163017639
155.0,153.47725765013067
155.0,146.59708738844813
152.0,142.4479395810788
146.0,136.0514255525269
135.0,135.1801808754869
130.0,125.71186039950565
122.0,121.68573414824948
137.0,111.92212686324056
110.0,126.67940097235285
95.0,101.93692405394228
92.0,97.60471484373647
100.0,105.9752941719412
93.0,108.00382942452744
75.0,100.31069264563291
73.0,78.66360375548032
72.0,80.98343862362991
80.0,82.70016117172295
80.0,90.88406813385897
87.0,93.03942064969178
95.0,98.73201129402578
76.0,104.14481123306156
79.0,84.86325950877965
95.0,86.56013136014019
120.0,101.03830309169655
117.0,123.70240501170939
105.0,114.95395667430734
101.0,101.43509508291153
97.0,99.39489118163222
96.00001,99.98628439209608
96.00001,97.15090521262711
75.0,97.41509497974123
65.0,78.63250055000951
60.0,69.98784434346854
65.0,73.4741851862345
68.0,75.42499329979404
59.0,82.84099582581098
61.0,73.65134839308712
93.0,77.54993461381595
79.0,103.74185705374832
93.0,89.04731517981641
116.0,101.07632090585632
139.0,118.58954917857642
116.0,136.53680279223195
115.0,119.83275924207679
116.0,114.74927142828373
156.0,115.73324652548654
129.0,155.87830683763096
117.0,121.4466982100174
112.0,114.20411750925875
97.0,107.42760186046955
85.0,94.56583190206861
86.0,83.77434047544001
85.0,85.52283358618617
85.0,78.72202440748974
72.0,87.61002831161221
63.0,66.40853288853602
61.0,62.407502915790744
68.0,66.82563415844214
77.0,77.16550526606107
85.0,84.65834176199728
89.0,92.60650900775985
77.0,93.36393330943123
73.0,84.55651997235273
63.0,82.95047262329398
55.0,71.13707530296185
55.0,67.60524362808522
50.0,69.20293041376851
45.0,68.18202494975759
41.0,64.93382134666307
33.0,59.10671900280513
52.0,46.21784708266906
60.0,68.89707682332049
54.0,76.79696917288622
57.0,62.368403748536714
59.0,65.19901692656123
59.0,64.3235900137111
50.0,66.82790609548451
45.0,57.427999889272556
53.0,52.64938778559698
58.0,62.193745082792454
59.0,62.57750623884416
70.0,62.99409148609379
65.0,78.07892507265194
63.0,75.89763018983507
62.0,73.98742030814188
59.0,68.65260351762066
62.0,66.54067293047397
73.0,71.35766576383784
54.0,80.60673878133241
52.0,65.95044101692145
56.0,65.68352709334405
52.0,70.06328026941307
58.0,69.01987275556112
60.0,76.12945675958686
70.0,76.10564345337369
71.0,82.59453349670905
66.0,82.35709756069537
79.0,73.94003727751955
74.0,83.67088635204884
73.0,77.0442838215378
64.0,78.92148876860583
59.0,72.07089214466222
59.0,69.24112663320795
56.0,68.31633590972915
68.0,66.09551754869663
68.0,75.82282369229327
69.0,75.44832518051449
76.0,78.01157763806488
83.0,84.23609467380275
78.0,91.13832356085092
72.0,83.59149485696913
