Actual,Predicted
52.0,58.57076486812175
45.0,42.63265907569351
45.0,40.191223141166034
53.0,48.67077991198717
53.0,55.30831429036191
62.0,57.579002632117074
62.0,60.83756522853177
59.0,65.39175889747905
59.0,52.00233531836545
83.0,60.96621526717695
83.0,80.85256981533259
97.0,77.97439487001132
97.0,94.33351124356739
94.0,93.61900889835573
94.0,86.3502879273497
79.0,87.21341812634815
79.0,73.95022369512095
64.0,71.72670983303885
64.0,56.99311679259858
60.0,58.13309271553251
60.0,62.44556746559142
61.0,59.35423724491054
61.0,68.99176829666365
57.0,63.65329720265954
57.0,64.27065716884739
59.0,62.35760253734068
59.0,66.10667837003948
45.0,67.92075378782923
45.0,53.23092504926176
43.0,59.41954358960026
43.0,56.49575459535232
55.0,59.09916283187611
55.0,64.64735246350003
55.0,64.77025865590173
55.0,63.96554607799381
58.0,60.4227932433815
58.0,61.05400446165222
59.0,64.71951101390836
59.0,62.7465486628912
60.0,67.47177561706437
60.0,59.77243271194444
57.0,64.38919742713745
57.0,56.50013764307149
56.0,59.096140865195444
56.0,70.33378435005869
53.0,59.37132328062669
53.0,64.74813913427535
53.0,52.79742456844375
53.0,54.990169203256215
53.0,49.60510625605886
53.0,51.74029918780122
57.0,55.37130066789725
57.0,64.00162780138878
64.0,67.92185194115056
64.0,64.35008140894655
72.0,78.68606745356523
72.0,73.5167824301643
63.0,66.93459435893615
63.0,63.553785990466785
62.0,61.78234322155666
62.0,69.11869786973611
62.0,72.7381262097853
62.0,65.41960755643382
55.0,55.665125507115086
55.0,53.19791841283302
68.0,59.75324939295491
68.0,67.6861416478103
57.0,70.06846999289075
57.0,62.23245604326082
54.0,67.27560554821807
54.0,63.439294388119194
55.0,57.13577897954754
55.0,65.91286542524881
53.0,65.37572499469957
53.0,63.94326319631445
46.0,64.14831230467014
46.0,58.164279064719445
52.0,57.839484574521634
52.0,65.36230643907538
49.0,63.75704421729776
49.0,52.52303475439084
56.0,55.80622490941164
56.0,60.726470254362425
53.0,59.23480339924188
53.0,53.01778922642478
50.0,57.69230278403881
50.0,52.90980610544023
53.0,53.68246166842577
53.0,55.736033580881205
50.0,60.29487367527214
50.0,55.58070858017163
50.0,53.06633118727358
50.0,54.72686917019358
54.0,47.927632912397996
54.0,61.1161209581401
56.0,58.40102509287598
56.0,58.72875779617635
63.0,49.613889574050624
63.0,62.63854577502668
64.0,62.63304658737739
64.0,61.15681540246448
62.0,69.26333200949868
62.0,67.48677436025179
69.0,67.6822862569843
69.0,66.12266792652439
63.0,73.6884366855477
63.0,61.50036187459609
62.0,51.98422313584077
62.0,67.2330534145577
86.0,64.7400228875305
86.0,78.24306442394693
91.0,87.35272502675952
91.0,83.02511793158658
87.0,73.16718468828863
87.0,78.94736600739887
94.0,83.24333241274041
94.0,87.62182403209839
90.0,94.67540742627945
90.0,94.44565212772704
87.0,87.32885782103367
87.0,91.21554981362007
79.0,86.96821411203943
79.0,83.10109401635688
69.0,85.6794588723179
69.0,74.92379137856508
76.0,76.29820105335723
76.0,83.80076563760603
77.0,83.35210494654793
77.0,82.76098262748074
66.0,83.86813070224494
66.0,68.8704359000692
66.0,74.01808733135451
66.0,69.49318078023201
66.0,73.24058088590601
66.0,69.03546271475037
62.0,72.07708992553724
62.0,69.51573889646367
61.0,68.38659050996004
61.0,66.49787487207003
56.0,65.53340341036508
56.0,57.73273393740839
52.0,57.24118609736839
52.0,55.38602054222477
51.0,53.6525744144976
51.0,54.900353090858175
46.0,50.607862104654295
46.0,51.140517947390535
58.0,52.561483386558905
58.0,65.13864504306473
60.0,62.86939849905073
60.0,62.11405944475737
70.0,64.41004678254342
70.0,68.8124092750328
77.0,73.46986670402266
77.0,76.85831750189125
100.0,76.25383077512669
100.0,100.42134529411953
105.0,96.81245580814677
105.0,99.53386343133073
85.0,100.64206459506319
85.0,79.28567973161738
75.0,82.95398340196645
75.0,73.16686366530463
72.0,72.78051690545544
72.0,75.56916846359255
73.0,71.68397555779279
73.0,77.57949276777816
68.0,70.94335185430036
68.0,73.29290606680314
59.0,72.07778379000445
59.0,66.31543655621539
57.0,66.2572946675379
57.0,64.31538752471472
57.0,68.98275116227809
57.0,68.8396377104502
52.0,70.09228275336685
52.0,58.249326218713
55.0,60.9091529218597
55.0,63.584224640635945
54.0,60.93779476208509
54.0,60.646230093653195
51.0,60.259553621401075
51.0,55.50539224507423
51.0,58.61515163762688
51.0,54.854193517149795
42.0,62.49187137862017
42.0,45.98858392497398
38.0,45.36807171581846
38.0,43.921278333474405
50.0,43.283810744403034
50.0,55.131234397583725
57.0,50.789804940444434
57.0,68.50812903502619
60.0,59.29892878108054
60.0,69.34508052759614
70.0,68.6762129199241
70.0,72.83079611018995
75.0,68.63653405888651
75.0,71.00906279717934
77.0,80.45832173142834
77.0,76.59997168679234
75.0,76.84549841726793
75.0,82.14177087421001
61.0,80.84859610361343
61.0,56.50543482901029
67.0,63.29445712199272
67.0,70.52699089109592
60.0,69.69227621342601
60.0,61.51765326079159
63.0,66.40821002183132
63.0,66.4923657985659
62.0,61.00433428899983
62.0,69.91523351313096
58.0,67.26113450589592
58.0,66.27043907060389
56.0,64.69834166509844
56.0,65.89840235206236
55.0,66.45457162481112
55.0,66.75284750797005
55.0,68.19545018586254
55.0,66.5930338955728
60.0,66.64977355200472
60.0,71.91637706418634
56.0,70.33701471520281
56.0,60.93653712225005
56.0,62.856378962804826
56.0,63.42622557872562
52.0,62.862802572356365
52.0,57.101946570368526
45.0,57.62024982935239
45.0,47.18661681914798
52.0,52.237051736878655
52.0,57.44764267442229
53.0,60.80081061305814
53.0,60.093622284563224
57.0,55.189909678007844
57.0,62.57170663150135
57.0,61.37202541557218
57.0,61.62838396016239
54.0,56.96640683070124
54.0,54.44170662313909
53.0,52.96418455841356
53.0,56.56990698808563
53.0,57.737375177339054
53.0,60.269512887491466
52.0,60.00591452318968
52.0,56.58148943289065
60.0,60.580706139344535
60.0,58.64930458184927
52.0,65.31307020306542
52.0,60.11838786563976
52.0,60.72091340569372
52.0,61.980755516225635
55.0,60.55217881021997
55.0,64.23298482302091
53.0,68.2948258195514
53.0,62.27362884866772
59.0,61.68717667650549
59.0,68.18107541423404
54.0,66.77068535490777
54.0,64.81939907630922
60.0,64.78962875314377
60.0,71.81320118302733
38.0,64.31005802548064
38.0,50.15251847505266
48.000004,52.22625669717978
48.000004,62.596690234306344
43.0,61.49384640223504
43.0,57.44534170701193
44.0,58.75314389594479
44.0,58.988747265133426
45.0,58.792132293778465
45.0,57.07878147094898
48.000004,59.220484835667335
48.000004,58.162648622560376
52.0,61.093687622230746
52.0,63.43646686543139
51.0,60.02045872399978
51.0,57.75237150610169
52.0,62.23658778169521
52.0,59.298746072787374
51.0,61.75982162528827
51.0,59.92303194885487
51.0,57.343488944783566
51.0,54.77442899895731
50.0,51.70720106473033
50.0,52.94112159931187
47.0,51.14597851061199
47.0,49.697660038776604
51.0,48.35530524272156
51.0,53.12468630843111
62.0,52.806924247176795
62.0,63.70799004684805
66.0,64.58414475352866
66.0,63.58772282149949
61.0,62.504269254049326
61.0,56.32892276035485
53.0,62.26559683646003
53.0,55.05031151368817
53.0,54.96097566733467
53.0,57.52956093431701
50.0,53.3389498965673
50.0,55.649770107838265
56.0,57.649126173439015
56.0,59.52950248801816
61.0,60.50283803922543
61.0,68.29152035142064
49.0,67.92145828708958
49.0,59.780033358741264
53.0,56.80410877079269
53.0,64.33074289343224
48.000004,58.5817023083989
48.000004,59.5884637399744
43.0,57.94008569140847
43.0,55.6475816414788
42.0,54.61360363469238
42.0,52.54420609726279
33.0,56.204726725059054
33.0,44.12665888569774
35.0,46.85169930536491
35.0,44.47577936149509
34.0,46.091742169420066
34.0,46.19715630568212
40.0,47.396634145083645
40.0,48.75137269809027
51.0,48.70467738214712
51.0,54.61099898374874
59.0,55.61209447863996
59.0,62.455520128475584
57.0,60.9111212028538
57.0,57.81933836264136
56.0,54.97966463994093
56.0,53.574386281296796
58.0,55.48379947638713
58.0,60.427983494872905
58.0,55.358935964528655
58.0,55.87275021083425
58.0,51.00607574772732
58.0,52.18608275210119
63.0,57.4808377653483
63.0,61.931864155242955
66.0,62.400114486368025
66.0,66.58395133989603
68.0,64.59938858458312
68.0,65.8715018683077
74.0,67.10589916951935
74.0,71.95416202680431
78.0,73.65016643710962
78.0,77.75294245441711
69.0,80.6523797806056
69.0,70.6182695913807
65.0,73.79496578156656
65.0,70.31010221500112
63.0,70.9256698658953
63.0,67.04413191239594
59.0,65.75793399397864
59.0,70.61544512049201
63.0,65.89493761236454
63.0,72.13736401574735
62.0,67.97396254321121
62.0,69.86856217567666
56.0,70.48772230118729
56.0,65.46073425321754
60.0,66.81888848210076
60.0,69.3405138529501
57.0,71.6301672770309
57.0,67.99871757928229
56.0,66.922188378996
56.0,62.10510437075583
61.0,61.90369785296219
61.0,67.65562240335788
66.0,65.88628648061878
66.0,68.80699270034555
67.0,70.57263161046282
67.0,65.87940117648054
74.0,71.87095074157551
74.0,72.89727218137087
67.0,74.6831883241069
67.0,66.62248285298386
64.0,65.00420692266059
64.0,68.09609153941133
54.0,63.55321740044985
54.0,58.24561510896193
63.0,54.42696439515784
63.0,58.771577641265274
65.0,59.2469442218507
65.0,62.82239300874586
60.0,64.65242215876206
60.0,66.56180252340174
62.0,66.26397096017665
62.0,66.74333329682415
60.0,65.93986572043006
60.0,60.32526344974579
57.0,66.78928011732033
57.0,61.4051442233018
66.0,63.523811449389456
66.0,74.0481891145418
70.0,72.37819015921637
70.0,75.9439527487053
74.0,76.19292681119796
74.0,75.63350575645748
68.0,77.61219120255606
68.0,69.8927992394895
69.0,70.87271877421131
69.0,76.00552905562355
64.0,73.98791792160293
64.0,72.39542223191138
64.0,64.817841498378
64.0,71.73918795239385
59.0,68.76435446434189
59.0,66.83082560997596
57.0,66.24333051850581
57.0,64.66010270718805
54.0,66.37276351449903
54.0,63.159297583209444
59.0,61.93650055881551
59.0,63.46923176435598
56.0,64.87899167747703
56.0,65.2147952145917
67.0,64.28920540432121
67.0,75.6181009906667
65.0,76.06390350985374
65.0,69.22332544463178
62.0,74.25472446857707
62.0,66.89678405543827
71.0,71.22823638906446
71.0,73.90722639489421
76.0,74.25221875444234
76.0,82.30772737420713
62.0,73.83307396352215
62.0,66.52922695173646
61.0,61.832926169446175
61.0,60.97105163327382
61.0,61.92968625349284
61.0,57.40404500200368
63.0,62.416577969577055
63.0,63.89278159486813
66.0,69.43000542705057
66.0,70.25298828289937
64.0,64.85621628965212
64.0,61.557787667708446
67.0,70.02791847950162
67.0,68.89991428340578
66.0,68.06593901596369
66.0,73.48070912053976
60.0,65.05361979829948
60.0,66.11809231029146
69.0,67.59033556733205
69.0,69.93917764553827
65.0,70.90802275805446
65.0,70.5299843779317
60.0,69.45350939589804
60.0,66.7567404295465
60.0,66.85078645108622
60.0,70.86422328695605
59.0,67.88063667554633
59.0,69.95502275920896
51.0,66.82506633235056
51.0,61.660471522820416
55.0,62.20418203936494
55.0,64.22103127129853
50.0,67.61682933038752
50.0,61.875186060514864
55.0,63.365596691051174
55.0,63.86912589326998
53.0,64.57596495436019
53.0,62.26932576933799
46.0,60.558725508955305
46.0,50.292094135461696
53.0,53.704720666032784
53.0,56.71883585997811
48.000004,58.830367555481516
48.000004,51.575745489468666
49.0,55.495967539851186
49.0,51.016201804358076
49.0,51.986538888228104
49.0,54.64118940954607
55.0,49.93735514246787
55.0,62.74019854086099
52.0,56.85579495074961
52.0,56.28070383657734
52.0,49.858155364057936
52.0,50.27104406656275
61.0,57.43376030220416
61.0,62.54078799595181
61.0,64.20231793050554
61.0,64.27247645727122
41.0,59.41225207003495
41.0,38.81044381897151
48.000004,50.32328553721569
48.000004,53.251486262236845
49.0,52.29068697929414
49.0,56.600621458077555
47.0,56.848765978218346
47.0,54.478898371925496
58.0,56.31425265854755
58.0,63.06861513125746
56.0,62.43887855143787
56.0,61.831313628942596
52.0,62.686040161191976
52.0,61.92947029707257
49.0,59.14893833048466
49.0,62.193904813682316
41.0,57.92953570597411
41.0,51.841461472799935
43.0,49.03549075130881
43.0,55.56728326718148
43.0,55.57905504962192
43.0,56.250097314537115
40.0,57.78493364574958
40.0,51.96733613431093
45.0,55.32276547171647
45.0,54.571916642016895
50.0,56.34897348447191
50.0,59.271844207701186
50.0,57.796466420970425
50.0,55.51728166508522
41.0,56.53733587553285
41.0,47.566345733189856
54.0,50.87155517619669
54.0,58.71479348275605
44.0,60.32015479064924
44.0,47.72999335833131
38.0,47.41987356874347
38.0,44.82538894333705
38.0,40.91772014012222
38.0,42.33463519786334
44.0,42.20320838721072
44.0,48.866278677971046
54.0,44.5577030093271
54.0,53.557762689485926
55.0,52.69592118571572
55.0,55.66160662758016
59.0,50.815985855666675
59.0,52.022012362967565
65.0,58.46259832572551
65.0,63.17155087423465
67.0,66.03639477746506
67.0,64.77174955558523
64.0,67.59951999229486
64.0,61.76002060749686
72.0,65.75725752776447
72.0,75.00056230167294
77.0,70.26188902646017
77.0,79.12988358568165
71.0,77.24343041809804
71.0,77.31733838556273
64.0,73.27929746131547
64.0,71.87016875519394
60.0,70.55802237511989
60.0,65.62504568739277
56.0,65.00000431267564
56.0,65.14196849983743
55.0,66.48991478169002
55.0,69.04100850423606
59.0,68.56530802895728
59.0,71.55771722668278
59.0,73.2708133810031
59.0,70.08011144852222
66.0,73.06042443375576
66.0,76.0554477325925
69.0,76.06631639104033
69.0,78.06348162914175
74.0,77.59568689379657
74.0,78.37944077494237
75.0,79.37402545695092
75.0,78.8196704241421
75.0,82.95744860598604
75.0,80.12147545375794
71.0,79.88047126258977
71.0,72.13382465616068
71.0,72.60620691273024
71.0,71.86958883711684
71.0,71.0847097602991
71.0,75.15221866360294
76.0,69.71198386820916
76.0,78.89034722377323
77.0,73.94032742680936
77.0,71.93007744139148
72.0,77.5353273009206
72.0,75.89805143008266
67.0,76.69395985895987
67.0,73.82282981604979
62.0,76.35660583272679
62.0,70.25126492844974
62.0,73.26000852893426
62.0,71.89293319191931
62.0,72.36513564005045
62.0,72.94028957204681
68.0,71.25531461598578
68.0,78.79558310015223
66.0,81.6378219586414
66.0,74.47078359413774
64.0,78.2947511748141
64.0,71.23731522417317
59.0,71.59598258442858
59.0,70.79253416329213
55.0,70.97997348959728
55.0,68.59974823459902
50.0,61.04581092134801
50.0,61.32336739156969
45.0,57.333643619748045
45.0,58.75647347639427
53.0,53.53155948163604
53.0,60.304482105482585
55.0,63.67009848608075
55.0,63.328837201715004
57.0,62.87103059949795
57.0,62.64336477032399
54.0,61.37421477247929
54.0,60.79983659825028
58.0,58.91593801019554
58.0,63.37565328440528
65.0,64.28093129682469
65.0,67.45634138916765
59.0,71.6982324646761
59.0,62.62972039008136
56.0,65.25566358497342
56.0,57.079020018486865
74.0,57.450923192799664
74.0,78.2347245539165
115.0,75.03817693129837
115.0,120.31056267819363
90.0,109.86930170553947
90.0,87.87409751474534
68.0,84.41547438269157
68.0,62.48447556012326
55.0,73.44025968006257
55.0,60.48080419446767
62.0,63.448508804918895
62.0,75.29385326514841
66.0,67.13479982091425
66.0,72.20987867342508
60.0,74.00581599992641
60.0,64.87340394037845
61.0,70.83035223619707
61.0,65.718840153626
63.0,69.46217309027594
63.0,67.75774383427041
62.0,71.6888842681927
62.0,70.16825889299739
55.0,64.94794231409205
55.0,59.75280069125802
53.0,59.04774669969522
53.0,57.39164510745659
57.0,54.0164375894562
57.0,61.0346681288377
58.0,52.49255103376534
58.0,59.364947354388036
53.0,60.70128637265663
53.0,56.57796167590076
54.0,58.75114566767172
54.0,60.9097668037753
106.0,61.079452768674265
106.0,109.08219962927296
90.0,103.65946440495195
90.0,90.12125976290065
76.0,85.88753245070244
76.0,74.55211378462245
57.0,71.89424205138437
57.0,52.94438572019674
59.0,57.792528739701396
59.0,56.16989788426106
53.0,60.875482931644406
53.0,53.577279074511544
48.000004,66.13115282535057
48.000004,64.20192696252155
43.0,60.00494609494241
43.0,53.32003274415554
46.0,45.10507634346441
46.0,46.64374308451184
42.0,47.95322431755221
42.0,55.50795355100894
42.0,46.88226535528522
42.0,62.27391709196784
54.0,63.383180966132116
54.0,62.648942627560736
43.0,66.41613502190395
43.0,43.97250065052284
44.0,50.25433208124789
44.0,46.075583170413644
43.0,48.937855352114205
43.0,59.689656491902184
36.0,49.86564822041342
36.0,46.46428890847915
35.0,44.34650918999441
35.0,32.862066205924826
35.0,40.913450274918105
35.0,40.57530527667439
40.0,47.052594337771744
40.0,43.30701626631283
39.0,48.55585455896542
39.0,50.14686797900517
32.0,41.16492138955294
32.0,45.145818943394495
30.0,39.69938436305932
30.0,40.83295578162681
40.0,40.360423556897274
40.0,52.70917098945052
39.0,49.17422767752844
39.0,50.112889928282165
51.0,50.7131659420467
51.0,60.01472826802445
46.0,62.34826278712489
46.0,53.544454066394486
52.0,53.44204238626927
52.0,56.48822963960823
56.0,53.23628286171751
56.0,57.26203799606565
55.0,57.22737474802382
55.0,56.23773442742486
50.0,58.80061813754162
50.0,52.32015517269281
45.0,57.03398862344954
45.0,46.90834132000948
54.0,53.31263048387494
54.0,58.40710048364143
58.0,51.61085569759176
58.0,65.66468751472964
55.0,62.35797400201842
55.0,67.57978859458154
56.0,56.0869101262606
56.0,60.53406222071655
52.0,66.05876925741127
52.0,52.19891148632922
56.0,57.822951217442906
56.0,58.97967628722273
53.0,61.254911921677504
53.0,61.677147856315486
51.0,67.35508391249438
51.0,55.476430846776154
54.0,52.17330860918171
54.0,62.95370900997102
55.0,60.46751700632807
55.0,57.683350361462466
53.0,60.4973311300384
53.0,60.736842560199555
43.0,61.75307854111581
43.0,53.56575138674036
40.0,54.62566297714023
40.0,53.04471803015282
51.0,53.47386324788135
51.0,64.79759006769628
52.0,63.77051602439405
52.0,67.98612256792198
33.0,65.52625982468085
33.0,50.608629303500614
37.0,51.026545694212224
37.0,50.14174211036809
33.0,53.59789031558896
33.0,49.304865648577156
35.0,50.846870121183656
35.0,53.629992829691126
36.0,51.04228553958167
36.0,51.62503109192625
30.0,52.09855340175039
30.0,40.66674507081578
34.0,44.28469235001352
34.0,42.300412464960935
35.0,42.21481102218116
35.0,45.76221365446973
26.0,45.68778736371853
26.0,31.087821933066188
11.0,31.277394517609522
11.0,17.060114151993606
12.000001,20.91823413081563
12.000001,26.752822016563208
16.0,23.846236081673617
16.0,31.796086988213737
27.0,19.59835613016926
27.0,37.97951334639258
47.0,44.88263157867031
47.0,58.616530079201894
58.0,55.44757890519731
58.0,67.53544615623149
52.0,62.82170268142179
52.0,55.83919244352568
52.0,57.69018409052751
52.0,61.69153339806664
51.0,61.62791507359886
51.0,59.753275714678445
52.0,69.66552223588766
52.0,55.38077884732977
41.0,56.79723826665505
41.0,50.54157627608956
43.0,49.87374563102507
43.0,45.59406449494394
36.0,49.04737437403589
36.0,48.02241629212158
28.0,40.49661581083888
28.0,43.05344550562306
23.0,39.93599259254702
23.0,35.01018334835823
22.0,38.583568178999194
22.0,39.57062602480345
42.0,40.818919701963466
42.0,59.25296171849448
42.0,58.43005628370366
42.0,60.717384743682885
22.0,58.4308887439622
22.0,37.33419658820827
28.0,41.88496414975757
28.0,46.40420238264098
35.0,46.50352583292141
35.0,49.0060889984333
34.0,48.5303222124369
34.0,43.57685830457766
38.0,47.21445165598945
38.0,52.43701522756545
40.0,52.9405337405551
40.0,47.05074982313032
36.0,48.631306554052564
36.0,40.48500574748358
33.0,44.76742435891822
33.0,42.91801705091363
35.0,40.74827896977111
35.0,46.99170048266041
30.0,41.09122598737187
30.0,41.609855500996275
25.0,42.65427877493274
25.0,40.387776844577374
25.0,36.55848690971628
25.0,34.99815592536108
29.0,38.14646051839177
29.0,39.6210919620543
31.0,40.747084846884725
31.0,44.00248073177521
30.0,41.910379680301546
30.0,37.81072909279556
28.0,42.4690892213489
28.0,40.75604715127479
28.0,41.599390854014274
28.0,36.15290588852183
25.0,40.33010522287367
25.0,37.29827371792557
25.0,32.9184892257899
25.0,41.924641122673165
23.0,37.76082842098159
23.0,40.055353468349594
47.0,37.18607195905487
47.0,61.926646761676295
42.0,57.86093240638521
42.0,55.3867680939373
31.0,52.627869791610976
31.0,44.893488817226846
32.0,47.35419663923735
32.0,49.17197354692827
28.0,50.15232938824998
28.0,45.242149467241525
29.0,46.17838155537071
29.0,46.993053502686294
29.0,48.364107716554
29.0,44.68874142426631
39.0,48.06915770115225
39.0,51.91937960949231
43.0,57.69149690461407
43.0,61.61059573089372
44.0,62.0398928442129
44.0,58.963892141866715
52.0,59.17812585837003
52.0,61.71259821207698
48.000004,66.33855932726696
48.000004,62.48166148304503
40.0,59.32522294644429
40.0,50.86102375419681
41.0,47.151680392626794
41.0,47.02134892748212
41.0,53.92129886488439
41.0,53.902143777533496
45.0,53.531682641839886
45.0,56.22695538225265
41.0,55.12287902813754
41.0,46.97907030042161
43.0,48.31014874157174
43.0,49.28713326868451
40.0,47.697723352051725
40.0,51.73872246667126
49.0,50.4232944351235
49.0,58.16979373783536
49.0,55.88413285997083
49.0,57.11942494353097
48.000004,53.07442140824525
48.000004,50.61077827945087
38.0,49.2203783712787
38.0,44.950337090528926
51.0,45.154935575891145
51.0,60.18715926123022
50.0,50.82524190632087
50.0,56.8739956846624
57.0,56.837128185237475
57.0,64.37891065753504
54.0,63.051327013648404
54.0,58.6635831009575
64.0,61.84147901010497
64.0,70.41004362286922
63.0,70.11578066645083
63.0,67.98792128030594
61.0,66.09826193579528
61.0,65.5619671654905
61.0,64.8809756741164
61.0,61.43133871429983
58.0,63.1818736560325
58.0,59.59686860644834
65.0,64.27730306165
65.0,70.07575910962393
68.0,69.18504133767573
68.0,68.60164185793356
62.0,71.31511983503256
62.0,67.03633211816044
58.0,66.83224212028843
58.0,67.07263109934252
53.0,61.707275809034364
53.0,61.422332852747
56.0,59.290608165041014
56.0,66.54220608625741
54.0,62.5000661007076
54.0,59.748348425993306
48.000004,63.77126055785393
48.000004,50.47423562308156
51.0,64.817079102462
51.0,61.90541183685482
42.0,60.23538679270161
42.0,50.49240893092767
42.0,52.6059833681461
42.0,48.01007088196474
56.0,54.45679923562041
56.0,70.9700239493697
76.0,59.19392591278179
76.0,79.50702541549776
81.0,79.65732081884508
81.0,85.10666596653975
83.0,84.94615915653442
83.0,87.65881983628887
95.0,84.8953634774706
95.0,96.2165422389734
98.0,95.33799000628797
98.0,101.50034236881284
114.0,96.94683675804534
114.0,118.07114083883293
109.0,111.26663153773549
109.0,107.84035385023783
113.0,109.56141926982163
113.0,113.49914848831536
131.0,111.85664884046314
131.0,126.89006658603483
144.0,126.20921426706566
144.0,140.35260879682656
124.0,136.51261967274326
124.0,119.11355313245092
102.0,121.57100511105884
102.0,98.16625897618614
85.0,110.17267383318564
85.0,91.88210056044015
77.0,94.13696554398562
77.0,86.60785259504343
78.0,89.32991931010356
78.0,88.91915944464091
79.0,88.09849600023648
79.0,86.49535284191278
74.0,90.11851720019465
74.0,80.06464269161096
68.0,80.67957757797454
68.0,74.2848104129055
57.0,84.55063274882318
57.0,77.49839128876965
48.000004,71.12579425054466
48.000004,56.478658838791816
38.0,62.89840845900281
38.0,51.77350033852622
34.0,58.493261750897524
34.0,52.41605337351455
38.0,47.40477064999409
38.0,58.19242836198349
42.0,54.033325734923785
42.0,54.265337304106566
33.0,50.466865701073665
33.0,50.427986949825666
25.0,50.59975250895791
25.0,37.44430670466392
23.0,41.00843139533319
23.0,42.11402836318424
43.0,39.37085509454535
43.0,62.92303883284114
53.0,59.461631212819405
53.0,73.47131887002038
58.0,71.00405001082906
58.0,74.34424650554212
61.0,68.74585100646307
61.0,70.86610420073536
63.0,70.26132907049832
63.0,73.80365803928595
62.0,78.77303258342948
62.0,74.91679262124065
65.0,70.28758316955499
65.0,75.23127625613176
70.0,71.30605316459554
70.0,73.07172593375682
76.0,72.90189370459129
76.0,77.09650924830991
83.0,79.68247628039221
83.0,86.10003695811349
87.0,78.55233206435304
87.0,80.35361281094531
94.0,86.08265834951091
94.0,92.26013880452142
98.0,92.44204021048378
98.0,93.0008932899953
90.0,98.2059626923345
90.0,89.84625250747453
77.0,90.09918335617932
77.0,72.16122361522567
70.0,82.54207622894378
70.0,78.67972179092595
66.0,87.06260111586317
66.0,81.5124409598192
66.0,64.76373822321493
66.0,77.31827468629145
68.0,75.13610698854937
68.0,72.28550003992211
61.0,73.44846615178292
61.0,73.59612203672404
59.0,74.14757851657134
59.0,64.42562115032263
73.0,66.47974114822367
73.0,75.99179195225044
67.0,72.15170983737038
67.0,69.49923243720256
61.0,67.85336585104321
61.0,61.682650040926085
61.0,59.467419718523466
61.0,67.43560620889147
43.0,60.95027907737399
43.0,50.1111438842386
59.0,51.696284633211825
59.0,68.83753451481576
62.0,69.79761331768698
62.0,73.46543794922124
73.0,75.13569188295813
73.0,83.25231544343006
55.0,82.85001848158046
55.0,64.20319565068883
56.0,66.40125429177704
56.0,65.15829929316628
73.0,66.23723666849025
73.0,78.30478391952974
83.0,77.79806133699003
83.0,86.41353313523703
72.0,88.03743382373077
72.0,73.41640392151612
67.0,77.67269830210333
67.0,70.30902169593627
65.0,74.59989011214853
65.0,69.09000415532341
57.0,68.84509974267453
57.0,64.95332376535062
56.0,62.370743947607956
56.0,66.91123980024106
49.0,57.3536739691068
49.0,59.50424431082807
49.0,59.81586741932168
49.0,61.634175957094946
41.0,55.85964476058663
41.0,40.238338714571675
43.0,47.378777897163666
43.0,47.380038038923836
40.0,47.92144331287686
40.0,46.37881861750478
47.0,41.630930081911366
47.0,50.097849001456915
51.0,53.16305666826859
51.0,50.72016666080892
40.0,42.81606035500859
40.0,37.1982495700276
22.0,38.41714152160207
22.0,16.28458131583608
30.0,18.915869958274335
30.0,36.38578627149568
50.0,28.03921856533201
50.0,53.77988440128157
46.0,53.066559779708115
46.0,50.12833484796821
58.0,54.04592072958327
58.0,65.05848624521924
75.0,66.2719628659641
75.0,78.65735807697718
58.0,80.72120488080279
58.0,66.04922769405547
46.0,66.24683318971951
46.0,56.45849937973279
35.0,57.61121148699061
35.0,44.461302459793096
34.0,45.395249177829356
34.0,39.42190039106588
32.0,40.99969170394609
32.0,37.90608660293163
28.0,41.84027059663961
28.0,35.59282766853976
27.0,38.2753998832291
27.0,32.580155320408565
26.0,36.69599476649775
26.0,32.89069811976641
25.0,34.30058638993534
25.0,36.80589869926269
23.0,30.68241749959303
23.0,32.74749294189464
22.0,29.095661425233057
22.0,30.965947288339112
29.0,33.02272955639042
29.0,39.264475043979886
44.0,39.86731596466825
44.0,48.99379334916479
53.0,49.70524347627397
53.0,55.53760769406265
52.0,56.73408387150566
52.0,56.395798043989096
57.0,55.36600244431486
57.0,60.3748242013296
61.0,63.90735494872749
61.0,62.62009256913681
59.0,64.99242544529224
59.0,59.9207127134166
54.0,58.99225693368384
54.0,57.4824507232471
40.0,58.423749519195376
40.0,48.82577075687582
35.0,45.8846825427224
35.0,47.31422010321095
30.0,42.55405097134262
30.0,43.111886639611825
27.0,40.538454139652885
27.0,41.12575840463511
32.0,37.860266639640834
32.0,44.84123811294604
51.0,45.56745969976663
51.0,62.54984364572964
62.0,62.49756505702629
62.0,69.77736682239284
57.0,68.62419556815448
57.0,60.763215829570086
50.0,63.778315395552454
50.0,50.81998414647154
48.000004,54.796005589718035
48.000004,51.280255190025656
40.0,54.076072055739125
40.0,47.692257324446146
37.0,44.84990967247619
37.0,40.62207001205852
31.0,40.496851429500666
31.0,33.41905091587752
38.0,33.39552948423118
38.0,40.75435437213668
48.000004,36.65513590346014
48.000004,47.98435281458722
52.0,46.87936275158794
52.0,51.88987011639471
54.0,53.934028419261494
54.0,54.571511843201996
52.0,53.75085487710927
52.0,48.927717741996815
71.0,52.179435249033936
71.0,65.64567892267047
83.0,66.75630901166737
83.0,79.20625221881498
69.0,76.93216237170394
69.0,64.40009986366013
72.0,65.37773249407222
72.0,67.25165221332149
69.0,69.38994620559664
69.0,63.369926155363665
59.0,65.99869746608601
59.0,60.04167451185099
52.0,57.52970391995366
52.0,58.59013090838743
53.0,55.08000303338025
53.0,58.71542259861132
48.000004,54.15498145565035
48.000004,54.57761032773722
41.0,52.009435441741665
41.0,49.638217941877706
35.0,50.82283150325183
35.0,44.66683092152276
45.0,47.64753626971166
45.0,55.653545484391955
37.0,55.210102771802845
37.0,44.719754931077475
29.0,44.81297515469329
29.0,36.5876980591262
35.0,38.14864308284382
35.0,40.29059866804312
36.0,41.69931938496859
36.0,40.869062510707124
33.0,43.82810882342881
33.0,38.885346902080514
31.0,39.119567867229584
31.0,33.5656831687902
34.0,36.79313506155879
34.0,40.40415708018119
32.0,36.23680077524537
32.0,41.80295717204028
37.0,33.857718638345446
37.0,48.70257980805397
39.0,41.828252483259334
39.0,45.231105852069646
51.0,47.90290126645817
51.0,55.95952567165922
42.0,52.50169345325386
42.0,43.73405836855009
59.0,49.50985986035741
59.0,65.35053464414624
57.0,60.80328438579489
57.0,58.930229803903295
61.0,66.00071043950786
61.0,60.488941978186595
63.0,63.95182177209018
63.0,64.9157606876897
74.0,63.637948518411726
74.0,75.87150217378765
75.0,77.9993198599933
75.0,74.89242932183589
90.0,70.66442351861522
90.0,93.79942727945377
71.0,90.80841581748864
71.0,70.08451524628128
57.0,74.23703096955117
57.0,63.46094714708324
52.0,68.76664120667313
52.0,63.551909270469636
43.0,63.38727448292231
43.0,54.967978791919926
32.0,55.124673861428356
32.0,49.74148585602843
39.0,47.789883848504864
39.0,55.19656510183133
52.0,55.26162351967492
52.0,63.46246973483443
45.0,61.98368141261218
45.0,48.45572595107957
41.0,52.886660380429596
41.0,44.13917265412456
31.0,48.065206645761805
31.0,40.1424479300815
26.0,39.87737568857246
26.0,35.68172985080191
25.0,31.30840162226803
25.0,29.75443976105216
50.0,32.74393178450813
50.0,50.38308825757396
50.0,44.97273649542491
50.0,51.79552771565111
40.0,46.84905672920396
40.0,42.55655133793633
53.0,46.011893794384534
53.0,61.390779317016055
52.0,52.46515954395523
52.0,51.99333865773123
63.0,53.944833046662566
63.0,63.364266302634476
59.0,64.06489538081264
59.0,66.71358757252581
56.0,69.74416786060075
56.0,59.05504072135197
47.0,61.751865247855655
47.0,57.698268531992476
32.0,55.99598073131103
32.0,42.431078492247664
33.0,45.57747169392569
33.0,47.41820163335071
37.0,48.99491620468173
37.0,55.573700050776345
50.0,56.284885178533585
50.0,64.05498110406648
48.000004,61.390854917215
48.000004,58.96138380510575
67.0,62.27292792366156
67.0,79.77478218194861
55.0,77.97624594745243
55.0,64.23944081603938
64.0,65.0406251720825
64.0,74.1878666585177
73.0,72.45347168036035
73.0,80.28018785072123
72.0,77.58603890376118
72.0,71.98766232217504
67.0,71.0955311209329
67.0,60.162998483998024
57.0,64.00705416029736
57.0,52.765998671035035
45.0,56.84957409238879
45.0,49.44955563145178
37.0,46.15520200759555
37.0,38.151157978585715
50.0,39.83575556219473
50.0,52.295692213909525
53.0,47.83272308040263
53.0,55.72544690371202
41.0,54.85124933597099
41.0,51.80304421753402
39.0,43.200014909066624
39.0,42.29246793718208
49.0,45.053282527471616
49.0,54.99399631229068
45.0,53.68634792759938
45.0,53.75848637821956
45.0,56.358158401208094
45.0,50.049677362689856
54.0,59.49872369281934
54.0,57.881510389573286
34.0,61.48410981748884
34.0,42.47484780242766
51.0,43.04407218042384
51.0,58.841628290773215
59.0,57.662756299390566
59.0,65.55905664872867
55.0,65.9201674855514
55.0,62.874778222863284
57.0,59.171260972799615
57.0,62.74315077896832
55.0,64.54372333751084
55.0,62.7647226535077
54.0,60.07739878917074
54.0,63.08566383249747
54.0,60.77208906676311
54.0,66.44902036593123
59.0,63.28427429765872
59.0,66.37868684786072
59.0,66.52632234860177
59.0,65.96794850350665
60.0,64.78939120324938
60.0,61.93652558681439
61.0,62.58301564261771
61.0,60.50101467359906
61.0,60.84881953820334
61.0,59.30573700934559
53.0,58.78867958234643
53.0,47.80188475418438
39.0,52.46080043149658
39.0,39.047413435102165
32.0,42.075273829822976
32.0,34.47464230245666
24.000002,37.28540834997736
24.000002,36.50469640566956
23.0,34.34142983009187
23.0,42.00847447943788
24.000002,32.691640425437434
24.000002,33.04384426358005
22.0,27.25976366057449
22.0,34.212157481226626
32.0,29.873404082614766
32.0,46.048750407810765
33.0,46.79054889283099
33.0,32.83501306327444
33.0,50.533939502589135
33.0,35.939650019558265
35.0,54.54859028759572
35.0,49.64277775335603
51.0,39.744476494983445
51.0,56.46593386524677
40.0,51.10358929337432
40.0,48.06973671810097
33.0,32.063945466854186
33.0,38.40961546116351
27.0,37.26475198348993
27.0,26.648571084901
45.0,38.26461649815985
45.0,47.99570474928926
39.0,42.661154148243334
39.0,43.187461865141735
25.0,41.36282499721142
25.0,28.00100285334972
33.0,34.90041516522121
33.0,42.569388039341646
31.0,33.161684342453476
31.0,38.476045168697894
56.0,39.502780060912926
56.0,60.42993073555116
56.0,63.37759297676561
56.0,62.6606408146113
37.0,64.02944677175721
37.0,42.507344449255996
44.0,42.027223961081674
44.0,48.17522615499468
47.0,48.5670748831119
47.0,51.19699675358356
51.0,53.75161514084561
51.0,58.938108810494384
52.0,58.38314526135353
52.0,54.76335890046742
49.0,58.3679980295477
49.0,49.077108772447374
56.0,49.25842766325283
56.0,65.27616795395541
56.0,53.748613907829174
56.0,61.868241109727826
52.0,53.407983576028265
52.0,48.95654711540416
45.0,55.53811203000673
45.0,43.81527089162721
41.0,52.9831934662073
41.0,41.566076583303705
54.0,45.528541258324715
54.0,53.38006106632295
55.0,59.99292199371102
55.0,60.620544892954406
54.0,55.870538214203
54.0,58.29158173440687
51.0,54.002937553481395
51.0,53.896528745407124
55.0,58.1290276408903
55.0,57.74970408038944
57.0,54.517392511770446
57.0,58.51771345812726
48.000004,59.42320018472601
48.000004,51.021711366073795
52.0,51.48063868384394
52.0,58.571060325140415
41.0,54.29619220077085
41.0,47.57636207831067
31.0,46.9042999315638
31.0,41.99930137971628
45.0,39.83936664913249
45.0,54.4507865500088
45.0,54.500413246479745
45.0,54.155927936045515
50.0,52.177773837872934
50.0,54.57578184102596
53.0,55.94276416328523
53.0,58.54289221629172
61.0,58.52536189814056
61.0,61.775689355235244
54.0,64.61253979582858
54.0,55.56472343443748
51.0,60.983840106486454
51.0,54.95103970449933
48.000004,57.91288158321624
48.000004,52.80168668014741
41.0,50.49472574187993
41.0,51.82553396032899
41.0,45.809062353156435
41.0,50.58519773780334
43.0,43.574683751118016
43.0,50.02708380151214
73.0,48.51590096534187
73.0,75.51496595221867
61.0,71.19516594096541
61.0,57.60490525751021
66.0,64.58362116561003
66.0,61.342416136562655
73.0,76.70126196890148
73.0,77.99089090277138
61.0,72.5676307278071
61.0,62.610771828615995
63.0,57.69919071636461
63.0,58.90707159171507
59.0,57.06675291381744
59.0,58.95199122920832
60.0,51.943632915135474
60.0,53.71717674912057
63.0,60.012513859630424
63.0,58.685514951517874
58.0,59.76920608506897
58.0,54.108401055720144
64.0,54.875761600080494
64.0,60.324400684955265
35.0,61.677246215916554
35.0,40.58370578433324
30.0,33.7071737987734
30.0,37.02663533921698
48.000004,34.48933329728297
48.000004,52.11079528652599
51.0,54.35231502878991
51.0,56.20895014460005
59.0,54.868991080869584
59.0,56.25279261681764
54.0,59.62359718432689
54.0,54.11140832240983
43.0,54.10164717734182
43.0,38.76257877284922
46.0,42.48509841589213
46.0,42.942913880932956
44.0,46.76957892052367
44.0,42.17467989586105
38.0,44.07310418593257
38.0,32.83825648907122
38.0,33.43727634474645
38.0,36.73169882330582
44.0,34.082618788273194
44.0,46.66794344402828
56.0,34.91092319013912
56.0,51.08198563241708
47.0,45.29107331391147
47.0,42.921699879074055
46.0,44.733257979585694
46.0,42.29845833599928
48.000004,46.07150481641973
48.000004,41.20516536925195
52.0,46.86755468220053
52.0,46.229083491935654
54.0,49.445468452395474
54.0,53.3196608502769
54.0,53.66818444907912
54.0,51.66941212511004
43.0,56.192941664632954
43.0,41.7256927637092
42.0,40.290148341180334
42.0,39.10476968227566
35.0,40.52085224520921
35.0,35.039671309189075
51.0,36.40562582303654
51.0,54.327862051214225
30.0,49.036588752867054
30.0,33.13805674795729
33.0,31.177655134054174
33.0,37.582138637063814
27.0,37.68759188541587
27.0,36.43503896177383
20.0,31.64851353783098
20.0,28.175188621749484
26.0,26.88188759648035
26.0,37.974989439709276
25.0,34.27690033960233
25.0,33.49220527100845
23.0,35.06305169897894
23.0,29.470153769384478
32.0,29.83512066503318
32.0,34.94545088100952
37.0,39.03968606335073
37.0,39.41209423607335
52.0,42.655651111695796
52.0,57.422524258575926
55.0,58.04312912850157
55.0,51.994249014990196
48.000004,49.98812162323401
48.000004,41.184946583564624
39.0,43.42600514992676
39.0,40.91531640577793
32.0,34.07530622785758
32.0,29.66464691772734
24.000002,35.94383567087654
24.000002,31.276452853999416
39.0,27.577475802039782
39.0,38.99756407972203
45.0,38.240559707500545
45.0,48.84261009000616
37.0,43.22915542140456
37.0,37.399750809096
35.0,44.98799998827052
35.0,38.34809470591524
40.0,47.534097653611184
40.0,41.83025239899793
49.0,42.53236433898088
49.0,53.261834838448216
57.0,53.50622886792682
57.0,56.96762840957357
45.0,58.3070154885027
45.0,52.44670371078786
37.0,46.05151262927217
37.0,44.873083207920835
29.0,44.0698869094496
29.0,36.67315121793938
27.0,37.823595077118284
27.0,38.60602035450075
34.0,37.95103401400759
34.0,48.727611655982315
34.0,44.762695766984216
34.0,46.04766914080552
33.0,46.32298805561775
33.0,41.41424705346002
27.0,42.25322786551228
27.0,30.68857349712857
28.0,35.27795697211504
28.0,36.1458017673098
30.0,34.12701051298749
30.0,34.35345635440866
36.0,35.4542039427731
36.0,38.10745647045004
37.0,40.11302602656043
37.0,36.821966264994074
37.0,38.83191665798644
37.0,32.879696829667
39.0,30.979505400138496
39.0,37.22914085292153
38.0,31.588120136004118
38.0,38.54898403553972
44.0,35.30863018403861
44.0,45.63180033405913
55.0,36.72640391508971
55.0,50.947905377743616
50.0,50.70016218973403
50.0,37.67462358242769
52.0,41.9176006905691
52.0,43.85445934921134
45.0,48.104113726117525
45.0,39.94225563524831
56.0,44.94009185029859
56.0,50.98714740102824
42.0,49.07262800663416
42.0,38.86699784912419
31.0,45.221113394039165
31.0,29.271073607117863
36.0,33.0082088580604
36.0,40.355449427984034
35.0,41.447565085584365
35.0,40.74800063208949
38.0,36.24962944672808
38.0,44.46655234445324
38.0,39.778782914136514
38.0,44.0853615310806
38.0,42.978519706425296
38.0,44.678987258999825
44.0,42.56613377076236
44.0,51.553858420429485
40.0,48.310823995964775
40.0,43.975806521402674
35.0,46.49313277277996
35.0,39.879377040732656
40.0,41.54304873955315
40.0,41.099548022112806
37.0,40.749815265150815
37.0,38.055293414536855
39.0,33.85405378393229
39.0,34.369627943957596
40.0,37.45852935755423
40.0,37.824956548285414
33.0,40.41042596050287
33.0,29.48676231665121
29.0,33.95487029708368
29.0,25.63881049742668
33.0,26.4380647174675
33.0,36.97807711851866
29.0,29.193385919629446
29.0,35.86751826026229
25.0,30.879245038880534
25.0,32.517233172206
25.0,22.740000891002715
25.0,22.34873292855476
23.0,34.27919488612979
23.0,27.567166702328674
28.0,30.329082021491608
28.0,35.923762206522085
30.0,37.07745247946023
30.0,31.771820394909575
38.0,33.85331147871774
38.0,37.906208226590245
35.0,37.045658153309255
35.0,40.81672926747245
28.0,43.9531045667322
28.0,25.696954573166487
37.0,26.535981282524357
37.0,38.243056195213214
31.0,36.00239492896744
31.0,27.908834313644334
51.0,28.12538304191813
51.0,51.6822714718896
44.0,50.23187107964867
44.0,46.77373279167309
47.0,37.178349852473744
47.0,48.12690743135987
46.0,48.47799268088168
46.0,49.32667169018637
46.0,52.848527066061855
46.0,52.44389730180831
42.0,54.26826530269838
42.0,48.071828237023965
46.0,48.67940697512002
46.0,47.63792346839364
38.0,49.821495111877226
38.0,40.69326525854297
29.0,40.24461798513922
29.0,32.59010884976557
35.0,34.780497513014254
35.0,36.1929398576782
38.0,39.891534196995444
38.0,39.68239021604577
40.0,41.93989147784464
40.0,40.9869418335887
28.0,40.18527772389674
28.0,35.066846375512924
58.0,31.77265306511217
58.0,60.665858262073925
60.0,53.93987089367674
60.0,58.41020422176813
60.0,52.05924656762147
60.0,58.85364356686186
62.0,54.15833151158908
62.0,62.578323804888214
44.0,60.06394047309971
44.0,37.46735216180662
35.0,46.512372555307444
35.0,31.059218214012866
42.0,37.700324219669824
42.0,43.39934228628299
42.0,44.059784584004994
42.0,40.57605512653387
54.0,41.71629488626574
54.0,53.30028984217973
45.0,47.115789887299414
45.0,39.60903467762006
49.0,47.26083036023664
49.0,49.233484953748075
41.0,48.27528543202752
41.0,47.459596199778794
41.0,47.075996911635805
41.0,47.950424783518024
31.0,45.760620013141796
31.0,38.90219864650784
28.0,39.09130072328252
28.0,39.02227668894321
30.0,37.619805033435
30.0,37.895262516118855
36.0,39.41959177943917
36.0,44.8230884595169
39.0,45.12760663380861
39.0,42.42244980966162
44.0,44.443909583364224
44.0,45.136001222380834
43.0,45.054416157634456
43.0,38.66581995515969
53.0,41.5526600193664
53.0,49.959734396135254
27.0,58.00553602348579
27.0,35.78078225604311
34.0,31.023117135630667
34.0,30.196102359553823
38.0,25.813517748763807
38.0,36.714824117559445
38.0,28.388091684482422
38.0,40.62495022748482
33.0,34.042064819292165
33.0,35.79210741648684
31.0,35.28865477816971
31.0,20.90261308047566
24.000002,29.158534878048954
24.000002,21.708139062229886
22.0,25.640324736412982
22.0,31.06291965911596
46.0,29.622090067948395
46.0,45.5397849772995
33.0,32.0704986937327
33.0,37.99073934720688
27.0,34.75848572663916
27.0,22.14598589553119
30.0,34.8516098928775
30.0,28.25458433746638
32.0,35.290036782995834
32.0,33.432154386312156
28.0,26.968721291288706
28.0,26.66319403795144
31.0,25.688071921811574
31.0,27.591507758711156
30.0,30.27294159678309
30.0,32.18690891788502
28.0,22.739211309444887
28.0,26.013187405002164
26.0,26.818188603690334
26.0,28.545603202676194
28.0,33.095231627564885
28.0,34.95247376972958
24.000002,38.3927428651646
24.000002,30.77304941287365
41.0,32.69093764327596
41.0,42.2050244041628
37.0,40.47572751896029
37.0,38.30282612316345
27.0,36.068340687673945
27.0,24.707086852209155
18.0,29.62481056910704
18.0,20.97794941771179
17.0,23.19141635166987
17.0,18.783391114328403
17.0,23.56789222958809
17.0,16.47222260450379
21.0,21.118977430174652
21.0,27.807663757887028
21.0,25.284003879209394
21.0,30.969099808622175
23.0,24.317487106373324
23.0,33.95041159864918
28.0,24.927838166926602
28.0,28.607274084682405
35.0,40.67738190089585
35.0,45.1192800104206
48.000004,41.4561488949246
48.000004,47.408629612573925
51.0,43.21107146592424
51.0,45.543157112818804
40.0,50.503439730535156
40.0,40.821250872648825
43.0,43.43158811914395
43.0,38.20084517947003
42.0,48.51183015896978
42.0,40.76774692249229
40.0,37.576147157201824
40.0,39.71408018787232
30.0,34.312033424051
30.0,29.93717157061055
23.0,28.6786933458761
23.0,31.459254760259224
57.0,25.868663326112788
57.0,62.64186170784874
29.0,55.33435792005945
29.0,29.76438868508276
45.0,35.28050283466592
45.0,52.31402031336734
45.0,53.121635758606054
45.0,50.55419095065751
20.0,55.28228639371123
20.0,31.213312605500537
28.0,31.302992050953478
28.0,34.051431030750685
26.0,36.40788132180493
26.0,33.05839421050175
28.0,28.406460433853685
28.0,27.762986369843276
24.000002,29.332137261411344
24.000002,26.982924081486583
27.0,33.77480466057817
27.0,30.494476279580844
30.0,35.182900626413506
30.0,30.331665397566073
40.0,35.1129244240128
40.0,48.61205100210625
45.0,39.33405946483024
45.0,55.73650690387275
45.0,45.80209026963405
45.0,48.08143703633049
55.0,39.47183188902973
55.0,51.865745985374204
57.0,58.00089882118736
57.0,56.04819956444773
56.0,57.00450516234985
56.0,48.54615065019058
58.0,53.88706233347165
58.0,54.34210827149579
56.0,58.71097681726917
56.0,53.05233126258301
54.0,54.18911834128797
54.0,52.68118532146514
51.0,55.26818404816571
51.0,48.19746399165482
35.0,41.28565443261658
35.0,32.957162659458426
30.0,34.147192227517316
30.0,29.60126001169487
40.0,31.11612952280093
40.0,46.987035659423476
39.0,42.6625420486232
39.0,41.815499563711576
34.0,39.47053983967125
34.0,38.20631275535738
31.0,40.64838001914683
31.0,40.37369562400386
30.0,38.41014757502108
30.0,39.71427981020508
38.0,38.1751328619098
38.0,47.69073398911616
44.0,44.722832485551564
44.0,43.4741845579682
36.0,42.55851990022063
36.0,36.71712100378688
28.0,34.30453550092239
28.0,24.84636359440709
27.0,31.475210239304772
27.0,31.8412841177773
26.0,33.53445375721133
26.0,27.916178875193665
28.0,32.070310281068764
28.0,25.66056387201949
33.0,28.330247013055498
33.0,35.12207613487193
50.0,30.927584904407748
50.0,53.5825568347131
55.0,46.31459063346799
55.0,56.95971876342692
66.0,50.96547464557088
66.0,61.77139996170262
59.0,57.1268752317972
59.0,50.82633317273419
58.0,54.26376552316962
58.0,52.21765255472022
59.0,55.08433322958264
59.0,51.84447850637754
55.0,59.71076699219772
55.0,47.528179870719356
50.0,46.19438875055127
50.0,43.6262846698683
42.0,40.89435627120012
42.0,36.12928719781659
48.000004,45.063672642763095
48.000004,43.522208403070415
40.0,35.463136163673596
40.0,41.61249098571325
49.0,43.0343757729376
49.0,50.39370957295303
56.0,53.35454562046888
56.0,60.75357136492352
30.0,57.78635209446402
30.0,35.76483824877315
23.0,35.70112362110615
23.0,33.063729725046976
30.0,33.02275040179521
30.0,40.99330110859998
32.0,41.52188021731593
32.0,40.13562034633776
49.0,40.69656286981677
49.0,49.93611892471942
20.0,50.09839395891446
20.0,21.708929234951224
25.0,21.45316400913564
25.0,25.54791403137979
27.0,28.17128061638562
27.0,31.108326826150527
24.000002,31.271638421876556
24.000002,24.620551075358737
22.0,27.756695336102936
22.0,21.280352094224437
30.0,20.18131088349948
30.0,27.21150942087534
35.0,24.26850113796343
35.0,37.94756207147749
38.0,34.122298153146794
38.0,46.7486456534331
57.0,39.054558960115266
57.0,55.52757436916508
62.0,50.4447450863137
62.0,51.041899700145336
56.0,59.009354904735844
56.0,54.93415264266753
52.0,53.1502651941563
52.0,47.83724708923618
53.0,58.88423023129914
53.0,46.01785835491518
48.000004,49.90508232506538
48.000004,45.83821664179209
43.0,42.44145518875328
43.0,39.25155433568299
40.0,45.51171029369956
40.0,39.688759582695226
37.0,34.26281702820969
37.0,41.294336627083766
45.0,39.48386005165143
45.0,45.01503165630346
41.0,44.518714558580406
41.0,45.46139176978642
41.0,42.01748695726308
41.0,44.01716304736527
37.0,42.85841981978306
37.0,41.85029078161217
41.0,40.72749039102686
41.0,47.36433225272882
40.0,46.571907680383234
40.0,44.56235967021032
45.0,45.7235525182413
45.0,41.329993509686645
45.0,44.307965669989116
45.0,44.54747952769351
44.0,39.61702033042883
44.0,37.3953371151228
50.0,38.64986471046471
50.0,43.643088777287005
46.0,45.98534116065437
46.0,37.006998680997576
44.0,44.74240590497212
44.0,34.04970539610136
47.0,37.41752146323753
47.0,47.528806218267064
66.0,42.4617706906071
66.0,67.4648851463994
63.0,58.35692266097929
63.0,63.4673399873372
64.0,45.63526477764121
64.0,54.650092387524616
65.0,60.65698471306691
65.0,55.20740570007199
51.0,58.5787444748891
51.0,38.88455254803021
57.0,49.05070530043722
57.0,51.96826749715171
44.0,56.15091332800276
44.0,34.94555324312476
32.0,34.847066690891324
32.0,29.2063834386785
35.0,37.30999339973753
35.0,33.40166641659576
30.0,27.449548854015678
30.0,34.86957100233843
35.0,34.54327982091488
35.0,36.5072568948863
32.0,39.225578211048806
32.0,42.24056463762018
30.0,39.806821593898874
30.0,37.708840093638585
34.0,36.61041517206689
34.0,41.866556246121924
31.0,41.509048592645925
31.0,41.44595088685618
30.0,38.55131853531717
30.0,38.18184433905007
34.0,40.045321785292565
34.0,43.24641383531393
40.0,43.17318792080808
40.0,41.11184994248011
34.0,43.84819795284207
34.0,36.92097228678209
30.0,34.51752024661058
30.0,27.52339562305714
30.0,29.047400713920656
30.0,27.3354902579543
35.0,29.7267185543495
35.0,34.367509502856244
38.0,35.90126617826995
38.0,32.61093335885408
53.0,33.677963107503494
53.0,48.18764513617973
59.0,43.60770908009814
59.0,53.91627747482716
59.0,50.5829116318392
59.0,59.847210438152125
63.0,54.21575133658783
63.0,63.49634820084578
73.0,64.15687242584981
73.0,68.4351698008206
76.0,63.703767068474356
76.0,63.96046243225652
68.0,65.5835635695644
68.0,64.07514652637202
53.0,67.07662010891649
53.0,46.60369388676691
42.0,55.014710052411544
42.0,34.69598295508469
37.0,44.806277474700124
37.0,37.09941768299359
23.0,37.28938564614647
23.0,26.38009771824734
24.000002,28.571744937894206
24.000002,30.309873682593857
28.0,23.87508559642774
28.0,37.41778719295074
31.0,30.007334419186783
31.0,38.86065386705483
28.0,36.505206626357726
28.0,36.18290476953167
22.0,37.8646009169757
22.0,33.52119775047509
21.0,34.461676766439886
21.0,31.35391530237812
48.000004,33.08876892318571
48.000004,56.48889371280344
45.0,53.563129454353174
45.0,45.10505314765371
39.0,44.380471302275
39.0,39.20334785392995
52.0,36.15724888223577
52.0,45.15352356855021
45.0,48.39910971364594
45.0,39.66213618925878
35.0,42.94013358715734
35.0,34.29951053214191
30.0,38.4692544212014
30.0,30.157917987620504
40.0,30.39492600848767
40.0,43.10326046616328
57.0,35.4099060999582
57.0,61.1901022765782
63.0,54.27219116661087
63.0,65.88157545508308
71.0,60.05560221832997
71.0,66.75080468779089
72.0,74.01700748946226
72.0,69.04488001350124
75.0,71.96864373960014
75.0,70.42169974033693
74.0,75.67499357349426
74.0,69.51906682759396
68.0,75.51881762950116
68.0,68.93838882780594
58.0,66.86213841416489
58.0,55.54029302662452
55.0,59.38127369355277
55.0,50.78107725029946
52.0,53.13401245604555
52.0,52.06754729673024
38.0,51.7139908112897
38.0,39.222653316179624
53.0,42.811599297219765
53.0,59.22198748083333
35.0,52.66377591859784
35.0,43.60394523054
30.0,38.747990595314356
30.0,39.10648070088472
44.0,40.10473025080519
44.0,57.82175626444725
37.0,54.62772697478955
37.0,46.82618376388619
31.0,48.45943687460074
31.0,40.9495882470539
47.0,41.445351208161206
47.0,50.19348692966061
40.0,51.53825452807839
40.0,44.532115688842865
45.0,40.94765062666658
45.0,45.312925321289
37.0,47.72592081332981
37.0,36.0318821389268
29.0,40.15617962316082
29.0,26.786900926231702
27.0,32.113028528640676
27.0,27.37904351078686
26.0,23.782357987100728
26.0,29.645109874313572
46.0,23.862103674569056
46.0,47.19737884108151
62.0,45.78850510835766
62.0,64.80172944692256
70.0,55.09426832091734
70.0,62.21504452604151
91.0,65.91434488670318
91.0,85.41498696529914
96.00001,83.20989285419856
96.00001,86.90149732273954
88.0,88.75579075855343
88.0,81.44757043507165
64.0,88.85108329043899
64.0,59.99146874935575
59.0,63.79463053395847
59.0,58.98977312444292
60.0,63.747345837880836
60.0,62.803638637372174
40.0,62.28710929892354
40.0,45.685862748903126
37.0,49.350644505159046
37.0,43.78615281425041
31.0,45.15456100879888
31.0,41.89395852710309
28.0,42.85455439652857
28.0,42.68513119148461
24.000002,38.753060713203105
24.000002,40.14002626761961
25.0,42.07408170087995
25.0,45.170867988147606
25.0,40.06891099045523
25.0,39.937480372709665
35.0,38.9447262626225
35.0,48.8659561662308
38.0,47.18602086206195
38.0,45.42230608928901
40.0,44.59534816733283
40.0,44.43829646987523
37.0,43.62627142659611
37.0,37.593019068726996
31.0,39.25937799112601
31.0,31.860536582684972
30.0,36.45796624691983
30.0,32.9935670360694
28.0,35.01995189340178
28.0,30.863202207375675
26.0,26.360328639322983
26.0,27.108111215476594
38.0,25.485657556202113
38.0,41.22963353388092
48.000004,36.7525218321865
48.000004,51.7395932478324
58.0,48.29397267095556
58.0,58.67133511539399
64.0,60.12445426402164
64.0,62.70126356042934
70.0,62.272326399798224
70.0,68.30807014758227
54.0,70.55851693754207
54.0,53.52275321449812
43.0,54.735039924608344
43.0,49.244150914698416
34.0,53.176872935494494
34.0,36.767983378342095
27.0,44.64415832186987
27.0,33.2697193906729
40.0,35.73983520301059
40.0,45.80144065303555
39.0,47.92745052541569
39.0,46.11636727308924
38.0,44.1468706491083
38.0,49.65689042612645
31.0,44.76137753904298
31.0,40.742030831727554
28.0,39.26441611307891
28.0,36.89470434044596
28.0,34.93283913307519
28.0,41.13999518754613
33.0,38.70289926719903
33.0,47.33666577969343
43.0,44.41874846955298
43.0,52.21741046250731
43.0,48.12500867740806
43.0,42.27770740528401
38.0,44.37999737098184
38.0,41.31416828524711
33.0,39.521379819704585
33.0,33.8043953257359
33.0,37.428087271823166
33.0,34.06420207602837
33.0,37.519943313242656
33.0,33.860266845469006
40.0,36.923854951248536
40.0,38.7606547321947
43.0,38.38527282955034
43.0,44.82251288764004
53.0,40.04829017277119
53.0,53.69596126550192
50.0,50.47419855275845
50.0,51.70349783164006
44.0,49.717758635099386
44.0,46.28632235511369
51.0,47.746486930303455
51.0,55.60453774221966
58.0,51.89865304929875
58.0,58.36425304410414
56.0,59.88023513084551
56.0,58.540661598391694
55.0,62.09947336523904
55.0,60.02439570788123
52.0,64.63959689417779
52.0,53.87684518808817
40.0,60.80905130783939
40.0,45.50234147773305
47.0,47.80526051275501
47.0,54.98048024479401
51.0,56.174716684011926
51.0,60.87458241125067
44.0,56.431562995988536
44.0,53.90101592073205
54.0,50.29581319787658
54.0,58.622242555427626
55.0,56.585594031873484
55.0,61.73504428075302
45.0,64.41732426344076
45.0,57.435137982255945
35.0,56.18456045391586
35.0,49.18898066476382
32.0,49.14328687783094
32.0,44.66285059247914
37.0,42.16854759492432
37.0,45.82372239027074
48.000004,45.211256968011604
48.000004,54.52619591692991
45.0,53.614117150636524
45.0,46.815275039342445
54.0,48.03968631431614
54.0,54.16251004582351
54.0,60.68382573051057
54.0,57.4796781569116
60.0,60.20998940053604
60.0,62.4912856607261
64.0,59.36617088718773
64.0,63.74455349278026
59.0,60.9694117642941
59.0,63.58378141528677
53.0,55.994395702541276
53.0,58.73629103807268
50.0,57.21919682638819
50.0,59.34526572757288
38.0,58.10355632313165
38.0,45.48565973947559
38.0,47.19729178952749
38.0,45.88422581259881
31.0,47.77870986137649
31.0,40.73731905645189
26.0,44.63439328270096
26.0,36.49959884413313
42.0,42.4113741565505
42.0,51.4170052845194
40.0,55.045506253954045
40.0,46.101758774296805
26.0,44.67521090131846
26.0,32.018074866736185
28.0,30.443178431527762
28.0,37.8645756175778
41.0,37.722081821846345
41.0,51.44681346509259
31.0,40.73743506331765
31.0,42.725042776162695
28.0,38.41402602346352
28.0,37.535573422316304
24.000002,43.50217334672742
24.000002,36.36193775862489
35.0,39.03829913083617
35.0,48.471120869002064
32.0,47.12668851342431
32.0,46.467931000885194
43.0,46.558933272824156
43.0,52.03952900224806
51.0,54.04344004553947
51.0,57.3483026194841
46.0,58.13163433444923
46.0,51.65095906068004
54.0,53.40159982228661
54.0,58.05917750772832
52.0,61.701996312079594
52.0,59.4885078657511
45.0,59.916180244314
45.0,52.16420799813635
48.000004,48.21931136952088
48.000004,49.88318911752668
38.0,50.353536507396605
38.0,46.61847826681852
55.0,45.630254458408224
55.0,63.94398069718781
33.0,56.65442807411354
33.0,44.16388096839907
53.0,42.537307422901314
53.0,61.70926251574801
55.0,58.47254503081704
55.0,57.637839429090846
52.0,65.07674296876164
52.0,57.55202100519748
59.0,67.9666208341089
59.0,69.31581450805793
58.0,61.125859923531955
58.0,61.7161156403582
55.0,59.38981478226795
55.0,54.886988355079545
50.0,58.78422017691255
50.0,57.385687276636624
50.0,53.26545280962546
50.0,49.02292002941136
59.0,54.38002162416336
59.0,66.54511718569873
42.0,63.21878238227786
42.0,49.83858186114918
55.0,52.93519539963161
55.0,64.03751395903402
61.0,64.25525379293197
61.0,73.09872742821071
62.0,66.99405031261793
62.0,71.69311129596227
56.0,69.96144246674086
56.0,66.63141000684776
57.0,71.1810983811247
57.0,63.08009453008364
54.0,67.42210612076889
54.0,62.57666649470277
47.0,62.02313530816754
47.0,56.689181874784204
42.0,55.84247497178105
42.0,45.46902616813524
48.000004,52.52868344929251
48.000004,62.623334800642056
51.0,59.57995771423647
51.0,56.78638519702848
36.0,56.59462059953895
36.0,42.25463338266948
39.0,48.771111404391824
39.0,50.757066579435524
36.0,45.77913881053964
36.0,47.92490412653164
47.0,43.582657743765715
47.0,53.645473003540175
44.0,54.16101446778841
44.0,55.75575625879101
52.0,50.96391029426337
52.0,57.38550968343347
67.0,61.64149246494587
67.0,74.92330180023886
60.0,69.35278862391301
60.0,59.890107367425394
64.0,59.44115577776063
64.0,62.842102920654604
58.0,65.61734610935397
58.0,65.20528669738628
56.0,65.22513888079281
56.0,54.25197930446516
68.0,54.76085741507689
68.0,69.48089086318579
63.0,66.69373641991959
63.0,61.79791518208887
64.0,63.4309007910657
64.0,65.82097873594014
62.0,63.867473546621696
62.0,68.33598269738535
60.0,65.33429387497013
60.0,65.03950536319483
47.0,66.02684945164526
47.0,54.23629629302198
54.0,60.83582081964245
54.0,66.22304013662497
51.0,66.37225600786927
51.0,61.11918120520187
46.0,61.359132852263826
46.0,55.832484188227504
54.0,56.6264576553727
54.0,60.3013917424864
49.0,60.16549117603287
49.0,52.10925414921377
43.0,56.08895149451985
43.0,47.61911654740074
40.0,47.24965586678966
40.0,43.837074640565774
37.0,47.338933324764575
37.0,44.18327928814728
33.0,45.109357340998194
33.0,47.10238041391656
37.0,39.124731726593154
37.0,43.0778788830485
50.0,39.385937682548686
50.0,51.470285544938385
59.0,54.37242538058352
59.0,67.19802537255495
61.0,73.97920298039381
61.0,76.62431051617966
57.0,66.11158178193469
57.0,58.62633830558346
53.0,56.49564486782364
53.0,55.475161476756966
43.0,55.87030622212724
43.0,52.92062649628207
40.0,54.93307760542856
40.0,48.15226967702917
37.0,54.8692169631308
37.0,39.29125217812303
52.0,33.752921664433174
52.0,51.52677236342165
53.0,50.05281539053402
53.0,49.57289423206095
53.0,50.043131444117385
53.0,56.11532968336294
48.000004,48.35693513215498
48.000004,52.84468506134888
40.0,52.133379986264664
40.0,46.86595399431265
52.0,52.92903452528936
52.0,59.977935652369496
48.000004,63.95073001685047
48.000004,61.11727295853061
40.0,60.08655286064931
40.0,52.16402003534144
33.0,51.92571611304631
33.0,43.856555650529195
37.0,46.368114814916886
37.0,47.00389063317714
35.0,47.2052565987105
35.0,43.56949923632169
26.0,45.91204233686845
26.0,39.11249062123199
25.0,37.01041664322291
25.0,31.705239515092302
27.0,35.97631530252508
27.0,31.92504191971016
28.0,33.11568514402461
28.0,35.07618517968267
39.0,33.12437821576166
39.0,44.31513698415525
44.0,43.878543129333465
44.0,57.607638014640955
52.0,56.158366012906285
52.0,61.782134005484785
55.0,59.88897469530304
55.0,59.73440963963423
73.0,55.688928528517394
73.0,74.55598471024202
73.0,72.75296401538938
73.0,75.19119654532635
66.0,73.33497614756983
66.0,69.10772594820816
66.0,71.20468633501832
66.0,59.72342062583306
59.0,66.97061353024382
59.0,57.957094011572956
54.0,63.95791009868104
54.0,56.82321334470471
43.0,54.99019840329743
43.0,54.08894590822275
44.0,45.65988254215164
44.0,54.1110668804142
35.0,53.970760364107846
35.0,47.422595897972556
30.0,49.355802782682424
30.0,43.68295846616455
27.0,46.14729190347894
27.0,45.25349120255737
43.0,47.49937147010701
43.0,61.87613924388201
44.0,61.37904275445681
44.0,60.5774036085281
39.0,59.595415924656635
39.0,55.360666884615576
30.0,55.544020975170874
30.0,43.65851448800072
23.0,45.83839494690844
23.0,37.55260197397685
53.0,41.88249909502102
53.0,67.64817004619083
48.000004,65.86702491893014
48.000004,56.547448968267105
51.0,55.58007162103103
51.0,55.5445304358205
48.000004,56.22660316927196
48.000004,54.02775019276934
43.0,51.97156028457667
43.0,50.59435352048681
58.0,46.61278942100969
58.0,66.20132842980031
63.0,63.28048531029808
63.0,67.10128332399923
70.0,66.00364283420616
70.0,71.10035398532754
92.0,69.60792121251909
92.0,89.99671975172792
113.0,89.00384165394199
113.0,110.17311992619982
143.0,105.94874784773775
143.0,137.36841006210267
151.0,134.18538929530433
151.0,136.02729034653717
130.0,140.21851833765407
130.0,115.12777324776918
146.0,121.10216034039829
146.0,136.87836485535104
151.0,135.28864699917233
151.0,143.81085257649946
156.0,137.27876815771836
156.0,148.83628978938395
158.0,142.84630863758946
158.0,148.30674118773385
151.0,146.71274926012407
151.0,140.1835739518052
121.0,142.17567828591848
121.0,114.42001864053209
136.0,118.69693585786054
136.0,134.45259216618658
122.0,134.8463172418178
122.0,119.94363113740107
95.0,121.90682567491511
95.0,95.84309630399422
83.0,98.93504477950815
83.0,84.73298326798462
65.0,91.56119165258531
65.0,70.79504009082058
55.0,78.76110895373115
55.0,68.995419590519
48.000004,70.9139782224367
48.000004,65.00601165363904
45.0,66.46596198507383
45.0,59.24913099089644
45.0,59.21996409858206
45.0,60.590144505158364
57.0,56.4720205803938
57.0,68.7968545295006
58.0,66.07668893327616
58.0,62.30150235116676
63.0,69.59858746509114
63.0,78.64914309277738
57.0,73.99275272607063
57.0,64.7872810260269
50.0,62.53471250971961
50.0,51.46812610093313
50.0,55.94581735350719
50.0,63.11100171738393
43.0,59.98987041317441
43.0,54.23522958415635
54.0,54.033951585497455
54.0,64.19659205125386
56.0,64.7864770345784
56.0,60.5481879252977
51.0,61.65012618607324
51.0,62.005513606064525
59.0,60.07206940555388
59.0,75.08758536606167
61.0,73.28217775195243
61.0,77.19904401809639
58.0,66.49132108409395
58.0,63.98568324895872
62.0,70.41768372224006
62.0,75.29976708552431
75.0,73.9327532402069
75.0,84.27720657964906
83.0,84.43496348058105
83.0,92.71648157259182
85.0,90.05104339167286
85.0,91.00797559181248
99.0,91.88352818653097
99.0,100.68656089388014
95.0,99.82444821984821
95.0,93.46175775933858
78.0,96.91307816971442
78.0,78.0725257388205
77.0,81.75170028802158
77.0,82.04795499610279
81.0,83.57710512990802
81.0,89.76842729488682
83.0,84.52506118587172
83.0,86.02397250503059
77.0,81.76340764245643
77.0,83.66767633428698
92.0,84.01221884970573
92.0,92.86029299263659
100.0,91.4847552690733
100.0,99.53058607504009
81.0,105.00759303024081
81.0,84.07203132321023
80.0,84.62143540672119
80.0,75.5691181057757
72.0,84.63365081825962
72.0,77.91188173225964
53.0,86.51868430852369
53.0,65.48555141813253
52.0,66.71615998359086
52.0,67.57284902362058
32.0,70.24730236443146
32.0,45.52405809315707
33.0,44.52466551002333
33.0,50.17384815471124
31.0,48.387554992215605
31.0,55.745682619736115
32.0,49.01358061215513
32.0,52.37430141777291
30.0,46.874703658375665
30.0,47.42584857428677
28.0,41.55525600753634
28.0,41.15434958944974
24.000002,39.8651019267756
24.000002,42.07138799076733
53.0,36.788479941659034
53.0,64.95601650314195
58.0,57.654603081679106
58.0,65.62704183954051
60.0,65.14253194542533
60.0,64.50121492835122
52.0,64.239426192342
52.0,51.67739997146748
56.0,62.550245768627796
56.0,56.252894867523096
58.0,65.54768991702534
58.0,63.551287817346065
45.0,67.5107108205576
45.0,60.021020498384765
35.0,62.4548233042226
35.0,47.21297997708023
43.0,46.27963647580802
43.0,56.68549147669777
42.0,54.521365087046384
42.0,53.28230904369655
46.0,50.938865808725815
46.0,58.210164574044605
52.0,54.494360001938354
52.0,57.09707204544473
59.0,64.91452230022165
59.0,66.78242496203134
64.0,62.76280814328356
64.0,65.34272076137673
60.0,68.0198282867739
60.0,62.20075757864283
61.0,65.30490861405036
61.0,68.26516470397674
60.0,64.98818853384489
60.0,66.02597527064387
55.0,70.14210330533008
55.0,65.40300083591447
58.0,61.280775719645746
58.0,67.68198811349805
30.0,66.93283258700997
30.0,40.21020419091806
48.000004,41.872888884369324
48.000004,68.960727981816
41.0,61.803347278762374
41.0,55.07121052224753
31.0,51.0343912649588
31.0,45.606835823887906
34.0,47.42456278770097
34.0,52.780817019649284
59.0,50.81616320105789
59.0,71.50308766548946
54.0,70.88707533486883
54.0,67.35947830299837
69.0,66.09184962363483
69.0,79.84093697532495
64.0,73.56048073290502
64.0,69.79829795159196
60.0,72.15508340539165
60.0,60.75910328232849
60.0,61.529341566489066
60.0,62.982300097751974
58.0,63.95182227436393
58.0,60.42591507038962
67.0,68.81393558888817
67.0,69.57622656041896
72.0,70.267840669179
72.0,72.54099866443974
64.0,77.91888091806179
64.0,70.64496143739912
56.0,66.06581443643148
56.0,61.6312275564969
55.0,64.39462340819868
55.0,62.81705399148695
59.0,62.473950691209396
59.0,70.85240372029519
62.0,64.53882142984493
62.0,66.17453749715898
55.0,68.90595050204462
55.0,60.23249508427004
46.0,61.70872947797012
46.0,51.972326464995504
48.000004,57.33573405034102
48.000004,58.978231610718204
43.0,58.8265947605953
43.0,57.20792022665288
51.0,59.50836480104179
51.0,59.90140382258191
44.0,60.563398689977475
44.0,58.51092204386229
40.0,54.147642252063925
40.0,57.47466570441415
61.0,52.17512642399157
61.0,75.95070847485606
63.0,68.41752198066291
63.0,74.68776714175858
72.0,74.24894176169487
72.0,80.02137689726347
68.0,77.18596178286344
68.0,72.35750125880516
83.0,77.82903521595738
83.0,90.6303876608738
85.0,87.43383169222193
85.0,90.16674394610537
82.0,89.91939546691512
82.0,85.84336133142472
73.0,86.47714446791073
73.0,73.23006122164652
74.0,77.33804066745861
74.0,76.06751315240912
66.0,81.20827069862433
66.0,72.99277780862047
61.0,74.20787925413262
61.0,70.5172779860814
59.0,70.03737168904708
59.0,63.72944217907667
70.0,66.52552971966064
70.0,77.19554909756697
61.0,82.01050022238428
61.0,73.0639396142737
72.0,70.04762247163512
72.0,82.4581828571938
60.0,85.33494354844335
60.0,72.93482319647111
71.0,67.30288536377796
71.0,86.72272349035194
80.0,75.94430553169923
80.0,85.01086287621784
86.0,86.14186638601252
86.0,85.0450181754647
82.0,86.71915270936685
82.0,79.02352854447265
77.0,83.46190419077404
77.0,71.22806983659999
58.0,72.81218539309666
30.0,61.53787628305774
46.0,34.20076908572429
40.0,52.697830094979786
28.0,38.971213172735006
24.000002,39.335825642192525
37.0,31.651587018667126
31.0,49.879459287212946
47.0,41.90620363663226
44.0,55.37721112435451
52.0,56.91142381050184
41.0,66.33678771779627
37.0,52.80260055459616
35.0,47.540444565061186
24.000002,48.508547784406026
22.0,38.78281417817308
40.0,47.69436474573017
37.0,52.17051891098775
35.0,44.14690525258977
30.0,48.78931208997651
54.0,50.685011814333464
47.0,60.324077051723485
36.0,54.480588701874886
51.0,43.09824943331187
28.0,66.22235429538473
45.0,38.417972993285126
43.0,52.52725066579903
47.0,59.78413229992481
42.0,51.74614660441368
57.0,53.13530651128855
31.0,66.57714055106705
52.0,46.58240618003874
57.0,66.01696936536844
50.0,67.94499291254661
39.0,66.94832129650693
34.0,39.24783919868045
40.0,46.65655765272
43.0,51.824788964558095
38.0,43.06520700152359
44.0,38.357373532157524
45.0,55.90008601489598
45.0,56.13776580070672
45.0,52.24259418429675
41.0,53.78923945120689
38.0,45.97557098518727
29.0,49.750727796534896
20.0,41.38269707323619
14.0,30.113544473436175
24.000002,25.989822988370072
22.0,38.536303539725246
21.0,37.45127900340858
21.0,34.27803235229376
25.0,36.25866662985844
25.0,38.23713323914853
21.0,37.387098229749945
17.0,34.61173547237449
13.0,30.90156329032518
10.0,23.398597399335568
18.0,26.312968876441
30.0,22.910747052161653
31.0,25.156499118227494
32.0,33.01357430873949
26.0,35.04579302171261
21.0,26.386032725854694
38.0,27.409205252818175
53.0,36.764763108775426
50.0,63.96361368257206
54.0,53.81245509239988
47.0,64.95042992039366
54.0,50.34577668073958
41.0,62.06303395638859
41.0,47.28558526055868
33.0,38.89498928244757
33.0,40.424715652385636
25.0,42.368047552016314
27.0,40.00895243118313
24.000002,42.221314693565986
45.0,31.530957656379673
45.0,59.07216335902274
48.000004,56.78573906670167
42.0,69.12577197477948
40.0,57.934221303246325
40.0,44.97319675423284
53.0,51.602354823831575
53.0,61.12751579921029
48.000004,58.09492215904394
45.0,49.13193273003521
47.0,43.84270606220892
45.0,45.92202093827491
33.0,45.75208671608836
27.0,30.74799671191238
30.0,30.888565478932406
36.0,30.5585119562249
35.0,34.56551135950581
25.0,34.75607351605941
29.0,24.659754320153894
31.0,29.108474638021455
26.0,40.663323785306346
25.0,32.84571072904094
31.0,32.48773620512749
38.0,39.337879874119075
46.0,44.77865395348782
54.0,57.113029468093856
54.0,66.9015374029677
45.0,68.08267856598427
39.0,56.603558867248914
34.0,57.65174073204088
29.0,45.14248526523412
29.0,35.955456208708725
27.0,37.5841863657816
30.0,42.22195865826945
32.0,37.831608468497286
35.0,48.61131193482355
55.0,49.97177408326056
64.0,64.57429806182552
71.0,66.82217808972813
67.0,71.62763528243602
72.0,67.26984185309486
68.0,74.46263065828458
45.0,70.12144048163636
39.0,43.53830510775617
28.0,45.93991764945237
18.0,40.63781545928315
25.0,32.48171086683071
25.0,37.93964951793483
25.0,35.69089697147971
21.0,36.543376187396696
29.0,41.35911616664813
33.0,48.686046320567975
29.0,50.46502566299211
31.0,41.208506010820436
38.0,44.904361513421854
36.0,49.316168997385
35.0,47.275794018808824
44.0,48.3995307075113
51.0,52.90239745709531
58.0,63.57450297543284
80.0,67.10243508956546
67.0,94.31121199063433
61.0,72.54006414158465
57.0,70.40087350527402
60.0,59.51361651656707
55.0,64.36228846033582
52.0,60.475445088305946
59.0,50.04336527909568
54.0,64.50611414928233
43.0,58.81789326838656
32.0,51.906319684569844
47.0,42.09036245419613
15.0,49.865285869020305
37.0,25.751341365249917
23.0,48.64203613227512
18.0,38.7647693782148
19.0,30.82209344514546
28.0,27.482902160621702
28.0,36.86925131245693
25.0,36.37490476802203
23.0,32.886048363593645
32.0,25.446490937663437
45.0,44.94342441849282
37.0,51.57971453153796
39.0,48.52067124835267
38.0,44.462898577619335
32.0,52.221973554549685
33.0,44.053661468789436
27.0,43.95754179763547
26.0,34.203832602839455
23.0,30.52964765032888
35.0,27.885815271267248
40.0,41.361696080738746
33.0,50.861614757525665
33.0,35.354842373020205
27.0,43.35988520139952
38.0,32.670455933918184
32.0,40.127548849525134
24.000002,39.31402157258968
27.0,31.645350041513
24.000002,34.52370957282379
24.000002,27.4560434310872
23.0,35.33740106783001
24.000002,24.66624433677183
24.000002,18.882344852749753
29.0,32.3645736876178
27.0,29.41871463154805
24.000002,39.681217947891874
41.0,33.649331314458315
29.0,46.09639547689718
12.000001,37.88979826546187
10.0,19.177439026291275
34.0,26.21742348021288
36.0,48.22844792815325
30.0,47.726266670264955
38.0,37.342557397261125
35.0,53.114347369773974
36.0,45.11960340621561
35.0,50.37364266099879
25.0,43.11842950719527
31.0,33.96550741958409
26.0,44.3616151455286
21.0,37.471918728646706
27.0,37.39263602581488
30.0,38.501393804389025
25.0,38.10332790239299
25.0,34.708225594466434
25.0,23.85712038659204
25.0,36.12744265013419
23.0,33.18621930407938
30.0,20.608777601363066
40.0,41.37698992966892
60.0,46.134606487297724
51.0,77.12222115850439
48.000004,52.13260289513228
45.0,56.500794149031655
35.0,42.68617056974469
25.0,33.593017220134186
35.0,21.458697506229612
39.0,31.996303765254073
51.0,49.51781861209883
33.0,43.88553761644199
35.0,38.807899247276794
30.0,31.986169023550097
34.0,23.302990149550435
31.0,36.96853662657716
30.0,37.9818802492801
28.0,31.499398375483633
22.0,22.974780058029843
21.0,33.26310444758603
23.0,18.89857395452442
20.0,9.665015850368203
18.0,15.698888898933191
19.0,9.23316561551809
20.0,17.462345115802922
31.0,24.321478660927905
32.0,30.69323952739336
45.0,34.5240729718993
60.0,43.88358088427952
56.0,48.88396177806523
64.0,50.613342751844186
46.0,58.032935487650036
42.0,43.4829430672142
27.0,40.87926401100849
20.0,27.939053354314247
20.0,21.070799100917775
23.0,23.277455016950235
26.0,25.060091480843077
23.0,27.659113055382186
18.0,23.469092738160274
46.0,21.950404180639488
33.0,51.74438898082969
31.0,38.42959754742083
32.0,33.01417652967553
33.0,28.97135464325886
29.0,28.104540742164392
27.0,24.494021155274336
28.0,24.750656723077686
39.0,31.723820616074093
54.0,46.923149723633934
57.0,56.39410117229031
39.0,56.95349844023225
51.0,40.85580964175201
58.0,51.94313686366177
47.0,57.14556150034555
36.0,48.71417217155766
41.0,40.5784250356245
37.0,46.24943994385418
58.0,42.42498055010496
26.0,62.484201055175404
30.0,33.872883302904754
27.0,38.49036050774405
22.0,36.14633846207604
19.0,32.0508663247837
30.0,30.175924410667633
28.0,50.80274143372292
30.0,43.78931406901584
36.0,40.02928182155455
45.0,39.44449589456523
41.0,56.18403611238897
39.0,47.975375277300245
40.0,47.953714347408756
37.0,46.782030015832234
31.0,44.341274235946756
40.0,39.828395442472186
56.0,56.371660366617796
46.0,64.94404941181769
40.0,50.93483785353462
45.0,48.558166331039054
37.0,50.89477175122361
45.0,47.52909935551106
41.0,46.12418999336407
41.0,44.50214709969878
39.0,54.2674406530374
40.0,45.209598174935834
45.0,47.57126167949289
45.0,50.41509242422833
47.0,49.754392359482644
47.0,60.43310732848919
50.0,52.00759947620952
50.0,52.90621661139354
47.0,56.28213697599799
41.0,56.60241989220053
58.0,47.2364247393315
64.0,57.125204213268454
59.0,55.68557608402268
53.0,56.241345222170274
42.0,54.995497583002056
38.0,42.01450558294653
29.0,46.95645299833196
33.0,40.62779731920668
29.0,54.32281976143484
31.0,43.13873659501236
24.000002,40.51022214428572
18.0,38.29826378655506
9.0,27.400984167750376
10.0,24.817554285097074
11.0,31.888484636707336
3.0000002,29.502563512509706
27.0,22.768809344802786
36.0,43.456284014797
22.0,56.202078075287346
32.0,40.63768178444721
22.0,45.593988850931744
25.0,36.8663296957047
35.0,41.93631557642218
36.0,50.55729313168859
33.0,45.07337719562847
33.0,41.1013570615488
33.0,34.09143715292821
25.0,40.48197659208981
29.0,31.72390336354618
37.0,36.614887453370855
58.0,45.00488238226886
54.0,58.357010265135635
39.0,52.811383399535934
28.0,42.00797342189106
24.000002,36.56239728327868
18.0,26.2957492837701
18.0,22.93227586076784
19.0,26.786333118480883
22.0,25.353565561229516
21.0,38.59220842016181
23.0,29.79800345109591
20.0,33.76526662844069
26.0,32.25022464023293
21.0,39.75041904288768
10.0,40.59905075059323
18.0,26.196850600287167
30.0,36.92402220302306
42.0,45.029668130687575
52.0,57.671794742457585
54.0,62.31117663714239
55.0,63.729148568872716
53.0,65.52909841875912
58.0,59.229762387830895
64.0,61.35456229393552
66.0,73.82153850492273
66.0,74.2894975015801
76.0,77.75131297177715
60.0,82.22638337777968
64.0,63.85114181112627
60.0,63.37573363788852
68.0,57.13232309850668
60.0,72.5010630360925
70.0,64.09476821154668
65.0,74.46704528432528
70.0,72.36260770285706
75.0,75.50784794681982
75.0,78.08901871734089
84.0,85.89486065043046
64.0,87.18615032520398
62.0,70.27199548347234
61.0,66.64793791190586
57.0,73.32013636128755
54.0,68.13705388813045
52.0,66.56465709201456
57.0,66.97732879115019
55.0,65.72946752307455
50.0,63.08907791541616
58.0,63.5911060863571
45.0,75.89679648495489
45.0,53.84936862275704
45.0,64.12397929624443
54.0,60.88405928320049
53.0,71.39234055099286
70.0,67.92855814945783
59.0,82.00587779895349
60.0,70.1064223379825
60.0,69.40615179660062
55.0,75.70130071415001
60.0,66.80074414185795
61.0,60.916570790223474
62.0,75.48011215054929
58.0,73.15664633651303
72.0,67.36477771559876
75.0,74.20829942083101
76.0,79.78496602424383
78.0,76.04711408918234
65.0,75.10902980099742
58.0,62.25791828962143
54.0,58.15761528737516
49.0,53.403743521371126
56.0,55.247630115565734
64.0,56.53256752456054
66.0,67.72438710975962
44.0,77.85714514086347
52.0,56.65647191315651
52.0,54.328429838435206
53.0,54.63784375250523
66.0,63.98088311997501
56.0,69.41726287852227
69.0,61.124510493833185
41.0,74.31658935594564
39.0,52.95429546441465
38.0,43.837405706940196
51.0,59.25224533837729
31.0,67.40837973026247
38.0,49.498534541182096
36.0,58.58828305486831
39.0,62.22264823229736
46.0,59.90775272239713
52.0,62.65749809871871
55.0,74.17248116094164
56.0,60.67626155103403
57.0,56.12759695533766
59.0,56.35599471254456
60.0,63.77901656391551
58.0,68.43051481337717
59.0,66.78843170961024
55.0,64.70659657712793
49.0,55.849605936876436
59.0,50.620876851976
45.0,58.55519712646591
31.0,49.12731270370469
49.0,31.99284756026791
43.0,53.31679626441387
46.0,49.35893222246088
38.0,52.50733131865687
48.000004,45.57481933564387
40.0,54.207076535160404
28.0,51.01401863731993
50.0,37.11304735105927
25.0,65.4670690693434
41.0,37.80881208058742
43.0,53.880519487911144
47.0,53.77317455433687
42.0,49.64918453600767
40.0,47.319713342523364
36.0,44.67610668236254
30.0,44.26739583105639
32.0,33.102054133528696
35.0,48.94390487141104
30.0,54.86214441856452
33.0,43.67439648267188
35.0,51.26055347012454
32.0,43.138768586882804
30.0,44.09325289354689
44.0,33.164745795481664
33.0,52.46670877694031
27.0,48.6159022401836
30.0,41.85941328143263
51.0,49.365624288654885
23.0,61.057251902529444
30.0,30.91294266058704
34.0,42.90155954183739
50.0,45.32921130847431
44.0,69.10828930420271
43.0,45.86337136014259
34.0,51.21487993944555
29.0,50.061973032573235
27.0,38.18465638662586
26.0,21.480632269862244
30.0,27.483521555299983
25.0,34.987430035145884
40.0,33.28337742941053
38.0,56.23929177830476
46.0,60.32179369002105
46.0,60.33123716043011
44.0,57.04893333935145
49.0,54.755195453617766
49.0,52.65171743826869
39.0,50.39034982227887
56.0,45.39581197765608
37.0,73.4575146065435
53.0,48.712514449153375
23.0,64.02492642736635
24.000002,37.2854157258678
30.0,41.14089136560508
32.0,32.98726549713778
54.0,52.95029441825532
42.0,65.20141111725074
31.0,48.808632615972435
34.0,41.915436623892845
44.0,56.04144814656205
39.0,42.63447012041418
36.0,41.82239583798141
41.0,43.233407845075924
52.0,57.25540575198741
53.0,60.6946103420415
52.0,72.40167926642047
52.0,64.72867200729715
54.0,66.49002597054671
53.0,61.919511211916095
52.0,62.52851290299034
49.0,65.06713724298191
51.0,51.09728386730935
59.0,63.56265103469073
54.0,60.107567460378824
42.0,67.95093295699382
57.0,49.37316072556025
61.0,64.32486004424844
53.0,64.87456312644444
52.0,49.8451945370754
52.0,54.8027135280352
62.0,61.29696639018722
55.0,67.54576577714327
53.0,50.96662997946649
42.0,55.99535701401117
27.0,42.16756069686583
20.0,13.745709912575618
16.0,29.978192976301084
33.0,17.81868083662513
43.0,38.75980126530132
47.0,58.071404126771604
52.0,56.552157766579654
62.0,59.97317203866743
65.0,67.2820007754153
64.0,70.55655799683157
67.0,68.00369754881241
67.0,66.0795952397073
64.0,67.75805254787687
63.0,66.5387681570198
67.0,69.09488073690693
48.000004,70.6547653537076
43.0,56.66378861744152
40.0,47.67642909497334
43.0,45.72007109155425
44.0,56.76923102964879
49.0,58.88810481620185
39.0,59.090468209825985
34.0,47.44243115833878
36.0,46.138174529834714
32.0,44.11394857765818
30.0,40.931650954916236
30.0,43.28117653158585
41.0,42.53796108074618
56.0,52.957707357508575
40.0,68.11936939117703
41.0,50.865943538167976
35.0,59.49812075422751
36.0,50.87983714661888
43.0,50.4404045126111
36.0,55.58245239393201
58.0,43.73374095771433
48.000004,67.90217064184203
39.0,58.529849061013216
28.0,51.79906780830871
30.0,42.88651193442564
51.0,45.026770994949764
51.0,59.69732079961909
36.0,60.153419643600486
44.0,47.366623737230555
40.0,56.54319721679101
41.0,41.05289868887985
33.0,47.377000957088235
37.0,39.065249683887394
33.0,36.947241585772254
31.0,36.249982907483286
47.0,33.57468579665507
44.0,52.43543146644133
47.0,47.93282787751697
48.000004,49.262283359073834
52.0,57.37224827576387
53.0,59.6716925794959
70.0,63.48639576358429
58.0,78.47445564715518
52.0,70.72760189390263
39.0,49.48238561135829
38.0,38.853643013837214
31.0,48.90507079526113
34.0,42.774197397856696
32.0,51.2640665586657
51.0,39.586411141713654
17.0,60.31150240976011
64.0,24.34105795821095
69.0,74.46364232020947
74.0,74.40938957320735
76.0,74.96902988619921
68.0,70.04638536037801
65.0,69.55970514884757
64.0,72.52557902373854
64.0,59.13657847593297
58.0,59.60889346920671
47.0,63.765080099260565
30.0,45.40561450402568
48.000004,41.98600652223809
30.0,58.52679372546883
52.0,48.55121061727445
79.0,69.10473612526006
80.0,83.45289770408564
81.0,85.88061423221517
75.0,77.92747430087387
72.0,77.52257761952426
62.0,77.37694442309085
64.0,73.77981803962432
64.0,72.41715799143488
63.0,73.85630953360256
66.0,72.96563587525499
62.0,72.8514227610524
66.0,75.09822807435464
61.0,81.62026584144321
56.0,67.73085878655549
49.0,59.56020831795546
45.0,54.31272298825407
53.0,47.347558385324284
55.0,50.20951218663538
50.0,58.52360979360097
54.0,54.15085360478939
54.0,62.41508772561599
56.0,64.6253333880322
55.0,64.78562329272607
54.0,63.87476705141368
54.0,57.788135167097344
59.0,60.844076509452165
57.0,67.6234918614289
59.0,62.84648961231094
60.0,64.86708795879362
63.0,67.29415514947468
59.0,70.67555097491882
60.0,71.70867815502002
61.0,63.26078461590878
67.0,71.51040103912293
65.0,75.2835149461183
69.0,77.57353164564336
79.0,82.79728011526277
79.0,87.03259011418457
73.0,85.39539918509526
61.0,80.03182292458472
64.0,69.03667383674922
66.0,70.25944753373948
69.0,74.46837368177783
78.0,75.96240838503867
81.0,84.25442630571585
77.0,82.79345694207844
76.0,85.46261126689828
68.0,80.7602158513415
68.0,79.55894725061273
75.0,71.20824350680357
64.0,81.35361447777635
64.0,64.13154060413446
53.0,68.68331208024136
42.0,63.697283230219625
46.0,53.11167997909476
48.000004,63.041777532124556
51.0,61.84140820434483
63.0,67.204466134079
61.0,71.94908731349621
78.0,77.75080150067723
87.0,82.9446215306563
81.0,95.09625183687984
75.0,90.82025392171798
75.0,84.0154118918019
72.0,77.09871929205936
71.0,79.69310458993586
70.0,72.27094182602318
60.0,67.8105463366527
62.0,73.97544866301236
67.0,70.69161508553768
60.0,76.37741086980184
69.0,76.1529005554756
61.0,84.47633390324066
60.0,72.51517993165803
40.0,71.01420078971714
47.0,49.066199012277316
42.0,57.5673274235956
40.0,54.54767038641418
51.0,54.23336832820741
46.0,70.77314467336502
31.0,60.54482007619711
32.0,52.0886996240394
30.0,50.47580400865387
25.0,45.5622508635139
21.0,48.42312531146389
31.0,39.614318309165995
47.0,55.86677620212809
44.0,58.11826473593354
49.0,51.2335916566807
52.0,64.9215843626558
59.0,63.28163496842846
54.0,62.203123872437345
60.0,62.82644408569289
65.0,67.67947665769276
63.0,67.6915284525683
62.0,78.47739273456251
63.0,71.23068858039066
63.0,67.20578760226742
59.0,70.42090670733955
54.0,69.70705457215011
64.0,54.045251427135625
68.0,70.83953531620594
64.0,78.62283145562245
61.0,70.0182636806215
62.0,67.37595058751452
64.0,71.58985714790974
68.0,67.92963902878529
71.0,74.94601717825489
70.0,82.73903923644755
70.0,79.38634377481822
79.0,79.38398611564594
84.0,81.93054653194996
83.0,87.32156488970834
83.0,87.832637061342
74.0,88.41346310767479
71.0,73.68455991653339
47.0,70.24200107786282
67.0,51.25214949318541
81.0,78.1698891171507
94.0,94.2533371930688
67.0,99.59282134160244
60.0,68.72357384506016
52.0,65.53658841530948
52.0,56.996866362290234
48.000004,60.1550017959269
38.0,61.60491536700781
44.0,50.431935811496444
54.0,64.19997708305631
54.0,71.60719572501779
63.0,65.31169599502415
103.0,76.38053676477537
83.0,113.13386495339668
80.0,96.28844538954328
73.0,88.12565542776835
76.0,78.09884543483903
77.0,81.00169890340575
79.0,77.86648349962763
79.0,85.19654228306256
63.0,79.99881158444389
54.0,65.78957689793152
51.0,54.544360840949125
46.0,60.19644493471118
53.0,54.518625739883
48.000004,62.47194040905308
40.0,53.21207879107569
30.0,47.23494142272985
21.0,34.097931726512684
33.0,32.63965590330089
35.0,51.06434428201513
40.0,52.21345116924507
43.0,51.407089716102305
51.0,57.131226678330506
60.0,64.5575467739833
80.0,71.13277760873954
57.0,95.81919932827185
72.0,66.35256487919004
54.0,84.59744316359968
53.0,65.37012839585174
55.0,71.30370141194457
66.0,69.54228761842131
61.0,82.83710968172001
59.0,79.49985111623113
62.0,65.7711994715805
70.0,73.48778035412462
75.0,77.0419876227702
75.0,79.500558739843
67.0,92.18805400025694
63.0,65.81613088975654
64.0,74.14332861879996
68.0,71.99273710654803
68.0,81.15120931801331
71.0,74.94809530263784
67.0,75.5033275225848
76.0,74.94054560442054
70.0,82.46073332573074
69.0,71.21331834715242
66.0,76.0297104930958
73.0,76.51687158946999
75.0,87.91778595600175
81.0,81.076692933005
84.0,86.98113613615402
97.0,93.67719409629807
101.0,96.86508997883051
97.0,97.5839601854649
95.0,92.65496427636172
94.0,94.6146282274158
91.0,94.20207936285735
90.0,89.7220102258098
87.0,85.88778976136045
89.0,84.75332162642933
96.00001,89.88089668012441
109.0,97.65431271107484
78.0,109.76898142416874
62.0,78.32155710658762
63.0,64.60492153997507
56.0,69.38054332343022
53.0,62.73436705730154
70.0,69.39079755542556
62.0,80.92280513958806
62.0,75.89164509342338
63.0,69.00038302017082
55.0,73.12524551969854
52.0,75.4387353196188
48.000004,68.67887676546765
58.0,64.58905978508123
58.0,73.56307322727932
62.0,71.64618592123436
75.0,75.6955307210912
84.0,86.78714944942053
80.0,82.9346639762221
78.0,80.91991208633056
58.0,78.90073502687427
61.0,57.80271112484427
66.0,64.48129839610867
56.0,71.17219555283963
63.0,60.47838019948639
83.0,67.77405017560665
83.0,88.62477820067681
79.0,88.16945832223522
86.0,79.68702857491454
93.0,83.41237322141383
81.0,93.07563448803974
71.0,83.3809908931053
69.0,75.08426589957419
74.0,72.84947575468361
77.0,77.17002641600786
80.0,79.87864342892867
72.0,87.05890392339407
68.0,77.23306303029828
66.0,72.16181152057169
59.0,69.0922041829649
59.0,60.66341586608796
47.0,56.335996484958024
42.0,46.385467705128605
42.0,52.26108714215132
41.0,51.57749466426881
34.0,52.21584187470974
31.0,43.37277107158315
53.0,41.0717335547645
59.0,57.846583464005164
81.0,71.55168075857071
74.0,82.88088171515909
145.0,78.85575848773114
95.0,138.32059493774932
69.0,80.73705018200869
58.0,65.78001145515276
57.0,55.24750089195719
50.0,62.54075582620281
57.0,50.930649773151956
46.0,60.302912520376026
38.0,49.725638214773106
72.0,43.34002914125537
122.0,76.3977434995795
87.0,120.67253213929
71.0,68.62611833827337
59.0,59.16829453008132
47.0,54.55444500097017
36.0,33.346557111739145
30.0,28.554239167509813
23.0,37.023500432983845
20.0,28.50565238822312
20.0,26.156765123507924
80.0,31.093444537645095
81.0,88.947224022704
83.0,83.90219106311297
81.0,96.01769319312399
83.0,84.61081165849355
86.0,82.20554620568922
88.0,86.19479886936027
97.0,91.09476843581265
95.0,105.83153105917398
91.0,102.06957040053365
89.0,90.75005678076788
75.0,93.46522538989137
79.0,70.99699924305345
68.0,85.5263814443133
61.0,80.85397156942312
54.0,67.40165774777486
53.0,66.07485164892141
48.000004,67.7763805017954
37.0,69.52015231876969
31.0,55.64641721928906
30.0,61.661194486195164
42.0,46.46792859456041
55.0,62.35346250264611
97.0,65.15221113746401
122.0,101.08185917049893
122.0,124.50622317722392
98.0,122.7106522144407
84.0,102.44383858873648
71.0,84.20644615001316
80.0,83.1521482483134
79.0,89.4050012490186
79.0,87.0890796902872
76.0,90.68578344441927
72.0,86.46841121281233
64.0,74.60583181326369
58.0,67.8014328901765
56.0,68.683702226872
55.0,63.864444249118684
54.0,63.564960893540686
52.0,63.528400966888434
54.0,61.3064649615937
53.0,72.1314100545489
52.0,69.14794215736394
53.0,72.07316330809407
56.0,72.06725260819115
57.0,72.28681506008809
59.0,73.20805747319781
77.0,71.24135387143494
78.0,89.02743828056495
86.0,90.10944106253697
87.0,97.46783425964038
90.0,95.32832376882271
105.0,99.28017868271839
111.0,114.71044625377701
98.0,113.03998207385841
101.0,98.76519103806564
113.0,104.05946763173813
93.0,108.23662140271941
88.0,91.49026216842803
94.0,86.39802672551097
93.0,80.00367130056163
85.0,93.97378820200207
81.0,83.25270359137917
74.0,79.39561564609903
61.0,79.19508273876934
65.0,72.40088458852156
60.0,73.7002963992811
52.0,68.6643560829835
41.0,73.44533768501626
37.0,61.6214568507541
53.0,62.69960734503037
56.0,69.40013549044832
59.0,68.6603383663218
65.0,70.81485574005404
113.0,85.08132947716659
136.0,130.02101654110498
110.0,134.29446146565522
91.0,113.78161105074892
90.0,95.35092510896976
89.0,96.74046453088326
86.0,98.92086455416198
83.0,86.36101606039566
79.0,89.0987360575211
74.0,77.84553260129485
67.0,82.25922314362346
59.0,71.38191622503669
58.0,69.68124484946564
54.0,71.42187669536033
59.0,62.609938792906206
43.0,64.60693031178384
38.0,55.41126363438288
51.0,55.59240203391413
52.0,74.74653129014443
61.0,75.43778537696603
79.0,74.40568192123081
97.0,96.3179409943522
109.0,108.69094458569546
96.00001,118.40392803057932
88.0,99.44322440002348
92.0,94.01754102826933
87.0,97.3005428890026
80.0,94.6054771592438
71.0,89.87249748699476
72.0,83.75897242310086
71.0,80.90546344546325
79.0,80.07727803244654
85.0,85.99718931904455
90.0,88.22064241003
87.0,88.56219489722282
68.0,92.4254886357674
58.0,70.15245463915522
56.0,51.871461204402166
47.0,60.55744840578143
48.000004,52.85898936453469
55.0,57.673872909703995
58.0,77.30381603052246
59.0,77.36987186786628
66.0,70.74307969669071
72.0,79.04502314825113
71.0,77.20973425006244
65.0,79.86373014094609
65.0,63.810298409842076
68.0,74.787383630261
66.0,72.93796483911616
68.0,84.62521889423952
71.0,75.89441109896903
70.0,76.40179455534825
72.0,75.6232549692107
74.0,78.02811624735602
75.0,72.42270724721091
78.0,67.3065168774667
70.0,87.94686470411533
66.0,61.37471273422875
55.0,62.830354420200294
50.0,53.85680790365027
54.0,49.65937662950058
54.0,60.50020699811051
62.0,63.02648772037999
67.0,67.03049230989224
89.0,70.52751457361514
93.0,95.15174442692515
93.0,91.62045964515681
89.0,97.23704367691532
91.0,84.33419373491473
90.0,90.22020893058388
101.0,87.3524211977916
110.0,105.17582310421052
121.0,107.7309831911664
108.0,111.18797768436717
120.0,98.76072007728762
107.0,116.67470391589359
89.0,102.53282858278179
81.0,88.8144481315645
82.0,85.5409922903208
83.0,87.49234486717816
81.0,85.20184328847088
66.0,78.30493767454341
58.0,69.5932031214873
58.0,69.80887884867421
62.0,63.81988311647302
56.0,73.9161174282596
61.0,72.18515507500848
77.0,76.34504130857849
88.0,86.44682428699673
76.0,96.53160834294609
83.0,86.13470956063753
80.0,87.35593200482775
71.0,81.80544668820933
64.0,78.37151982236138
64.0,73.57733204520642
73.0,77.05276761013889
71.0,88.64248277222188
70.0,83.63458233431176
65.0,75.93099597285656
66.0,75.93415792158886
79.0,73.16403724807655
65.0,89.0372935987969
66.0,71.64725387013799
64.0,70.29404874167017
59.0,71.27160682368158
56.0,62.9592993768213
54.0,64.06529925227998
58.0,61.6923703915159
46.0,64.64929717660112
44.0,50.81831318761873
51.0,50.520674255478916
51.0,57.600001488565646
57.0,58.503133403662666
56.0,70.54058326020062
60.0,63.26402100799873
59.0,67.05941379269888
55.0,61.59689330233325
50.0,54.47650274485605
40.0,54.236230485620865
28.0,48.29363668308849
22.0,41.01222814248816
21.0,37.317675730330535
23.0,40.83780844565411
26.0,44.280280062610885
46.0,49.5319458710239
60.0,65.52031683679736
63.0,75.1254961510081
62.0,70.69494775959343
60.0,69.95654887558653
71.0,63.07640507329015
80.0,79.75735735538639
77.0,84.11106558402567
69.0,79.64515650578332
63.0,71.54776457030273
60.0,69.99458525875333
63.0,75.12942527589476
61.0,69.11026412749749
61.0,74.24584377124108
65.0,66.32087532195749
58.0,70.59593095268531
60.0,59.766785438765915
55.0,67.68098212459883
63.0,68.91377032557239
80.0,77.65518518080684
87.0,89.24824922353264
91.0,93.79077213870559
103.0,99.14984776487726
106.0,106.98915519352013
99.0,107.51521713569045
98.0,104.00623113876979
99.0,98.68749778461748
93.0,115.9152408098864
77.0,92.54227304374812
78.0,74.12940910295694
78.0,75.33791674905179
72.0,84.30602017477794
64.0,66.97313362815656
60.0,68.40270097183858
58.0,59.64138994962862
55.0,66.42981280377937
60.0,70.30618974625285
63.0,59.62809297746766
67.0,67.80442097456994
62.0,71.80848498316483
60.0,68.06730864692999
60.0,58.74108018548957
63.0,72.170784880682
62.0,76.32468769838887
59.0,73.61305981895627
54.0,65.84550680876501
59.0,63.98421489803344
73.0,71.44966495674434
75.0,92.19599725672465
78.0,93.43263022152833
80.0,86.92732878512231
73.0,86.33485905597603
68.0,83.13818755942071
65.0,75.49841357352808
63.0,79.42737350812992
62.0,75.26742221923841
60.0,72.08174669607737
59.0,70.42213539178249
61.0,76.0385942180804
58.0,74.54587249860992
54.0,72.6699999326123
61.0,65.73154831720183
63.0,73.98494420949015
67.0,83.23159670933235
66.0,72.13752421246997
70.0,75.78749738201661
64.0,75.18705132155137
72.0,80.10909813447324
73.0,78.4091849410584
77.0,89.46618121783857
86.0,86.18516094939888
111.0,92.0365706787654
142.0,124.83482468018218
154.0,138.55030739363661
152.0,149.44785334192818
131.0,141.72962867914669
122.0,125.23246825179154
101.0,96.18665176768155
91.0,91.61742190077325
77.0,90.18145862299272
72.0,76.27171413321246
67.0,77.17146464043574
61.0,74.19375742919495
59.0,73.64414522428741
61.0,71.5249421962797
65.0,76.62890536134013
61.0,70.47284603654616
67.0,72.6896900718882
59.0,75.17305944710769
68.0,70.68500813004488
78.0,80.37512989303005
80.0,91.34504709390252
81.0,93.13982740921234
71.0,84.50266211695424
75.0,78.67739532983265
76.0,84.56631540581735
70.0,88.87876777180804
71.0,81.59267566414806
74.0,88.9135999753614
71.0,85.00495017791559
59.0,81.26042464352153
50.0,70.99715887155025
52.0,61.26799964108533
61.0,56.177807740223756
62.0,73.76765064397615
69.0,70.02052405796722
58.0,78.81286924692193
80.0,69.76578877529019
68.0,90.88210111622958
72.0,74.62001272197826
89.0,80.38080201150945
66.0,96.76659010089345
69.0,70.11000523800776
95.0,80.06860456578477
101.0,100.65680415645453
92.0,111.14432094563398
85.0,93.77201557298062
81.0,88.17325637804971
79.0,81.95535176878724
79.0,81.04255144415919
75.0,84.8357970967469
72.0,80.75247842606365
68.0,76.31671242456315
69.0,76.536599081828
62.0,77.83070569958532
57.0,73.59213952774074
55.0,72.40736664352261
70.0,68.5692304044864
72.0,79.14084584117131
77.0,73.08315253762885
67.0,81.6075224173554
74.0,73.93265775818911
64.0,84.04826532853174
70.0,71.52461260451247
71.0,81.3311844141152
80.0,84.40479127923103
85.0,87.6244431343521
77.0,92.56089312518864
65.0,84.77345849593488
63.0,69.89080293108064
50.0,66.98597737810267
41.0,61.92381278108703
50.0,42.192242968367346
53.0,47.57760620371371
33.0,55.07953508969995
25.0,38.00119751439528
33.0,33.90517968208765
33.0,47.83952634062596
52.0,44.95879603673981
51.0,66.79944126459297
57.0,57.31067145616772
57.0,65.6193969924313
62.0,69.65550417523677
63.0,69.02581835730709
61.0,74.23404224913357
59.0,68.99708520675958
93.0,71.81215561307535
122.0,104.59560603569386
111.0,117.96757937451859
113.0,110.25884241997977
114.0,111.96976459399407
112.0,110.37086389528905
96.00001,108.52274938441982
108.0,105.7630191758164
137.0,99.47145898980564
133.0,133.73538846859503
125.0,125.92195048430925
121.0,121.80423607613479
102.0,118.34838925833249
84.0,103.75037619101862
92.0,91.10367158378465
94.0,95.80158120603761
102.0,100.52872530091915
130.0,99.007320995446
127.0,138.4357717009279
111.0,121.70111266624485
115.0,110.99553381314907
107.0,106.7380365472276
102.0,109.12926733405432
101.0,97.08550601093954
113.0,96.60845747614282
89.0,111.8037867547137
85.0,91.92041146572653
74.0,94.67100030788522
80.0,81.9094247034569
73.0,92.33233468865092
84.0,83.70773365901529
90.0,95.58101701508076
94.0,94.88449381091813
80.0,94.61191020012522
71.0,77.25581650589183
61.0,75.97931154266628
56.0,70.72680033946715
52.0,64.54550578124262
51.0,60.83064747426816
59.0,60.137071205948324
63.0,75.82002544575748
66.0,73.08147800682693
63.0,73.71843374642079
57.0,67.53063102210248
54.0,64.54681394815357
56.0,67.05365389899329
68.0,65.89102659528109
68.0,79.11534761820982
62.0,74.95507599447919
79.0,80.52679464899485
78.0,83.30191159062085
85.0,89.7239330161287
100.0,95.30260367909344
104.0,110.11713139716417
93.0,110.34275468652322
95.0,103.35226866186842
103.0,103.54147290283115
95.0,114.89343842123937
94.0,107.24522066153831
93.0,96.83080234266869
93.0,99.10058927534932
93.0,101.55365423421028
79.0,97.14363216775776
56.0,78.44349915427172
56.0,78.37115386728162
55.0,62.649006937647755
52.0,74.99840132869454
49.0,56.47314729876932
79.0,57.396415570353895
68.0,87.27382651191449
68.0,69.02342042081759
71.0,78.65806188409732
64.0,76.97948388639084
59.0,72.67748323598654
68.0,69.07389011513743
68.0,70.93824175948296
68.0,68.4945679109793
75.0,75.69166997497551
77.0,81.66470340398715
76.0,83.31005986474008
75.0,84.82666611941747
65.0,76.00520977079432
57.0,53.65316584350388
53.0,53.03249175746882
48.000004,48.11180016140673
47.0,49.845930080789415
48.000004,50.3285293442277
52.0,50.921191213128786
48.000004,67.45727245125543
55.0,61.63927686182208
50.0,73.7924401519787
54.0,65.58633348186129
61.0,67.90058218338659
55.0,65.07809630069681
53.0,59.528871481181746
55.0,65.41850339315432
57.0,72.81595510934977
65.0,75.07703534466647
67.0,79.86256676735722
97.0,77.04457411359559
92.0,111.85411009746936
138.0,107.21038454922484
152.0,133.35936302894658
134.0,139.6841692113018
108.0,118.35577445128365
85.0,104.08385467439447
75.0,79.2924263663607
70.0,74.76044572863077
65.0,63.34704644500045
59.0,64.47920307008992
56.0,70.10847468969084
55.0,64.48000095396354
59.0,63.92928240328509
69.0,71.14016567552157
61.0,77.84269283600102
62.0,65.37720114199111
66.0,63.276995403002765
59.0,75.48546160526934
70.0,71.13549916061261
61.0,84.33131600281506
76.0,76.53185725004066
80.0,89.11501315272209
88.0,90.27790974036986
79.0,101.79453857443578
73.0,90.3424829229938
77.0,82.33412501591857
79.0,89.24020226481052
92.0,90.14007542005403
93.0,103.4128914922975
92.0,97.21527391788025
84.0,94.61097606574306
80.0,93.04715774688543
79.0,86.0985502108348
81.0,91.13616353287709
62.0,87.78792778613541
55.0,81.08040750495482
59.0,63.2335698189555
58.0,73.83600383129547
59.0,66.34748298858396
75.0,75.76708977299006
76.0,88.29309489060485
97.0,87.95986120752599
84.0,107.91275317458121
107.0,85.42127796094266
98.0,107.98928464233649
88.0,101.90333557035225
77.0,92.06824655934453
91.0,83.14550394387302
107.0,96.18916268943725
106.0,119.76273632328002
103.0,112.68002622759936
88.0,104.50548910099258
78.0,92.35892143674278
76.0,76.37791897982498
70.0,75.17387451394481
66.0,72.9418643231064
63.0,67.91409891661553
56.0,70.63522823601659
58.0,65.4832303024639
56.0,64.92014385573063
56.0,73.56812295461995
57.0,65.19060349700891
65.0,78.04219617880474
75.0,74.24495992860318
72.0,86.70415969287683
72.0,81.47615479582264
81.0,74.68546182232407
72.0,84.9011903731856
78.0,74.71856883855847
80.0,91.58154564358604
92.0,86.53321628501887
103.0,95.22538410690925
115.0,103.97781055483165
110.0,114.9235862793324
103.0,105.74724771290505
117.0,100.18903896983267
93.0,114.35305642009864
80.0,97.99106030321569
73.0,89.3778796042603
69.0,78.87244470146834
75.0,72.82308693550709
65.0,85.18285697446235
65.0,60.273178523200876
50.0,66.99003523824148
56.0,59.34227336262198
67.0,64.05729324437098
86.0,90.09569653418193
88.0,87.70044690045913
83.0,89.78229553619099
66.0,77.29429129192125
78.0,62.72589881759716
64.0,79.64750959423428
65.0,63.51101667450844
87.0,74.42980791721604
70.0,85.51529640583178
74.0,72.73675047184585
92.0,81.12207353315395
121.0,89.27255366807307
140.0,113.09310085613664
143.0,133.9154436241728
117.0,132.617846819054
125.0,108.99129143175344
110.0,115.10722756248181
102.0,107.58165210259088
91.0,103.57680350175534
94.0,97.41678618624323
100.0,92.9102880130067
80.0,103.24918795414051
83.0,101.71531308475481
73.0,87.84625792813044
82.0,78.59944139075711
89.0,85.54958342610962
106.0,94.16766886798189
129.0,101.05342835800562
130.0,125.53277988513209
120.0,130.4626199118406
112.0,120.09245412269487
99.0,110.34881751118537
89.0,100.58111385223988
106.0,92.80831048617951
124.0,109.58166523660417
126.0,131.63064704627052
129.0,127.91492650681253
130.0,123.97939667304053
115.0,130.3291496877383
114.0,118.72368438823976
96.00001,107.08016197462265
88.0,87.83000935426756
80.0,87.57477294255087
72.0,81.87162026300064
59.0,82.52820750485016
59.0,71.91462014166758
68.0,72.87968110222072
83.0,77.99175967395173
94.0,96.02359875701369
96.00001,109.00247175270071
83.0,98.95422379587988
90.0,86.56538395076608
159.0,97.89072854045476
157.0,157.77296050749158
155.0,149.03658160262262
152.0,152.72599552020043
154.0,149.59638032431255
136.0,151.2571170544795
121.0,126.50961731199749
112.0,126.12460829876231
117.0,110.81338350301388
94.0,118.33416809145422
77.0,90.46675495607245
74.0,82.42395218820133
76.0,64.44267278502832
77.0,80.43955300680697
93.0,90.08676388535874
86.0,101.87881257007956
84.0,93.64777471533195
96.00001,87.71340393600211
96.00001,104.07622108979795
87.0,103.89778571671428
74.0,100.5256027505855
67.0,79.13744041048155
75.0,72.8674686151108
68.0,83.58604901171054
68.0,84.00027629209447
73.0,82.73593049734095
62.0,80.88195271115544
74.0,70.87378839800299
80.0,81.90145267659925
93.0,91.20551452793224
103.0,101.92649083543029
94.0,108.24990683079156
97.0,105.84838860293894
106.0,104.75703176451316
153.0,107.08115368793383
152.0,156.88966394576173
153.0,148.75506664651397
153.0,140.28977612433792
154.0,134.68323436414497
156.0,139.72491680573384
123.0,147.67405411306518
114.0,115.29629993582871
83.0,117.28698224173068
81.0,88.33577494346186
88.0,91.81738629347795
85.0,100.20527613692457
92.0,97.18111762808546
83.0,102.29928010892728
81.0,86.08789219507057
81.0,81.77002267179347
102.0,87.7003696287022
129.0,110.86470768670972
152.0,139.83327070356617
154.0,152.76478976795002
157.0,148.3851607375816
166.0,154.68724070053236
167.0,154.63908704489543
156.0,152.72236037926413
135.0,137.2750310643797
132.0,128.33275656820618
115.0,119.88816087779617
106.0,99.64030236195376
87.0,86.48914294464079
73.0,83.98408373039244
62.0,71.91891669485553
59.0,68.21695953490566
67.0,57.26607914565339
62.0,76.61618442574033
55.0,74.90790489762041
60.0,71.02480958717899
65.0,73.74848758158156
56.0,65.80540254285809
60.0,67.07634544336833
75.0,75.66952201902272
55.0,90.22314247353668
61.0,62.0034240172585
71.0,80.9051942135297
96.00001,84.2295913333825
76.0,94.50018024117624
66.0,82.32564551873025
63.0,81.49374268377596
69.0,62.36948801784444
61.0,67.74598101131367
62.0,67.63951689372004
65.0,67.89424452190741
66.0,61.779917813102664
57.0,68.88552242752745
57.0,57.7128491014961
61.0,64.77435944075025
56.0,61.380931242099564
53.0,68.78911342430979
66.0,59.510100478294824
77.0,75.12225723951947
72.0,77.93031576676383
74.0,77.1455148900055
68.0,81.03327443478899
64.0,67.40454148495905
72.0,73.42387737957289
84.0,81.81378799973217
107.0,88.5628422464766
112.0,111.4388602360564
107.0,112.81268705060683
117.0,110.81566681962019
123.0,116.36893195228622
136.0,124.20197824455119
150.0,131.13293004299743
130.0,135.69362321841544
108.0,121.93400632608594
93.0,101.63310326581527
87.0,92.15281743404687
97.0,84.27411406022648
77.0,95.45627034015713
75.0,81.01356003811946
80.0,85.6567984379188
99.0,87.72442186489906
107.0,99.10913515990859
107.0,113.7534464955928
119.0,114.44830497095109
128.0,121.0783868879006
111.0,119.67509119501715
109.0,101.76210294194325
74.0,110.77309790605094
72.0,82.08858359432284
76.0,88.68887042359486
104.0,91.55910425043236
139.0,115.5569909956924
137.0,139.8673275360657
113.0,140.36086715169105
103.0,116.08829352439588
109.0,104.14155925986384
108.0,109.80807903700924
92.0,108.8611159991807
88.0,92.97403312050074
86.0,86.65775323418363
92.0,91.79717108982432
105.0,101.89861685673559
110.0,112.05216239997527
105.0,111.6390267479099
85.0,112.17752128023432
87.0,90.50787950060916
90.0,96.67743333450358
93.0,90.14392917542399
88.0,98.48825494187743
97.0,84.64272566079951
113.0,102.44734433099063
104.0,116.49327980790312
108.0,105.20761846100577
133.0,107.90590571761196
109.0,134.9151281491275
91.0,109.62479976236482
94.0,89.44328958152146
87.0,95.09763602151857
89.0,94.42387855409983
78.0,101.76492363045573
89.0,81.39963127182108
103.0,96.009111814658
97.0,107.22227370962942
95.0,106.02581092320204
94.0,98.4850962420875
99.0,93.36505383227448
84.0,103.73984418052564
75.0,89.32655604302634
68.0,79.61785524015173
74.0,83.6205742816969
85.0,87.05859409668014
89.0,94.06831265099964
75.0,96.65159979454161
61.0,77.57193025028144
55.0,67.23774966528605
64.0,66.37909053838945
63.0,77.09056057175763
68.0,76.22157998234829
71.0,80.3936919804215
92.0,79.18423806813531
86.0,101.51092228662493
92.0,95.88104880385585
103.0,100.77708332502029
95.0,103.27533900104594
88.0,104.2355944986203
91.0,91.60565599554779
93.0,100.40772756714819
94.0,101.19567033367676
95.0,101.73254449806281
90.0,94.71292529789665
90.0,97.19868264192857
90.0,92.024009453394
92.0,91.61638578670717
98.0,100.06103848885193
96.00001,99.31729560706785
80.0,96.90615609852512
66.0,81.8519061790776
71.0,69.93960770729873
63.0,73.25817399378963
64.0,69.55210467564058
54.0,69.47554133831746
61.0,69.5665842169406
85.0,64.34849086699178
67.0,94.9616595930555
72.0,77.38464472685087
104.0,83.51468907120447
91.0,103.64078205972298
86.0,100.39476720688405
77.0,98.50338574433455
83.0,74.93818902440938
81.0,86.49737283133526
81.0,85.27411970797574
70.0,86.65594765722763
66.0,66.63527471270993
81.0,74.99461744320547
69.0,88.37519385805001
71.0,71.30984043003505
70.0,69.05146818901704
76.0,70.78351675297588
61.0,77.88198616628054
55.0,63.63436961538511
52.0,60.48021417140687
55.0,59.56901499739444
53.0,65.04228097222688
58.0,70.3755235051325
65.0,71.61062799598798
70.0,75.12385742496916
70.0,75.65615221345858
77.0,74.76143018177713
93.0,87.54678533981033
92.0,95.95254043482332
75.0,91.60478782506986
74.0,79.88879486858941
75.0,73.50495139958025
66.0,70.49891971671285
62.0,63.6304175239479
53.0,63.56319080368361
57.0,59.15604754359486
67.0,68.84600454256804
74.0,69.38173150938177
92.0,72.86134201502321
82.0,95.25386881753283
80.0,91.29476398556558
81.0,83.02725736918306
75.0,83.88742137242956
75.0,72.89817987461875
76.0,83.69220001182012
71.0,82.82453261227039
54.0,73.99939967859211
41.0,60.32083991291342
56.0,47.35380591636593
55.0,73.71569623595295
71.0,62.21263491552312
87.0,83.80796635783217
90.0,93.76250154526059
87.0,92.9533804733153
94.0,87.30088946794673
91.0,92.89462445508033
93.0,93.34181946554334
94.0,94.35925970023584
93.0,91.37029182232583
93.0,88.71572023051473
83.0,96.23338815271333
85.0,92.90336773534067
104.0,91.71749938644398
100.0,105.38167209075134
83.0,97.41311083317466
56.0,89.64854677267891
52.0,63.62100724191806
57.0,58.76719795589313
45.0,65.74773324821147
39.0,55.84596792435642
32.0,49.837663938244525
33.0,42.1248330205625
52.0,41.09349815004322
47.0,65.29326601780281
53.0,57.16731479940908
61.0,63.15227212493874
77.0,73.89746541410788
69.0,83.75176043020737
69.0,73.1492192988327
60.0,64.20992762283161
55.0,72.96567951723274
53.0,63.38916630464572
40.0,60.198443995010834
52.0,54.00189547380298
49.0,65.6088470743384
61.0,58.95032420035185
59.0,61.64424824763877
82.0,62.832269466307245
92.0,86.33210590894001
91.0,101.09711428087809
73.0,91.25219312023856
60.0,76.98993305085598
58.0,65.28915683909327
56.0,65.20317770867537
62.0,72.87615418249733
67.0,72.76471349703117
103.0,82.59193956334117
107.0,114.66889937462281
99.0,113.98583971651432
91.0,109.04250390013284
107.0,88.4227568597176
87.0,108.90413679840516
92.0,90.25749305518097
85.0,95.90196820620744
81.0,80.58090210747615
80.0,90.4764285522536
78.0,84.04460479332506
70.0,82.55177870760956
75.0,76.59396863602718
71.0,83.36124421624874
74.0,81.78229381447636
83.0,83.41197212105061
83.0,85.88929849276138
93.0,86.82074392002666
94.0,103.38725895675667
110.0,93.96152342925684
105.0,111.00026998875077
110.0,103.03883549375567
105.0,115.11278821828178
111.0,108.55405497859682
99.0,114.37700407490108
102.0,103.43064877173924
93.0,109.15784352940088
95.0,93.89952068394152
98.0,113.23991172944429
101.0,103.8620759478587
101.0,104.13161317190833
106.0,98.78372077846677
115.0,105.56942886145552
119.0,122.97193627449742
116.0,122.9341587490651
117.0,121.56311465952895
107.0,118.17661017799689
99.0,110.44729958378582
118.0,101.3981360519743
131.0,123.65139743804201
134.0,135.34517544870417
141.0,134.60354857745648
106.0,142.91352611793855
97.0,101.21334626346666
87.0,93.59104261836303
82.0,92.0803347010392
91.0,96.83984716688902
96.00001,97.06777221364051
85.0,97.71794478669565
79.0,89.47131645652529
79.0,87.80427621369458
92.0,99.99560439414894
86.0,104.9287633852216
92.0,89.0834078934784
94.0,98.51859847973594
98.0,99.57707668595393
95.0,102.18889163570189
97.0,105.40668783882127
98.0,105.48404707905577
91.0,105.4296196202198
88.0,103.72596469068966
86.0,90.93320256160932
89.0,95.15932190180577
93.0,94.98140772493312
101.0,94.0417799438892
91.0,107.2088218506376
85.0,102.78210037472172
86.0,94.59884123610381
76.0,87.67300781656508
81.0,82.30749626761197
93.0,93.52859681967658
94.0,107.48976768082596
110.0,97.9006533818056
111.0,115.29297004849307
113.0,114.28767255381061
101.0,118.79553565333147
99.0,108.16110055416995
99.0,112.91961412960774
104.0,113.09528389282265
110.0,106.74629225495747
103.0,112.12325137234399
100.0,109.73102539396056
96.00001,113.29853621392093
100.0,99.67162457769209
99.0,105.26805082998881
102.0,99.02857306156301
112.0,114.79101372089328
119.0,117.12194237127237
121.0,118.43354819691807
123.0,120.04419800292794
124.0,128.3068170165277
114.0,126.02999462128065
114.0,112.53164046125181
116.0,111.3961385983551
120.0,117.70289618475466
125.0,137.3318210120392
134.0,129.68999583772106
131.0,136.48682172381137
139.0,139.08610116610137
94.0,147.87113052294353
104.0,95.93749267231935
116.0,115.03178488713444
124.0,118.9109159669751
118.0,117.69799350792523
121.0,113.38016293691523
123.0,123.71737182087503
105.0,129.8673912553256
85.0,103.28870756441559
81.0,85.53255660182874
73.0,81.80392745565543
89.0,85.20158065275545
94.0,91.00629757129201
105.0,103.23453778314916
96.00001,109.26389496496236
82.0,101.08165351188698
78.0,84.71636137778741
89.0,90.79455999802109
72.0,100.69771637209229
80.0,79.66506533019992
88.0,96.10499191939158
93.0,95.54238587222531
79.0,109.0990830523879
89.0,86.24403615940443
106.0,107.731396461416
100.0,118.5780880776786
98.0,109.44895318410073
104.0,103.66233860777022
100.0,110.44321507880369
103.0,107.71857764522697
104.0,112.75920386197258
105.0,107.24383184261725
95.0,106.12658198790307
95.0,100.43766351702365
97.0,104.62264063804835
108.0,98.77774236053845
107.0,108.27111276722856
121.0,104.90759351777722
120.0,125.31194599592784
118.0,120.37903427527158
133.0,114.55645619920095
110.0,121.35629899661394
85.0,106.62542590013946
103.0,94.24734475797878
137.0,110.66015542325107
126.0,137.96350648581046
153.0,124.45462742462195
157.0,153.87100649066346
162.0,156.24422153843236
152.0,158.42742108568027
135.0,150.06095350568575
134.0,140.2066659020365
139.0,135.14145681760448
130.0,132.74121471092818
126.0,132.01721483328137
142.0,131.81760305739496
153.0,140.00029414774934
139.0,149.22739579587343
127.0,128.4323880317744
103.0,118.0752900036419
99.0,102.76946866977936
107.0,102.01092603281325
113.0,104.41445986094007
114.0,110.47528214117071
117.0,112.12699349406184
138.0,121.38870382531218
120.0,135.37472601623963
96.00001,119.71424698708171
110.0,100.2978266625551
92.0,120.15348879559853
89.0,103.03142777569502
74.0,94.27292198967652
94.0,93.3960269513425
108.0,108.78372451185618
99.0,122.07465284981167
107.0,102.77555415903655
119.0,114.24604933059557
126.0,114.5330672860837
129.0,132.0672545285169
131.0,138.6638837122674
149.0,128.24995556059272
140.0,146.98075639517222
127.0,139.2990266384172
106.0,129.82370581604894
93.0,108.99407298524568
117.0,102.31851162693958
128.0,120.76289818639638
130.0,133.18339103526196
104.0,126.80834114266949
84.0,108.71148821488185
73.0,83.492490440579
70.0,87.61364874374635
68.0,81.4897462372051
63.0,76.13201413712892
75.0,78.21394684410946
81.0,92.9640339928887
81.0,90.89443242500022
87.0,87.10995756087289
84.0,103.42805327948564
93.0,97.2766021205569
98.0,100.71855382130708
100.0,95.22201126603878
101.0,103.43038507393166
102.0,106.28239117455679
118.0,106.33694280324015
113.0,121.37267742777458
110.0,113.12832673136374
108.0,107.78362851912452
97.0,107.36735956638708
71.0,100.7438037269724
80.0,74.26693375903066
75.0,84.0355671803902
68.0,74.40952697183398
75.0,78.80105824757737
77.0,79.46515835292742
68.0,89.0710821663349
140.0,79.53219707973939
161.0,143.86766175947474
166.0,157.62524412870286
169.00002,165.8667195887649
155.0,168.56576440595398
158.0,150.6758263964158
155.0,157.64144767002682
154.0,149.8142427150004
142.0,154.78146237344416
112.0,137.10059515316414
96.00001,111.63179700596119
84.0,99.89326453606886
80.0,82.64078481673127
81.0,82.84828568276096
84.0,87.49026157743364
90.0,86.50848208283374
116.0,92.88943037553072
136.0,118.68428808156345
144.0,138.82513826606987
123.0,142.54967721858293
115.0,117.09893918204057
97.0,112.66688468039455
113.0,96.8052633589231
108.0,115.92600123094095
127.0,116.36805445275851
129.0,135.35612787697497
154.0,132.11537601594094
143.0,153.57209065045612
133.0,143.32322729677117
151.0,131.49509372889054
152.0,153.31713626037794
151.0,145.70909725655406
139.0,143.85507572099223
146.0,128.57860242326203
150.0,144.0043486732693
152.0,147.89500016002296
153.0,146.0081173809805
149.0,142.89262689367663
138.0,142.52607781263345
134.0,132.66804642356544
119.0,127.58745630112678
121.0,113.90559527793206
119.0,125.07853271779084
91.0,116.19907918493655
80.0,85.25757591580263
77.0,91.01001670072506
92.0,86.54066635851787
70.0,108.92078445648369
88.0,86.59881095532708
115.0,104.05295304372991
98.0,115.78237771905604
70.0,106.0065626671226
76.0,88.79874363681897
78.0,90.57151690754111
74.0,92.54635786307918
75.0,85.00317017547994
74.0,86.8136293385569
68.0,81.41076784644834
64.0,77.01480909210979
63.0,72.85168556692014
58.0,78.61873569312553
58.0,71.94549465804954
75.0,73.57408397678905
87.0,80.27454291498992
87.0,90.46278527387152
88.0,89.01683614185725
93.0,94.61691577644864
105.0,96.70453795883189
90.0,100.4768259332111
75.0,94.23719158296356
66.0,76.71621630623892
57.0,75.21695419706614
69.0,64.65853467597692
58.0,79.09626094711844
84.0,64.27838003697045
82.0,99.05062013319485
79.0,98.59051134416207
67.0,86.73193548052969
68.0,81.8199685024901
93.0,80.22861916184438
96.00001,104.64471589887631
92.0,102.72821970194164
90.0,101.82123993707373
102.0,97.96533521952544
95.0,111.09981328919731
96.00001,104.84329786859816
88.0,99.37673491914059
89.0,97.94044450824944
91.0,97.4028361192906
94.0,92.45742244410503
77.0,94.82710049703097
68.0,85.95606575952152
65.0,75.77641308511339
75.0,70.27678443309752
86.0,78.58884983562355
86.0,93.47134874498052
132.0,97.26409079814103
156.0,133.37852342431583
150.0,147.22495483283979
127.0,147.81769563236526
110.0,128.80422780835588
111.0,111.45235354993561
121.0,121.32154690031143
113.0,125.06576589910924
91.0,106.93746412841169
90.0,91.75699055084763
89.0,96.56312887693883
91.0,96.85830917817292
106.0,90.73720202157115
105.0,115.21044611163038
92.0,104.53526564395091
100.0,101.13454911798665
98.0,98.9224790300785
87.0,99.16227951349202
92.0,90.5223364528313
85.0,100.8049934639716
76.0,84.24270516483517
81.0,83.04954958344595
69.0,85.32822470105151
62.0,79.81401316473283
77.0,71.96620238041311
75.0,86.84271775260505
64.0,83.27736851947576
70.0,78.8107828278448
74.0,83.49259421316859
78.0,83.01110791275468
93.0,96.4771977587345
121.0,98.230701042788
109.0,128.43850095394714
114.0,105.58421695439472
116.0,118.3456210509625
127.0,108.02704531136732
114.0,126.18743088732595
97.0,116.1578231844142
96.00001,100.46257949790723
75.0,94.31270435918897
70.0,76.74000201782572
63.0,77.5966419224087
63.0,69.36612699350921
71.0,70.4474452366898
70.0,76.4977577661571
79.0,75.66438244526216
83.0,82.36638951200405
81.0,87.93656294813947
87.0,92.11419015594956
79.0,94.5984792484155
71.0,83.02484133365842
96.00001,82.96951525734728
95.0,107.57866452576997
104.0,112.45028558598712
108.0,115.72732073711771
108.0,115.81672806282535
122.0,113.8916449852194
146.0,121.03357092397681
152.0,144.58534019656818
152.0,145.9366115272857
134.0,142.57059260832267
113.0,126.04156239569626
88.0,107.7067309751296
91.0,88.01795127517398
84.0,90.64810019379281
82.0,92.16298370041326
74.0,80.00334665720327
73.0,85.96856502219289
77.0,74.73273452324882
76.0,87.11026450818436
108.0,84.55650488195504
113.0,117.28276842819513
104.0,116.59221397529649
90.0,105.0361467128769
74.0,89.71282352770922
91.0,82.80544751339357
99.0,115.2216615245781
102.0,111.11122326818823
113.0,114.22540930874555
130.0,118.1341256287311
117.0,136.86962581722244
111.0,111.47186675568128
86.0,115.96055686993134
75.0,83.37719454096661
68.0,73.45418852367712
68.0,65.0617910674767
68.0,72.8615037542168
77.0,67.67190211529582
69.0,76.13437712925212
76.0,65.1931354857145
71.0,77.25366796230063
69.0,71.40272355765087
77.0,61.796903307475695
92.0,66.25299161090948
107.0,92.80327869504059
100.0,113.93619993165787
98.0,101.63627100354086
98.0,97.6126740789708
109.0,94.98782859856682
117.0,116.11924110029237
127.0,120.69869173021617
121.0,130.8295762205771
125.0,126.62828962317553
104.0,127.76787360854188
86.0,103.20313866964419
76.0,81.72979632043828
67.0,77.67504930116661
63.0,76.07279722959795
50.0,65.50775174660336
54.0,63.10721892712609
54.0,60.28464173557835
51.0,67.15138481711026
58.0,66.40400034988906
59.0,73.85766638538858
60.0,71.60798586155215
69.0,72.08809698890741
68.0,79.34955971349657
70.0,73.66567870830569
70.0,74.41733186335517
74.0,79.25552313084013
72.0,86.57981014310155
77.0,82.94222862344766
85.0,89.52305700344537
85.0,92.9230298294928
93.0,97.97172503572061
96.00001,98.72012481042779
97.0,99.94950458070426
100.0,97.73140984120339
96.00001,98.87270677843334
96.00001,92.73085220749695
87.0,97.91042679510923
83.0,90.74395945076142
75.0,84.1495298574188
79.0,76.1469801195795
76.0,86.72574043762144
82.0,83.10047808654495
96.00001,92.14692638671761
96.00001,103.276562193698
102.0,104.31313178127853
81.0,106.17252230399357
82.0,84.92720216727288
68.0,90.15390982752426
68.0,78.63386579574332
70.0,81.51735159268924
74.0,86.75021215841998
76.0,88.39194697415421
78.0,87.80476493657439
89.0,88.40071615668353
79.0,102.79785004699701
73.0,95.96277324436582
74.0,84.0491681925311
88.0,78.14766001108039
78.0,93.40100477955396
78.0,80.71652687500209
72.0,84.00066961216342
69.0,76.36032134744305
61.0,76.29679817507392
56.0,69.03018222478188
54.0,68.30166976451659
64.0,62.25405880409599
64.0,67.96000718265184
68.0,68.36362612896319
68.0,74.244914887982
103.0,79.62013900966093
130.0,109.0913279667568
120.0,133.63162510703862
105.0,117.99936807314927
90.0,104.32881481253209
85.0,88.12282404996785
90.0,87.32692126536406
98.0,100.82904175981936
95.0,107.87264587203055
93.0,107.10335653959966
92.0,103.15291351548889
114.0,103.62448085727407
139.0,123.75104813512083
111.0,141.1736270957999
90.0,102.31765158977255
96.00001,95.47874116918918
98.0,98.1509816704438
100.0,104.498416374444
80.0,104.71249000104771
83.0,85.48182713468667
79.0,93.19223468853701
86.0,85.9506276458186
89.0,96.11944877655343
83.0,89.65111642403535
108.0,93.38287751428648
95.0,109.31968199541714
85.0,94.30466758717279
84.0,79.85823293636136
78.0,95.66142959458972
72.0,92.28737517893663
87.0,82.44223507306411
76.0,97.41385979762735
80.0,88.80164606607428
89.0,95.9367442157307
97.0,96.79933530058507
118.0,110.9431963948223
138.0,127.89971070314387
147.0,137.6994959606861
154.0,140.11684582283192
156.0,149.0761101017986
136.0,147.46957412296894
120.0,132.29942113857442
92.0,112.95869616115513
72.0,88.84922038465976
68.0,72.53436808313272
75.0,80.65866860678274
85.0,83.74879649958382
80.0,92.97249912879755
81.0,83.9751586748282
106.0,85.84482113820499
86.0,109.56491912973863
99.0,88.04207244051848
122.0,99.04661523410924
114.0,121.52508299022986
112.0,122.94124699813622
139.0,110.01420421090667
123.0,143.3978594725456
110.0,133.49416163692555
97.0,123.26011434154535
124.0,105.62432629081597
110.0,126.59910182589536
108.0,109.30911816251086
93.0,109.31883613320997
98.0,96.10098813023474
102.0,101.78323386044595
112.0,108.92750825027737
113.0,112.0615840438986
111.0,115.82284846396382
103.0,115.24868893313001
91.0,105.20810444516839
78.0,86.64086020294693
78.0,81.42120305467881
76.0,82.97996844192629
75.0,85.72432253546772
79.0,80.86322203741022
66.0,79.77034388172402
64.0,81.30770554607504
62.0,79.9001538871026
72.0,70.77629847646313
73.0,81.74846476147664
90.0,89.83028702623278
90.0,103.22672542287671
154.0,102.03333251463226
155.0,156.22457436586302
155.0,142.29086060757535
152.0,150.04123299986975
146.0,140.98103185301875
135.0,138.67618534106276
130.0,131.2876173269301
122.0,126.20430271790252
137.0,113.78665665048837
110.0,126.40224599529515
95.0,101.64107450771583
92.0,97.93084344495021
100.0,103.5088746782644
93.0,106.43429830015457
75.0,100.75315132028946
73.0,75.84537549501103
72.0,76.5344996954374
80.0,77.62253549380539
80.0,86.69238611632166
87.0,94.6768727925004
95.0,96.70861394218251
76.0,105.27682777508191
79.0,90.64554650299519
95.0,92.56379314917594
120.0,104.9773958580675
117.0,128.2080862083996
105.0,118.1707667770965
101.0,100.58949518321707
97.0,107.45943437700919
96.00001,103.19870739676809
96.00001,95.96174503818044
75.0,92.90182738646696
65.0,76.99702140284353
60.0,71.98310577076269
65.0,71.10457245118518
68.0,73.6081600700695
59.0,78.63888656648747
61.0,71.97851955591986
93.0,83.8198895554312
79.0,98.6457086689379
93.0,80.90095367873668
116.0,94.05402946129783
139.0,117.45125714100683
116.0,139.70269680428848
115.0,118.7164103964088
116.0,113.2028806165034
156.0,118.78354212374423
129.0,157.9368970238985
117.0,124.80428379070213
112.0,120.87406850428653
97.0,105.54731876536223
85.0,95.730258440267
86.0,80.0194706480254
85.0,86.0170819703617
85.0,78.79760802609661
72.0,86.5079387463496
63.0,62.500182178786815
61.0,65.6494614127892
68.0,56.6556149701545
77.0,77.19383293223783
85.0,82.8342869608665
89.0,92.03014707099476
77.0,93.70751630567736
73.0,80.05867548664135
63.0,84.65154728093559
55.0,66.93981520087111
55.0,67.12170875842409
50.0,68.99486229265746
45.0,70.13618422759143
41.0,56.46396259449063
33.0,58.86051831876266
52.0,51.95823528400586
60.0,70.74776453448595
54.0,76.27038111349677
57.0,66.50230925138591
59.0,65.99107655483719
59.0,67.31539323572416
50.0,75.39607199445376
45.0,66.8309464243476
53.0,54.606341947827815
58.0,60.81440261064582
59.0,67.44730286062082
70.0,66.44499831727535
65.0,74.2076739843309
63.0,76.4847678137096
62.0,74.13031936737286
59.0,63.68283241018164
62.0,59.186870793095096
73.0,67.90549932827831
54.0,74.62550108010646
52.0,62.777378487569564
56.0,61.9763993162179
52.0,64.9765136313238
58.0,66.8006727227469
60.0,73.57040280357363
70.0,78.41995104954373
71.0,81.67891759890975
66.0,82.2364246279899
79.0,73.78204253734022
74.0,84.91174815183648
73.0,75.94221021216778
64.0,84.19544282008192
59.0,76.76125728596884
59.0,67.43362907818647
56.0,70.54741632694756
68.0,67.61522525358583
68.0,73.73449042951344
69.0,71.54933591581778
76.0,75.14273242868268
83.0,83.5848364221309
78.0,91.13427488006407
72.0,81.24381152282103
