Actual,Predicted
52.0,52.74073003481845
45.0,50.9778843775202
45.0,44.512907080601444
53.0,59.37309107095183
53.0,58.46420381864577
62.0,57.855945518876425
62.0,72.36039565554381
59.0,76.19111997699274
59.0,59.481676908291675
83.0,50.86218151022451
83.0,75.74438663709115
97.0,76.94404654955868
97.0,88.65733255055014
94.0,87.40329513919086
94.0,83.66837213469246
79.0,80.00149506025524
79.0,64.7912371885795
64.0,66.5351170264835
64.0,48.52943091920265
60.0,53.34257305696718
60.0,51.68276844768935
61.0,51.952324804356046
61.0,56.77910405369194
57.0,56.65772783931407
57.0,54.52019285604815
59.0,56.44329861871265
59.0,59.484208934646524
45.0,59.83495906272691
45.0,48.84318283250521
43.0,49.68953527095828
43.0,49.63926624975009
55.0,48.85978949143551
55.0,61.58612336391609
55.0,60.549673515801175
55.0,55.660241545521735
58.0,60.98984915552952
58.0,60.3331114987003
59.0,63.843047095298246
59.0,64.76913413272845
60.0,69.3494073043532
60.0,66.05581319544265
57.0,63.282763954712806
57.0,77.47930149633235
56.0,62.119178969480444
56.0,68.8832740220687
53.0,60.51408155502164
53.0,56.6088419204216
53.0,55.836546322183025
53.0,73.73427132280533
53.0,70.50581756433692
53.0,55.516021924716235
57.0,53.095780681701534
57.0,81.00804692194475
64.0,77.5493792265484
64.0,60.45894622269598
72.0,65.15050609401295
72.0,82.48126545707396
63.0,78.20836336710225
63.0,64.20544812646523
62.0,58.132181064726176
62.0,61.48781024829644
62.0,61.044859816100335
62.0,61.27821565873922
55.0,65.73044546256104
55.0,59.8299062346223
68.0,61.920494894050975
68.0,73.41333982689386
57.0,74.90433166277548
57.0,64.96592272438144
54.0,65.49019327635664
54.0,65.04479328573997
55.0,64.06714536147308
55.0,66.48470172259616
53.0,66.53289045311786
53.0,64.74910085360456
46.0,61.74294121210289
46.0,58.81687969831974
52.0,59.11025586326985
52.0,61.74227739166334
49.0,62.0966963597703
49.0,58.83049360169587
56.0,59.281452972732204
56.0,60.88335109568587
53.0,63.725545470720085
53.0,55.55453624833228
50.0,59.0634005571919
50.0,56.80560961487428
53.0,59.76203110828375
53.0,66.23604831214041
50.0,64.48586380086728
50.0,66.1925334808928
50.0,51.53116939854936
50.0,59.27216892966171
54.0,39.930394053182496
54.0,38.9538179543952
56.0,43.44076285357012
56.0,45.18820942813739
63.0,44.98068216132111
63.0,77.19249434743203
64.0,82.27067008137887
64.0,84.11955020960443
62.0,73.93311304706859
62.0,65.72403738081216
69.0,61.16976105710877
69.0,65.92191623335175
63.0,71.95414589600418
63.0,53.657284944676384
62.0,45.81352223794575
62.0,52.33739484497496
86.0,57.50928007414914
86.0,82.60216626697124
91.0,85.85315771583275
91.0,89.92472803587478
87.0,86.78549036313183
87.0,84.07096401992271
94.0,85.7361547643641
94.0,93.24814748892742
90.0,93.79220723205617
90.0,88.79817933006984
87.0,89.6342677845362
87.0,89.72119845506654
79.0,90.57445543040414
79.0,85.78609788957326
69.0,84.51759700542027
69.0,76.57013874367041
76.0,75.35114716732905
76.0,81.91794607838521
77.0,81.76029408714895
77.0,80.34448564992465
66.0,82.82109387348908
66.0,69.4860453162854
66.0,72.88758202047156
66.0,70.46274276593074
66.0,73.27908802818224
66.0,70.14000404901856
62.0,75.179619199754
62.0,76.75301616324036
61.0,70.41967887239647
61.0,74.73591668405713
56.0,68.54365286821482
56.0,70.77471234094772
52.0,68.88025382721258
52.0,68.37676554108128
51.0,61.077296139286176
51.0,63.61624054280383
46.0,52.3730842712975
46.0,52.26281713725623
58.0,57.23878387935879
58.0,68.78417095809134
60.0,70.11346317117501
60.0,63.368770219268534
70.0,65.40730294139404
70.0,67.76574760141335
77.0,71.19715025037904
77.0,74.20237282015431
100.0,74.59136638788645
100.0,98.22932161155526
105.0,96.72523098579849
105.0,102.1704564171017
85.0,96.61639284667498
85.0,75.61499568229061
75.0,75.83586324019402
75.0,66.18348892068256
72.0,69.03328792744914
72.0,65.98028226965218
73.0,67.69640138629896
73.0,71.54514232779158
68.0,71.36489541646192
68.0,68.2678640466858
59.0,66.8261245379087
59.0,57.150281414166635
57.0,57.948996610371495
57.0,57.097526437850355
57.0,61.692433453602035
57.0,63.37291837029287
52.0,61.38164576105977
52.0,59.522105640695
55.0,56.790607491812096
55.0,58.664084102211
54.0,62.542955969572006
54.0,53.489765350429664
51.0,59.88215859009569
51.0,57.07854356660347
51.0,60.07139046515464
51.0,60.84886839246243
42.0,57.51359656329063
42.0,56.73915173124078
38.0,50.7901833367598
38.0,55.55491601683155
50.0,50.392182777730994
50.0,59.51817888127993
57.0,38.64629474187965
57.0,54.77402340237589
60.0,55.710051907199016
60.0,58.261565648109475
70.0,71.70835070523836
70.0,86.18355171866918
75.0,81.27279653205801
75.0,78.0141048558922
77.0,76.94155361249162
77.0,82.06559854136782
75.0,80.5944410820518
75.0,79.1169503993478
61.0,77.86064069023249
61.0,64.31547683104509
67.0,67.58645700760104
67.0,70.82419901081329
60.0,69.25831674846253
60.0,65.08745369867881
63.0,64.57135043520086
63.0,67.86349951889534
62.0,66.88601793156889
62.0,67.22688863791481
58.0,66.92287388361697
58.0,62.85030765255586
56.0,63.65459007865027
56.0,62.74082944228084
55.0,62.55835268015676
55.0,62.33114307203889
55.0,63.35902649270167
55.0,64.638796541281
60.0,63.68030566038815
60.0,69.52207008770333
56.0,65.81720720612094
56.0,60.50741995490971
56.0,62.88614548484019
56.0,59.219240538489224
52.0,62.81506013708881
52.0,55.518656134146354
45.0,58.072113915434734
45.0,51.715527029700475
52.0,55.40174452070979
52.0,63.627008786236395
53.0,62.40576140303236
53.0,72.63704465732178
57.0,70.95562524239354
57.0,76.39222072764822
57.0,71.73776405399258
57.0,66.90973716776442
54.0,62.98756515328292
54.0,60.84725710300925
53.0,58.82418488299908
53.0,59.455895681178355
53.0,59.43506575383245
53.0,64.60949108286327
52.0,62.94518757920557
52.0,60.251619163892656
60.0,59.15907616928872
60.0,60.39570407081894
52.0,66.47081720896966
52.0,53.782773409977814
52.0,53.44814545586476
52.0,56.38058359215572
55.0,55.86779050519199
55.0,58.088507438152014
53.0,57.925444488087926
53.0,56.398651744972554
59.0,56.36518595253501
59.0,63.44477538512246
54.0,64.38848651137332
54.0,60.10718715330786
60.0,60.42265232781664
60.0,66.29242620981343
38.0,67.53197715680712
38.0,49.967163445503665
48.000004,53.06569979384721
48.000004,62.23382600867862
43.0,60.29224549583129
43.0,57.479357838209616
44.0,56.58626745482371
44.0,56.41965558560024
45.0,54.80548168849192
45.0,56.914666545387334
48.000004,58.77115440751356
48.000004,57.49502830817745
52.0,59.53690655800731
52.0,65.0412988562925
51.0,61.75356393154797
51.0,60.03798104585536
52.0,62.61544905903099
52.0,68.43952068890783
51.0,63.343326250033726
51.0,68.42892989196089
51.0,61.52128544163165
51.0,66.4435457358705
50.0,58.1182625929963
50.0,59.08102778308214
47.0,60.8271128523696
47.0,59.366488493915384
51.0,60.2806063998508
51.0,56.90098854763419
62.0,55.55948237366217
62.0,63.39463820869145
66.0,66.81538212778673
66.0,63.14209922189228
61.0,62.59501984649434
61.0,52.14240792914974
53.0,56.28494287333748
53.0,40.83296303096211
53.0,45.18729932643438
53.0,43.15516326242245
50.0,43.143132851811366
50.0,42.07070591972597
56.0,38.252007705433606
56.0,46.800026965417835
61.0,47.70749450980627
61.0,55.12859782633232
49.0,59.045936648223005
49.0,49.660113910663654
53.0,47.97236971684112
53.0,55.390256885270404
48.000004,55.70179743982387
48.000004,49.44468539362528
43.0,53.53892646395047
43.0,50.14524196446142
42.0,50.563607579760415
42.0,52.28017634662061
33.0,52.39243444615716
33.0,41.1488762033074
35.0,38.99096198390694
35.0,41.7705565510927
34.0,42.80610187449731
34.0,40.57656008795245
40.0,45.295520603353296
40.0,47.893425801058584
51.0,44.3916024241778
51.0,56.63403314047042
59.0,57.7976351649602
59.0,64.70640172862447
57.0,59.530055281139184
57.0,63.09933565330506
56.0,58.62309446979791
56.0,63.14014832847423
58.0,63.471159301403894
58.0,70.4817957422916
58.0,62.624149714951514
58.0,60.48664196377464
58.0,57.390853010245706
58.0,56.80669889814175
63.0,59.41406198942828
63.0,65.77182047783037
66.0,65.90318990532373
66.0,66.4126968963619
68.0,62.113902540436015
68.0,59.00922675940986
74.0,64.68889236909213
74.0,66.03486812313199
78.0,68.74566305104472
78.0,73.38207782113781
69.0,71.37335607486627
69.0,62.891618438811975
65.0,59.623771206699125
65.0,57.95345493019435
63.0,58.61541975172016
63.0,56.81468361357816
59.0,61.62765230472186
59.0,58.36779745363767
63.0,59.19032792314686
63.0,65.26105637787569
62.0,65.57733019208871
62.0,64.46668126394157
56.0,65.47804845623855
56.0,62.031587461883866
60.0,60.623750247591154
60.0,65.93919304312072
57.0,65.40801259434203
57.0,61.666858536653024
56.0,60.28410792827508
56.0,58.09971157656084
61.0,59.631280354577655
61.0,61.33188095518565
66.0,64.33976882385909
66.0,66.88125830116815
67.0,67.20163790329275
67.0,68.84737563373339
74.0,71.72995712990796
74.0,74.97023733168032
67.0,74.76708398663891
67.0,75.68950624151647
64.0,77.18270452093579
64.0,79.15204354032458
54.0,66.94932427019741
54.0,59.77391797960937
63.0,56.12601731085252
63.0,66.78115184325316
65.0,66.31570764911062
65.0,70.05785048758229
60.0,71.98377309772135
60.0,71.14747739390985
62.0,64.37930936450857
62.0,63.474878604025
60.0,65.7029137033348
60.0,55.97742596703785
57.0,63.909259455195716
57.0,55.190760999652376
66.0,53.97786830532969
66.0,66.58800195783805
70.0,67.1114446344232
70.0,69.53078610978112
74.0,67.1344798867048
74.0,72.1228799865048
68.0,70.06243948989507
68.0,64.04273325814736
69.0,65.9894713777524
69.0,66.39631992911139
64.0,67.06057148646806
64.0,63.166887498416074
64.0,63.30097363246663
64.0,63.99472867611435
59.0,61.881852532328836
59.0,58.83124182408159
57.0,59.367766833598154
57.0,58.700169827831914
54.0,58.97552446731534
54.0,58.714478093420134
59.0,54.24288888616522
59.0,60.49075849294498
56.0,62.91200513750199
56.0,58.88000350664578
67.0,64.92209963713947
67.0,74.59620905796565
65.0,77.54244753738304
65.0,75.36806034194198
62.0,79.481909262759
62.0,75.89038368679145
71.0,76.94230281580599
71.0,95.02467807190585
76.0,86.69360992651687
76.0,79.50107196449527
62.0,74.64006456193464
62.0,68.25914471682081
61.0,73.12120830652877
61.0,74.22175329256439
61.0,67.56838216597251
61.0,61.5032320671606
63.0,74.90292707460472
63.0,67.57793385005978
66.0,72.54102431410979
66.0,74.1965178711352
64.0,63.398468191383905
64.0,61.67495890606938
67.0,61.838684973419944
67.0,59.42862684340717
66.0,61.78185365133112
66.0,60.59629960634454
60.0,62.90955162776104
60.0,55.79205487348642
69.0,54.615510313727675
69.0,66.57833114999627
65.0,65.25918979281046
65.0,62.23699725199435
60.0,62.523732631858806
60.0,59.94419556459339
60.0,59.92075101847727
60.0,61.07213972322927
59.0,63.63756975269891
59.0,62.65439746489044
51.0,63.373835702218095
51.0,58.454019449095185
55.0,58.08554406758
55.0,62.48222421107733
50.0,63.30438533416596
50.0,58.165688127263884
55.0,58.462319259895416
55.0,64.36040528907047
53.0,63.23426080297864
53.0,59.949614215005134
46.0,61.90809486099475
46.0,49.098236993453476
53.0,51.30393417580404
53.0,57.03742364757261
48.000004,58.744153608750906
48.000004,54.121581482486164
49.0,52.92828551510305
49.0,63.643775541139206
49.0,51.670938822585924
49.0,56.64313590278824
55.0,56.475903245320396
55.0,71.64917887565078
52.0,69.89961105088776
52.0,61.13680346266052
52.0,53.248702387064526
52.0,52.315326075162325
61.0,59.35834296764021
61.0,66.19882028575161
61.0,70.60042953838759
61.0,70.20691879863307
41.0,61.90678608628816
41.0,35.475372634028055
48.000004,41.387126944822505
48.000004,40.2901627472422
49.0,41.01087137578691
49.0,42.15772061820938
47.0,44.7954787926289
47.0,42.10751012707649
58.0,37.66968456044485
58.0,51.18873275045754
56.0,52.8687204261526
56.0,51.122643991486456
52.0,53.25488288604669
52.0,52.141932530852316
49.0,53.027346477819826
49.0,51.84761802871051
41.0,51.99054177097435
41.0,44.83904379011656
43.0,45.915181796740605
43.0,49.08984502079549
43.0,49.62340352075312
43.0,50.269994380631886
40.0,53.246811737200446
40.0,50.63858309296293
45.0,49.59262875244883
45.0,55.08443534813752
50.0,52.611873393599836
50.0,53.25971367845989
50.0,54.79694099599507
50.0,50.24448050586414
41.0,51.78329224825711
41.0,42.86102459277957
54.0,45.41472497642569
54.0,62.63216531643331
44.0,57.703974271185615
44.0,58.41123154181675
38.0,52.17819026680045
38.0,52.369014787792864
38.0,42.282441056468336
38.0,49.33186992249934
44.0,42.757299784133856
44.0,48.89373185042505
54.0,44.75536844712194
54.0,50.28431022512583
55.0,52.94271653900707
55.0,52.13904618178052
59.0,49.57422539581147
59.0,47.05794531350391
65.0,57.949248723519744
65.0,53.48957274228068
67.0,56.35042972698891
67.0,55.29070053316071
64.0,56.75116878751
64.0,48.240698435291065
72.0,45.87229841996158
72.0,57.507656109313686
77.0,54.667518280044206
77.0,64.57901609417213
71.0,67.55766837174812
71.0,63.31580489719308
64.0,66.23566561824276
64.0,62.89526264895709
60.0,61.57322179742525
60.0,59.25655359621252
56.0,60.96215429346987
56.0,57.76310440033547
55.0,60.829656490632175
55.0,62.5257858461292
59.0,63.271608938152
59.0,68.07339320807272
59.0,67.89808645203502
59.0,67.34308504453338
66.0,65.86166866338989
66.0,72.73240340689925
69.0,71.44579826047746
69.0,74.08292531025926
74.0,72.34509014242826
74.0,75.61859910710449
75.0,79.38389864625263
75.0,78.25890120524123
75.0,84.42349465673634
75.0,87.14914280662265
71.0,77.62633316876084
71.0,81.85175841715377
71.0,75.98184856261838
71.0,84.88969186159547
71.0,77.15885292165237
71.0,86.33410328977017
76.0,80.37895046489699
76.0,92.01120216533833
77.0,84.90557333154385
77.0,79.09736267806022
72.0,89.06144386702815
72.0,82.19047713656147
67.0,79.55746144523407
67.0,74.01076277559422
62.0,75.21086264566821
62.0,64.50294495727543
62.0,68.6363980304713
62.0,67.19769085261599
62.0,67.78672889682686
62.0,72.00074492892102
68.0,68.81237928450845
68.0,76.14352448092728
66.0,77.74382688939103
66.0,75.04231311368356
64.0,76.85429381235556
64.0,71.06517168789463
59.0,71.83675061058797
59.0,69.90371822036447
55.0,67.67097342054109
55.0,62.23422502008911
50.0,64.36684529763426
50.0,60.08514930546316
45.0,59.23322762775971
45.0,54.473885267433936
53.0,52.97748610696155
53.0,59.204220766148794
55.0,60.50896677501171
55.0,60.87362836765713
57.0,58.99622175590337
57.0,61.50418066923972
54.0,60.80492262159256
54.0,58.308795823237084
58.0,58.34697357382349
58.0,58.21770241930258
65.0,62.95054898608469
65.0,68.35588651079092
59.0,72.91628702325032
59.0,66.5525185871213
56.0,63.013453339845334
56.0,70.03199809433315
74.0,62.950515573314284
74.0,88.31504357131833
115.0,88.88479543192176
115.0,131.04895259169578
90.0,130.89937119581344
90.0,87.75134612026675
68.0,79.82324936368714
68.0,60.71497488194655
55.0,63.456861092041926
55.0,65.21632915157457
62.0,66.40046878568077
62.0,83.75017857649961
66.0,73.82305105182097
66.0,80.51517471894171
60.0,79.3179716144522
60.0,66.26388675166129
61.0,65.76716356233725
61.0,67.71678560533394
63.0,67.51156123718025
63.0,65.18564266258521
62.0,66.87814729883269
62.0,65.08788129935658
55.0,64.24632468550861
55.0,57.568555746946906
53.0,59.030884294268404
53.0,54.19532696829786
57.0,54.43673088231507
57.0,55.89793455531051
58.0,55.34478927123818
58.0,54.044043034657236
53.0,52.87028188761799
53.0,48.581351984002474
54.0,46.45113743635349
54.0,48.43472012263443
106.0,45.2012486503511
106.0,106.3419480693396
90.0,105.12236003613835
90.0,87.18024887014619
76.0,85.04983456644999
76.0,71.8763906096876
57.0,69.24258322973046
57.0,46.607873696875664
59.0,55.34970470597896
59.0,56.90494276930666
53.0,61.34691054601985
53.0,58.51616538860975
48.000004,53.423198057338446
48.000004,55.657412288108766
43.0,51.209773867057116
43.0,57.98074047326406
46.0,67.53676528435155
46.0,59.770163598285684
42.0,47.20690968808799
42.0,44.24103493810187
42.0,35.58109382857502
42.0,44.72113655853161
54.0,60.00214230767692
54.0,66.31452300395648
43.0,68.65755981124448
43.0,59.01811229070637
44.0,63.20698996619004
44.0,56.35990506008001
43.0,40.31610660187717
43.0,45.83059090317489
36.0,49.096070081892954
36.0,41.037871774828304
35.0,50.01152458853361
35.0,51.091384602470164
35.0,52.637947168877744
35.0,51.6988417586587
40.0,52.063274446979456
40.0,56.63623012527522
39.0,55.5413331776947
39.0,54.63560173860159
32.0,54.05720090893483
32.0,47.09534486362108
30.0,47.86012368195355
30.0,46.272010582716675
40.0,47.55120065950138
40.0,53.591534611440814
39.0,52.09717965767744
39.0,51.18535922840136
51.0,49.062044027669316
51.0,60.90764131796613
46.0,61.29185275955371
46.0,59.7372171749843
52.0,57.83530671670788
52.0,63.199204791312745
56.0,61.98805745612681
56.0,61.316177966840435
55.0,67.29334244761183
55.0,59.07078074198584
50.0,66.45817726292728
50.0,67.24563678463925
45.0,65.34918032555358
45.0,63.62243405885806
54.0,52.544621267822905
54.0,62.554287128561114
58.0,61.000249159736356
58.0,59.35608584959242
55.0,62.55088316972124
55.0,58.49618035020882
56.0,62.25335681550805
56.0,72.4961417993967
52.0,77.10690236214714
52.0,69.43618681349581
56.0,51.93931987423355
56.0,60.219049780315906
53.0,67.49851848778981
53.0,58.97146614779989
51.0,60.04050599085877
51.0,57.96217628883858
54.0,58.21131143094254
54.0,62.43524730873631
55.0,61.899074870399964
55.0,64.13643748223335
53.0,62.476241079102394
53.0,62.89070776626553
43.0,64.51187632555457
43.0,56.63586074584499
40.0,59.34016099506666
40.0,59.19670346024405
51.0,59.93179878988999
51.0,68.59412265141694
52.0,67.7546220618102
52.0,68.73644499384255
33.0,69.9633436527435
33.0,61.469290181142235
37.0,63.98395341265777
37.0,64.39248802791049
33.0,64.37698733398528
33.0,57.82535804237897
35.0,61.05905632144184
35.0,58.449502468240354
36.0,58.3763212999031
36.0,57.23269498545265
30.0,58.88980788130498
30.0,52.47486971033874
34.0,47.032201736520015
34.0,51.91161990554082
35.0,52.73193343698444
35.0,53.63405413472402
26.0,53.41366191379295
26.0,44.95258219018175
11.0,44.541684314420614
11.0,39.994929695811855
12.000001,47.55465635860294
12.000001,52.50701018538641
16.0,41.04387732615302
16.0,42.41501417908514
27.0,27.00607104639387
27.0,29.14174828948228
47.0,50.23885851128037
47.0,56.40304602317724
58.0,60.85816949911042
58.0,74.34631586499152
52.0,68.9032235573431
52.0,57.75303466629531
52.0,47.15288315358905
52.0,64.75665322312331
51.0,64.2775419400986
51.0,61.34767346043062
52.0,65.42190294659008
52.0,67.1059249289533
41.0,65.93015301302154
41.0,59.06306759338174
43.0,59.37176391724062
43.0,60.45138787000494
36.0,61.61628137680421
36.0,57.63787229322646
28.0,58.39428613885714
28.0,53.05479912266552
23.0,53.54395946259283
23.0,51.23315672336907
22.0,50.18325627118523
22.0,48.05818815708305
42.0,47.638083672081216
42.0,61.19219801932338
42.0,61.47523011151345
42.0,61.38679905250775
22.0,60.925995579048
22.0,49.68528856141292
28.0,48.474515096003614
28.0,59.130341004086745
35.0,56.01262982636033
35.0,54.221840592642806
34.0,57.54315802199368
34.0,55.367358195144554
38.0,57.41440250065751
38.0,62.806473433386
40.0,60.97604536417821
40.0,58.35881517112248
36.0,58.07035400744921
36.0,55.87747182599242
33.0,55.66660010456048
33.0,51.022917298410825
35.0,34.324783872697054
35.0,44.474823086726985
30.0,38.25628391937047
30.0,35.140994213176675
25.0,50.700289602387095
25.0,57.408855124708666
25.0,52.582952373859634
25.0,37.814690502314726
29.0,34.336884829734686
29.0,41.215496617425146
31.0,40.97002954498123
31.0,39.347333302559065
30.0,44.304196085901964
30.0,42.0875882983073
28.0,45.96440448651096
28.0,45.71322615671504
28.0,44.893640229611066
28.0,43.758149796789745
25.0,44.77700816835934
25.0,42.88383008001046
25.0,42.267207177039054
25.0,43.481391523802984
23.0,42.970014046358294
23.0,42.75213875126254
47.0,43.7878760351638
47.0,62.670384805180035
42.0,59.37187951970628
42.0,59.58986930889137
31.0,59.32841740838856
31.0,55.1505867697601
32.0,57.32708868308834
32.0,61.32935958656374
28.0,63.02688014612107
28.0,63.10488132732022
29.0,63.17896544338189
29.0,66.45589364082375
29.0,61.80609650443953
29.0,62.29957467325461
39.0,62.070389304364966
39.0,63.098118055905275
43.0,66.30658464625513
43.0,68.76597342191383
44.0,70.91822565404874
44.0,65.07254098749016
52.0,65.77973010391156
52.0,64.4463668891705
48.000004,68.7678612406949
48.000004,67.61107001871459
40.0,63.143064202515475
40.0,44.820619225194186
41.0,38.86490969096937
41.0,38.90317882045833
41.0,45.30273059373018
41.0,55.98344364363541
45.0,59.41449536370009
45.0,66.22773876078263
41.0,67.82288411175719
41.0,57.70160374039368
43.0,48.34648642699848
43.0,44.540076843223694
40.0,39.894033982820666
40.0,45.95997925163887
49.0,46.591062950193624
49.0,49.90961416887145
49.0,51.24646729891439
49.0,52.97852451179872
48.000004,54.26895329824704
48.000004,54.40976886449879
38.0,55.58855812481351
38.0,49.9849815162944
51.0,50.84876039533563
51.0,62.78016320000135
50.0,63.38110781046573
50.0,64.69853761031592
57.0,64.55195319323417
57.0,70.03569504419984
54.0,67.6755658306521
54.0,64.84197305744675
64.0,67.18192674659666
64.0,72.48787812257127
63.0,71.96656369922056
63.0,73.48025233818966
61.0,73.71937980499206
61.0,71.07082552241242
61.0,69.79363912127248
61.0,65.34822740142285
58.0,71.13214086980534
58.0,64.56511975514141
65.0,72.14225786197805
65.0,78.85989120493649
68.0,78.12142569281563
68.0,74.68530530322685
62.0,64.63683855589807
62.0,63.09239913852585
58.0,58.384584485669464
58.0,59.12485908591694
53.0,65.4340596423732
53.0,76.70546092615011
56.0,60.04160369025688
56.0,52.4846993331175
54.0,52.99392088137203
54.0,76.14120145753837
48.000004,79.74183102016254
48.000004,58.70564820840402
51.0,63.02526118191608
51.0,66.4510300567514
42.0,64.66034052083812
42.0,55.77939281377928
42.0,55.33487794045341
42.0,50.595294822372715
56.0,50.442490490104895
56.0,63.01003444928668
76.0,62.14805777218538
76.0,78.22722708885571
81.0,76.95344690557752
81.0,82.4233925095341
83.0,81.7770138217629
83.0,85.1628914592404
95.0,84.17760377524249
95.0,95.0391574419501
98.0,94.47473310129335
98.0,98.21187916881229
114.0,97.1260387526439
114.0,117.63232362282042
109.0,113.27316801487127
109.0,115.91025533065385
113.0,123.24132625611824
113.0,131.29491959589456
131.0,122.22098890094236
131.0,137.5389245754246
144.0,132.92729073393897
144.0,147.76568173867292
124.0,143.1460928286041
124.0,125.48101538598343
102.0,121.43881634377499
102.0,99.59642225754348
85.0,108.33728842291323
85.0,101.86201140685301
77.0,104.64385055125594
77.0,92.75170125326716
78.0,96.60329336616257
78.0,107.69016050955315
79.0,88.22764058754274
79.0,71.955226958701
74.0,73.99327938093697
74.0,69.95544708820869
68.0,61.79268636293524
68.0,66.00242603283846
57.0,81.26278321577945
57.0,85.35427006813364
48.000004,80.9502062757193
48.000004,61.371550976790346
38.0,59.96371987156562
38.0,46.021162677975965
34.0,42.16889008102863
34.0,42.286981498375894
38.0,41.88326170765262
38.0,44.6636014809238
42.0,48.66052954560138
42.0,49.33902663584412
33.0,47.88588485868087
33.0,44.840229141183876
25.0,51.77378584628667
25.0,46.89057524435264
23.0,46.8772165247882
23.0,45.89556115624765
43.0,47.42777412647241
43.0,60.26374801558131
53.0,63.022974621943675
53.0,69.64657809970777
58.0,76.12461211994008
58.0,88.01726546222417
61.0,72.57361112417463
61.0,60.25402796446954
63.0,54.28132987239164
63.0,60.12893242218248
62.0,49.658685850291334
62.0,63.862669499382605
65.0,78.37381478000208
65.0,89.7341316975344
70.0,84.01769491026653
70.0,95.6980260984072
76.0,89.30433320714216
76.0,86.59495439709934
83.0,89.34959466720977
83.0,91.97711363880312
87.0,86.9283201493022
87.0,95.74778940146241
94.0,88.77543764062743
94.0,83.19370438760731
98.0,73.4563744516897
98.0,95.2976790990817
90.0,95.64408538594243
90.0,71.48037929719024
77.0,81.87656149802342
77.0,66.10668556038746
70.0,78.66082513444054
70.0,72.83464344671367
66.0,80.76162154360102
66.0,92.16767336926524
66.0,79.227825625363
66.0,80.72033069042809
68.0,72.84413634025493
68.0,80.43144236336207
61.0,72.36382967369472
61.0,67.02624384709348
59.0,65.19786047010831
59.0,63.43084689765044
73.0,60.583384399127496
73.0,73.49744819304696
67.0,77.35832546673939
67.0,70.98476142004539
61.0,72.6244374596219
61.0,70.08129230542133
61.0,68.69071027128416
61.0,69.44006917611581
43.0,70.93021149806331
43.0,56.72034858216531
59.0,56.71433522573522
59.0,74.85821571562364
62.0,73.40424862184405
62.0,75.26257685941833
73.0,75.03250131735055
73.0,82.90776839636064
55.0,84.29615518391225
55.0,65.63108102965006
56.0,67.65972604149596
56.0,65.63576367679548
73.0,65.99601540171885
73.0,78.91987629092218
83.0,80.3952289477075
83.0,83.54962830453623
72.0,86.3969241222757
72.0,75.1348315169406
67.0,70.83853679490844
67.0,73.19627430416186
65.0,73.83625813118485
65.0,69.7026568690182
57.0,71.70127239928455
57.0,55.663041121141184
56.0,49.827232174468975
56.0,57.67484076896183
49.0,53.94971806705067
49.0,53.41804541692193
49.0,69.70782715985102
49.0,79.90134313038548
41.0,78.17210977730569
41.0,64.08593138446446
43.0,61.803912508494165
43.0,60.96845431122655
40.0,46.57740899045625
40.0,41.08372577359059
47.0,37.922269185245945
47.0,41.29453995930363
51.0,48.05027792677642
51.0,53.175581172531324
40.0,51.72169717277698
40.0,42.81393046165492
22.0,37.339178594739785
22.0,23.58145383906096
30.0,24.833958904631412
30.0,33.802268472454145
50.0,37.6218202637626
50.0,55.351247139618046
46.0,57.4587317710479
46.0,52.12569154226704
58.0,50.77234919807055
58.0,61.59558943742783
75.0,59.76615823731325
75.0,76.19981422396312
58.0,72.23584230777652
58.0,54.096106952951324
46.0,52.22053612347856
46.0,47.104958830196686
35.0,48.67520953055807
35.0,39.85362645839962
34.0,45.525208928710676
34.0,42.071105912106226
32.0,45.37606149800159
32.0,45.545437776400966
28.0,48.21552983794788
28.0,49.95449636970515
27.0,41.18323816056163
27.0,47.929580775770546
26.0,46.89219277116381
26.0,53.86055900955801
25.0,44.74598762303638
25.0,47.04814145255273
23.0,36.303462444916384
23.0,35.2432696721319
22.0,33.855542383612004
22.0,39.47116020648277
29.0,44.13268838869531
29.0,45.2770083270783
44.0,42.691405952082924
44.0,43.479803134095675
53.0,47.4231561596972
53.0,45.27701489841245
52.0,55.38102466094301
52.0,44.38245700199846
57.0,45.74785750091797
57.0,51.107177938905465
61.0,56.67375996823303
61.0,55.22100306582838
59.0,50.8415652440606
59.0,49.95722955529958
54.0,48.96909315102171
54.0,43.88817464029587
40.0,47.91032662937727
40.0,34.74073911852112
35.0,35.248663191075195
35.0,33.659581848601604
30.0,34.87297782936817
30.0,31.44636219959207
27.0,30.116759183000354
27.0,30.203600061952773
32.0,29.82338714271379
32.0,35.56712412080489
51.0,38.50130969949272
51.0,54.518848495958295
62.0,55.64271496393214
62.0,64.92655639889449
57.0,64.87297767636284
57.0,57.53523288887607
50.0,56.586469084191194
50.0,48.51452856807198
48.000004,53.01321167492162
48.000004,52.96204110752102
40.0,58.92194784981447
40.0,56.056749621748914
37.0,48.09651740160099
37.0,55.96110746585967
31.0,45.98446075975894
31.0,48.40063023864231
38.0,33.82419299159324
38.0,50.04661115942362
48.000004,39.41901009986012
48.000004,51.90438133709314
52.0,52.83172438262813
52.0,52.45234966362332
54.0,53.425302413122786
54.0,51.187481232486604
52.0,51.12957745895804
52.0,41.35390391418672
71.0,44.76206412319742
71.0,54.360864717137964
83.0,62.4982829039027
83.0,67.57208449702244
69.0,72.50140309965661
69.0,52.50401591908714
72.0,51.09999317402812
72.0,54.025291983914514
69.0,49.88099392296811
69.0,45.90183080509515
59.0,48.04772687708207
59.0,37.86030809588748
52.0,38.31880653620036
52.0,34.60501615219905
53.0,34.36704595073556
53.0,34.916387389323624
48.000004,40.081478404988026
48.000004,34.51069135002204
41.0,36.196564460497854
41.0,31.630008286651005
35.0,32.87771337961706
35.0,27.700753590978245
45.0,27.674658604658013
45.0,39.144037779393145
37.0,38.28943928218001
37.0,32.57133284354482
29.0,32.976518719083415
29.0,24.190210036032987
35.0,26.036048590107825
35.0,30.869422342912486
36.0,40.68402193803713
36.0,42.61475895001726
33.0,43.69394524457132
33.0,43.08793762026158
31.0,32.097504058854334
31.0,38.422243648566386
34.0,34.72482149958456
34.0,41.139857331726674
32.0,36.34978050772109
32.0,31.154854392803408
37.0,21.95258627939227
37.0,30.463678570986986
39.0,45.69947901419021
39.0,52.46789857123054
51.0,50.388242221323935
51.0,58.84346459639761
42.0,48.37450115494339
42.0,40.354255267492064
59.0,45.502188863702415
59.0,61.85625067844833
57.0,62.07550124882259
57.0,56.4237117016922
61.0,63.66578675374772
61.0,67.31690291054487
63.0,62.255891491174566
63.0,67.34941780186169
74.0,67.65577073017369
74.0,78.7630031120279
75.0,78.79580687717824
75.0,79.02332155136764
90.0,81.79219023856763
90.0,94.62491000090188
71.0,96.31502256009296
71.0,74.31671859766752
57.0,77.07345552943806
57.0,64.77271951757719
52.0,63.20435110252425
52.0,63.24499272124736
43.0,60.53898650023641
43.0,52.70486929458219
32.0,50.521891399637546
32.0,39.964010470633504
39.0,38.772851181797925
39.0,46.33351808531269
52.0,48.346689454029246
52.0,56.588230660907314
45.0,56.62602881117946
45.0,50.12762732805272
41.0,44.249170746482484
41.0,36.43026292978175
31.0,40.82023839313488
31.0,31.314875786332813
26.0,28.785903750777674
26.0,29.73563847995122
25.0,31.79259602648499
25.0,31.650792810252103
50.0,33.271587686785814
50.0,60.68824042850778
50.0,49.689283551034194
50.0,48.82635283217423
40.0,56.82764483835015
40.0,44.65871882778794
53.0,47.828058766468416
53.0,64.76187469706187
52.0,63.55059935437539
52.0,63.05464049980522
63.0,56.52746898576399
63.0,67.19265079958092
59.0,66.67223718440748
59.0,63.20298388742679
56.0,66.39086155308307
56.0,66.45750512709877
47.0,61.510025440413926
47.0,55.55510300022035
32.0,54.264411518770274
32.0,41.60751875016448
33.0,45.52946680627326
33.0,47.58877150173076
37.0,53.653105264704166
37.0,56.2796056614706
50.0,57.38352405386527
50.0,67.66222908405547
48.000004,64.76295555717182
48.000004,63.664683443917895
67.0,63.090235751585645
67.0,77.32060706204831
55.0,74.93977193524874
55.0,63.53602721833112
64.0,64.23429851624115
64.0,69.71816819933105
73.0,71.78017360011081
73.0,78.73914296911292
72.0,79.28252118234151
72.0,73.61216197962456
67.0,70.23650599623627
67.0,64.58662181910535
57.0,65.12499911031395
57.0,48.94803741975164
45.0,62.99548949965415
45.0,52.5141600773104
37.0,50.46689012024558
37.0,55.205029352054716
50.0,38.215960933110864
50.0,64.9019860403792
53.0,56.06799967530036
53.0,65.06419373295819
41.0,64.33501017208006
41.0,53.98252179960152
39.0,47.50020455879684
39.0,50.83897064649668
49.0,58.86029478106173
49.0,62.498372103667265
45.0,55.963024868248745
45.0,53.00105126000001
45.0,56.12744460449672
45.0,55.002710604988536
54.0,58.255276204210006
54.0,61.8062077144077
34.0,60.239421927226054
34.0,42.02737493893865
51.0,41.28533068572856
51.0,54.3436325645614
59.0,56.50640116839895
59.0,61.14796686807181
55.0,62.485848433840594
55.0,58.569488631884376
57.0,58.3959738816693
57.0,62.97982278609656
55.0,61.66545844680673
55.0,57.59853081144263
54.0,58.295534080645275
54.0,58.72714002674431
54.0,57.61513806514215
54.0,59.3320922584658
59.0,57.60415970668311
59.0,63.761357484577296
59.0,62.650057230456696
59.0,64.08580725762353
60.0,62.65904612517838
60.0,63.430869578656164
61.0,64.14469655557119
61.0,61.08501239618803
61.0,66.24727623567527
61.0,59.530983657331696
53.0,61.92738251602461
53.0,51.05462612787401
39.0,54.37734710434956
39.0,43.83713262739569
32.0,45.932405993443815
32.0,50.36925947287066
24.000002,31.5708950370772
24.000002,31.399848265284838
23.0,17.88757554744134
23.0,16.17379175799032
24.000002,19.316693879153252
24.000002,25.76981858567989
22.0,20.54435538183456
22.0,8.79703192275342
32.0,15.745119062909161
32.0,41.23806037583118
33.0,47.073640863424515
33.0,36.995271061627875
33.0,31.698199067533615
33.0,34.64865400600331
35.0,42.28777455482533
35.0,40.29557888138633
51.0,35.961414136987244
51.0,57.222196459885375
40.0,56.37200980346351
40.0,46.19270255938061
33.0,37.10063119533329
33.0,35.49262042933868
27.0,43.80084978806001
27.0,38.48897875196671
45.0,43.78875229592517
45.0,57.34124152503181
39.0,56.856222555486944
39.0,54.27374703892023
25.0,54.39474372064064
25.0,44.00519975326683
33.0,42.842400828108175
33.0,47.69653414150845
31.0,48.68094366436414
31.0,47.05062540297648
56.0,46.56355669180007
56.0,67.29296339119722
56.0,65.77093578658325
56.0,67.34087689514328
37.0,67.30005170866845
37.0,51.25308323163351
44.0,51.14743000652398
44.0,52.81447348089689
47.0,62.4718995537499
47.0,61.09322130081255
51.0,69.10181606369429
51.0,73.78479616844974
52.0,66.39166510806832
52.0,68.66209217238884
49.0,64.60871373372598
49.0,68.62786352268152
56.0,66.88339036780575
56.0,74.70363266573708
56.0,69.90632593986363
56.0,67.46926290269053
52.0,67.43530782140992
52.0,65.35275187218339
45.0,72.51359213659309
45.0,62.58401332626699
41.0,62.980877697828085
41.0,55.46169043302997
54.0,49.348102109664424
54.0,57.870611457179606
55.0,58.83624815391559
55.0,53.44302079479887
54.0,48.947713055726915
54.0,48.99311653054295
51.0,50.52396292166172
51.0,45.63430104810134
55.0,48.00640719123965
55.0,49.921339546649115
57.0,51.10114730360553
57.0,53.84093644221788
48.000004,53.95628781594528
48.000004,45.371972294141294
52.0,44.872730897119496
52.0,48.689391258170474
41.0,49.05029876831994
41.0,38.14660952909033
31.0,37.23030659444893
31.0,28.039613571517485
45.0,28.89576045314293
45.0,45.24877246435267
45.0,45.017858650354654
45.0,45.87437951250826
50.0,43.26970305435901
50.0,53.36035670652036
53.0,53.103254484750146
53.0,54.33873809831754
61.0,57.33831893358453
61.0,60.937072464242874
54.0,66.88695995037548
54.0,63.36735376343928
51.0,68.22925585399683
51.0,68.82565641392844
48.000004,58.02730458903261
48.000004,61.61852013997545
41.0,50.205864937790686
41.0,47.68178234396848
41.0,47.26674566303542
41.0,56.10683656243863
43.0,62.528893319115994
43.0,68.45292969777363
73.0,62.87662451607044
73.0,76.55038992212819
61.0,73.57389473393056
61.0,67.9147416856565
66.0,72.67200960869147
66.0,70.16300496507988
73.0,67.23983676777615
73.0,69.72828344749146
61.0,64.51021948941434
61.0,57.30875283708735
63.0,57.0403538123582
63.0,61.55176742262704
59.0,58.876608840946204
59.0,48.99468348274246
60.0,50.98703806025862
60.0,52.33344013103625
63.0,56.186788356117425
63.0,60.02248154890519
58.0,61.618877647155266
58.0,55.809587785285935
64.0,54.291523765731135
64.0,61.129433951800216
35.0,59.55629150039327
35.0,29.399675864201107
30.0,29.161685800027904
30.0,23.21781860845382
48.000004,25.419940651774578
48.000004,45.48193626576308
51.0,45.06777215612177
51.0,49.78997526002487
59.0,46.548329496552256
59.0,61.73148317026244
54.0,58.93430000205015
54.0,46.911063054855454
43.0,53.22708570778596
43.0,33.25483991082434
46.0,39.8078442916194
46.0,45.47402629919976
44.0,46.96127723692494
44.0,43.06895824926681
38.0,36.954603338778185
38.0,47.58443839700226
38.0,35.82044538529406
38.0,41.72169848229612
44.0,23.66635308433773
44.0,35.07768749071341
56.0,33.05592983902309
56.0,51.69801943870233
47.0,46.80353920707415
47.0,32.647534070347255
46.0,39.86671153427576
46.0,46.51466710436678
48.000004,45.958050020248265
48.000004,41.86130897204662
52.0,34.092714948020586
52.0,30.66703899686431
54.0,39.31832485478915
54.0,33.97892392153173
54.0,37.78542307903708
54.0,34.075145435411514
43.0,36.77752688369225
43.0,21.843559813455094
42.0,17.937024884905522
42.0,17.717856560559316
35.0,21.00355315754959
35.0,13.513975766971242
51.0,17.663037122645697
51.0,35.11556241552551
30.0,35.22787132749312
30.0,16.04479162318972
33.0,20.438484859048085
33.0,22.72534475966487
27.0,25.751465121314066
27.0,21.065753700052724
20.0,18.56251275288926
20.0,17.416244104118288
26.0,20.679949771361827
26.0,25.140951578903174
25.0,26.912253177045933
25.0,32.82288070711571
23.0,36.600606156037486
23.0,38.67463617630003
32.0,39.5704447599277
32.0,41.52896084795564
37.0,47.46634939610734
37.0,56.147920440329315
52.0,62.959302104830904
52.0,65.96204774524311
55.0,54.52747829858199
55.0,67.15172901242694
48.000004,68.89797489989726
48.000004,56.57636212981349
39.0,42.816468047497175
39.0,41.244906881573336
32.0,33.14215265251742
32.0,28.409012165417447
24.000002,23.949051918078656
24.000002,24.641438316304956
39.0,25.47578478580131
39.0,45.9758488414667
45.0,33.127461489944785
45.0,18.141337778049913
37.0,17.308134047380598
37.0,21.984933962346513
35.0,46.64823504149603
35.0,28.173047424492683
40.0,23.802496878585902
40.0,33.639315192074605
49.0,38.88151746708611
49.0,45.72822339700647
57.0,44.00238380480386
57.0,53.0618545242731
45.0,56.50374321879457
45.0,43.699548673441704
37.0,44.601284253571265
37.0,40.02944519939149
29.0,40.73473611544495
29.0,35.83808083277575
27.0,36.902109642190894
27.0,35.52422399481316
34.0,35.11210468299952
34.0,42.66896600253143
34.0,45.46185938403225
34.0,46.287508122362695
33.0,46.93329692084873
33.0,47.01624384361451
27.0,46.12762382924186
27.0,44.42113528852456
28.0,45.025302392513154
28.0,39.70111056293257
30.0,46.762073768446136
30.0,42.64824899145832
36.0,45.24765062568553
36.0,54.626588397500484
37.0,52.67919406237898
37.0,52.4790909962504
37.0,42.18345394846474
37.0,43.70655387694369
39.0,27.139851664431454
39.0,42.738139864441685
38.0,37.39099107693398
38.0,41.65632372241954
44.0,36.25895949051932
44.0,51.189429808791985
55.0,30.80706195245948
55.0,41.77767090621567
50.0,46.89084367709596
50.0,43.84761278281752
52.0,52.385017820669034
52.0,49.68202174238654
45.0,48.87102166671906
45.0,36.644298695471974
56.0,43.10316508785025
56.0,38.591027549759715
42.0,38.737157503679505
42.0,16.81876334652285
31.0,18.150954633805643
31.0,2.1575115823603817
36.0,1.0838652793764947
36.0,8.933943756964918
35.0,11.605436284109219
35.0,11.432347892841786
38.0,14.804692909621188
38.0,22.625652427038972
38.0,22.77957679977323
38.0,26.129788475043284
38.0,30.48449887440962
38.0,30.076035199266858
44.0,32.44555176152034
44.0,37.176331777967754
40.0,37.08594422582009
40.0,34.233320297903376
35.0,34.96902410873198
35.0,32.12009769527402
40.0,31.403343220664144
40.0,42.29821182150344
37.0,39.60506772782071
37.0,32.28439776079424
39.0,37.94401389444511
39.0,34.92793910712504
40.0,41.21201462065898
40.0,41.8640906017521
33.0,41.855870518664176
33.0,38.35488341562871
29.0,31.942805536547304
29.0,34.013047754131755
33.0,15.347931712083989
33.0,41.80327306682115
29.0,42.80942124221787
29.0,35.19442604197262
25.0,23.40083463762733
25.0,31.219135904957774
25.0,21.759043849428686
25.0,7.274732912668026
23.0,15.236522512559283
23.0,15.36801072806971
28.0,13.122646276934939
28.0,23.571891585500985
30.0,23.257650489170192
30.0,36.988459454573324
38.0,27.13034491089919
38.0,25.43306456705929
35.0,32.26892282228501
35.0,29.062006768430475
28.0,33.712341149884715
28.0,18.92703988409811
37.0,21.796741661646294
37.0,28.84444375218016
31.0,30.056867581748293
31.0,24.65140860589594
51.0,26.578294584372514
51.0,47.88898634908356
44.0,45.2133888820926
44.0,40.769378501393795
47.0,40.88797129323527
47.0,42.58189283723895
46.0,44.62958939493393
46.0,43.357991677050755
46.0,45.59234147356763
46.0,46.557733318402654
42.0,47.05096916352416
42.0,46.78546175263534
46.0,42.34918825887046
46.0,48.88113527711277
38.0,51.30367067012498
38.0,41.18078243478234
29.0,46.191177333261024
29.0,35.94084602414919
35.0,40.89828827127969
35.0,49.27984002198876
38.0,50.98656359636787
38.0,59.997619338976115
40.0,51.27806417789767
40.0,53.790587274387555
28.0,37.53145134412692
28.0,29.68959322843308
58.0,28.20995807829766
58.0,64.16332032262896
60.0,61.96527176980775
60.0,61.646041761401285
60.0,49.59012393462912
60.0,35.63823363186696
62.0,46.67379301315472
62.0,66.45850722285155
44.0,65.58441223880172
44.0,43.695428681784364
35.0,41.42934171384769
35.0,36.33092943127648
42.0,35.31118881350132
42.0,38.718896219888144
42.0,41.7395984146775
42.0,39.9301865169765
54.0,43.29774821533708
54.0,54.229278522079845
45.0,54.46375792725982
45.0,45.361994837075294
49.0,46.1146039573842
49.0,47.73582722601996
41.0,48.903048120454685
41.0,42.19773332399813
41.0,41.74957255514759
41.0,42.38813119362256
31.0,43.52426136046575
31.0,36.199229338966454
28.0,35.32641656941595
28.0,31.72427683218341
30.0,33.21153921335428
30.0,36.870373527123924
36.0,36.871279670735674
36.0,41.41012986076086
39.0,41.496574462873276
39.0,47.73811250948288
44.0,45.86921045241278
44.0,48.21117683776255
43.0,49.394526220994905
43.0,51.012357718245525
53.0,55.09530587031065
53.0,46.556435840861035
27.0,45.22256851386771
27.0,21.615438020616093
34.0,17.307144965805694
34.0,49.75052173253967
38.0,38.19240832345197
38.0,25.997629640462097
38.0,16.762309954540463
38.0,34.48434353500616
33.0,52.81001090060493
33.0,45.144289696638495
31.0,39.40441224041117
31.0,29.068081685940708
24.000002,24.82015279204409
24.000002,12.011420691458751
22.0,11.694884701118111
22.0,29.58249021332024
46.0,29.949563387314992
46.0,58.56000863640341
33.0,47.217996098822304
33.0,35.898216745694164
27.0,37.27149848551505
27.0,33.12818626680036
30.0,38.647909177882966
30.0,34.52020539235879
32.0,32.789715084006936
32.0,32.75667408198246
28.0,38.68826932735311
28.0,38.6045646798045
31.0,39.526188963438415
31.0,41.19301210156539
30.0,40.61366612095539
30.0,39.99338220550619
28.0,38.21664679797789
28.0,37.965751699191706
26.0,39.76768114205106
26.0,35.012834973392735
28.0,38.781513572972514
28.0,39.93018245400665
24.000002,38.92319784378542
24.000002,40.0610553036469
41.0,38.54575682770888
41.0,58.734251103028534
37.0,53.13717305552792
37.0,47.093861210948894
27.0,52.4424967454293
27.0,36.976239707869
18.0,42.13202060907503
18.0,34.53972865571917
17.0,39.08966927726293
17.0,45.76169340143226
17.0,36.07121679242574
17.0,42.89520722677963
21.0,17.48912204642365
21.0,25.284557976178906
21.0,21.98256706368605
21.0,36.153163915884214
23.0,24.2333625437446
23.0,16.89915352691941
28.0,11.044556237248965
28.0,8.122088026236378
35.0,26.36533886576687
35.0,33.64820791454439
48.000004,27.57549932483177
48.000004,43.14395899354094
51.0,41.70111958723867
51.0,35.775250557947075
40.0,42.65366734269241
40.0,29.95341976784613
43.0,32.60347066784752
43.0,35.63579606023299
42.0,43.49600228128373
42.0,40.39176540145888
40.0,37.22733937541736
40.0,36.13478930096958
30.0,35.88070975259722
30.0,27.628314197198616
23.0,29.023690424051324
23.0,23.79284756059497
57.0,26.249032354487543
57.0,57.169174334179
29.0,56.166770053907484
29.0,32.63533982086337
45.0,32.54480490398501
45.0,44.49236208574392
45.0,45.989111589631
45.0,47.28310148581188
20.0,47.863259194725615
20.0,25.432996973521035
28.0,24.925771559897267
28.0,41.763184739290296
26.0,37.255650479623824
26.0,27.97172164715088
28.0,33.02792220263427
28.0,30.58758346308959
24.000002,36.94859018075136
24.000002,36.796146076013756
27.0,32.86882452966998
27.0,37.171982976501305
30.0,32.79890250692241
30.0,42.66372898816789
40.0,27.995572047122877
40.0,47.78500703462521
45.0,44.42702026534189
45.0,48.240644625289974
45.0,40.128242837254284
45.0,38.08817756430599
55.0,33.91368154021376
55.0,45.29333771143153
57.0,63.10513892556978
57.0,73.437568358558
56.0,68.18936110996407
56.0,56.76304726366182
58.0,51.489434828472994
58.0,50.61129920009538
56.0,54.631555857967406
56.0,44.62925596043852
54.0,50.319647551023
54.0,43.950437195219806
51.0,47.60063109512932
51.0,43.586953682011284
35.0,42.70629513941278
35.0,27.018266003865218
30.0,32.43262566451343
30.0,27.238504723912254
40.0,30.86501798125091
40.0,41.40328113058978
39.0,40.4059874945233
39.0,42.88869422546954
34.0,40.802250709593245
34.0,36.23573559010572
31.0,34.87286676218993
31.0,30.16517697835125
30.0,30.90562730913429
30.0,31.259793566324472
38.0,31.68262715488147
38.0,40.664557973830085
44.0,39.22745404776974
44.0,52.893781086789154
36.0,46.80299966334795
36.0,32.091176926340395
28.0,43.248273371216776
28.0,34.05580813872328
27.0,43.323667065570056
27.0,43.92736847503755
26.0,40.99967451509307
26.0,41.26796845045208
28.0,35.61573534525588
28.0,53.418182967714365
33.0,39.8724310976913
33.0,47.65894342938784
50.0,21.39999934216546
50.0,41.166737993142206
55.0,40.27040276375939
55.0,44.0003692622004
66.0,50.62235153552395
66.0,73.22388546455618
59.0,65.45922176869973
59.0,45.65555901265086
58.0,51.185691697009965
58.0,60.91502963164769
59.0,64.12129466044574
59.0,58.64329610410419
55.0,59.48401693229178
55.0,47.5978995942347
50.0,48.68256164832911
50.0,43.14699877917096
42.0,46.272498650751416
42.0,32.150176662559645
48.000004,31.98180022796618
48.000004,35.26438394168379
40.0,35.41698107858467
40.0,28.719413316215903
49.0,29.215126727534734
49.0,39.848164314963114
56.0,38.97865244268191
56.0,49.40235172287749
30.0,48.00882637545179
30.0,24.240444725890814
23.0,26.898745373539793
23.0,19.700359090954628
30.0,24.55262202799308
30.0,28.863130070609987
32.0,33.02245572239815
32.0,38.0912570022424
49.0,36.883975825624354
49.0,60.87236856134147
20.0,54.55060806522163
20.0,24.22180936255069
25.0,35.33733430728002
25.0,32.23784349263704
27.0,40.04775125576405
27.0,43.579021130408854
24.000002,42.898686522797874
24.000002,39.909662250747914
22.0,31.599904633008656
22.0,38.55686049362458
30.0,16.009900395991384
30.0,33.78789196989165
35.0,14.06099311619035
35.0,12.510410293679358
38.0,23.73220316368788
38.0,27.29553579745309
57.0,23.196427049906692
57.0,54.38496233957714
62.0,47.77979818335351
62.0,34.633349377663386
56.0,48.62694077281098
56.0,47.67650833947547
52.0,48.706158018949495
52.0,45.35414367755649
53.0,53.25205304177295
53.0,47.25586002504536
48.000004,48.78823873878073
48.000004,42.172773445518246
43.0,44.745699116848826
43.0,36.99225256115812
40.0,36.99961753411524
40.0,32.612309846024026
37.0,33.23525386074483
37.0,31.96376531014164
45.0,32.117329918629366
45.0,40.742740947626814
41.0,39.4924339029182
41.0,36.95111634718303
41.0,37.4261120722809
41.0,37.59938784767965
37.0,37.872393560870286
37.0,32.84924505568568
41.0,34.888204866761306
41.0,37.502645103281324
40.0,38.518802356133435
40.0,40.28275304362644
45.0,36.93755873009419
45.0,51.02484831284208
45.0,48.16586348645527
45.0,42.00812003972481
44.0,49.988358929223715
44.0,42.59737021987872
50.0,48.7381122666838
50.0,49.39470585080726
46.0,46.365045909089595
46.0,55.65052660038713
44.0,45.65225065734559
44.0,39.50856804366926
47.0,10.430117146419096
47.0,26.445828280705467
66.0,39.33691342125565
66.0,50.524383499770735
63.0,27.997907047110075
63.0,36.60736933538047
64.0,44.58513602313738
64.0,49.10460180181007
65.0,63.79315490101989
65.0,66.68666638489981
51.0,67.94506208194693
51.0,46.90975986303741
57.0,51.64091289897507
57.0,47.979780598652134
44.0,50.93032645418055
44.0,33.62125168165272
32.0,33.90615734578688
32.0,21.14290300393259
35.0,23.40991032747392
35.0,19.635073217679405
30.0,18.303872240404708
30.0,12.495964070356678
35.0,16.644732193385334
35.0,25.092300664438604
32.0,28.155819080554036
32.0,27.22885175683442
30.0,27.266919377054336
30.0,27.852836952832657
34.0,30.186199478661745
34.0,35.198641302480155
31.0,36.80153016721279
31.0,33.45604026060823
30.0,35.50903901952236
30.0,36.55931474861215
34.0,37.69806043269241
34.0,39.222560795791786
40.0,38.447142746961966
40.0,48.88424659076887
34.0,47.42496244288781
34.0,40.414125549369345
30.0,40.3137516355014
30.0,29.59856552745232
30.0,35.119287902973284
30.0,35.61277886998761
35.0,36.82534165735368
35.0,45.96056267990738
38.0,33.670971121864824
38.0,41.45300920721764
53.0,24.73041893848703
53.0,51.98966169483036
59.0,44.656572902428664
59.0,54.4052544485396
59.0,39.602963135505
59.0,36.349944890141764
63.0,33.103675714594196
63.0,43.21728230148495
73.0,51.46419675899539
73.0,71.77181657666009
76.0,65.81161928560536
76.0,59.652699688339354
68.0,65.73947116519633
68.0,52.01461361634929
53.0,59.94235390072646
53.0,41.10557314650359
42.0,42.541943415995036
42.0,28.171112859463932
37.0,34.455793040514806
37.0,25.802860972823805
23.0,27.998371511253577
23.0,16.331190808775414
24.000002,16.60967509507641
24.000002,20.061011276926674
28.0,22.125089942113377
28.0,23.92579193269902
31.0,24.40176399105496
31.0,28.367959962187257
28.0,30.16393072024998
28.0,29.385835717991867
22.0,29.855040281028902
22.0,23.17183474548463
21.0,24.52154756779464
21.0,26.650868117008056
48.000004,26.67389890765344
48.000004,50.12975782645475
45.0,49.7749835196972
45.0,51.62900931787203
39.0,52.23875832682915
39.0,42.59721385515778
52.0,46.02350399773717
52.0,51.73650467197754
45.0,58.05123160661631
45.0,50.945873126129186
35.0,54.42977364700411
35.0,49.326652073255644
30.0,38.213659283380466
30.0,43.1886634973006
40.0,30.772521315812696
40.0,51.22425749264963
57.0,52.07832894545434
57.0,70.10881057425348
63.0,61.72060726046783
63.0,59.43351905827646
71.0,49.797008906905845
71.0,59.510136564393534
72.0,69.92570411442156
72.0,69.56951223180924
75.0,74.54470842480166
75.0,86.29170888373848
74.0,82.73141959449046
74.0,72.15245052693435
68.0,76.37716804038179
68.0,61.231268061645956
58.0,65.8251339085463
58.0,50.57755870304813
55.0,54.19028321534136
55.0,46.84190461657143
52.0,45.96021555856698
52.0,42.71685063075159
38.0,43.03042092960329
38.0,30.848227459832255
53.0,33.19503193131727
53.0,48.688983286969815
35.0,47.13177743372482
35.0,31.770355613516426
30.0,31.92919511116954
30.0,28.030141869768784
44.0,32.0650766042143
44.0,43.999040403515096
37.0,45.99145095292618
37.0,42.62005003709927
31.0,41.523909678757725
31.0,39.81178299412694
47.0,36.47586538859101
47.0,52.97682804555398
40.0,53.7471228153717
40.0,40.64886521813347
45.0,51.366164360827995
45.0,52.798072500381444
37.0,49.59015873724778
37.0,46.578680848230015
29.0,43.69202065419653
29.0,37.07781773456023
27.0,29.957553695685288
27.0,32.84508205992994
26.0,16.917386527397156
26.0,32.12937627071487
46.0,31.787565375459472
46.0,58.119464270562695
62.0,48.72423818527104
62.0,58.66905327528298
70.0,44.294237151645696
70.0,51.03714339746713
91.0,65.776740411182
91.0,93.71802577651725
96.00001,102.07695896785219
96.00001,100.39220908012162
88.0,99.4099284204315
88.0,85.23782846913618
64.0,87.22164089268826
64.0,58.37664585529953
59.0,59.80557553764888
59.0,48.92859965821431
60.0,55.42168998124182
60.0,54.916414977391696
40.0,53.977928723701716
40.0,34.72836919817342
37.0,37.92966611779965
37.0,35.82979326227273
31.0,40.395549778752624
31.0,33.60218801220985
28.0,35.84792616132728
28.0,34.178184813796406
24.000002,35.81685413106499
24.000002,34.80573140059828
25.0,35.81093335154402
25.0,36.60308217160078
25.0,35.3566849192112
25.0,37.678797263531
35.0,37.42055931979587
35.0,45.4286766910166
38.0,45.36417064795816
38.0,49.203646159595316
40.0,49.08052109653873
40.0,47.22742942413918
37.0,50.659673160107566
37.0,45.268837084748625
31.0,44.54235768483696
31.0,40.80279007214867
30.0,41.14897057408411
30.0,42.0681452415538
28.0,29.886525612973713
28.0,38.95158898052774
26.0,32.761917394240946
26.0,37.69274735884532
38.0,30.26190561057288
38.0,49.65923777690847
48.000004,33.267941072562124
48.000004,48.611203554902175
58.0,47.04068797198151
58.0,53.6655199621993
64.0,60.12481490705287
64.0,64.96740473161017
70.0,67.2437628555449
70.0,72.5590702623137
54.0,75.50614010232158
54.0,48.43423802979158
43.0,56.00150226460117
43.0,39.75585163931237
34.0,46.74429323803961
34.0,33.82956089621977
27.0,37.8743231158259
27.0,27.33408711642498
40.0,27.289740264464072
40.0,38.183056685833186
39.0,39.58096097276586
39.0,39.58068479605867
38.0,42.529693928565926
38.0,41.509985354580984
31.0,43.11968416640985
31.0,39.080947522777386
28.0,37.63669341900904
28.0,33.761250568831656
28.0,33.232820846233906
28.0,32.25256100671232
33.0,33.992396166929154
33.0,40.32817385599784
43.0,40.18368398355216
43.0,50.613637081772836
43.0,47.512002119889004
43.0,50.27008106584619
38.0,50.08320322924595
38.0,42.03664683105018
33.0,46.04295709153118
33.0,39.76441631984681
33.0,41.4478925170707
33.0,41.658697087518746
33.0,40.193684468149485
33.0,42.97648472350973
40.0,33.92086878475642
40.0,49.21386884076372
43.0,41.349577337583185
43.0,47.746907206395974
53.0,43.05390662190285
53.0,61.035542932103574
50.0,59.0818714134093
50.0,54.81548740936343
44.0,44.76832252366121
44.0,40.50862277709733
51.0,38.03787884104959
51.0,52.07311272965733
58.0,56.92179317499822
58.0,62.436238235205806
56.0,68.94540604012609
56.0,56.61660435578378
55.0,62.06270064888604
55.0,58.182304882949865
52.0,61.838593654260144
52.0,54.11204995703655
40.0,56.73607274410635
40.0,45.51996557400031
47.0,44.46386374214701
47.0,51.481240953143796
51.0,53.512631355464755
51.0,55.34131857489651
44.0,58.18675804656627
44.0,53.15839004775923
54.0,53.556356716408274
54.0,62.80203207279231
55.0,62.31109949165466
55.0,60.409190279168634
45.0,59.1522738000578
45.0,53.087570444724825
35.0,52.993703904649244
35.0,48.74388083942101
32.0,48.18209241481718
32.0,46.61502894776186
37.0,42.289660855308824
37.0,46.10015737543007
48.000004,49.93988446960224
48.000004,55.65428313216034
45.0,56.567774888402596
45.0,51.327437539923835
54.0,53.53205771866468
54.0,61.30557056839202
54.0,65.6050257446478
54.0,69.06475165073267
60.0,65.12308690386396
60.0,74.78767874388161
64.0,68.63318815898607
64.0,75.78237898886262
59.0,64.28713892764729
59.0,66.17354298447286
53.0,66.2531239319227
53.0,63.42832514832881
50.0,59.422832434841716
50.0,59.49091082246068
38.0,48.03342532525119
38.0,39.758798565461596
38.0,45.18755171860418
38.0,52.55255268962825
31.0,54.82044276079442
31.0,50.83334792872615
26.0,49.25176166014183
26.0,42.498327522350785
42.0,45.20404823625485
42.0,53.3217154882251
40.0,60.244085066182244
40.0,56.775899715323334
26.0,57.2252701902847
26.0,49.5713121805582
28.0,47.225493339501476
28.0,48.98161884368694
41.0,49.37571930939026
41.0,55.99681926172013
31.0,57.682749898648986
31.0,52.43944888918793
28.0,53.01444564318268
28.0,53.36766354403677
24.000002,53.099282800423865
24.000002,50.68500982141275
35.0,50.03569938119988
35.0,55.95205556145843
32.0,57.07670751005356
32.0,54.63918461758871
43.0,54.37411836180883
43.0,61.401851647785136
51.0,60.060485649481976
51.0,63.70383106551962
46.0,64.00956293996398
46.0,59.494253012787226
54.0,58.809620622846396
54.0,71.29031625758385
52.0,70.60222589110468
52.0,71.26358455341872
45.0,69.45000168026235
45.0,67.85470458850345
48.000004,62.95312113089672
48.000004,71.43966630835739
38.0,55.567659324424774
38.0,56.09593027685979
55.0,44.631716643029414
55.0,63.2843754820391
33.0,64.88642239087199
33.0,62.82743220679212
53.0,54.31195509698935
53.0,67.78613329667198
55.0,70.88200194866903
55.0,77.41384576851114
52.0,76.12085645880441
52.0,67.70901026817144
59.0,68.95730415889382
59.0,70.25167145364476
58.0,69.00811519649423
58.0,72.145155481097
55.0,70.74606700365874
55.0,66.11709660623018
50.0,63.71934197737768
50.0,61.2066359999721
50.0,62.10642907125145
50.0,63.579914527135216
59.0,67.04075433894432
59.0,72.55824045199564
42.0,73.06317273012831
42.0,62.85511801721178
55.0,64.11367999524286
55.0,73.39606561898395
61.0,71.54025860094474
61.0,77.10169652321474
62.0,76.75925230853585
62.0,80.55739952595987
56.0,81.9304533577187
56.0,78.41941527025185
57.0,74.90786253835115
57.0,76.01358553536794
54.0,75.59211955890926
54.0,64.5587406183048
47.0,69.74828693739828
47.0,63.12810164794657
42.0,64.22164255406378
42.0,56.22363892218198
48.000004,62.74808397635392
48.000004,73.84430724307992
51.0,65.40498706427336
51.0,71.41284552682092
36.0,61.11025183664208
36.0,53.31450454438215
39.0,50.27369359378816
39.0,62.65779142259554
36.0,58.218245557946425
36.0,59.72799905254393
47.0,56.5243676863317
47.0,56.45514602769783
44.0,54.24830017310748
44.0,48.653518682587425
52.0,49.321721659895694
52.0,50.12882457554617
67.0,58.147511550834146
67.0,76.53071585817807
60.0,73.4556437981564
60.0,69.99232325517933
64.0,64.92992399893342
64.0,64.37866733567637
58.0,67.36085247000658
58.0,64.5155315560489
56.0,65.40825809550313
56.0,64.54501025201773
68.0,68.29759629749829
68.0,76.58243815751132
63.0,77.83872268086628
63.0,73.11682541495625
64.0,73.76941231562641
64.0,75.29614257549605
62.0,75.28459735574897
62.0,74.19834699728246
60.0,73.23040805617977
60.0,71.50176577461919
47.0,69.6549206040134
47.0,63.38528519653581
54.0,62.689609399045025
54.0,67.7865390908998
51.0,67.32979507464843
51.0,63.80769229300417
46.0,64.43745505754413
46.0,58.620010952157664
54.0,60.536285522068724
54.0,65.66273169986026
49.0,63.16482938025037
49.0,55.51154142161759
43.0,57.94814097150156
43.0,57.27905676208675
40.0,48.48005005083718
40.0,58.71304709060383
37.0,53.33200727318236
37.0,60.14676361498928
33.0,49.28304194363616
33.0,55.03066071159913
37.0,46.979090862701796
37.0,52.67402484660402
50.0,45.18820954756682
50.0,42.35420651533439
59.0,34.87264255836267
59.0,39.99823836623455
61.0,49.860845924650306
61.0,67.45620447236877
57.0,64.7440452156618
57.0,73.83171435930969
53.0,65.66767849592408
53.0,55.364397920686656
43.0,45.98440381613511
43.0,37.381203448777114
40.0,43.32660208498711
40.0,45.22475826319379
37.0,52.08131926536386
37.0,52.57598433039907
52.0,57.41674606530857
52.0,66.60906694220999
53.0,68.92410085899238
53.0,70.54775461812369
53.0,70.27469040044485
53.0,70.40000044113181
48.000004,70.03722871651884
48.000004,66.49920310193463
40.0,66.38943867687478
40.0,61.10201944970759
52.0,59.81497828923564
52.0,69.64256244527226
48.000004,68.16669661317046
48.000004,63.20690307372359
40.0,61.722042898753344
40.0,56.11363463317301
33.0,55.46961314308064
33.0,51.34233899024357
37.0,51.80817096938795
37.0,54.06058298900969
35.0,53.875874392464354
35.0,52.993138194117
26.0,57.75522290092159
26.0,54.01967252457903
25.0,49.722960101206354
25.0,54.517275000435916
27.0,49.10276921685486
27.0,53.27099765160351
28.0,48.39075104639832
28.0,47.7182123291513
39.0,45.546991107729966
39.0,48.78206260377695
44.0,46.27444674660839
44.0,55.61474169313627
52.0,61.7698685073666
52.0,78.8390023923529
55.0,72.23330664952474
55.0,68.48858598666733
73.0,66.03912667786906
73.0,72.35379282631934
73.0,81.04167370418722
73.0,66.20648859911515
66.0,76.1582061370285
66.0,74.88727770775925
66.0,72.62563747730145
66.0,74.78061455945188
59.0,72.57301252972044
59.0,64.69656082948295
54.0,66.4549016560444
54.0,61.933250250774336
43.0,62.92811226567267
43.0,53.86258864931355
44.0,54.11657343352853
44.0,54.26240526748889
35.0,56.50217893035666
35.0,50.78838019109197
30.0,50.938890060038354
30.0,49.889646205189365
27.0,52.43618571374038
27.0,50.85750909637848
43.0,52.53296969224274
43.0,64.79663792485383
44.0,66.27494884517489
44.0,68.18962399529757
39.0,66.48981459723015
39.0,63.4761090344167
30.0,59.61510131722824
30.0,56.613047242706
23.0,55.23597771144181
23.0,44.9721945260786
53.0,48.12790125620852
53.0,72.25018742090799
48.000004,68.908763961404
48.000004,59.77820461875459
51.0,55.25309277106413
51.0,67.28463749094365
48.000004,63.0091436284992
48.000004,71.22193192948731
43.0,66.64925393805989
43.0,69.61435620808119
58.0,68.79685074333716
58.0,84.23160543422182
63.0,84.06224348773486
63.0,87.16172458686077
70.0,86.07854950565044
70.0,85.43215733125766
92.0,84.53413182880765
92.0,99.9852087190853
113.0,106.11889020648395
113.0,113.62868664867234
143.0,119.4399865507132
143.0,148.65625810028592
151.0,142.10687239552263
151.0,153.53566388680403
130.0,141.5526830351184
130.0,121.08698454478682
146.0,123.409210479869
146.0,144.10575952836678
151.0,146.7785834541436
151.0,148.05405395836672
156.0,150.04444725926405
156.0,158.42781892879907
158.0,157.58791140866214
158.0,162.1528570926824
151.0,160.05850486064705
151.0,158.85006291365823
121.0,152.69868727861243
121.0,123.43426740328293
136.0,123.94506935953578
136.0,139.440694957113
122.0,146.43822576020295
122.0,118.83991200142759
95.0,118.34065958792742
95.0,84.80366375563781
83.0,85.7805517422982
83.0,80.16071279956948
65.0,82.23493449907866
65.0,62.635700375101806
55.0,69.05818198561312
55.0,67.84618996002189
48.000004,56.4143059142162
48.000004,68.28895959896352
45.0,54.29195832305363
45.0,67.5275446228264
45.0,55.59484317077467
45.0,64.80721178685128
57.0,50.987276464802406
57.0,67.8726110551084
58.0,76.40762802923015
58.0,54.41252779721204
63.0,44.04098633564355
63.0,56.34749816559166
57.0,43.46368249907162
57.0,55.571710277139736
50.0,68.62146690808547
50.0,63.166963248444446
50.0,59.09765716117548
50.0,62.27622283754716
43.0,67.92186407515035
43.0,58.7404551116647
54.0,65.05434812782204
54.0,69.9206433490463
56.0,69.06070872254122
56.0,71.22660269157616
51.0,71.87692030259305
51.0,69.37339553942793
59.0,70.54241649984893
59.0,76.36273215276942
61.0,76.16072605730292
61.0,77.23207663248922
58.0,77.30930555492412
58.0,76.00441872492294
62.0,76.38292731759162
62.0,81.05992423148294
75.0,80.87266714657174
75.0,89.55785409029485
83.0,91.23528131452872
83.0,95.38266257573467
85.0,95.4853142353919
85.0,98.07250358973751
99.0,95.40852828113168
99.0,98.61380489066406
95.0,99.30814280112698
95.0,91.29975121066836
78.0,86.03857776121211
78.0,76.96663325160957
77.0,87.28115653644828
77.0,108.74351912771922
81.0,101.97420629877183
81.0,127.01936373873575
83.0,92.3760083370344
83.0,106.01815938458863
77.0,86.55830106440418
77.0,84.20567873283699
92.0,73.59793895900538
92.0,89.04481380617912
100.0,89.45973541248259
100.0,78.17484448364783
81.0,86.98731601082984
81.0,82.89170510161043
80.0,75.35477296444726
80.0,81.81979946160669
72.0,76.64540332127272
72.0,77.58638215488465
53.0,77.8320274194154
53.0,58.85767752100837
52.0,62.06255930387573
52.0,58.93590206181638
32.0,57.45571479429268
32.0,44.647190132120734
33.0,44.909677981377094
33.0,23.430030086933026
31.0,47.25106915904559
31.0,55.54798414068366
32.0,52.97196009005322
32.0,58.530815197939276
30.0,56.51890733434337
30.0,64.67272899084578
28.0,65.61528496131012
28.0,61.061508528108654
24.000002,70.01412763301443
24.000002,68.59412474757886
53.0,67.98854831320159
53.0,81.93494892149992
58.0,80.41725087578655
58.0,75.92422697282886
60.0,84.45526807575543
60.0,84.90611929378552
52.0,85.12762104569741
52.0,77.58151031684586
56.0,82.31212052594782
56.0,85.60114638228694
58.0,64.70399079976934
58.0,72.25477620398401
45.0,68.69034920837345
45.0,61.8315800258702
35.0,52.91987199053051
35.0,63.66510447472285
43.0,49.034190033117504
43.0,75.31821204150052
42.0,65.09515671017066
42.0,67.67107078371194
46.0,58.18477990656135
46.0,62.09941306701379
52.0,60.21435558321668
52.0,64.00655905226446
59.0,66.4120710157134
59.0,61.9911708732991
64.0,63.726414787984176
64.0,64.91648399765614
60.0,77.8734877793464
60.0,62.66147355261154
61.0,64.92974215629273
61.0,66.07205567616192
60.0,69.78081330947576
60.0,63.660299721709585
55.0,69.27536562560888
55.0,65.4030709157004
58.0,61.65278394235588
58.0,71.44778272925642
30.0,74.16007760667014
30.0,53.4023849980584
48.000004,54.7194798092753
48.000004,60.93210374597944
41.0,67.70012600232224
41.0,69.90593806954386
31.0,72.06550129686082
31.0,64.81467074078492
34.0,60.055696247075126
34.0,67.03220688625682
59.0,65.05984993822662
59.0,68.4353885971493
54.0,75.40372395341396
54.0,77.58485126943897
69.0,79.3655778022539
69.0,82.62013998465567
64.0,81.70853936814235
64.0,78.3451006640786
60.0,78.2896792706658
60.0,71.85823716416218
60.0,73.68984039915321
60.0,73.05060370235233
58.0,71.93649798865168
58.0,72.78921226494697
67.0,71.34673973825399
67.0,79.08242037787439
72.0,76.46162202993517
72.0,84.83695495132335
64.0,82.36060611028624
64.0,73.91236800033964
56.0,67.16589484637723
56.0,71.71546161833783
55.0,67.23250239213623
55.0,63.831028362438566
59.0,65.26433367580084
59.0,69.81771965127633
62.0,71.74653912531551
62.0,60.50137166908696
55.0,70.72177467070692
55.0,62.7463757641581
46.0,63.48406671618227
46.0,54.523814316993466
48.000004,60.891375400442286
48.000004,56.29257849978709
43.0,58.11555491209162
43.0,56.39416473740213
51.0,55.072079839923425
51.0,61.62148261828058
44.0,66.16991103411975
44.0,63.95046315618505
40.0,64.25139695934514
40.0,64.30208747261314
61.0,65.05959386549108
61.0,76.44143768420527
63.0,76.90427576301366
63.0,77.46246228757552
72.0,78.05928788565201
72.0,83.20506226324409
68.0,81.8955654193769
68.0,80.54519120187227
83.0,80.62003098104724
83.0,86.1967625801786
85.0,85.95274794623585
85.0,86.9749880172496
82.0,85.47246795488509
82.0,84.57739450175141
73.0,83.28775301337146
73.0,81.46312541690875
74.0,80.44414754482935
74.0,78.5629693281124
66.0,81.9833257627012
66.0,78.59634501940566
61.0,76.98260540543242
61.0,73.16267889094368
59.0,68.79051605088789
59.0,71.12103819060691
70.0,63.057516971780416
70.0,76.9364053260168
61.0,68.54534669430419
61.0,59.06948895880119
72.0,54.41312187894415
72.0,78.68584497954114
60.0,83.26461250929087
60.0,79.24457051919437
71.0,74.85804096717861
71.0,85.59551357656828
80.0,79.88478223588214
80.0,85.22875642571239
86.0,89.29983095781192
86.0,88.79437830986807
82.0,88.63327884898156
82.0,84.01272146037945
77.0,82.66550662244659
77.0,77.5520539935953
58.0,79.48511063490686
30.0,70.29227883996357
46.0,54.748037794375236
40.0,68.46631025106232
28.0,64.4438414428644
24.000002,56.979254711988084
37.0,54.19146478852627
31.0,70.2144131228828
47.0,71.79821147268024
44.0,65.85454336144232
52.0,62.21603994900166
41.0,68.54837275426674
37.0,57.573751524609925
35.0,64.75822510298904
24.000002,57.4679990040055
22.0,52.54013783941114
40.0,68.21863547987661
37.0,66.58404735236354
35.0,61.57528131842454
30.0,46.40811881615933
54.0,55.04060677802036
47.0,70.37682642702431
36.0,65.22132032913697
51.0,57.082758184848785
28.0,54.50274671669957
45.0,47.6239612666694
43.0,63.89455821978617
47.0,65.5326055030263
42.0,68.55052996148483
57.0,69.8805854469583
31.0,69.28350367538846
52.0,48.98328533554928
57.0,64.90271793226161
50.0,76.15087736768001
39.0,70.12069153760393
34.0,58.01023447735508
40.0,64.29609262615614
43.0,75.74225086073169
38.0,65.57076794685072
44.0,65.84080569628325
45.0,52.89970888342406
45.0,50.1306574242983
45.0,60.081196335357326
41.0,68.25253649692463
38.0,62.58599216492368
29.0,60.48666231904936
20.0,47.555797501399184
14.0,45.78879282196722
24.000002,41.77377859794995
22.0,46.50673042385575
21.0,50.353739820365774
21.0,46.57728624313114
25.0,50.894890165164306
25.0,57.164051104520695
21.0,55.93568266782531
17.0,57.557395933488046
13.0,55.94860277931842
10.0,52.49658558391781
18.0,48.06259224109565
30.0,44.988003797068195
31.0,54.93694444843349
32.0,49.6792471940388
26.0,43.56402485078487
21.0,44.09484072670954
38.0,44.510333952455944
53.0,68.94770592788947
50.0,61.66484376424655
54.0,52.25317121027675
47.0,56.630207190101146
54.0,53.81219546074059
41.0,57.441821426955265
41.0,54.49798798623894
33.0,47.393038547029
33.0,36.261753307646366
25.0,34.65507919122492
27.0,28.510160267853607
24.000002,45.61611285929436
45.0,49.2306860096279
45.0,59.70741017438914
48.000004,61.66534095987804
42.0,66.74275378426893
40.0,67.96320715875625
40.0,62.48811233290426
53.0,62.468489892808115
53.0,65.21021824332958
48.000004,61.75857197051983
45.0,49.414355173605365
47.0,50.88461460757259
45.0,55.33152338874826
33.0,50.474359353722846
27.0,52.14801473964379
30.0,51.7740698383555
36.0,47.39773687665048
35.0,54.53805313130719
25.0,47.009932747514995
29.0,35.572754318366414
31.0,36.094193639969916
26.0,41.76106051016342
25.0,40.965167690407
31.0,40.13057589374372
38.0,48.51431996276843
46.0,57.05567719348327
54.0,61.4077862527698
54.0,63.71293019714734
45.0,70.2197698898845
39.0,65.20326729330993
34.0,59.93812078975395
29.0,53.51781295183094
29.0,50.52049679158772
27.0,46.866355467209
30.0,42.60483641088182
32.0,40.15779958162175
35.0,40.26494308732524
55.0,38.22903437667371
64.0,73.08644964794844
71.0,83.8370443615412
67.0,77.9561371728575
72.0,74.63710007950975
68.0,80.2059749784982
45.0,75.99330284497732
39.0,51.47434240655282
28.0,46.16792035750239
18.0,33.91131627641321
25.0,44.388495284281625
25.0,55.168648992050905
25.0,54.1386571001596
21.0,50.864273380900634
29.0,48.12851204517166
33.0,59.22910255996458
29.0,60.02275569545051
31.0,56.4245614767784
38.0,48.479476505204865
36.0,58.44957452164934
35.0,61.46743792010105
44.0,60.73128504894854
51.0,64.86531858450333
58.0,60.20039655792891
80.0,67.10216554097765
67.0,88.70407933464023
61.0,86.11611004745177
57.0,72.6327772298067
60.0,66.89679505594043
55.0,72.23913182030155
52.0,73.82238685967191
59.0,67.9153694234783
54.0,65.66014237181659
43.0,66.21766849699539
32.0,58.983254800916335
47.0,53.93843866879889
15.0,64.94473668714993
37.0,47.09093067895288
23.0,59.78361274483753
18.0,53.74035185254208
19.0,51.74294631401429
28.0,51.224592743546445
28.0,56.41766618596806
25.0,52.56559644519269
23.0,51.96815396914409
32.0,52.335695552059974
45.0,61.09270478706383
37.0,74.21462975841777
39.0,58.08959760584589
38.0,43.87772613125393
32.0,53.44159711224964
33.0,56.54047758850838
27.0,49.51895371828885
26.0,44.713952867964636
23.0,25.183351915122184
35.0,33.95838182104261
40.0,48.509685995606
33.0,48.949157625737804
33.0,54.595237434656674
27.0,56.4752320524333
38.0,53.200581939676766
32.0,58.63243578384131
24.000002,54.69889173017562
27.0,51.04615052877737
24.000002,53.15622265944838
24.000002,51.94380170379181
23.0,45.65196191970739
24.000002,41.992538624678225
24.000002,53.37672246501527
29.0,47.73438042478568
27.0,51.13778578359778
24.000002,45.44235482751996
41.0,46.15552377486655
29.0,61.57793009901183
12.000001,54.39356336176672
10.0,37.31630791121154
34.0,45.443540828182606
36.0,52.22992788119318
30.0,54.30204716610019
38.0,55.84398504857706
35.0,59.444952957225695
36.0,59.28505532068198
35.0,59.72967692153374
25.0,62.6724001974824
31.0,60.632086395425986
26.0,61.96556821240761
21.0,63.81648828235706
27.0,56.86151619487626
30.0,58.47723738495707
25.0,59.50440874143795
25.0,52.058680798702696
25.0,51.727438954343896
25.0,49.2078751951658
23.0,43.37811764483741
30.0,52.83463088120089
40.0,40.572975164901536
60.0,33.978921215911335
51.0,61.77200662708793
48.000004,68.79296412964915
45.0,60.32239116647775
35.0,58.74681916663227
25.0,31.685353029485192
35.0,44.76828258061003
39.0,47.71089138617253
51.0,45.74612820602918
33.0,53.393379635248834
35.0,44.87605724072707
30.0,47.522075489746946
34.0,42.450994945253356
31.0,44.01984829361948
30.0,38.44156630431309
28.0,38.35271979435546
22.0,37.29808064022984
21.0,34.18290983098382
23.0,25.39348275407955
20.0,28.819777212256437
18.0,22.369114714450568
19.0,26.535924223240528
20.0,39.41831471666834
31.0,27.199262030508525
32.0,34.996760842186596
45.0,29.06014680681026
60.0,35.86636733693313
56.0,55.11173766876432
64.0,46.7442891437597
46.0,49.39990033182399
42.0,31.690626171180217
27.0,26.302523882724305
20.0,26.76397887697771
20.0,23.125824583389026
23.0,22.830753191674347
26.0,31.62317571321844
23.0,34.62956918659491
18.0,28.907310950497628
46.0,28.599561015360454
33.0,50.94819404811988
31.0,40.25290404165767
32.0,37.12237340670964
33.0,31.00598610496993
29.0,30.121619112757095
27.0,29.803659667998197
28.0,26.027580739124218
39.0,24.92710117018521
54.0,38.21756633015117
57.0,52.057768075110424
39.0,58.23467746333661
51.0,44.592514451923215
58.0,55.995597080384094
47.0,60.26381086141949
36.0,48.41229419859437
41.0,40.01374977835187
37.0,34.93555853737142
58.0,30.352950436385456
26.0,51.92530654263171
30.0,38.10200568577829
27.0,43.502507963786684
22.0,42.356775655153555
19.0,41.984653951749294
30.0,35.02818941941454
28.0,48.41590454147729
30.0,46.461643933635564
36.0,45.29342750105266
45.0,49.61252522192413
41.0,51.67672170322847
39.0,48.59089187986151
40.0,52.79250782039497
37.0,51.25185409047498
31.0,55.569869392176145
40.0,56.80149424708672
56.0,57.13812103659668
46.0,64.37366049065243
40.0,58.33436156501973
45.0,48.35975344609723
37.0,58.681263580247204
45.0,53.99806375134047
41.0,44.994530206176265
41.0,43.8909614109048
39.0,51.175643600522875
40.0,45.46525105572872
45.0,51.6837347752679
45.0,55.16159286171181
47.0,56.83770111792462
47.0,61.518246280029864
50.0,60.59397127066255
50.0,62.22715456834616
47.0,61.58965909228731
41.0,59.365918040486754
58.0,57.46929877107363
64.0,72.63658326030692
59.0,71.24253667840296
53.0,63.04147960135216
42.0,62.4486509652274
38.0,63.362532364725986
29.0,59.168682323781844
33.0,61.366526045050264
29.0,62.65433946159421
31.0,50.506045267615065
24.000002,58.47252623760582
18.0,47.56389451462374
9.0,42.28535475184018
10.0,40.00423192151431
11.0,47.50492700794762
3.0000002,48.04443144453274
27.0,45.286094788826034
36.0,60.711924761669984
22.0,66.01364084529223
32.0,59.844650806921216
22.0,61.862895010227476
25.0,59.01330405218455
35.0,59.08051393748379
36.0,66.71687806940258
33.0,63.47753832292269
33.0,54.99369121076739
33.0,53.93748409352578
25.0,54.065532127172105
29.0,47.589405696460446
37.0,52.96239473359075
58.0,60.62134877371198
54.0,76.51395862269929
39.0,75.9036325010643
28.0,70.7593738824062
24.000002,60.85210243536393
18.0,60.37807194397078
18.0,52.77046912248836
19.0,50.839338022575326
22.0,47.71105636581768
21.0,49.59581556595287
23.0,52.92542766387397
20.0,58.106760640214794
26.0,61.5717992176704
21.0,64.16455306172632
10.0,62.33812957960546
18.0,58.86263148300477
30.0,63.151366310155375
42.0,67.97404197000648
52.0,70.6381317664569
54.0,70.2096635316987
55.0,68.11146722549432
53.0,65.23073757312643
58.0,69.80853068108097
64.0,71.87555396565195
66.0,73.06590495648453
66.0,75.4808497439767
76.0,85.11274974427468
60.0,89.89995204092594
64.0,79.2626960837808
60.0,72.77741781866868
68.0,74.582690982911
60.0,82.95222248612856
70.0,79.246645550902
65.0,83.81803627712283
70.0,80.28271778680593
75.0,82.82545752966786
75.0,86.54993715150232
84.0,85.74887156861404
64.0,89.66645922661289
62.0,80.69701753061784
61.0,81.17334905812216
57.0,81.58976843215467
54.0,78.09600680034872
52.0,74.99852414333826
57.0,67.29365880806428
55.0,63.77429958922946
50.0,63.81001796174795
58.0,55.35689055885848
45.0,69.31057589445557
45.0,61.66489210286198
45.0,56.532059914008265
54.0,65.03890259480669
53.0,73.46613133251822
70.0,67.52696303873348
59.0,82.27395907154155
60.0,53.559111339807856
60.0,60.97563875853072
55.0,83.833536010808
60.0,72.73640294770522
61.0,73.64242216355314
62.0,81.2445853623767
58.0,71.61202344249035
72.0,67.22870200547707
75.0,78.34824918741595
76.0,79.76078155991927
78.0,83.01448968215715
65.0,81.8598833841518
58.0,86.11590632778683
54.0,92.86169644409246
49.0,68.57080607871531
56.0,68.95573978687766
64.0,67.55799777196344
66.0,67.664189857853
44.0,70.52452229268374
52.0,68.5944505661208
52.0,70.18253510696854
53.0,77.69091272469491
66.0,48.74827407219558
56.0,41.80269022667946
69.0,60.94320326079354
41.0,78.09907080486407
39.0,65.2719153362856
38.0,58.625566551500334
51.0,54.83826187647148
31.0,64.79833109548869
38.0,44.06473614851991
36.0,54.73018140171718
39.0,54.565715123695796
46.0,56.99406419837913
52.0,56.940250737935834
55.0,58.27072563012757
56.0,55.334908565762035
57.0,45.06761993403547
59.0,49.70652222685531
60.0,54.079534305042785
58.0,61.156349742495905
59.0,58.41675927805672
55.0,67.87186914952892
49.0,62.84613066889917
59.0,61.07977230932876
45.0,67.81925114361525
31.0,59.42807979052433
49.0,50.98327469366537
43.0,63.462463914213146
46.0,61.95463560610932
38.0,65.13718906958138
48.000004,62.50228525717729
40.0,70.53137428454355
28.0,66.8294660798053
50.0,61.345430744754445
25.0,72.12478843518012
41.0,61.12354488753119
43.0,65.80402087961113
47.0,65.51236559897502
42.0,66.4928608055868
40.0,60.41645387086138
36.0,62.85944335881331
30.0,59.43981774636351
32.0,66.91324436935568
35.0,53.99737997829771
30.0,40.58303252038926
33.0,41.568267726734064
35.0,51.955638985366924
32.0,60.59746513268285
30.0,60.01747128278727
44.0,49.92834667728067
33.0,57.79716210617587
27.0,42.6501548619754
30.0,39.81237645413999
51.0,49.643349131272714
23.0,66.19581474712334
30.0,58.73573623027368
34.0,61.79188662015273
50.0,67.64550166542291
44.0,78.27477374699461
43.0,70.75723553811207
34.0,69.19796488208694
29.0,61.443484007949785
27.0,58.34715098416478
26.0,58.745990170928586
30.0,58.81622183544928
25.0,61.509035044961536
40.0,68.62292362360377
38.0,57.348601680454756
46.0,49.300208448333876
46.0,64.38790765314192
44.0,75.96897621619264
49.0,71.25365774178401
49.0,68.53490492607408
39.0,51.65205840346668
56.0,60.985972305897604
37.0,71.63305324763259
53.0,60.548590892351285
23.0,70.00832506417687
24.000002,60.09621931194683
30.0,61.492209641578405
32.0,63.10075895669709
54.0,66.80953632706498
42.0,73.95043527590104
31.0,69.07020771794991
34.0,62.20431795346422
44.0,61.13518977721218
39.0,69.19085587057026
36.0,65.17822401464302
41.0,69.10963271720212
52.0,60.71310224458644
53.0,66.96271435136775
52.0,61.31756072969015
52.0,58.866704544975725
54.0,62.16765050367129
53.0,71.15723463715493
52.0,71.1412888300545
49.0,75.7617920634892
51.0,55.33913886885038
59.0,61.29789433418325
54.0,63.72335974665153
42.0,62.63549658791057
57.0,59.866938359586285
61.0,72.26339199472187
53.0,78.09960025969656
52.0,73.17508841909638
52.0,68.18067960001478
62.0,72.48630003356276
55.0,74.19949650875839
53.0,69.23925311476374
42.0,65.49998439982983
27.0,51.96621910900182
20.0,40.1636163976923
16.0,34.50318060818631
33.0,37.24699017683341
43.0,54.122764237740206
47.0,56.66338155093126
52.0,63.074474271133
62.0,70.48997797838574
65.0,77.21530124762828
64.0,76.02581300804286
67.0,76.65922622001234
67.0,66.62110165031854
64.0,71.19471301750845
63.0,64.3613792743445
67.0,65.3675143213187
48.000004,73.9588030199104
43.0,54.886305512457696
40.0,52.59241560318649
43.0,48.616712121083495
44.0,52.38606454425162
49.0,53.14494259784474
39.0,58.48492607455043
34.0,50.72277941655717
36.0,48.61869282045192
32.0,51.92523065319861
30.0,52.05828946940867
30.0,49.910065773967375
41.0,55.94211977446052
56.0,62.49300015273293
40.0,67.33341926708879
41.0,54.335899977181015
35.0,60.52783593309829
36.0,58.307667910136715
43.0,65.70644408757438
36.0,67.32431723139221
58.0,60.072545042330816
48.000004,68.25068052499095
39.0,58.42826954654866
28.0,60.13022413283505
30.0,52.40283140043105
51.0,57.62720604046009
51.0,70.1609203928553
36.0,73.10487039268978
44.0,63.16542273769246
40.0,66.74344345999427
41.0,67.23546937982566
33.0,63.40562354246939
37.0,53.46432127055195
33.0,57.196783433332186
31.0,54.98596799135803
47.0,54.622241410039265
44.0,71.54679352169457
47.0,72.30140551329214
48.000004,64.29670977323701
52.0,52.64834614940271
53.0,50.87194116984064
70.0,56.788399144113114
58.0,76.33192478031971
52.0,71.69141278955469
39.0,66.53295663037073
38.0,52.1817095149631
31.0,44.62018651815084
34.0,42.42837528523196
32.0,53.12890576403837
51.0,53.638968059219216
17.0,67.86677140386222
64.0,57.80359926680912
69.0,78.37522373583963
74.0,78.70465651168514
76.0,83.87028824902211
68.0,82.09608798415309
65.0,77.79675053388553
64.0,74.37718704468841
64.0,76.71206608161283
58.0,75.5655745232103
47.0,71.65862908786
30.0,65.33220306510151
48.000004,62.1558626606045
30.0,74.1602120274084
52.0,60.875868469202764
79.0,75.89977314552333
80.0,94.60811931396958
81.0,88.42670733056484
75.0,84.66120708312205
72.0,86.88364934326232
62.0,82.6639413340384
64.0,81.89873219174208
64.0,79.52181899628167
63.0,76.98604956272771
66.0,78.27621340619181
62.0,78.77543578287214
66.0,77.92895369286751
61.0,82.81490561830768
56.0,75.66935575107735
49.0,72.34807484775504
45.0,65.19742435125477
53.0,61.032710884333575
55.0,69.74273784715926
50.0,69.08635752893267
54.0,72.56039479153578
54.0,71.16241424568172
56.0,68.96765417323086
55.0,67.19143810060527
54.0,64.42035650765591
54.0,65.27347249281786
59.0,67.6997460594359
57.0,68.54432113442392
59.0,70.13285030632409
60.0,68.93458451051634
63.0,71.00783968719952
59.0,77.47423809650603
60.0,72.76139768567637
61.0,70.82229456574488
67.0,76.23340772452828
65.0,81.19494749647193
69.0,80.78428223113619
79.0,84.05588089378521
79.0,85.7802000028083
73.0,84.91264903178059
61.0,82.7953505766189
64.0,80.02965571974948
66.0,73.75269060182083
69.0,70.60038150405775
78.0,65.99780523562914
81.0,70.2729061865484
77.0,75.71224300826813
76.0,76.15620450221043
68.0,68.66065815024139
68.0,73.20593415588024
75.0,81.80034661384138
64.0,62.39857403912029
64.0,72.68888853777814
53.0,68.09384412944516
42.0,65.53525694421191
46.0,63.22096356723368
48.000004,62.7396769841278
51.0,68.65078709034707
63.0,72.06928630076537
61.0,76.71808168703335
78.0,76.4047035761982
87.0,91.44910551107658
81.0,97.43907727505545
75.0,90.31183820503729
75.0,76.37680929522145
72.0,86.35787820860405
71.0,81.87843780792974
70.0,78.4565640225862
60.0,86.64956153671676
62.0,65.68089111648285
67.0,57.986175217772946
60.0,74.19568361267456
69.0,79.58071150632146
61.0,69.17799893639757
60.0,68.52616839934485
40.0,62.36665936335743
47.0,64.6312759403006
42.0,69.04272269602039
40.0,69.9419799468933
51.0,67.33419197171901
46.0,70.01862412367811
31.0,64.70231584709637
32.0,65.08874078875243
30.0,64.60284348969171
25.0,60.59706183267914
21.0,61.228477331743946
31.0,63.265085500843526
47.0,63.2907092085183
44.0,72.42518897383219
49.0,60.57705937769226
52.0,64.35725901469203
59.0,64.59895484766909
54.0,74.01465715534731
60.0,73.6499566692413
65.0,65.79288930065158
63.0,68.45892109311168
62.0,62.63840017020667
63.0,59.325472021986634
63.0,61.58357683705457
59.0,72.22082401775366
54.0,58.84046348831027
64.0,64.59047866890197
68.0,67.83416580801483
64.0,81.90128385473794
61.0,70.28315991615227
62.0,68.83287640038472
64.0,76.04428373538184
68.0,79.24641575437714
71.0,82.11060260208106
70.0,85.93166343837295
70.0,77.69691487891671
79.0,78.20371912573958
84.0,86.09668151046239
83.0,89.90965203534812
83.0,86.28828695006773
74.0,86.01367802952
71.0,85.7890123261847
47.0,78.59329894219839
67.0,41.65316936586395
81.0,66.40211208933943
94.0,92.13439835555515
67.0,99.27090895111947
60.0,77.15644694301365
52.0,67.4996967041021
52.0,55.50028750446709
48.000004,68.46855923608886
38.0,64.93197197350847
44.0,52.41314839086653
54.0,67.14573347118773
54.0,76.77509216899375
63.0,80.24772933332986
103.0,84.80571539011595
83.0,109.02160152770504
80.0,90.49056071672476
73.0,86.12989759963102
76.0,76.3608227018587
77.0,74.50529273467882
79.0,73.13076455618527
79.0,84.37425801025806
63.0,86.5373684413752
54.0,59.20545148851654
51.0,58.067120271054506
46.0,65.40194515260245
53.0,63.97167219859184
48.000004,71.83317227504854
40.0,68.9850565487179
30.0,56.186720651705706
21.0,44.54365163235577
33.0,35.87417317224296
35.0,57.243297840625765
40.0,57.22653881400213
43.0,59.531969544960404
51.0,64.97084310751568
60.0,75.41690947708582
80.0,81.85281198018409
57.0,96.92737105232753
72.0,77.92831385334091
54.0,83.53741922480125
53.0,72.53544102195781
55.0,59.076132529491105
66.0,65.66410007804431
61.0,93.23191121539507
59.0,74.95206984380354
62.0,66.74642804207602
70.0,65.59610823974067
75.0,72.00076320653596
75.0,73.635730372835
67.0,81.38823377597573
63.0,66.64732454781857
64.0,69.67515047492608
68.0,73.24776736922605
68.0,90.08684350844821
71.0,74.20821364185582
67.0,79.72791727274841
76.0,87.20185267601623
70.0,83.44225127863619
69.0,79.65775266433948
66.0,87.46297571707011
73.0,92.57066692883414
75.0,98.7755374156246
81.0,91.53833594064815
84.0,92.23903514828
97.0,93.07467500007894
101.0,103.04433991932385
97.0,104.73571921722342
95.0,87.9204363592179
94.0,96.96224584666162
91.0,98.08793132156728
90.0,84.24004817457586
87.0,90.40921646516183
89.0,91.4275701992635
96.00001,89.95883842334081
109.0,106.46593103744055
78.0,110.03295227992123
62.0,78.24105891708314
63.0,60.630105157718184
56.0,67.86043795021442
53.0,64.28806774269081
70.0,68.35487859425359
62.0,76.8422155118438
62.0,74.17947545306387
63.0,76.2366473835478
55.0,71.06724292784047
52.0,74.42604993125872
48.000004,71.15013539547631
58.0,69.67857107391505
58.0,79.45999347151944
62.0,77.75435734417896
75.0,78.51913223321516
84.0,85.39075986858614
80.0,90.16481536327692
78.0,84.59907716223408
58.0,80.43339485475042
61.0,67.53892730213357
66.0,63.26582294886739
56.0,70.06273565408644
63.0,65.10056054277936
83.0,71.74789877124144
83.0,94.47855783624279
79.0,90.34666673438711
86.0,72.11806863093328
93.0,81.69748921778901
81.0,89.24768045589386
71.0,73.78107603387633
69.0,68.95488918951857
74.0,68.99716202256126
77.0,75.45827151537196
80.0,79.28920483284777
72.0,82.39854805194499
68.0,76.83029388736941
66.0,72.37240887866301
59.0,71.9439078719451
59.0,62.040013603588115
47.0,61.50659575243378
42.0,55.22602380595483
42.0,51.4247614533212
41.0,52.240330962641615
34.0,54.02131168387307
31.0,59.08748400108885
53.0,47.23866813645545
59.0,62.58341380956546
81.0,67.24082101544286
74.0,77.6515097943532
145.0,73.12862489545338
95.0,137.94920989619484
69.0,84.20635063794691
58.0,66.48104158851135
57.0,50.80402340471468
50.0,57.287032852707526
57.0,48.403159996874585
46.0,61.534135158191724
38.0,54.845029591430325
72.0,47.93954304248402
122.0,76.1125225206296
87.0,135.72859927529973
71.0,88.86232145117536
59.0,61.7814276364886
47.0,50.40327942939845
36.0,32.58113092645906
30.0,22.73393852935397
23.0,27.830375743630903
20.0,23.53573374739875
20.0,24.315262469294012
80.0,24.77379627204396
81.0,88.05008525522479
83.0,87.41687013630096
81.0,88.2211167242672
83.0,80.60476147672932
86.0,84.83629349717437
88.0,96.29811743821934
97.0,100.76209694919864
95.0,106.55942062373637
91.0,102.7791090591694
89.0,92.16686093830319
75.0,96.46583139787427
79.0,65.5162340168278
68.0,73.28401112516605
61.0,64.17008658640884
54.0,62.66517439457071
53.0,62.29647228515966
48.000004,58.461720951181796
37.0,62.962548498698
31.0,54.434625751606376
30.0,57.511188127529046
42.0,47.533976004648814
55.0,61.23448430231902
97.0,70.46601118086062
122.0,102.12733624785947
122.0,105.95897347640152
98.0,112.3383084848802
84.0,113.38589785143799
71.0,87.49357870281608
80.0,84.09002421505701
79.0,94.45847173900466
79.0,92.25080035811882
76.0,96.03136120581738
72.0,86.45315187345375
64.0,77.14601394886915
58.0,69.94437992931017
56.0,58.51998133785313
55.0,64.97995349926212
54.0,65.66634093177774
52.0,63.73601609922102
54.0,59.1351923614877
53.0,71.13624379800711
52.0,73.73558598142722
53.0,67.48404710464634
56.0,70.8476858069365
57.0,82.92053767960404
59.0,85.77691580349145
77.0,77.37029695198372
78.0,85.53040244285532
86.0,101.59912982236469
87.0,106.29232018839821
90.0,89.636286188806
105.0,90.11923159276908
111.0,116.94720112384647
98.0,124.76841265904574
101.0,103.66086946470564
113.0,109.71024816827514
93.0,108.83837713399669
88.0,74.16904524895112
94.0,83.02693671909218
93.0,98.19129400141522
85.0,89.01446249891261
81.0,80.12738034306857
74.0,80.60093945756407
61.0,72.05942335234002
65.0,54.94918758004458
60.0,71.13567576457756
52.0,62.389638437566
41.0,62.42009138739521
37.0,58.39162542596134
53.0,46.97014721081909
56.0,59.72149524817112
59.0,61.08738714773254
65.0,67.88430254001482
113.0,76.16925935501965
136.0,117.0126208261697
110.0,140.11795868417673
91.0,112.59308822183903
90.0,100.64630582776397
89.0,90.68762437410312
86.0,83.77524471813514
83.0,82.48882423837772
79.0,80.2825031194826
74.0,94.15456164261211
67.0,66.08999505689398
59.0,59.16071022567545
58.0,62.76886432930909
54.0,56.03332564568153
59.0,78.56978018231204
43.0,76.58378383382157
38.0,72.94093856444059
51.0,46.18994788114999
52.0,63.57360160486692
61.0,64.4989947067725
79.0,49.579888666128205
97.0,74.31262114252169
109.0,91.11913621702816
96.00001,124.6457766713002
88.0,102.84658728366038
92.0,89.1153942234938
87.0,105.96386769007053
80.0,89.55628175592915
71.0,79.88386608589757
72.0,79.19588455548046
71.0,87.50910162667921
79.0,72.79160796142959
85.0,84.50231798890844
90.0,86.39767232930795
87.0,96.83991621290194
68.0,96.22899386224206
58.0,60.35765610092833
56.0,43.61305249991787
47.0,46.57593489243735
48.000004,79.76974449636013
55.0,60.68647154180937
58.0,44.6561235208196
59.0,67.42075432582345
66.0,57.37271419768456
72.0,64.3206659309538
71.0,78.87008330995572
65.0,80.63547956073963
65.0,40.569633765039676
68.0,75.42331639226761
66.0,72.82495188225128
68.0,70.3578353501295
71.0,82.58348996453164
70.0,83.10011754171019
72.0,80.27038931323693
74.0,78.8967100156003
75.0,76.76037180388305
78.0,72.37090473243285
70.0,74.79747933027903
66.0,44.670216564659505
55.0,54.610839743891866
50.0,38.91408079276063
54.0,47.50366467645998
54.0,49.48478349186327
62.0,41.97359849369685
67.0,71.22725468938492
89.0,85.34085927127413
93.0,101.86915273071531
93.0,93.3597393827074
89.0,102.77248885586529
91.0,85.02880186433937
90.0,89.02736614319332
101.0,76.36244687085005
110.0,93.27198612446848
121.0,105.35800360882388
108.0,120.04998703737137
120.0,102.03657259193557
107.0,108.99639795579037
89.0,83.75731815188733
81.0,74.32790095322258
82.0,71.53221273203735
83.0,73.44344078067734
81.0,71.13177099078625
66.0,65.3795920994067
58.0,48.351139820542635
58.0,38.346673458900845
62.0,37.51584704261609
56.0,48.21837654424471
61.0,43.875312711064915
77.0,59.688863988285135
88.0,88.91387517195118
76.0,107.16977414479818
83.0,82.88491254114048
80.0,85.42025982065535
71.0,80.9919569789819
64.0,75.99607536036945
64.0,71.26713193905087
73.0,76.62552436951727
71.0,85.80321192647236
70.0,81.07257249144521
65.0,85.23908384110979
66.0,80.93374628153272
79.0,76.38527315115854
65.0,88.2060201627743
66.0,72.89570260934282
64.0,73.2091128188714
59.0,70.22250690513968
56.0,54.019030145814064
54.0,59.09169559561946
58.0,54.15289341656711
46.0,49.26302221617772
44.0,42.1932050885727
51.0,43.02875196584544
51.0,53.611685484209424
57.0,44.31387638540969
56.0,59.1997637001799
60.0,62.184750516512615
59.0,63.61287883253913
55.0,58.3555788870959
50.0,51.467367807160386
40.0,48.70813543429346
28.0,41.91052458205068
22.0,26.469237996160334
21.0,27.942819937178896
23.0,35.823184373832305
26.0,40.35699873459392
46.0,44.49499016582943
60.0,61.510927270527226
63.0,69.30427010949016
62.0,70.19714754654912
60.0,69.9103711059156
71.0,55.84584707107576
80.0,66.25884646096847
77.0,69.12030274396417
69.0,62.724190334668755
63.0,67.67260520835161
60.0,59.38533480970638
63.0,75.58613807169172
61.0,65.06670634634527
61.0,68.80206432823367
65.0,76.16931665852721
58.0,71.50208389028916
60.0,56.11714948760387
55.0,67.02631730192469
63.0,61.96366245581761
80.0,98.00289650275603
87.0,88.01591181265673
91.0,101.23692839322112
103.0,93.58366244015004
106.0,90.84184768974606
99.0,81.28606766398985
98.0,122.29774505448931
99.0,102.93600439336274
93.0,101.81130882094338
77.0,98.80073269876053
78.0,69.5947536583907
78.0,54.446951441337006
72.0,77.94142587272786
64.0,45.33720361705636
60.0,52.26069528260144
58.0,52.41338375210528
55.0,50.731471585705414
60.0,49.83619373982874
63.0,54.97303753229659
67.0,66.35981333657152
62.0,65.75042795721659
60.0,55.034820629197824
60.0,57.72117396358211
63.0,55.16157789066776
62.0,56.53255244225619
59.0,62.966965171567516
54.0,66.81053589582294
59.0,72.9633310801347
73.0,82.76296800785364
75.0,96.91312395152356
78.0,80.89888646543706
80.0,76.80462998520488
73.0,84.37933527504761
68.0,81.36303310346733
65.0,76.69605322754902
63.0,58.62994308581077
62.0,68.64860868443346
60.0,77.83985824817695
59.0,27.73212666051611
61.0,48.058249758939766
58.0,76.82318334635785
54.0,79.57162756829145
61.0,57.266607235455716
63.0,68.66411328653014
67.0,70.43936237582554
66.0,92.46744414810325
70.0,77.29551260714065
64.0,79.63828824959838
72.0,89.08002440419011
73.0,77.03662189410831
77.0,84.99169769745932
86.0,93.45424817722689
111.0,98.32474667077489
142.0,113.85915356819241
154.0,137.8664142586667
152.0,145.43881700180552
131.0,148.69046031600053
122.0,129.43162043228014
101.0,105.49239195002149
91.0,90.28855314095787
77.0,73.6677730792064
72.0,60.04897623332876
67.0,66.51625080444285
61.0,62.757066072153805
59.0,76.67070899881233
61.0,70.70775813829155
65.0,64.20482195413501
61.0,62.37585950609585
67.0,69.38679879338252
59.0,71.69345290063411
68.0,64.86777014772548
78.0,74.19572761827348
80.0,96.94694629455851
81.0,93.83635117671895
71.0,76.37420870132053
75.0,64.67704636970626
76.0,78.09145074886779
70.0,76.46145004858724
71.0,54.38157850584294
74.0,81.51576501615416
71.0,81.98578270716943
59.0,87.07213266288653
50.0,63.7642051373925
52.0,54.05909027548773
61.0,63.24435870283712
62.0,71.29520786998103
69.0,64.71176549868692
58.0,79.86662293416806
80.0,73.53805380836137
68.0,93.36830065491664
72.0,61.04945847688682
89.0,72.68195770419422
66.0,99.16293253348064
69.0,69.55455717891226
95.0,80.60804247647499
101.0,103.77790958696671
92.0,103.97756086295821
85.0,100.6090127371459
81.0,89.99844900453085
79.0,84.97198084757257
79.0,81.08803252796338
75.0,85.18072965611695
72.0,80.32425845243652
68.0,64.59772274677151
69.0,67.28021593226623
62.0,75.3693393525591
57.0,71.53197516419662
55.0,69.95884868560594
70.0,76.03268664341267
72.0,86.93101154606249
77.0,77.81226142782494
67.0,69.37863065323239
74.0,64.8208056035638
64.0,89.88867321885245
70.0,61.54781106147939
71.0,75.55006156384346
80.0,80.56371370665315
85.0,89.69035340551466
77.0,94.9200185380158
65.0,87.53186960904993
63.0,76.40251750584348
50.0,73.86164705576951
41.0,49.55440031145927
50.0,32.93554116293813
53.0,40.28110906077321
33.0,26.826474949222668
25.0,7.139414217811117
33.0,15.415520346213436
33.0,31.445503653780694
52.0,29.941327990534788
51.0,45.80457989517013
57.0,37.86443613751748
57.0,58.59349146713551
62.0,54.55667374108668
63.0,47.33879592535844
61.0,76.6968219455371
59.0,63.58968274684314
93.0,57.802913165204465
122.0,104.4469461752043
111.0,100.94729577275149
113.0,91.41680649625363
114.0,124.99903333055798
112.0,115.8772998026738
96.00001,97.08901885393995
108.0,90.56279364623967
137.0,96.48994507942894
133.0,140.28883980927958
125.0,131.449057348266
121.0,133.57808367849407
102.0,133.08361429734046
84.0,90.28430093290496
92.0,71.10285097959684
94.0,107.07234513341726
102.0,106.20201296247048
130.0,102.06715227239658
127.0,123.26829354287031
111.0,131.1883559373287
115.0,124.47499824615048
107.0,123.34877910930497
102.0,111.98408430306091
101.0,101.54750709136276
113.0,102.2489010243294
89.0,127.48138217185337
85.0,90.59275793552982
74.0,91.48793017852596
80.0,83.20628766037092
73.0,101.32444361716767
84.0,77.33375797676271
90.0,104.26387838374382
94.0,117.52330092346125
80.0,120.77108549641643
71.0,92.01614119988719
61.0,72.98466705154618
56.0,58.393982379065775
52.0,33.873706849197816
51.0,59.268365402974865
59.0,48.7792775033588
63.0,50.60828730518739
66.0,64.14068912813663
63.0,73.16935646097886
57.0,44.58840183077672
54.0,46.70266131645956
56.0,45.06306216192646
68.0,40.89560855243383
68.0,67.25800175695603
62.0,65.37580028100159
79.0,80.5922620265335
78.0,69.6845013216443
85.0,74.15117529219916
100.0,94.81590610905101
104.0,102.41994816870863
93.0,107.19346784984232
95.0,95.680841385048
103.0,99.67600279260817
95.0,99.71108097455006
94.0,92.30027462031367
93.0,83.77029067361174
93.0,97.36247817482698
93.0,78.43731669275739
79.0,79.2245825177591
56.0,74.04009676660678
56.0,50.04615421973626
55.0,41.52697392171932
52.0,62.68735282315173
49.0,71.0548262600853
79.0,89.13871224368597
68.0,114.1205688146225
68.0,67.69501049819443
71.0,74.97500426328035
64.0,83.45673540440154
59.0,71.72114790930337
68.0,63.46697259466155
68.0,76.139395457616
68.0,78.22722618183383
75.0,80.97939714693787
77.0,81.9281460439713
76.0,66.48063443470328
75.0,81.35279347313613
65.0,95.4628420398109
57.0,54.65682311096293
53.0,50.36595060439322
48.000004,40.21126997741323
47.0,29.397556862866956
48.000004,62.523166453264075
52.0,37.89532001990796
48.000004,61.51719911041417
55.0,64.57713803972422
50.0,50.393728488776915
54.0,60.90780524328253
61.0,61.34658596773992
55.0,58.72324380821974
53.0,77.72167315192686
55.0,42.102122914574764
57.0,45.59287524060611
65.0,43.10378593541551
67.0,83.7672666633758
97.0,89.27628985748748
92.0,104.758000687844
138.0,99.09536899074806
152.0,144.73985385275293
134.0,129.7621761018895
108.0,115.83487643845021
85.0,73.55977263016382
75.0,52.309888800326455
70.0,47.17901849458669
65.0,59.21827839963607
59.0,52.033469366456856
56.0,54.498269415310524
55.0,68.63529900333396
59.0,65.04536431182949
69.0,69.8431408107328
61.0,72.6870289312367
62.0,68.82146155812511
66.0,63.953133696389415
59.0,44.78433141663201
70.0,46.01842905198555
61.0,76.12943634106398
76.0,72.25490433338726
80.0,102.51324982410218
88.0,96.21399747987124
79.0,90.82202295632872
73.0,81.23809227049416
77.0,62.58082251764204
79.0,87.4671975987017
92.0,80.94609183998243
93.0,76.1756986986762
92.0,73.31147034111089
84.0,90.20576915315023
80.0,80.42549078585856
79.0,57.279112156262734
81.0,85.86053004842051
62.0,106.0916022635889
55.0,91.46968660555564
59.0,53.79279330096825
58.0,75.22811615945196
59.0,66.66570657916103
75.0,74.86044330677719
76.0,74.55208366206783
97.0,89.61246173284988
84.0,125.7906611933046
107.0,91.16602333011035
98.0,91.35813177286632
88.0,90.65514233421716
77.0,98.03972631891479
91.0,94.72819476413945
107.0,103.57022251887858
106.0,114.11648236757568
103.0,101.90177354960547
88.0,105.88112857338442
78.0,89.53307933632362
76.0,65.78055628320443
70.0,66.19902917242477
66.0,73.44699906482164
63.0,60.35808170105352
56.0,69.76767953714965
58.0,73.35209809778132
56.0,60.2197660677713
56.0,66.36115992116831
57.0,57.773022040365376
65.0,70.35163507190667
75.0,68.61001643378233
72.0,72.60608057124104
72.0,83.83745285039896
81.0,90.82300233576898
72.0,79.32854923723345
78.0,51.592678549429294
80.0,87.98184848768803
92.0,78.93252162446457
103.0,90.23440199336298
115.0,105.38531904229316
110.0,105.93796892684874
103.0,91.27716684401773
117.0,88.63013299238867
93.0,113.72460551715254
80.0,85.19618680631743
73.0,95.05577166127122
69.0,128.02908602538764
75.0,94.35143245315922
65.0,88.38318317319612
65.0,52.66998464670775
50.0,26.767662330672906
56.0,28.03999336813736
67.0,37.765688102821485
86.0,80.79838219952343
88.0,98.95750114057903
83.0,113.48104516825165
66.0,98.79139119984148
78.0,68.6092187378256
64.0,82.96953589913808
65.0,67.93716562867569
87.0,85.52346121369405
70.0,109.54589877151179
74.0,88.23768255052765
92.0,88.8959199962501
121.0,106.68436766344564
140.0,132.26813072850817
143.0,150.0292427459895
117.0,127.19874905749556
125.0,98.81077273988217
110.0,119.33542842948285
102.0,86.22558584602031
91.0,88.32730729874136
94.0,81.36366769371936
100.0,88.78489269095581
80.0,117.58550185944362
83.0,115.25418241564772
73.0,67.21039083171235
82.0,74.20080900005125
89.0,93.32854596411813
106.0,83.15350234971459
129.0,102.872653465065
130.0,121.31985446278206
120.0,134.56260219902498
112.0,145.26757371818957
99.0,119.61550843991125
89.0,98.49071532798605
106.0,107.84373646187078
124.0,135.9270965413418
126.0,147.52694378270238
129.0,138.15474528577025
130.0,154.91526076188552
115.0,147.4360544418711
114.0,109.24426644360184
96.00001,91.32964909221982
88.0,89.76941152744836
80.0,85.7573949988629
72.0,56.627904986145445
59.0,49.75498205060582
59.0,59.11941542272897
68.0,59.230042171181736
83.0,70.6730719406845
94.0,83.94208387617077
96.00001,106.69967259801533
83.0,98.09461749815664
90.0,82.02720646932943
159.0,84.41781166235218
157.0,163.20804282080027
155.0,167.51409269304907
152.0,157.54301914730786
154.0,151.37679356066047
136.0,162.29434853461365
121.0,130.03628503979363
112.0,118.23666853533955
117.0,122.29669815599314
94.0,118.76654932564234
77.0,75.5910099921192
74.0,60.43495330506853
76.0,65.70711606914995
77.0,90.57853121894694
93.0,53.60054417313277
86.0,90.50106176202567
84.0,114.05546827473246
96.00001,90.43397264431664
96.00001,109.37439857724895
87.0,105.52710050014234
74.0,105.46238957605318
67.0,101.24155203562468
75.0,52.632644731189366
68.0,63.34466057216553
68.0,91.00783582277495
73.0,88.13653704894169
62.0,86.78705004600134
74.0,75.16920856672415
80.0,79.73319331167544
93.0,85.49895013189754
103.0,97.73777041937801
94.0,106.23194832090772
97.0,101.56618156777304
106.0,104.20933846526418
153.0,108.63336553095246
152.0,168.8391382806843
153.0,159.00251443772532
153.0,152.08946700693176
154.0,149.02879513920522
156.0,144.88883515518555
123.0,143.96665506456782
114.0,94.41512919223314
83.0,120.62048044069063
81.0,104.09913144075362
88.0,104.98083106868489
85.0,104.76380459844918
92.0,71.03049431968962
83.0,95.60191946055194
81.0,99.60168180261333
81.0,83.85083068775725
102.0,68.31395197826734
129.0,96.08075325291581
152.0,148.14829969280754
154.0,159.32858358019888
157.0,156.19215969190452
166.0,165.17613697513391
167.0,150.8017686724394
156.0,155.93837099873812
135.0,162.37329154854785
132.0,163.96201634097767
115.0,122.56816533040569
106.0,100.932897563356
87.0,85.86805296403284
73.0,85.50497777241137
62.0,21.661143057262752
59.0,60.219593774114635
67.0,64.34295881450794
62.0,69.23078824531906
55.0,52.018653617006976
60.0,65.17205321042245
65.0,72.53525146446287
56.0,62.584108969800766
60.0,47.796139988793996
75.0,51.62216992457835
55.0,83.36886026430803
61.0,44.38353614782058
71.0,57.63058298558877
96.00001,72.02829379827337
76.0,91.55164831066092
66.0,75.56837210722347
63.0,68.75976858536472
69.0,64.44951473712909
61.0,64.33841086309266
62.0,60.42810201909083
65.0,61.09914247034767
66.0,61.31240236654915
57.0,49.2486241124569
57.0,43.6789203662598
61.0,71.65767485090178
56.0,41.41914359364441
53.0,54.5141118115236
66.0,51.33880877544617
77.0,76.15333507994515
72.0,77.1547600085527
74.0,71.24532452932576
68.0,84.89905975387104
64.0,71.50143311187573
72.0,72.30761902682964
84.0,89.94071674420366
107.0,94.36147470541752
112.0,116.01801617304888
107.0,117.34152730784442
117.0,104.75547499807283
123.0,121.65250622572597
136.0,116.4810708749284
150.0,130.62640315901066
130.0,142.04479218716278
108.0,126.72795867003789
93.0,109.606977602574
87.0,83.55448087698655
97.0,78.90806522618104
77.0,111.1185470032006
75.0,58.73710836281905
80.0,80.69768505467523
99.0,93.67865720360761
107.0,94.62348017281575
107.0,99.30397796434
119.0,95.93679516518827
128.0,105.29602575092073
111.0,122.32732096944382
109.0,110.29252270723556
74.0,105.40673062672026
72.0,75.37085810138497
76.0,77.54639446209451
104.0,91.71209491086898
139.0,123.5173638225858
137.0,142.6345989412865
113.0,135.20508477104786
103.0,122.0344233398771
109.0,111.14329634247439
108.0,108.18273520307591
92.0,101.13354954256994
88.0,76.24131441563152
86.0,112.0695433328419
92.0,90.56605820249412
105.0,84.5069317339855
110.0,116.73476951476052
105.0,145.06697879151963
85.0,100.43944602723424
87.0,83.14798575569638
90.0,76.35218411716245
93.0,107.2669012775833
88.0,69.73193608365466
97.0,78.62138287607212
113.0,103.6274865559704
104.0,109.2028496083028
108.0,110.96381254901742
133.0,128.3082431370098
109.0,154.57726074027252
91.0,117.12057029902276
94.0,88.5190847561869
87.0,92.49017872591804
89.0,89.42044883026183
78.0,90.35135660104086
89.0,80.23638607356528
103.0,93.91685968809091
97.0,120.48316237715807
95.0,93.31443463778263
94.0,91.63608301933476
99.0,100.30583892861704
84.0,100.11028083950498
75.0,90.3027277663316
68.0,85.14234808178934
74.0,88.65303527508595
85.0,84.9549674213786
89.0,91.83934639971743
75.0,103.99717648031003
61.0,77.92396438943628
55.0,75.87819555570472
64.0,57.57347970310336
63.0,71.79038127931311
68.0,72.39249955613474
71.0,84.57323171687841
92.0,91.95136782111625
86.0,106.01571604202391
92.0,97.45670302192177
103.0,100.4057165562141
95.0,101.74895694430033
88.0,88.31821674391806
91.0,98.71648974399741
93.0,91.32234801325234
94.0,83.107268094739
95.0,76.21581017411947
90.0,96.08527346465691
90.0,85.61435320881901
90.0,78.39614393862931
92.0,78.52804628939428
98.0,115.26298479435351
96.00001,88.67815217074033
80.0,88.20772366412275
66.0,105.84255113512262
71.0,103.82769480191318
63.0,79.97858562888091
64.0,88.95231328198419
54.0,81.11700584245173
61.0,64.89169364023337
85.0,70.6777773242808
67.0,88.11422469234253
72.0,75.3776873811717
104.0,73.48748771306255
91.0,95.54767117893492
86.0,86.76407433001248
77.0,93.56447314076304
83.0,80.10880567101081
81.0,84.21918399094146
81.0,83.71620366591839
70.0,79.71291254750551
66.0,72.22545378816686
81.0,39.592993922713525
69.0,66.8294435135824
71.0,56.77194823643978
70.0,58.15062345425454
76.0,67.07590986037492
61.0,92.99290513988905
55.0,57.655364963744816
52.0,58.081479596440964
55.0,51.40396459221589
53.0,37.23533940195178
58.0,26.452838920638218
65.0,52.54510165844056
70.0,79.62759562489506
70.0,62.68008962127061
77.0,59.12231279022775
93.0,70.50918046339022
92.0,78.22625615051977
75.0,80.253814935578
74.0,64.87383085803843
75.0,69.60537703695977
66.0,40.81350639430574
62.0,67.36154241819787
53.0,59.871787624453795
57.0,41.24811499658
67.0,16.82665434975152
74.0,48.59678441090381
92.0,101.2509840122053
82.0,120.44150729768707
80.0,89.2152678722684
81.0,96.0708104646961
75.0,77.87466743209481
75.0,72.81885263124491
76.0,98.0285556668916
71.0,90.1986969741958
54.0,76.73233260471865
41.0,60.77285736618637
56.0,59.161962548896916
55.0,72.2687219737015
71.0,69.83809568603274
87.0,76.84573015839905
90.0,94.44543544280697
87.0,94.71445880237376
94.0,93.62875159884288
91.0,103.2166538056342
93.0,99.72624354583846
94.0,81.17655470961631
93.0,87.56997738343607
93.0,83.41125067654735
83.0,88.45859164060295
85.0,80.17458289001166
104.0,85.54437861772479
100.0,75.55109714945024
83.0,87.06232314123814
56.0,111.03977874767358
52.0,81.86974362016393
57.0,55.80526085177275
45.0,63.19129172290719
39.0,59.29709302109321
32.0,61.47620456559231
33.0,50.393868093963704
52.0,52.38070053011117
47.0,58.970552043316395
53.0,44.491182406313825
61.0,59.78990132363662
77.0,66.85747880977459
69.0,80.94878890176699
69.0,76.50535972598836
60.0,75.16889585101089
55.0,69.0159443741134
53.0,68.28779388520562
40.0,74.35079377147942
52.0,62.914576756774615
49.0,67.3298373995478
61.0,66.40790095649088
59.0,78.99179499928778
82.0,77.6062182564466
92.0,83.13145289405163
91.0,100.10766929460893
73.0,97.54157231170885
60.0,86.9980309215948
58.0,67.10039225038577
56.0,67.0278777113449
62.0,70.07191383593393
67.0,75.4574228402033
103.0,80.07020019335643
107.0,122.79639569110746
99.0,111.66353250843432
91.0,102.08941011968649
107.0,105.62399057641822
87.0,113.41912134002177
92.0,89.69744373199913
85.0,96.73462608037421
81.0,89.33708295532985
80.0,81.57773394791032
78.0,96.56030683964782
70.0,77.62175863105087
75.0,81.09379207741294
71.0,75.07388431525949
74.0,58.48285563035076
83.0,62.146266472451615
83.0,87.92091449604284
93.0,116.56874765678843
94.0,122.39490361600106
110.0,102.44273360314286
105.0,116.8167642539316
110.0,103.49434925819442
105.0,119.43832090225625
111.0,100.74561637523988
99.0,117.64574937700637
102.0,113.6177353344163
93.0,84.30630672462816
95.0,96.4977797048209
98.0,109.97460665543598
101.0,104.5264144093457
101.0,102.34455645656637
106.0,103.7713367685682
115.0,108.08415098398707
119.0,128.64757091311543
116.0,118.7249737804442
117.0,116.60731636191333
107.0,111.50637067008694
99.0,90.90631218398457
118.0,88.52232839493452
131.0,111.93440284229332
134.0,125.68037016278731
141.0,125.61801560383647
106.0,125.43760087341329
97.0,88.06403919925515
87.0,106.7362096745453
82.0,108.10573887461355
91.0,101.05772470857562
96.00001,92.62809265299467
85.0,102.99098960339812
79.0,94.00182255218346
79.0,99.11526975336528
92.0,99.17258022243742
86.0,121.3268145372286
92.0,89.26024661784882
94.0,90.19981675122258
98.0,117.99185892440013
95.0,107.82543138768453
97.0,90.3281078262289
98.0,95.76881659274683
91.0,111.88712342542948
88.0,84.93311954702483
86.0,88.9926046281898
89.0,94.70367502564075
93.0,91.26428481084444
101.0,93.05562198731201
91.0,95.96289125430155
85.0,97.89141532593374
86.0,80.12415671180051
76.0,82.68868942405646
81.0,75.20091546989283
93.0,96.26568690656077
94.0,110.73192630873028
110.0,107.85658925673694
111.0,122.57692553839405
113.0,102.12628579786649
101.0,116.83273030726042
99.0,114.23573859025367
99.0,117.97213393706281
104.0,95.04147700162892
110.0,131.86752687678427
103.0,112.98419475840657
100.0,104.10894557646519
96.00001,109.0998728038273
100.0,117.22348971375173
99.0,81.62278785929699
102.0,82.69755046715468
112.0,82.93590873064694
119.0,106.25671737964765
121.0,103.70683639299607
123.0,84.30945062379661
124.0,93.90978420547027
114.0,88.18018527360704
114.0,88.34767616840398
116.0,100.46230858248921
120.0,132.36820414185465
125.0,146.1292626171441
134.0,142.86098908005758
131.0,133.0125083937305
139.0,136.6574226960015
94.0,137.95927321524792
104.0,105.44744145935563
116.0,107.0971406340343
124.0,143.4967478359312
118.0,125.22153165751646
121.0,82.45594882006198
123.0,118.61782189704722
105.0,100.13166093073717
85.0,114.66029714462563
81.0,78.73021203357733
73.0,73.65368763452688
89.0,55.13214883402023
94.0,73.84194226064058
105.0,98.17509455456364
96.00001,107.40498741542359
82.0,109.18630383157341
78.0,71.55280905400896
89.0,75.39791715694629
72.0,86.37027446188064
80.0,77.69326470436974
88.0,86.14352149314377
93.0,102.0170006535254
79.0,109.86374805706201
89.0,92.02195323299408
106.0,103.85896200925748
100.0,119.62072438588504
98.0,89.51690386616086
104.0,96.29848713137666
100.0,99.24998304052288
103.0,98.20367756794721
104.0,93.75629544926255
105.0,116.07701859622297
95.0,108.45181418621806
95.0,100.92971161218615
97.0,107.06538238108901
108.0,115.65230155604785
107.0,92.42994027792899
121.0,107.4956958499092
120.0,111.01317764345481
118.0,116.85314003982515
133.0,106.59916971751781
110.0,111.80326919402374
85.0,101.111237278427
103.0,88.81081322115418
137.0,117.33369077273265
126.0,160.99014886770357
153.0,139.5457263134015
157.0,160.56799062447516
162.0,150.93494642330978
152.0,177.4701997443719
135.0,151.30835292443166
134.0,133.94775303053316
139.0,135.53295594236909
130.0,148.14637921191525
126.0,131.1590802941415
142.0,131.7319555590837
153.0,148.66673988253447
139.0,155.5628284557913
127.0,137.05787867598184
103.0,123.04887501672333
99.0,104.2909239080686
107.0,88.58785853702477
113.0,120.7429132134558
114.0,125.84058292728265
117.0,118.57503262838172
138.0,134.9136398137685
120.0,150.34012907184814
96.00001,132.45961033544654
110.0,102.4981874414243
92.0,110.12750558130429
89.0,97.90108369535722
74.0,87.37971948625194
94.0,74.6972521841516
108.0,109.95140197527155
99.0,113.02149576434334
107.0,94.15170682856997
119.0,109.596800049643
126.0,107.9443389179727
129.0,125.91162340924494
131.0,111.82493036824013
149.0,132.80382762645326
140.0,132.0108088556427
127.0,147.0576012200476
106.0,131.1120234397437
93.0,103.7686054459726
117.0,79.22977286081769
128.0,102.55154960433245
130.0,119.79175913442353
104.0,122.21535791241976
84.0,110.37153833407203
73.0,86.47372778608951
70.0,73.9311923746392
68.0,76.64357242999843
63.0,84.5721615552357
75.0,85.53218758859363
81.0,96.0020419934094
81.0,89.72050160432202
87.0,100.57680295813667
84.0,100.65501286590016
93.0,100.26320377168985
98.0,97.67294223357871
100.0,102.86330637048185
101.0,106.34918311382896
102.0,107.85945042147772
118.0,108.01954441573413
113.0,113.25191171994561
110.0,113.31758142100294
108.0,108.23032977004841
97.0,97.60245889343831
71.0,91.97862232139546
80.0,79.59287173685854
75.0,87.11930559026192
68.0,77.7917428837448
75.0,72.07636545287427
77.0,79.11872634396008
68.0,87.78713550908614
140.0,83.71615495400235
161.0,143.81903613546177
166.0,162.28764906814882
169.00002,154.48283197814078
155.0,152.06079031044075
158.0,139.0600718736358
155.0,129.26137412463154
154.0,135.2304901893131
142.0,146.53973842403292
112.0,139.7050054474301
96.00001,110.18534293335156
84.0,93.11057508516035
80.0,93.4652157812433
81.0,91.99203985283789
84.0,84.13618236776358
90.0,93.10150810476779
116.0,102.45186919408837
136.0,123.27330603273016
144.0,135.23065703568028
123.0,138.74448303012758
115.0,111.48588958136811
97.0,102.04847077160909
113.0,93.76576144038631
108.0,130.02833023864846
127.0,134.61490375968697
129.0,144.16043314168007
154.0,146.95299521934075
143.0,165.10069352934153
133.0,122.34712610759483
151.0,134.30925352068687
152.0,137.1294900712905
151.0,136.73540181873855
139.0,131.46693570208384
146.0,138.12134619859614
150.0,133.81232024029626
152.0,150.1596113285971
153.0,150.1863357978194
149.0,135.9188270085722
138.0,146.77803993447932
134.0,129.39758453921604
119.0,119.9497197881005
121.0,114.09151763285537
119.0,114.35355964879065
91.0,115.11470810521004
80.0,82.81819087156366
77.0,88.36388143431105
92.0,81.93624342446795
70.0,97.57964080357891
88.0,87.88485117569786
115.0,101.46059893029597
98.0,116.12316498436454
70.0,109.48135879427436
76.0,95.65609003493662
78.0,85.92963936648931
74.0,85.5691406736017
75.0,82.28306393684998
74.0,71.72428194212087
68.0,82.11179686780969
64.0,83.68093771516789
63.0,70.21440634744951
58.0,89.12531937278123
58.0,61.61357559759339
75.0,80.5380623695625
87.0,81.63744535086305
87.0,85.75606497233042
88.0,84.31369229656472
93.0,83.6356512424565
105.0,94.98784923276918
90.0,109.17786418539701
75.0,105.29442909815329
66.0,93.41608016149
57.0,86.0715991984777
69.0,78.63511242030599
58.0,86.63688381198445
84.0,82.11534665656478
82.0,99.29560638110097
79.0,93.1641187795385
67.0,90.03449442617293
68.0,67.26997105190047
93.0,81.12556553003665
96.00001,97.07126395549471
92.0,110.31578255685356
90.0,75.41158679584389
102.0,90.64133179042538
95.0,128.75197662191908
96.00001,100.46731482450402
88.0,105.43534061988105
89.0,100.71092434150368
91.0,91.08380601471286
94.0,83.07694413189213
77.0,87.085554559152
68.0,89.0190166831785
65.0,92.97566456553362
75.0,79.41598052564109
86.0,94.48265628113391
86.0,100.14861110104674
132.0,97.62154839881197
156.0,131.71841722268428
150.0,144.24902959723025
127.0,140.6655804974303
110.0,120.05269589250213
111.0,110.93505148459622
121.0,109.17692290110307
113.0,117.25404766514424
91.0,102.3628621864073
90.0,98.71025527165841
89.0,111.4083122913761
91.0,89.95351883639191
106.0,106.67106868226817
105.0,126.22396365170363
92.0,94.74852445299662
100.0,81.20990918161961
98.0,99.17810564635286
87.0,92.28818833909317
92.0,94.6135401516506
85.0,89.03705675789416
76.0,82.54245041654305
81.0,71.0119149235969
69.0,91.03548057301515
62.0,75.90309885505278
77.0,79.27655881122826
75.0,85.683728325188
64.0,86.47882208431865
70.0,78.79350897345046
74.0,82.62645547900135
78.0,87.76170340846615
93.0,92.00853160228014
121.0,97.73884673943948
109.0,117.79446048458641
114.0,109.58505751861883
116.0,116.79460339623478
127.0,112.88258621134769
114.0,122.52322164849043
97.0,105.00355447645651
96.00001,95.89356410668258
75.0,92.90904793103432
70.0,76.47235862466083
63.0,78.89902224623138
63.0,72.97079224909477
71.0,75.620485279319
70.0,81.72728785809859
79.0,86.45245961688141
83.0,85.83955915809128
81.0,91.66645135566104
87.0,86.99614852070697
79.0,91.67744713588496
71.0,88.031467832373
96.00001,81.44581363216476
95.0,101.61006250980931
104.0,104.08689179402297
108.0,107.89620907944602
108.0,108.60955289567315
122.0,109.74471718072576
146.0,119.12130616962719
152.0,142.6679769102723
152.0,146.9363523663301
134.0,144.30747424961598
113.0,114.24030162857947
88.0,95.37416865341504
91.0,70.4846901636164
84.0,86.67227441515524
82.0,76.48382500582723
74.0,79.89622693976432
73.0,74.37191764358894
77.0,86.38063782554971
76.0,84.85950968263094
108.0,89.5700815069764
113.0,117.17044557569879
104.0,118.32807742792417
90.0,111.92490258836177
74.0,99.64582269671129
91.0,85.53994365124822
99.0,97.11112107354248
102.0,110.91650053371198
113.0,101.55636103313893
130.0,123.10659392509598
117.0,119.24540094511583
111.0,110.4345941155309
86.0,109.52031029784007
75.0,74.58977148363469
68.0,92.2888326145702
68.0,81.26465526520686
68.0,71.65862678353808
77.0,85.6513262228285
69.0,96.03096086256718
76.0,84.74535036074288
71.0,74.83112654425871
69.0,73.57274998047056
77.0,64.14972495709857
92.0,63.93282158666454
107.0,97.07456379658778
100.0,108.8773111786666
98.0,108.29998777762614
98.0,118.62980915962491
109.0,119.71407046304476
117.0,128.93966682508014
127.0,129.08836432805904
121.0,128.43064570481278
125.0,121.32500257758193
104.0,124.20275611035657
86.0,99.4125839330544
76.0,78.90098051121728
67.0,72.05227808095387
63.0,62.69573294755843
50.0,64.93836433244037
54.0,62.54345340861832
54.0,69.1159111223036
51.0,66.64947721449285
58.0,59.13034795948736
59.0,69.71086052365722
60.0,73.1107242995481
69.0,71.36295100889497
68.0,73.86940200857849
70.0,75.30866280125086
70.0,78.04388102008706
74.0,79.78822872586572
72.0,82.36749500067238
77.0,82.24437972773691
85.0,86.73789090904636
85.0,91.59170362321785
93.0,91.20283759125451
96.00001,96.02445629208901
97.0,97.23186247725448
100.0,98.20590458023698
96.00001,97.56438742613959
96.00001,93.99373068622876
87.0,98.20604966905252
83.0,89.48411038882514
75.0,88.07612781439472
79.0,79.32237715339126
76.0,86.44440122777321
82.0,88.92030774725714
96.00001,92.60906957748168
96.00001,103.20904487844315
102.0,105.8579422498438
81.0,110.03024346918653
82.0,91.94054748057238
68.0,86.29123449913878
68.0,85.57925793009211
70.0,85.97767827264774
74.0,84.06522457189294
76.0,87.17528156189294
78.0,85.99241418016986
89.0,90.63485424966126
79.0,96.49023496015543
73.0,99.24613122907581
74.0,83.21494848768462
88.0,80.39998734889252
78.0,90.99418802863364
78.0,78.66548135742883
72.0,89.12057927972
69.0,80.00110081171186
61.0,80.02793759259562
56.0,73.83516198489427
54.0,68.50208735109149
64.0,71.32555365827929
64.0,76.65336694711424
68.0,76.13895073199757
68.0,78.88778660569068
103.0,82.34148352035261
130.0,102.76518464968059
120.0,124.08950134644006
105.0,123.03536718923488
90.0,110.18561748061208
85.0,93.19048481931752
90.0,94.45591514653074
98.0,121.44301065201083
95.0,111.25664442115932
93.0,92.73084605364559
92.0,98.0664830121322
114.0,103.25034466859515
139.0,120.53966151117818
111.0,129.1061716930025
90.0,112.46004028503431
96.00001,79.26082985660969
98.0,90.18334343948753
100.0,93.18711812616172
80.0,101.70484502706474
83.0,86.59836626182879
79.0,90.54751001636265
86.0,88.22879282740834
89.0,86.5515535277198
83.0,91.47757785333252
108.0,88.46759743077342
95.0,104.11069406057644
85.0,96.59878531174462
84.0,94.30381043651147
78.0,95.54125636032025
72.0,90.61289120623942
87.0,92.77021346941328
76.0,103.84654694193325
80.0,96.14162153246357
89.0,93.76398236471962
97.0,102.3464193534348
118.0,98.40214301755032
138.0,117.42008922502181
147.0,139.7708302755523
154.0,143.07701302402378
156.0,127.19975905585643
136.0,130.45734956566784
120.0,130.80994329185827
92.0,108.40267885274913
72.0,85.66329772065778
68.0,61.77250361045838
75.0,57.647257416482006
85.0,76.41970388586226
80.0,78.26551266971212
81.0,88.0224157505758
106.0,84.2459953955446
86.0,105.19695352040931
99.0,92.57805590068337
122.0,102.71858446295398
114.0,119.93254080587552
112.0,114.84570140082064
139.0,112.84707263762317
123.0,143.068362947593
110.0,120.83342760656025
97.0,115.44867263358726
124.0,114.06439664489542
110.0,124.07124605337111
108.0,90.87159368946396
93.0,113.8248365776986
98.0,102.0303638715241
102.0,100.78613229135175
112.0,101.55254818552054
113.0,111.33431148969255
111.0,105.90622985458512
103.0,89.67035075765759
91.0,87.40332613904314
78.0,87.02274052280535
78.0,80.9975017783163
76.0,84.89216514787677
75.0,89.92973156081901
79.0,89.58529513007284
66.0,89.72301722132589
64.0,82.13753572968575
62.0,82.20994182271211
72.0,78.68727368464077
73.0,86.40636018661858
90.0,91.88355776082243
90.0,104.66821166975326
154.0,101.69418033940498
155.0,157.23327197671955
155.0,150.95240011064016
152.0,141.90637104876578
146.0,136.3715084157261
135.0,139.60692444222806
130.0,119.0573983358259
122.0,124.7864154860993
137.0,117.1657337619194
110.0,129.07083467858155
95.0,97.36239859117113
92.0,99.31581785476347
100.0,110.33638691576019
93.0,104.29329651038178
75.0,91.40642439410405
73.0,73.50391642906156
72.0,76.87509040560309
80.0,81.85326639430878
80.0,90.93322001864526
87.0,91.00588081779033
95.0,100.82678676238311
76.0,103.58595822539942
79.0,91.6539108837778
95.0,95.92704700667508
120.0,110.97618251144605
117.0,127.47397658367993
105.0,106.76220251832855
101.0,100.99173322570202
97.0,85.8940923240433
96.00001,81.33888365388466
96.00001,90.96725803298594
75.0,102.90397117306935
65.0,90.56440874001073
60.0,71.32773276003458
65.0,83.98307224586932
68.0,83.27895644605704
59.0,82.07588884077508
61.0,67.26607704541775
93.0,73.4876411647925
79.0,87.22310044145193
93.0,91.31468786572722
116.0,101.61320571227365
139.0,113.72639740872489
116.0,136.1497825974015
115.0,123.71377805181142
116.0,107.4182166662015
156.0,110.66380476304707
129.0,169.22876914308333
117.0,115.32510430648671
112.0,111.25457957744601
97.0,105.23465182251708
85.0,87.1141447060245
86.0,84.71132300222506
85.0,76.22150645687287
85.0,75.46740095076326
72.0,69.44448023756226
63.0,68.02047014955028
61.0,59.97585644591652
68.0,68.02094432107069
77.0,88.00950555405466
85.0,92.44264102192328
89.0,94.12019613340672
77.0,98.625775876861
73.0,95.37602288308511
63.0,94.52545517068367
55.0,80.20929994005456
55.0,74.83966274592748
50.0,73.2094077856556
45.0,74.39006989789678
41.0,68.99104767191527
33.0,76.78733449105226
52.0,65.16916752710617
60.0,71.83310392052455
54.0,77.87075229280228
57.0,69.76659286897547
59.0,61.17703654713493
59.0,67.4484838075906
50.0,67.84812337192727
45.0,62.585150683752055
53.0,54.91149632238941
58.0,59.61561497025394
59.0,63.01413153883467
70.0,69.82201566914442
65.0,82.27627521165782
63.0,74.26355694325154
62.0,67.85480717727243
59.0,66.95903343066342
62.0,66.5306807251093
73.0,67.37925475540507
54.0,70.60437788924524
52.0,68.17775573229676
56.0,67.88882085250238
52.0,67.53139186409058
58.0,70.38056343433495
60.0,78.73101754960116
70.0,78.65309610004869
71.0,82.82220285043789
66.0,83.47689133895308
79.0,79.55931984079916
74.0,81.6501849603217
73.0,74.11812939904326
64.0,78.35264101580181
59.0,76.92217834916211
59.0,71.79949278061203
56.0,72.56504093528794
68.0,68.24189031307351
68.0,76.92284836423366
69.0,72.29327129651811
76.0,77.50734995483575
83.0,84.00744396980419
78.0,79.88964930955227
72.0,79.20832285398782
