,actual,predicted
0,52.0,53.859375
1,45.0,56.07805
2,45.0,53.675
3,53.0,51.665657
4,53.0,58.173016
5,62.0,56.172
6,62.0,62.424973
7,59.0,60.54283
8,59.0,58.918324
9,83.0,57.623863
10,83.0,81.932304
11,97.0,80.48815
12,97.0,89.872086
13,94.0,86.58824
14,94.0,86.069046
15,79.0,87.04153
16,79.0,77.41031
17,64.0,76.35838
18,64.0,64.7816
19,60.0,62.773754
20,60.0,60.071434
21,61.0,59.7591
22,61.0,61.010372
23,57.0,61.24566
24,57.0,57.950817
25,59.0,57.694805
26,59.0,60.73708
27,45.0,61.52288
28,45.0,48.677444
29,43.0,46.201706
30,43.0,44.763935
31,55.0,44.355762
32,55.0,54.44764
33,55.0,52.192528
34,55.0,50.254063
35,58.0,51.550884
36,58.0,55.38332
37,59.0,56.915165
38,59.0,58.878204
39,60.0,59.481377
40,60.0,61.16077
41,57.0,61.746994
42,57.0,59.769035
43,56.0,59.307686
44,56.0,62.622425
45,53.0,61.055904
46,53.0,53.730347
47,53.0,55.204247
48,53.0,54.72587
49,53.0,53.88633
50,53.0,54.81711
51,57.0,55.53439
52,57.0,60.31784
53,64.0,62.14157
54,64.0,65.809586
55,72.0,64.547
56,72.0,73.09631
57,63.0,73.080414
58,63.0,63.021835
59,62.0,61.720783
60,62.0,61.243206
61,62.0,62.144444
62,62.0,62.77579
63,55.0,62.575813
64,55.0,56.080173
65,68.0,55.03236
66,68.0,68.53745
67,57.0,68.95631
68,57.0,59.427464
69,54.0,57.6959
70,54.0,55.06632
71,55.0,55.404404
72,55.0,56.235397
73,53.0,55.844646
74,53.0,54.81152
75,46.0,54.78897
76,46.0,48.00091
77,52.0,46.89118
78,52.0,54.09879
79,49.0,53.788822
80,49.0,48.868942
81,56.0,47.48591
82,56.0,54.114193
83,53.0,53.911316
84,53.0,50.55388
85,50.0,50.640923
86,50.0,51.064346
87,53.0,53.830894
88,53.0,57.92695
89,50.0,58.96683
90,50.0,58.044357
91,50.0,55.83281
92,50.0,55.513412
93,54.0,54.489895
94,54.0,56.049953
95,56.0,57.363655
96,56.0,57.17968
97,63.0,60.77635
98,63.0,67.64831
99,64.0,66.178696
100,64.0,68.83185
101,62.0,68.97933
102,62.0,66.244026
103,69.0,64.09041
104,69.0,71.17699
105,63.0,70.99754
106,63.0,64.08902
107,62.0,63.169247
108,62.0,61.721447
109,86.0,61.766636
110,86.0,90.714294
111,91.0,85.77852
112,91.0,89.318245
113,87.0,89.60045
114,87.0,87.06366
115,94.0,87.77264
116,94.0,97.006744
117,90.0,97.08906
118,90.0,92.56861
119,87.0,93.54336
120,87.0,92.22408
121,79.0,92.831604
122,79.0,83.69846
123,69.0,82.29492
124,69.0,69.99648
125,76.0,69.663
126,76.0,78.94281
127,77.0,77.241165
128,77.0,74.53614
129,66.0,72.539215
130,66.0,62.073277
131,66.0,62.29859
132,66.0,61.346146
133,66.0,63.500385
134,66.0,64.21032
135,62.0,66.10125
136,62.0,63.294563
137,61.0,63.453194
138,61.0,63.36342
139,56.0,63.16262
140,56.0,58.731277
141,52.0,59.111546
142,52.0,57.943356
143,51.0,57.094788
144,51.0,56.28479
145,46.0,54.853252
146,46.0,53.347687
147,58.0,52.48067
148,58.0,66.7228
149,60.0,62.053356
150,60.0,61.412655
151,70.0,58.619156
152,70.0,69.664825
153,77.0,69.67691
154,77.0,76.54969
155,100.0,75.463
156,100.0,97.13103
157,105.0,91.40405
158,105.0,96.52504
159,85.0,96.74225
160,85.0,83.06446
161,75.0,83.10535
162,75.0,74.11739
163,72.0,73.598274
164,72.0,71.317276
165,73.0,71.12465
166,73.0,71.86671
167,68.0,71.82365
168,68.0,67.523506
169,59.0,67.4796
170,59.0,61.49419
171,57.0,61.554375
172,57.0,58.28639
173,57.0,58.226048
174,57.0,58.813526
175,52.0,58.01901
176,52.0,51.75624
177,55.0,49.64096
178,55.0,51.864727
179,54.0,51.68795
180,54.0,51.126385
181,51.0,51.59319
182,51.0,52.309708
183,51.0,54.756886
184,51.0,55.801643
185,42.0,54.408398
186,42.0,47.329006
187,38.0,47.092472
188,38.0,45.29899
189,50.0,44.432785
190,50.0,54.156273
191,57.0,54.244225
192,57.0,61.87278
193,60.0,62.84667
194,60.0,66.572495
195,70.0,62.381733
196,70.0,71.09278
197,75.0,67.890335
198,75.0,72.92502
199,77.0,73.20284
200,77.0,74.50345
201,75.0,74.36612
202,75.0,73.90706
203,61.0,74.329
204,61.0,61.98346
205,67.0,60.821922
206,67.0,68.13615
207,60.0,68.74584
208,60.0,61.992496
209,63.0,60.705856
210,63.0,63.926662
211,62.0,64.14679
212,62.0,63.287395
213,58.0,62.909134
214,58.0,59.288967
215,56.0,59.059673
216,56.0,57.657284
217,55.0,57.72179
218,55.0,55.887993
219,55.0,55.67443
220,55.0,55.784172
221,60.0,55.626015
222,60.0,62.056488
223,56.0,60.799107
224,56.0,54.98318
225,56.0,53.406746
226,56.0,52.30614
227,52.0,52.524033
228,52.0,48.551395
229,45.0,49.767063
230,45.0,46.39453
231,52.0,48.847843
232,52.0,57.01484
233,53.0,55.802933
234,53.0,54.43339
235,57.0,54.234947
236,57.0,57.67941
237,57.0,57.939426
238,57.0,57.42221
239,54.0,57.242386
240,54.0,54.882866
241,53.0,54.318165
242,53.0,58.257893
243,53.0,56.04681
244,53.0,56.257706
245,52.0,54.736824
246,52.0,52.536343
247,60.0,50.426517
248,60.0,59.304295
249,52.0,60.67667
250,52.0,52.25054
251,52.0,51.382084
252,52.0,52.05387
253,55.0,52.87897
254,55.0,56.214672
255,53.0,56.042446
256,53.0,54.05563
257,59.0,53.42281
258,59.0,60.414253
259,54.0,60.42443
260,54.0,55.654415
261,60.0,54.620583
262,60.0,60.862354
263,38.0,61.75945
264,38.0,42.617733
265,48.000004,38.373573
266,48.000004,49.95846
267,43.0,52.46805
268,43.0,48.360207
269,44.0,47.45228
270,44.0,48.589752
271,45.0,48.374695
272,45.0,46.632175
273,48.000004,43.40624
274,48.000004,45.470455
275,52.0,48.11674
276,52.0,51.164173
277,51.0,52.473583
278,51.0,51.566975
279,52.0,53.60482
280,52.0,56.348675
281,51.0,55.957146
282,51.0,54.645733
283,51.0,54.3113
284,51.0,55.76621
285,50.0,55.10956
286,50.0,55.27104
287,47.0,55.07568
288,47.0,53.327652
289,51.0,51.82586
290,51.0,58.014458
291,62.0,56.471546
292,62.0,66.75304
293,66.0,62.224705
294,66.0,65.85808
295,61.0,63.687206
296,61.0,60.307438
297,53.0,59.52143
298,53.0,51.55858
299,53.0,50.91983
300,53.0,50.683853
301,50.0,51.41369
302,50.0,49.46102
303,56.0,49.176517
304,56.0,55.172665
305,61.0,56.693607
306,61.0,61.044735
307,49.0,60.82513
308,49.0,50.685528
309,53.0,47.960888
310,53.0,52.180843
311,48.000004,53.704727
312,48.000004,49.204857
313,43.0,48.096203
314,43.0,44.282776
315,42.0,43.714653
316,42.0,42.820942
317,33.0,42.375076
318,33.0,35.927494
319,35.0,34.000378
320,35.0,34.810326
321,34.0,35.490913
322,34.0,36.197193
323,40.0,37.470264
324,40.0,40.12041
325,51.0,42.63074
326,51.0,54.164593
327,59.0,56.223053
328,59.0,62.755474
329,57.0,63.393623
330,57.0,60.196545
331,56.0,61.402363
332,56.0,61.15662
333,58.0,60.767963
334,58.0,64.25275
335,58.0,63.55551
336,58.0,62.48601
337,58.0,62.084988
338,58.0,63.646267
339,63.0,62.146152
340,63.0,68.51543
341,66.0,64.86623
342,66.0,67.848694
343,68.0,65.52214
344,68.0,68.65939
345,74.0,68.8242
346,74.0,74.51199
347,78.0,74.62914
348,78.0,77.3357
349,69.0,76.81682
350,69.0,67.73647
351,65.0,66.848114
352,65.0,63.774174
353,63.0,64.9004
354,63.0,62.538395
355,59.0,62.43204
356,59.0,59.25531
357,63.0,58.945473
358,63.0,63.07263
359,62.0,64.07724
360,62.0,63.26247
361,56.0,62.864243
362,56.0,57.368263
363,60.0,56.97497
364,60.0,61.457504
365,57.0,61.55973
366,57.0,58.744713
367,56.0,57.157658
368,56.0,55.05441
369,61.0,54.195232
370,61.0,59.22946
371,66.0,59.11934
372,66.0,64.56894
373,67.0,63.97501
374,67.0,64.87974
375,74.0,66.11735
376,74.0,72.990875
377,67.0,74.31697
378,67.0,66.9784
379,64.0,66.456116
380,64.0,67.05553
381,54.0,65.94615
382,54.0,58.71624
383,63.0,56.933323
384,63.0,64.6985
385,65.0,64.97576
386,65.0,68.635185
387,60.0,68.114365
388,60.0,65.20641
389,62.0,62.06487
390,62.0,63.19172
391,60.0,61.80629
392,60.0,59.575394
393,57.0,59.48325
394,57.0,57.266064
395,66.0,57.009205
396,66.0,65.87423
397,70.0,66.735275
398,70.0,71.404366
399,74.0,70.23094
400,74.0,74.18114
401,68.0,74.168304
402,68.0,68.43966
403,69.0,67.74517
404,69.0,68.717255
405,64.0,69.34486
406,64.0,64.57977
407,64.0,63.988316
408,64.0,65.08914
409,59.0,65.12924
410,59.0,59.772858
411,57.0,59.640484
412,57.0,56.842197
413,54.0,56.55938
414,54.0,55.0889
415,59.0,53.78516
416,59.0,57.474728
417,56.0,56.42733
418,56.0,53.84605
419,67.0,53.41175
420,67.0,64.56584
421,65.0,67.19364
422,65.0,63.83713
423,62.0,64.27792
424,62.0,62.730732
425,71.0,62.739746
426,71.0,70.66939
427,76.0,71.0607
428,76.0,76.83752
429,62.0,78.99983
430,62.0,67.03771
431,61.0,64.04482
432,61.0,64.17173
433,61.0,60.691013
434,61.0,61.720394
435,63.0,63.172894
436,63.0,65.95923
437,66.0,63.45387
438,66.0,65.98335
439,64.0,64.326485
440,64.0,63.264812
441,67.0,63.76613
442,67.0,67.07819
443,66.0,68.13897
444,66.0,66.03857
445,60.0,65.69082
446,60.0,60.27257
447,69.0,59.4153
448,69.0,68.97493
449,65.0,69.72694
450,65.0,65.750084
451,60.0,64.70453
452,60.0,60.242016
453,60.0,60.356945
454,60.0,60.229763
455,59.0,60.526634
456,59.0,59.84545
457,51.0,59.87187
458,51.0,53.305035
459,55.0,52.67809
460,55.0,56.46998
461,50.0,56.72155
462,50.0,51.551277
463,55.0,50.28194
464,55.0,54.3604
465,53.0,52.712963
466,53.0,49.53668
467,46.0,49.003525
468,46.0,43.828327
469,53.0,44.81101
470,53.0,53.031403
471,48.000004,54.905807
472,48.000004,52.80247
473,49.0,53.72345
474,49.0,55.718872
475,49.0,54.444782
476,49.0,56.70091
477,55.0,54.738575
478,55.0,59.55363
479,52.0,59.776264
480,52.0,56.29829
481,52.0,54.357246
482,52.0,57.22491
483,61.0,56.90051
484,61.0,63.905754
485,61.0,59.045315
486,61.0,60.473698
487,41.0,58.466805
488,41.0,41.393074
489,48.000004,38.29922
490,48.000004,45.060345
491,49.0,46.559498
492,49.0,46.093895
493,47.0,45.63137
494,47.0,45.03719
495,58.0,45.113354
496,58.0,56.631252
497,56.0,58.55395
498,56.0,56.20032
499,52.0,55.371975
500,52.0,51.848705
501,49.0,51.44295
502,49.0,48.75918
503,41.0,48.276566
504,41.0,41.2231
505,43.0,39.491432
506,43.0,42.787937
507,43.0,44.098476
508,43.0,45.262283
509,40.0,45.646996
510,40.0,43.017117
511,45.0,43.059258
512,45.0,45.514565
513,50.0,43.39176
514,50.0,46.81468
515,50.0,47.50307
516,50.0,47.612934
517,41.0,49.712902
518,41.0,44.080082
519,54.0,45.953175
520,54.0,59.22845
521,44.0,59.94182
522,44.0,51.67019
523,38.0,50.282616
524,38.0,46.892845
525,38.0,45.88662
526,38.0,45.768826
527,44.0,43.97346
528,44.0,51.65142
529,54.0,52.058468
530,54.0,60.399
531,55.0,59.165585
532,55.0,60.62487
533,59.0,60.738174
534,59.0,63.377605
535,65.0,60.995163
536,65.0,65.20896
537,67.0,64.73532
538,67.0,66.19767
539,64.0,67.04494
540,64.0,62.480793
541,72.0,62.224846
542,72.0,72.19497
543,77.0,72.364105
544,77.0,76.55559
545,71.0,76.01832
546,71.0,69.27932
547,64.0,68.52077
548,64.0,62.91199
549,60.0,63.725094
550,60.0,60.4879
551,56.0,60.923656
552,56.0,57.64908
553,55.0,57.670536
554,55.0,57.712936
555,59.0,58.09456
556,59.0,63.163937
557,59.0,62.964024
558,59.0,62.298138
559,66.0,60.77293
560,66.0,66.3281
561,69.0,63.63562
562,69.0,66.86365
563,74.0,68.708046
564,74.0,74.824394
565,75.0,75.54204
566,75.0,74.048546
567,75.0,75.62042
568,75.0,74.98771
569,71.0,73.567116
570,71.0,70.6027
571,71.0,70.19863
572,71.0,70.96195
573,71.0,71.49627
574,71.0,72.25898
575,76.0,73.05236
576,76.0,78.618614
577,77.0,79.224464
578,77.0,81.805565
579,72.0,77.79232
580,72.0,75.38846
581,67.0,71.37669
582,67.0,66.86493
583,62.0,67.79173
584,62.0,63.807377
585,62.0,63.677822
586,62.0,62.022926
587,62.0,62.835472
588,62.0,62.940647
589,68.0,63.702957
590,68.0,72.76121
591,66.0,69.20635
592,66.0,65.624306
593,64.0,65.79754
594,64.0,63.97636
595,59.0,64.33312
596,59.0,59.3384
597,55.0,59.05379
598,55.0,55.32761
599,50.0,55.410088
600,50.0,50.961803
601,45.0,50.275642
602,45.0,46.758907
603,53.0,46.79469
604,53.0,55.09955
605,55.0,55.45886
606,55.0,55.963146
607,57.0,53.54836
608,57.0,54.40417
609,54.0,53.914577
610,54.0,52.043663
611,58.0,50.61728
612,58.0,55.350796
613,65.0,57.376263
614,65.0,64.24346
615,59.0,66.49858
616,59.0,62.014942
617,56.0,61.782654
618,56.0,59.04868
619,74.0,59.288315
620,74.0,75.58367
621,115.0,77.23282
622,115.0,113.05075
623,90.0,117.46514
624,90.0,88.24617
625,68.0,87.4739
626,68.0,69.70545
627,55.0,67.195694
628,55.0,59.68755
629,62.0,56.80125
630,62.0,63.719364
631,66.0,64.15604
632,66.0,67.51425
633,60.0,66.61043
634,60.0,60.15007
635,61.0,59.76682
636,61.0,61.617867
637,63.0,62.28502
638,63.0,64.30691
639,62.0,64.12486
640,62.0,63.117744
641,55.0,62.890297
642,55.0,55.90985
643,53.0,54.86024
644,53.0,53.497337
645,57.0,53.185772
646,57.0,57.458057
647,58.0,58.22427
648,58.0,59.050213
649,53.0,59.350765
650,53.0,54.636166
651,54.0,53.52178
652,54.0,54.828186
653,106.0,55.494675
654,106.0,117.95913
655,90.0,104.94159
656,90.0,78.92022
657,76.0,81.86924
658,76.0,70.707985
659,57.0,71.11887
660,57.0,55.26535
661,59.0,51.38286
662,59.0,53.84658
663,53.0,60.66065
664,53.0,58.244232
665,48.000004,58.416584
666,48.000004,58.83178
667,43.0,56.894966
668,43.0,50.0566
669,46.0,47.921047
670,46.0,49.415756
671,42.0,48.725754
672,42.0,46.67384
673,42.0,45.180946
674,42.0,49.60182
675,54.0,49.721336
676,54.0,55.861614
677,43.0,54.38641
678,43.0,46.000145
679,44.0,44.319214
680,44.0,44.68083
681,43.0,44.526417
682,43.0,42.920444
683,36.0,42.781338
684,36.0,36.714783
685,35.0,35.48017
686,35.0,34.254074
687,35.0,34.278316
688,35.0,34.134132
689,40.0,34.178913
690,40.0,38.420887
691,39.0,39.93636
692,39.0,39.28195
693,32.0,39.450302
694,32.0,33.8901
695,30.0,31.984955
696,30.0,30.957342
697,40.0,30.453337
698,40.0,39.836952
699,39.0,42.28044
700,39.0,42.295353
701,51.0,41.65886
702,51.0,51.68851
703,46.0,51.90888
704,46.0,46.459763
705,52.0,44.19359
706,52.0,49.23162
707,56.0,49.666058
708,56.0,51.31219
709,55.0,51.501266
710,55.0,52.052853
711,50.0,54.204433
712,50.0,50.082478
713,45.0,51.808453
714,45.0,48.93687
715,54.0,46.808315
716,54.0,55.820663
717,58.0,58.02608
718,58.0,62.155075
719,55.0,60.06
720,55.0,55.83997
721,56.0,54.561573
722,56.0,55.60195
723,52.0,56.21126
724,52.0,53.08935
725,56.0,53.32997
726,56.0,57.48503
727,53.0,58.601006
728,53.0,55.767384
729,51.0,54.667854
730,51.0,52.545612
731,54.0,52.193085
732,54.0,55.227524
733,55.0,55.572975
734,55.0,56.38076
735,53.0,56.428223
736,53.0,53.82598
737,43.0,53.550404
738,43.0,44.549023
739,40.0,43.979286
740,40.0,41.240128
741,51.0,41.453094
742,51.0,51.25966
743,52.0,51.43705
744,52.0,51.358437
745,33.0,51.588577
746,33.0,40.013733
747,37.0,38.731888
748,37.0,45.295925
749,33.0,45.32425
750,33.0,40.31719
751,35.0,37.425358
752,35.0,37.8898
753,36.0,38.109695
754,36.0,37.97426
755,30.0,35.789722
756,30.0,31.414518
757,34.0,31.017189
758,34.0,34.292465
759,35.0,35.65037
760,35.0,36.683125
761,26.0,36.80828
762,26.0,28.977104
763,11.0,26.914602
764,11.0,20.373251
765,12.000001,18.665518
766,12.000001,22.723166
767,16.0,22.727661
768,16.0,19.804117
769,27.0,21.472565
770,27.0,34.184143
771,47.0,36.47997
772,47.0,48.54138
773,58.0,48.57856
774,58.0,58.64055
775,52.0,57.4488
776,52.0,51.388264
777,52.0,52.67189
778,52.0,53.26414
779,51.0,53.222546
780,51.0,51.856792
781,52.0,50.907272
782,52.0,52.7405
783,41.0,52.5363
784,41.0,43.053097
785,43.0,40.64687
786,43.0,42.74444
787,36.0,42.892303
788,36.0,37.263554
789,28.0,35.56677
790,28.0,29.760962
791,23.0,27.929884
792,23.0,24.521091
793,22.0,23.651773
794,22.0,24.961332
795,42.0,25.295055
796,42.0,40.302303
797,42.0,42.04418
798,42.0,39.452385
799,22.0,39.262337
800,22.0,28.043146
801,28.0,24.986814
802,28.0,30.59178
803,35.0,32.835896
804,35.0,35.44002
805,34.0,35.2211
806,34.0,33.164757
807,38.0,35.955418
808,38.0,42.26746
809,40.0,41.733467
810,40.0,41.173615
811,36.0,42.26545
812,36.0,38.6953
813,33.0,38.38986
814,33.0,37.221046
815,35.0,35.760193
816,35.0,40.379257
817,30.0,41.248955
818,30.0,37.812878
819,25.0,36.401337
820,25.0,32.39643
821,25.0,30.532537
822,25.0,30.359081
823,29.0,28.540129
824,29.0,29.983738
825,31.0,26.989962
826,31.0,28.677572
827,30.0,28.123295
828,30.0,27.032032
829,28.0,26.52308
830,28.0,25.125885
831,28.0,24.952812
832,28.0,25.640486
833,25.0,25.395693
834,25.0,24.448782
835,25.0,24.792196
836,25.0,25.853416
837,23.0,25.90343
838,23.0,24.059032
839,47.0,24.422607
840,47.0,45.25627
841,42.0,46.65668
842,42.0,40.814857
843,31.0,41.744053
844,31.0,34.6433
845,32.0,36.053864
846,32.0,36.17171
847,28.0,35.24126
848,28.0,29.5446
849,29.0,29.029417
850,29.0,28.921179
851,29.0,29.355856
852,29.0,28.074627
853,39.0,29.25425
854,39.0,39.575428
855,43.0,42.7298
856,43.0,47.060974
857,44.0,46.397896
858,44.0,47.64921
859,52.0,47.381832
860,52.0,53.60408
861,48.000004,55.17226
862,48.000004,49.920696
863,40.0,50.491367
864,40.0,43.85474
865,41.0,42.69106
866,41.0,44.84303
867,41.0,44.69593
868,41.0,43.606186
869,45.0,42.4795
870,45.0,44.27257
871,41.0,44.044834
872,41.0,40.066177
873,43.0,38.67881
874,43.0,41.290077
875,40.0,41.45072
876,40.0,38.63197
877,49.0,38.062313
878,49.0,47.59915
879,49.0,48.10424
880,49.0,48.01967
881,48.000004,48.53421
882,48.000004,48.109566
883,38.0,48.512
884,38.0,39.84813
885,51.0,38.179623
886,51.0,50.641968
887,50.0,51.51879
888,50.0,49.419975
889,57.0,49.503944
890,57.0,59.168743
891,54.0,60.434765
892,54.0,56.971874
893,64.0,57.111313
894,64.0,67.51411
895,63.0,66.13485
896,63.0,63.98757
897,61.0,63.639553
898,61.0,59.681416
899,61.0,58.92438
900,61.0,54.355927
901,58.0,56.677757
902,58.0,54.71194
903,65.0,56.293148
904,65.0,66.25174
905,68.0,66.88135
906,68.0,66.50156
907,62.0,70.090706
908,62.0,65.561455
909,58.0,62.901848
910,58.0,61.078857
911,53.0,61.394264
912,53.0,58.30771
913,56.0,53.818283
914,56.0,57.846848
915,54.0,55.60611
916,54.0,52.512943
917,48.000004,53.076694
918,48.000004,48.447693
919,51.0,47.53406
920,51.0,51.339054
921,42.0,51.37761
922,42.0,43.564507
923,42.0,42.50844
924,42.0,42.07489
925,56.0,40.975845
926,56.0,56.1031
927,76.0,56.050434
928,76.0,79.997574
929,81.0,77.165054
930,81.0,83.0991
931,83.0,81.543816
932,83.0,84.95014
933,95.0,85.409
934,95.0,97.42475
935,98.0,92.16827
936,98.0,93.93565
937,114.0,91.29485
938,114.0,115.43198
939,109.0,106.9327
940,109.0,95.1062
941,113.0,105.5577
942,113.0,116.16338
943,131.0,109.059296
944,131.0,135.20523
945,144.0,127.87196
946,144.0,139.29054
947,124.0,135.18898
948,124.0,107.46321
949,102.0,115.17437
950,102.0,96.600975
951,85.0,99.04206
952,85.0,85.916145
953,77.0,83.15689
954,77.0,80.04259
955,78.0,82.102684
956,78.0,80.84516
957,79.0,81.84803
958,79.0,79.16704
959,74.0,79.20016
960,74.0,74.33846
961,68.0,72.135506
962,68.0,69.94722
963,57.0,67.09844
964,57.0,58.075794
965,48.000004,54.61374
966,48.000004,47.49156
967,38.0,49.464523
968,38.0,43.053658
969,34.0,38.914387
970,34.0,34.494022
971,38.0,33.275875
972,38.0,36.76858
973,42.0,36.891506
974,42.0,40.80134
975,33.0,42.110775
976,33.0,36.693394
977,25.0,34.802296
978,25.0,30.632511
979,23.0,34.281414
980,23.0,35.559334
981,43.0,36.81505
982,43.0,53.463375
983,53.0,54.94734
984,53.0,63.222427
985,58.0,61.21048
986,58.0,64.60157
987,61.0,64.480705
988,61.0,69.175
989,63.0,69.55837
990,63.0,70.02013
991,62.0,60.142914
992,62.0,60.794704
993,65.0,61.89409
994,65.0,62.81658
995,70.0,62.096565
996,70.0,63.68023
997,76.0,65.27643
998,76.0,79.534256
999,83.0,81.27402
1000,83.0,87.33426
1001,87.0,90.029976
1002,87.0,88.80533
1003,94.0,91.99145
1004,94.0,100.657814
1005,98.0,99.96078
1006,98.0,103.92493
1007,90.0,94.39313
1008,90.0,87.72256
1009,77.0,86.062355
1010,77.0,71.944214
1011,70.0,69.445045
1012,70.0,66.99208
1013,66.0,69.042915
1014,66.0,67.40066
1015,66.0,62.15238
1016,66.0,66.39012
1017,68.0,69.91824
1018,68.0,69.06984
1019,61.0,68.54904
1020,61.0,60.86724
1021,59.0,60.026863
1022,59.0,59.43913
1023,73.0,60.652325
1024,73.0,76.52694
1025,67.0,74.184425
1026,67.0,67.7388
1027,61.0,67.924194
1028,61.0,61.836487
1029,61.0,62.220375
1030,61.0,62.543674
1031,43.0,62.402218
1032,43.0,46.976826
1033,59.0,45.046604
1034,59.0,66.97188
1035,62.0,67.062584
1036,62.0,68.61753
1037,73.0,67.099625
1038,73.0,79.160065
1039,55.0,76.53678
1040,55.0,56.17077
1041,56.0,51.798492
1042,56.0,52.21516
1043,73.0,51.743896
1044,73.0,71.510345
1045,83.0,71.25521
1046,83.0,80.745605
1047,72.0,81.48387
1048,72.0,71.25153
1049,67.0,71.38018
1050,67.0,67.58551
1051,65.0,69.38257
1052,65.0,66.84118
1053,57.0,67.93744
1054,57.0,60.456135
1055,56.0,59.853027
1056,56.0,56.73038
1057,49.0,62.246925
1058,49.0,59.222897
1059,49.0,57.378887
1060,49.0,55.339706
1061,41.0,52.9094
1062,41.0,44.753666
1063,43.0,41.92955
1064,43.0,44.609467
1065,40.0,44.82781
1066,40.0,42.65372
1067,47.0,41.620743
1068,47.0,47.71897
1069,51.0,49.16616
1070,51.0,52.589413
1071,40.0,52.481876
1072,40.0,43.49685
1073,22.0,40.7539
1074,22.0,28.941942
1075,30.0,24.874794
1076,30.0,31.654747
1077,50.0,34.688515
1078,50.0,52.68128
1079,46.0,54.290607
1080,46.0,49.326153
1081,58.0,47.596123
1082,58.0,60.080734
1083,75.0,61.72972
1084,75.0,80.07849
1085,58.0,78.57028
1086,58.0,60.862637
1087,46.0,58.91822
1088,46.0,47.50179
1089,35.0,44.48346
1090,35.0,36.8489
1091,34.0,36.283215
1092,34.0,34.730755
1093,32.0,35.45309
1094,32.0,35.181538
1095,28.0,36.626316
1096,28.0,35.641754
1097,27.0,36.698326
1098,27.0,38.62457
1099,26.0,39.341206
1100,26.0,39.76312
1101,25.0,39.772392
1102,25.0,37.699734
1103,23.0,35.69323
1104,23.0,33.420536
1105,22.0,32.225185
1106,22.0,36.673973
1107,29.0,37.460007
1108,29.0,42.380665
1109,44.0,41.176105
1110,44.0,51.2148
1111,53.0,47.285885
1112,53.0,54.429436
1113,52.0,54.59772
1114,52.0,52.936222
1115,57.0,51.64153
1116,57.0,55.34639
1117,61.0,56.73551
1118,61.0,61.00087
1119,59.0,61.597153
1120,59.0,59.188255
1121,54.0,59.273872
1122,54.0,55.031708
1123,40.0,54.430607
1124,40.0,43.053326
1125,35.0,39.855747
1126,35.0,35.8934
1127,30.0,34.950893
1128,30.0,32.0463
1129,27.0,31.426592
1130,27.0,29.891588
1131,32.0,29.71739
1132,32.0,33.928192
1133,51.0,34.621777
1134,51.0,52.45766
1135,62.0,52.74631
1136,62.0,61.844296
1137,57.0,59.81145
1138,57.0,55.481533
1139,50.0,54.162663
1140,50.0,47.474293
1141,48.000004,48.96533
1142,48.000004,50.15219
1143,40.0,53.346912
1144,40.0,49.118202
1145,37.0,50.04506
1146,37.0,48.201027
1147,31.0,47.682228
1148,31.0,43.228912
1149,38.0,40.24664
1150,38.0,45.53857
1151,48.000004,45.69264
1152,48.000004,56.640125
1153,52.0,57.121487
1154,52.0,62.00259
1155,54.0,59.457943
1156,54.0,62.38595
1157,52.0,60.945312
1158,52.0,57.78858
1159,71.0,53.765003
1160,71.0,72.44966
1161,83.0,71.52087
1162,83.0,80.024956
1163,69.0,78.06858
1164,69.0,68.03804
1165,72.0,67.07366
1166,72.0,70.62605
1167,69.0,72.1234
1168,69.0,68.87816
1169,59.0,68.78061
1170,59.0,60.50229
1171,52.0,58.743217
1172,52.0,53.143856
1173,53.0,52.25846
1174,53.0,53.588642
1175,48.000004,54.01639
1176,48.000004,49.900738
1177,41.0,48.856167
1178,41.0,43.694874
1179,35.0,42.19386
1180,35.0,37.42786
1181,45.0,35.80342
1182,45.0,44.735363
1183,37.0,45.926388
1184,37.0,38.618893
1185,29.0,35.953655
1186,29.0,30.915195
1187,35.0,29.875233
1188,35.0,36.222424
1189,36.0,37.30735
1190,36.0,38.94933
1191,33.0,41.839943
1192,33.0,41.59934
1193,31.0,41.65753
1194,31.0,41.695923
1195,34.0,42.026722
1196,34.0,44.75982
1197,32.0,44.253075
1198,32.0,41.97615
1199,37.0,40.10385
1200,37.0,43.93121
1201,39.0,44.56045
1202,39.0,44.989536
1203,51.0,42.114983
1204,51.0,52.624935
1205,42.0,53.229996
1206,42.0,45.2945
1207,59.0,43.27115
1208,59.0,61.83952
1209,57.0,63.95816
1210,57.0,61.17928
1211,61.0,59.644085
1212,61.0,63.64491
1213,63.0,63.780052
1214,63.0,67.44162
1215,74.0,68.014626
1216,74.0,81.6492
1217,75.0,80.81992
1218,75.0,79.41531
1219,90.0,78.90974
1220,90.0,95.15883
1221,71.0,90.009026
1222,71.0,71.23791
1223,57.0,70.65533
1224,57.0,58.828247
1225,52.0,57.852215
1226,52.0,55.68824
1227,43.0,55.929153
1228,43.0,48.36305
1229,32.0,45.80152
1230,32.0,37.340508
1231,39.0,36.530174
1232,39.0,44.30068
1233,52.0,44.487465
1234,52.0,55.912605
1235,45.0,53.638332
1236,45.0,44.519802
1237,41.0,44.200756
1238,41.0,41.485447
1239,31.0,41.990276
1240,31.0,37.306805
1241,26.0,36.211674
1242,26.0,33.79189
1243,25.0,32.931416
1244,25.0,31.633213
1245,50.0,30.986223
1246,50.0,50.520718
1247,50.0,52.772232
1248,50.0,53.042824
1249,40.0,53.15709
1250,40.0,43.651257
1251,53.0,42.05029
1252,53.0,53.104847
1253,52.0,53.171913
1254,52.0,53.971474
1255,63.0,53.974392
1256,63.0,65.0603
1257,59.0,65.48817
1258,59.0,60.054245
1259,56.0,59.064472
1260,56.0,55.76102
1261,47.0,55.43999
1262,47.0,48.057327
1263,32.0,46.81703
1264,32.0,35.25555
1265,33.0,32.93156
1266,33.0,33.481426
1267,37.0,33.758625
1268,37.0,37.517788
1269,50.0,37.988052
1270,50.0,51.27964
1271,48.000004,52.579025
1272,48.000004,50.378338
1273,67.0,49.399914
1274,67.0,73.694695
1275,55.0,72.869545
1276,55.0,59.626705
1277,64.0,56.74024
1278,64.0,65.7654
1279,73.0,65.82248
1280,73.0,74.242485
1281,72.0,71.80962
1282,72.0,69.82349
1283,67.0,68.19148
1284,67.0,59.96228
1285,57.0,62.581654
1286,57.0,56.468937
1287,45.0,58.56528
1288,45.0,52.06038
1289,37.0,52.302147
1290,37.0,46.766663
1291,50.0,46.25252
1292,50.0,57.267868
1293,53.0,56.196735
1294,53.0,59.665462
1295,41.0,57.611652
1296,41.0,48.356396
1297,39.0,45.757587
1298,39.0,44.770454
1299,49.0,44.182236
1300,49.0,54.209377
1301,45.0,53.82179
1302,45.0,47.695164
1303,45.0,45.78187
1304,45.0,44.802425
1305,54.0,44.25286
1306,54.0,52.58351
1307,34.0,53.481884
1308,34.0,37.623955
1309,51.0,32.704945
1310,51.0,48.75975
1311,59.0,51.820145
1312,59.0,58.281803
1313,55.0,58.14006
1314,55.0,55.230564
1315,57.0,54.72288
1316,57.0,56.718132
1317,55.0,57.486164
1318,55.0,56.085754
1319,54.0,55.914627
1320,54.0,55.200798
1321,54.0,55.14749
1322,54.0,55.887444
1323,59.0,56.275364
1324,59.0,60.70116
1325,59.0,60.393036
1326,59.0,60.31602
1327,60.0,58.74063
1328,60.0,58.58691
1329,61.0,58.157608
1330,61.0,58.017406
1331,61.0,58.49954
1332,61.0,58.51523
1333,53.0,59.660942
1334,53.0,55.738503
1335,39.0,57.86454
1336,39.0,49.91691
1337,32.0,50.124084
1338,32.0,43.505917
1339,24.000002,39.277496
1340,24.000002,39.3685
1341,23.0,39.246616
1342,23.0,32.95692
1343,24.000002,29.942757
1344,24.000002,30.224035
1345,22.0,29.165277
1346,22.0,28.83331
1347,32.0,26.779587
1348,32.0,33.20938
1349,33.0,36.195045
1350,33.0,36.45049
1351,33.0,43.43863
1352,33.0,50.58792
1353,35.0,48.621254
1354,35.0,42.454544
1355,51.0,37.739857
1356,51.0,50.482903
1357,40.0,50.675144
1358,40.0,42.633488
1359,33.0,40.598026
1360,33.0,34.576702
1361,27.0,32.90309
1362,27.0,28.608246
1363,45.0,27.41248
1364,45.0,44.0401
1365,39.0,46.671455
1366,39.0,41.64645
1367,25.0,40.315678
1368,25.0,30.758743
1369,33.0,27.753275
1370,33.0,34.349888
1371,31.0,35.282906
1372,31.0,32.72923
1373,56.0,31.338507
1374,56.0,55.7913
1375,56.0,55.733135
1376,56.0,54.59414
1377,37.0,53.672047
1378,37.0,40.652992
1379,44.0,37.95127
1380,44.0,42.687897
1381,47.0,44.10005
1382,47.0,47.99426
1383,51.0,50.12589
1384,51.0,53.785717
1385,52.0,54.19181
1386,52.0,53.278145
1387,49.0,53.338493
1388,49.0,51.917976
1389,56.0,51.56552
1390,56.0,58.040474
1391,56.0,57.787373
1392,56.0,56.660343
1393,52.0,57.233494
1394,52.0,56.497902
1395,45.0,57.775196
1396,45.0,50.168125
1397,41.0,47.026234
1398,41.0,42.52253
1399,54.0,41.231007
1400,54.0,53.28356
1401,55.0,53.680416
1402,55.0,53.63659
1403,54.0,53.194416
1404,54.0,52.952007
1405,51.0,53.678425
1406,51.0,51.184223
1407,55.0,51.20941
1408,55.0,54.405125
1409,57.0,55.42428
1410,57.0,56.900387
1411,48.000004,57.4257
1412,48.000004,50.842567
1413,52.0,49.22922
1414,52.0,52.40782
1415,41.0,53.067127
1416,41.0,45.29512
1417,31.0,43.193386
1418,31.0,36.306698
1419,45.0,33.53078
1420,45.0,44.654476
1421,45.0,45.69458
1422,45.0,45.931522
1423,50.0,44.80742
1424,50.0,48.576538
1425,53.0,48.134865
1426,53.0,50.609398
1427,61.0,50.660957
1428,61.0,56.0262
1429,54.0,57.766006
1430,54.0,53.321033
1431,51.0,55.482468
1432,51.0,54.459255
1433,48.000004,56.366837
1434,48.000004,54.432034
1435,41.0,54.09309
1436,41.0,51.972767
1437,41.0,48.755253
1438,41.0,45.838573
1439,43.0,45.233494
1440,43.0,47.897526
1441,73.0,47.88302
1442,73.0,78.01452
1443,61.0,72.55053
1444,61.0,59.024345
1445,66.0,60.71049
1446,66.0,66.71502
1447,73.0,70.00134
1448,73.0,75.3681
1449,61.0,73.865456
1450,61.0,63.449352
1451,63.0,61.889423
1452,63.0,62.245632
1453,59.0,62.829933
1454,59.0,59.864742
1455,60.0,59.24061
1456,60.0,59.981583
1457,63.0,60.1449
1458,63.0,62.364536
1459,58.0,62.815037
1460,58.0,59.46189
1461,64.0,58.68124
1462,64.0,63.011124
1463,35.0,63.34404
1464,35.0,45.44769
1465,30.0,39.050655
1466,30.0,35.118164
1467,48.000004,32.673286
1468,48.000004,48.03375
1469,51.0,48.306328
1470,51.0,50.781044
1471,59.0,50.581264
1472,59.0,56.154556
1473,54.0,57.3907
1474,54.0,53.751045
1475,43.0,53.170994
1476,43.0,45.945915
1477,46.0,41.973103
1478,46.0,48.82424
1479,44.0,52.86696
1480,44.0,52.381737
1481,38.0,51.876038
1482,38.0,47.478714
1483,38.0,46.91107
1484,38.0,48.56282
1485,44.0,47.87264
1486,44.0,51.03234
1487,56.0,50.364834
1488,56.0,61.99761
1489,47.0,60.75255
1490,47.0,56.528603
1491,46.0,56.473846
1492,46.0,55.692368
1493,48.000004,53.635387
1494,48.000004,53.708996
1495,52.0,51.852955
1496,52.0,53.962246
1497,54.0,53.459274
1498,54.0,52.84983
1499,54.0,53.536278
1500,54.0,52.92373
1501,43.0,53.97751
1502,43.0,45.03671
1503,42.0,43.0884
1504,42.0,42.01507
1505,35.0,42.002083
1506,35.0,36.918427
1507,51.0,35.672688
1508,51.0,50.523743
1509,30.0,52.06834
1510,30.0,37.157467
1511,33.0,32.776012
1512,33.0,33.825603
1513,27.0,34.2942
1514,27.0,31.274977
1515,20.0,30.565338
1516,20.0,26.386827
1517,26.0,24.578524
1518,26.0,29.833014
1519,25.0,30.16129
1520,25.0,29.556322
1521,23.0,28.153797
1522,23.0,24.902466
1523,32.0,24.666103
1524,32.0,29.893095
1525,37.0,30.93037
1526,37.0,37.668484
1527,52.0,41.333984
1528,52.0,56.229214
1529,55.0,55.033314
1530,55.0,54.6698
1531,48.000004,59.646122
1532,48.000004,56.158993
1533,39.0,52.561455
1534,39.0,45.866512
1535,32.0,44.491943
1536,32.0,44.70238
1537,24.000002,47.034973
1538,24.000002,38.33279
1539,39.0,31.893644
1540,39.0,43.005924
1541,45.0,41.68771
1542,45.0,47.063942
1543,37.0,48.004395
1544,37.0,40.50081
1545,35.0,38.774242
1546,35.0,35.59034
1547,40.0,33.74154
1548,40.0,38.072296
1549,49.0,39.946926
1550,49.0,47.993668
1551,57.0,49.55293
1552,57.0,55.485447
1553,45.0,56.697647
1554,45.0,48.5218
1555,37.0,47.07453
1556,37.0,41.031788
1557,29.0,39.023396
1558,29.0,33.000282
1559,27.0,30.671175
1560,27.0,29.279266
1561,34.0,28.52721
1562,34.0,33.849648
1563,34.0,34.846916
1564,34.0,35.4508
1565,33.0,35.773125
1566,33.0,35.604294
1567,27.0,34.74576
1568,27.0,29.713179
1569,28.0,28.518822
1570,28.0,29.442915
1571,30.0,28.61602
1572,30.0,30.900597
1573,36.0,32.21798
1574,36.0,38.83161
1575,37.0,42.34659
1576,37.0,44.539
1577,37.0,47.85519
1578,37.0,47.855488
1579,39.0,45.04614
1580,39.0,45.42167
1581,38.0,45.294365
1582,38.0,46.810673
1583,44.0,44.75384
1584,44.0,49.05938
1585,55.0,47.394653
1586,55.0,60.145725
1587,50.0,61.189957
1588,50.0,57.779114
1589,52.0,58.21684
1590,52.0,57.84941
1591,45.0,55.45295
1592,45.0,48.44685
1593,56.0,46.787
1594,56.0,55.362236
1595,42.0,55.78502
1596,42.0,44.336933
1597,31.0,42.502518
1598,31.0,33.127213
1599,36.0,30.505733
1600,36.0,35.247513
1601,35.0,35.88081
1602,35.0,35.378944
1603,38.0,35.519638
1604,38.0,37.81255
1605,38.0,38.325188
1606,38.0,37.87276
1607,38.0,38.297832
1608,38.0,38.159492
1609,44.0,38.64709
1610,44.0,44.70264
1611,40.0,45.819096
1612,40.0,43.533943
1613,35.0,42.75018
1614,35.0,38.43547
1615,40.0,36.29017
1616,40.0,38.771805
1617,37.0,41.04064
1618,37.0,38.389072
1619,39.0,37.734325
1620,39.0,42.453426
1621,40.0,42.12207
1622,40.0,43.634384
1623,33.0,46.03178
1624,33.0,41.882355
1625,29.0,44.76076
1626,29.0,42.776848
1627,33.0,37.638443
1628,33.0,39.243027
1629,29.0,39.500107
1630,29.0,39.319813
1631,25.0,33.94594
1632,25.0,26.66721
1633,25.0,24.301298
1634,25.0,23.216686
1635,23.0,25.321367
1636,23.0,33.0536
1637,28.0,36.02873
1638,28.0,34.835423
1639,30.0,33.287586
1640,30.0,33.099228
1641,38.0,31.382635
1642,38.0,36.92441
1643,35.0,38.09029
1644,35.0,34.99005
1645,28.0,35.0829
1646,28.0,30.141386
1647,37.0,29.181808
1648,37.0,36.87772
1649,31.0,38.10124
1650,31.0,34.116184
1651,51.0,33.119698
1652,51.0,50.694527
1653,44.0,51.866615
1654,44.0,46.30826
1655,47.0,46.155975
1656,47.0,48.055573
1657,46.0,48.749027
1658,46.0,49.07769
1659,46.0,49.068966
1660,46.0,48.097736
1661,42.0,47.49405
1662,42.0,44.647175
1663,46.0,43.298553
1664,46.0,45.599873
1665,38.0,45.63391
1666,38.0,40.167274
1667,29.0,39.184826
1668,29.0,33.67087
1669,35.0,29.77165
1670,35.0,36.721386
1671,38.0,39.86409
1672,38.0,42.777775
1673,40.0,47.11515
1674,40.0,47.73248
1675,28.0,44.510666
1676,28.0,41.06709
1677,58.0,38.684326
1678,58.0,56.848423
1679,60.0,58.76942
1680,60.0,63.059574
1681,60.0,63.948105
1682,60.0,63.21245
1683,62.0,65.63799
1684,62.0,66.61081
1685,44.0,63.69017
1686,44.0,50.68567
1687,35.0,47.59478
1688,35.0,40.356747
1689,42.0,36.452946
1690,42.0,42.15231
1691,42.0,42.390224
1692,42.0,42.59633
1693,54.0,42.994724
1694,54.0,53.042526
1695,45.0,53.90537
1696,45.0,47.304203
1697,49.0,46.467945
1698,49.0,48.866985
1699,41.0,49.471714
1700,41.0,44.59663
1701,41.0,43.687447
1702,41.0,43.325504
1703,31.0,42.919254
1704,31.0,35.88164
1705,28.0,33.487747
1706,28.0,30.831274
1707,30.0,30.041294
1708,30.0,31.638632
1709,36.0,31.083
1710,36.0,36.504883
1711,39.0,36.88044
1712,39.0,39.289394
1713,44.0,39.83492
1714,44.0,40.99304
1715,43.0,44.30545
1716,43.0,38.232536
1717,53.0,35.34415
1718,53.0,53.533524
1719,27.0,57.81561
1720,27.0,42.602757
1721,34.0,37.96564
1722,34.0,41.2133
1723,38.0,40.76077
1724,38.0,43.403297
1725,38.0,41.586952
1726,38.0,44.444794
1727,33.0,42.26817
1728,33.0,33.226727
1729,31.0,28.906784
1730,31.0,27.880838
1731,24.000002,34.44814
1732,24.000002,40.065006
1733,22.0,39.895836
1734,22.0,34.998707
1735,46.0,29.143581
1736,46.0,45.465336
1737,33.0,48.61854
1738,33.0,39.93038
1739,27.0,36.305325
1740,27.0,29.186562
1741,30.0,27.288874
1742,30.0,30.71624
1743,32.0,32.30776
1744,32.0,34.186584
1745,28.0,34.05809
1746,28.0,31.150673
1747,31.0,30.230238
1748,31.0,32.78595
1749,30.0,33.451756
1750,30.0,33.264015
1751,28.0,33.143864
1752,28.0,31.525938
1753,26.0,30.760462
1754,26.0,30.391718
1755,28.0,29.982893
1756,28.0,31.64497
1757,24.000002,31.140865
1758,24.000002,28.576454
1759,41.0,26.495077
1760,41.0,38.61565
1761,37.0,41.993336
1762,37.0,39.011673
1763,27.0,37.303402
1764,27.0,31.023132
1765,18.0,29.069126
1766,18.0,24.674149
1767,17.0,23.297276
1768,17.0,24.953217
1769,17.0,26.404524
1770,17.0,26.415487
1771,21.0,26.093376
1772,21.0,29.851068
1773,21.0,28.281467
1774,21.0,28.776066
1775,23.0,27.648638
1776,23.0,28.424013
1777,28.0,28.864658
1778,28.0,34.922527
1779,35.0,35.821716
1780,35.0,41.664776
1781,48.000004,38.525364
1782,48.000004,48.27542
1783,51.0,48.83723
1784,51.0,50.798325
1785,40.0,50.848396
1786,40.0,41.502403
1787,43.0,39.862785
1788,43.0,40.66438
1789,42.0,41.119125
1790,42.0,40.690224
1791,40.0,41.416683
1792,40.0,40.55474
1793,30.0,40.67278
1794,30.0,34.126522
1795,23.0,31.980562
1796,23.0,26.495216
1797,57.0,23.727661
1798,57.0,59.19726
1799,29.0,59.213543
1800,29.0,39.630177
1801,45.0,34.082268
1802,45.0,47.759693
1803,45.0,49.38389
1804,45.0,46.471737
1805,20.0,44.816296
1806,20.0,28.194769
1807,28.0,23.224758
1808,28.0,26.511047
1809,26.0,28.262033
1810,26.0,26.093737
1811,28.0,25.767328
1812,28.0,29.07783
1813,24.000002,28.307701
1814,24.000002,29.42802
1815,27.0,29.438782
1816,27.0,34.355198
1817,30.0,38.20701
1818,30.0,39.01929
1819,40.0,38.660007
1820,40.0,48.584
1821,45.0,49.774693
1822,45.0,54.25021
1823,45.0,51.96612
1824,45.0,50.180767
1825,55.0,49.630966
1826,55.0,60.70736
1827,57.0,59.733177
1828,57.0,60.309494
1829,56.0,57.9666
1830,56.0,56.137043
1831,58.0,55.320942
1832,58.0,56.22757
1833,56.0,55.55658
1834,56.0,52.45482
1835,54.0,53.819214
1836,54.0,52.416298
1837,51.0,52.733326
1838,51.0,50.45911
1839,35.0,50.826855
1840,35.0,38.65422
1841,30.0,35.33121
1842,30.0,31.140394
1843,40.0,30.275549
1844,40.0,39.701263
1845,39.0,40.944393
1846,39.0,39.886787
1847,34.0,40.314117
1848,34.0,36.943226
1849,31.0,36.16619
1850,31.0,34.894768
1851,30.0,34.05879
1852,30.0,33.257645
1853,38.0,32.3982
1854,38.0,39.57692
1855,44.0,39.614563
1856,44.0,43.315266
1857,36.0,46.293022
1858,36.0,38.64986
1859,28.0,37.67076
1860,28.0,35.140976
1861,27.0,30.883827
1862,27.0,30.60452
1863,26.0,31.259764
1864,26.0,30.435902
1865,28.0,32.113834
1866,28.0,34.353058
1867,33.0,35.698288
1868,33.0,38.75431
1869,50.0,31.717964
1870,50.0,48.17575
1871,55.0,52.148834
1872,55.0,55.11993
1873,66.0,60.699585
1874,66.0,69.77669
1875,59.0,70.12498
1876,59.0,64.1926
1877,58.0,62.541252
1878,58.0,61.04878
1879,59.0,60.162983
1880,59.0,60.314266
1881,55.0,60.000885
1882,55.0,56.08341
1883,50.0,55.637
1884,50.0,51.299793
1885,42.0,50.61573
1886,42.0,44.379353
1887,48.000004,42.89198
1888,48.000004,47.757465
1889,40.0,48.094887
1890,40.0,42.74201
1891,49.0,42.09666
1892,49.0,49.443157
1893,56.0,49.84434
1894,56.0,54.973537
1895,30.0,55.590935
1896,30.0,39.428867
1897,23.0,33.758293
1898,23.0,26.566622
1899,30.0,23.698614
1900,30.0,30.044167
1901,32.0,30.328348
1902,32.0,31.581148
1903,49.0,30.874514
1904,49.0,44.47914
1905,20.0,48.89043
1906,20.0,31.167395
1907,25.0,21.330378
1908,25.0,27.99723
1909,27.0,26.259794
1910,27.0,29.148941
1911,24.000002,31.715162
1912,24.000002,29.928446
1913,22.0,28.808212
1914,22.0,26.924896
1915,30.0,26.007975
1916,30.0,29.210321
1917,35.0,27.230022
1918,35.0,37.46042
1919,38.0,44.419598
1920,38.0,47.866352
1921,57.0,48.3937
1922,57.0,62.526836
1923,62.0,59.359104
1924,62.0,64.47696
1925,56.0,64.10127
1926,56.0,58.964565
1927,52.0,58.546696
1928,52.0,54.43564
1929,53.0,53.209305
1930,53.0,53.49176
1931,48.000004,53.24846
1932,48.000004,48.500626
1933,43.0,47.897312
1934,43.0,44.221615
1935,40.0,43.376423
1936,40.0,41.05898
1937,37.0,40.562637
1938,37.0,38.29698
1939,45.0,37.791607
1940,45.0,44.782074
1941,41.0,45.4192
1942,41.0,42.607834
1943,41.0,42.648743
1944,41.0,42.596947
1945,37.0,42.29742
1946,37.0,39.780533
1947,41.0,38.861668
1948,41.0,41.924114
1949,40.0,42.570496
1950,40.0,43.173588
1951,45.0,42.24627
1952,45.0,43.964066
1953,45.0,46.93681
1954,45.0,43.6441
1955,44.0,46.84154
1956,44.0,46.146294
1957,50.0,47.224068
1958,50.0,54.668022
1959,46.0,55.814667
1960,46.0,48.93454
1961,44.0,50.710308
1962,44.0,52.263752
1963,47.0,48.36545
1964,47.0,52.15856
1965,66.0,54.083366
1966,66.0,76.20651
1967,63.0,73.031906
1968,63.0,64.27466
1969,64.0,65.99757
1970,64.0,68.36694
1971,65.0,67.075424
1972,65.0,68.12206
1973,51.0,67.76973
1974,51.0,56.100834
1975,57.0,55.02014
1976,57.0,59.266983
1977,44.0,58.02367
1978,44.0,47.540592
1979,32.0,45.31761
1980,32.0,34.78108
1981,35.0,31.246977
1982,35.0,33.92415
1983,30.0,34.353836
1984,30.0,31.049677
1985,35.0,30.386223
1986,35.0,34.246735
1987,32.0,34.850605
1988,32.0,33.12171
1989,30.0,33.158066
1990,30.0,31.483536
1991,34.0,30.980705
1992,34.0,34.22554
1993,31.0,34.897484
1994,31.0,33.242508
1995,30.0,32.671127
1996,30.0,31.468607
1997,34.0,30.810179
1998,34.0,35.486626
1999,40.0,35.312344
2000,40.0,38.478477
2001,34.0,40.95194
2002,34.0,36.53119
2003,30.0,35.617073
2004,30.0,31.724812
2005,30.0,30.934608
2006,30.0,33.618492
2007,35.0,34.419353
2008,35.0,41.073204
2009,38.0,43.473488
2010,38.0,46.435738
2011,53.0,46.349586
2012,53.0,58.03236
2013,59.0,59.310844
2014,59.0,64.40101
2015,59.0,64.951965
2016,59.0,66.193085
2017,63.0,64.21938
2018,63.0,65.51235
2019,73.0,65.26159
2020,73.0,73.92345
2021,76.0,69.96361
2022,76.0,72.46535
2023,68.0,70.53998
2024,68.0,65.08561
2025,53.0,65.51071
2026,53.0,55.384872
2027,42.0,53.922092
2028,42.0,44.825817
2029,37.0,42.22498
2030,37.0,37.933346
2031,23.0,36.699593
2032,23.0,27.168528
2033,24.000002,24.009556
2034,24.000002,24.096416
2035,28.0,23.778337
2036,28.0,27.575518
2037,31.0,28.54653
2038,31.0,31.329548
2039,28.0,31.650017
2040,28.0,29.780079
2041,22.0,29.011454
2042,22.0,24.899672
2043,21.0,23.250946
2044,21.0,21.615702
2045,48.000004,20.552616
2046,48.000004,49.192516
2047,45.0,49.87425
2048,45.0,43.667385
2049,39.0,45.40744
2050,39.0,41.198223
2051,52.0,40.354424
2052,52.0,52.267483
2053,45.0,54.9778
2054,45.0,47.87264
2055,35.0,49.74723
2056,35.0,42.62803
2057,30.0,42.88916
2058,30.0,39.358757
2059,40.0,36.0073
2060,40.0,42.589333
2061,57.0,41.3926
2062,57.0,60.185383
2063,63.0,61.11791
2064,63.0,65.13851
2065,71.0,65.06549
2066,71.0,75.962456
2067,72.0,73.635284
2068,72.0,74.29404
2069,75.0,71.936485
2070,75.0,74.53338
2071,74.0,73.989555
2072,74.0,73.55416
2073,68.0,72.59097
2074,68.0,67.20965
2075,58.0,66.51122
2076,58.0,57.135677
2077,55.0,56.488117
2078,55.0,54.628796
2079,52.0,54.98499
2080,52.0,52.522335
2081,38.0,52.55353
2082,38.0,42.294483
2083,53.0,40.45016
2084,53.0,52.462326
2085,35.0,52.63386
2086,35.0,40.920048
2087,30.0,38.240654
2088,30.0,32.21152
2089,44.0,30.856798
2090,44.0,44.98449
2091,37.0,45.435307
2092,37.0,40.053032
2093,31.0,38.97967
2094,31.0,34.180466
2095,47.0,33.075768
2096,47.0,44.207043
2097,40.0,46.528294
2098,40.0,41.902866
2099,45.0,40.97326
2100,45.0,45.853897
2101,37.0,47.35179
2102,37.0,40.535374
2103,29.0,41.310284
2104,29.0,38.28713
2105,27.0,40.22763
2106,27.0,38.526485
2107,26.0,32.308376
2108,26.0,30.56231
2109,46.0,29.541939
2110,46.0,50.363205
2111,62.0,54.88286
2112,62.0,66.7648
2113,70.0,68.39667
2114,70.0,73.76849
2115,91.0,72.681335
2116,91.0,94.42831
2117,96.00001,90.86248
2118,96.00001,96.44886
2119,88.0,91.56605
2120,88.0,82.51771
2121,64.0,85.45216
2122,64.0,61.75873
2123,59.0,60.13977
2124,59.0,56.536854
2125,60.0,57.29881
2126,60.0,59.21496
2127,40.0,58.928207
2128,40.0,43.280357
2129,37.0,40.052685
2130,37.0,37.550762
2131,31.0,37.506165
2132,31.0,32.570847
2133,28.0,31.595446
2134,28.0,29.322657
2135,24.000002,29.069178
2136,24.000002,26.530066
2137,25.0,26.793087
2138,25.0,27.695377
2139,25.0,28.220085
2140,25.0,28.974169
2141,35.0,28.717773
2142,35.0,36.27787
2143,38.0,36.399483
2144,38.0,37.081966
2145,40.0,37.741234
2146,40.0,39.60371
2147,37.0,41.557137
2148,37.0,40.087933
2149,31.0,39.597862
2150,31.0,37.550426
2151,30.0,37.973858
2152,30.0,37.954258
2153,28.0,37.74426
2154,28.0,35.267273
2155,26.0,34.406227
2156,26.0,34.529152
2157,38.0,32.941525
2158,38.0,42.588745
2159,48.000004,43.127895
2160,48.000004,51.76207
2161,58.0,54.27698
2162,58.0,67.292175
2163,64.0,64.92625
2164,64.0,69.9541
2165,70.0,64.06337
2166,70.0,71.91126
2167,54.0,69.81383
2168,54.0,53.934734
2169,43.0,54.143284
2170,43.0,43.424534
2171,34.0,42.653343
2172,34.0,35.445057
2173,27.0,33.48696
2174,27.0,29.85567
2175,40.0,28.134068
2176,40.0,38.68993
2177,39.0,39.446354
2178,39.0,38.08546
2179,38.0,38.827076
2180,38.0,38.374386
2181,31.0,39.322033
2182,31.0,33.180717
2183,28.0,31.344137
2184,28.0,28.713802
2185,28.0,27.763912
2186,28.0,29.01374
2187,33.0,30.199018
2188,33.0,33.918564
2189,43.0,35.418602
2190,43.0,43.93814
2191,43.0,42.636505
2192,43.0,41.229916
2193,38.0,41.632797
2194,38.0,39.20448
2195,33.0,38.873466
2196,33.0,37.24087
2197,33.0,36.312798
2198,33.0,36.737316
2199,33.0,37.246986
2200,33.0,39.004574
2201,40.0,40.186176
2202,40.0,47.07634
2203,43.0,47.185734
2204,43.0,49.729416
2205,53.0,49.21984
2206,53.0,61.024555
2207,50.0,61.791462
2208,50.0,57.803665
2209,44.0,57.050327
2210,44.0,52.638424
2211,51.0,51.07695
2212,51.0,56.65324
2213,58.0,53.55023
2214,58.0,59.23236
2215,56.0,57.51489
2216,56.0,55.722813
2217,55.0,55.65504
2218,55.0,54.7941
2219,52.0,54.89281
2220,52.0,51.699738
2221,40.0,51.66415
2222,40.0,42.624256
2223,47.0,40.577618
2224,47.0,47.378036
2225,51.0,47.985588
2226,51.0,50.719982
2227,44.0,50.31794
2228,44.0,44.237072
2229,54.0,44.022152
2230,54.0,53.596767
2231,55.0,55.532738
2232,55.0,58.248547
2233,45.0,57.365524
2234,45.0,46.050323
2235,35.0,46.22686
2236,35.0,38.14339
2237,32.0,37.380466
2238,32.0,35.35832
2239,37.0,33.59178
2240,37.0,36.12458
2241,48.000004,36.409977
2242,48.000004,44.96596
2243,45.0,48.31701
2244,45.0,43.631985
2245,54.0,44.349747
2246,54.0,55.347515
2247,54.0,57.308353
2248,54.0,56.685482
2249,60.0,55.947033
2250,60.0,60.322025
2251,64.0,60.65685
2252,64.0,63.543793
2253,59.0,65.526955
2254,59.0,63.5401
2255,53.0,63.953365
2256,53.0,61.052895
2257,50.0,59.74934
2258,50.0,53.228428
2259,38.0,53.14355
2260,38.0,46.515728
2261,38.0,43.668095
2262,38.0,42.50988
2263,31.0,41.77934
2264,31.0,35.79536
2265,26.0,33.54927
2266,26.0,29.214954
2267,42.0,27.296642
2268,42.0,41.69488
2269,40.0,42.86775
2270,40.0,40.670258
2271,26.0,40.873764
2272,26.0,30.811436
2273,28.0,29.231642
2274,28.0,30.379204
2275,41.0,29.334734
2276,41.0,41.273132
2277,31.0,41.690006
2278,31.0,34.144707
2279,28.0,33.43286
2280,28.0,31.618717
2281,24.000002,32.105164
2282,24.000002,29.794481
2283,35.0,29.209366
2284,35.0,38.458054
2285,32.0,38.97589
2286,32.0,36.219868
2287,43.0,35.04567
2288,43.0,41.722145
2289,51.0,41.68736
2290,51.0,48.398476
2291,46.0,49.967224
2292,46.0,44.773224
2293,54.0,45.0563
2294,54.0,52.257366
2295,52.0,54.69623
2296,52.0,53.0975
2297,45.0,52.878193
2298,45.0,47.258175
2299,48.000004,46.87581
2300,48.000004,51.610443
2301,38.0,54.906822
2302,38.0,43.876774
2303,55.0,42.43584
2304,55.0,57.104355
2305,33.0,59.570034
2306,33.0,43.4698
2307,53.0,37.335693
2308,53.0,58.451454
2309,55.0,58.610516
2310,55.0,57.803326
2311,52.0,59.303726
2312,52.0,56.98439
2313,59.0,55.204315
2314,59.0,61.052864
2315,58.0,62.31484
2316,58.0,61.679268
2317,55.0,60.1307
2318,55.0,57.212067
2319,50.0,56.290085
2320,50.0,52.032024
2321,50.0,51.77708
2322,50.0,51.531765
2323,59.0,52.024994
2324,59.0,60.95769
2325,42.0,61.386177
2326,42.0,45.737038
2327,55.0,42.01963
2328,55.0,55.902428
2329,61.0,57.645695
2330,61.0,63.302044
2331,62.0,66.875435
2332,62.0,68.52156
2333,56.0,65.888535
2334,56.0,55.374786
2335,57.0,62.038578
2336,57.0,56.610954
2337,54.0,58.502712
2338,54.0,49.994576
2339,47.0,51.65914
2340,47.0,43.601864
2341,42.0,44.932613
2342,42.0,42.413433
2343,48.000004,43.55597
2344,48.000004,50.406315
2345,51.0,52.959232
2346,51.0,53.860573
2347,36.0,54.069485
2348,36.0,42.008064
2349,39.0,39.72883
2350,39.0,45.807266
2351,36.0,45.69625
2352,36.0,45.539154
2353,47.0,45.1237
2354,47.0,55.09495
2355,44.0,55.60788
2356,44.0,45.564114
2357,52.0,43.119835
2358,52.0,53.46874
2359,67.0,54.523354
2360,67.0,70.53382
2361,60.0,69.43793
2362,60.0,63.328568
2363,64.0,62.70524
2364,64.0,65.97307
2365,58.0,66.083466
2366,58.0,60.04642
2367,56.0,59.019554
2368,56.0,57.237785
2369,68.0,57.622982
2370,68.0,70.28023
2371,63.0,68.510506
2372,63.0,62.241013
2373,64.0,61.560802
2374,64.0,62.816666
2375,62.0,62.966198
2376,62.0,60.876534
2377,60.0,60.980167
2378,60.0,59.60507
2379,47.0,60.356003
2380,47.0,49.20012
2381,54.0,49.300915
2382,54.0,56.187397
2383,51.0,55.708134
2384,51.0,50.548897
2385,46.0,48.69976
2386,46.0,45.02038
2387,54.0,45.353794
2388,54.0,50.13556
2389,49.0,52.56369
2390,49.0,47.93509
2391,43.0,50.10197
2392,43.0,47.380596
2393,40.0,45.66625
2394,40.0,48.132313
2395,37.0,46.776146
2396,37.0,44.115505
2397,33.0,45.939598
2398,33.0,42.59449
2399,37.0,38.54042
2400,37.0,41.4405
2401,50.0,39.43911
2402,50.0,48.342667
2403,59.0,45.76318
2404,59.0,60.990257
2405,61.0,66.97726
2406,61.0,60.579575
2407,57.0,53.8218
2408,57.0,56.217068
2409,53.0,58.317013
2410,53.0,55.689972
2411,43.0,56.4386
2412,43.0,47.02628
2413,40.0,45.348953
2414,40.0,43.12215
2415,37.0,42.718426
2416,37.0,39.89081
2417,52.0,39.483704
2418,52.0,53.316864
2419,53.0,52.868073
2420,53.0,53.947758
2421,53.0,53.534264
2422,53.0,53.79264
2423,48.000004,54.94104
2424,48.000004,50.297916
2425,40.0,50.13128
2426,40.0,44.602818
2427,52.0,45.14667
2428,52.0,55.961044
2429,48.000004,54.99001
2430,48.000004,50.885468
2431,40.0,49.762154
2432,40.0,43.38703
2433,33.0,42.787617
2434,33.0,36.98505
2435,37.0,35.915997
2436,37.0,37.4053
2437,35.0,38.660717
2438,35.0,36.441326
2439,26.0,37.632225
2440,26.0,31.916117
2441,25.0,32.031036
2442,25.0,31.924536
2443,27.0,30.33102
2444,27.0,30.51828
2445,28.0,29.872597
2446,28.0,30.285318
2447,39.0,30.95536
2448,39.0,42.972046
2449,44.0,44.37819
2450,44.0,47.79444
2451,52.0,51.97976
2452,52.0,64.321976
2453,55.0,55.836914
2454,55.0,53.80378
2455,73.0,52.14683
2456,73.0,75.41056
2457,73.0,75.25033
2458,73.0,73.55869
2459,66.0,73.44893
2460,66.0,65.399185
2461,66.0,66.55815
2462,66.0,67.79666
2463,59.0,67.53696
2464,59.0,59.498196
2465,54.0,59.0503
2466,54.0,54.08915
2467,43.0,54.13897
2468,43.0,44.09723
2469,44.0,43.6638
2470,44.0,44.48368
2471,35.0,45.09285
2472,35.0,38.623352
2473,30.0,38.174103
2474,30.0,35.30857
2475,27.0,36.457283
2476,27.0,35.34624
2477,43.0,36.178413
2478,43.0,48.426872
2479,44.0,47.79547
2480,44.0,48.729992
2481,39.0,47.37958
2482,39.0,44.24398
2483,30.0,43.19108
2484,30.0,37.360443
2485,23.0,36.793877
2486,23.0,31.538334
2487,53.0,30.206291
2488,53.0,52.28978
2489,48.000004,54.908386
2490,48.000004,47.675503
2491,51.0,48.453392
2492,51.0,50.79052
2493,48.000004,52.828995
2494,48.000004,51.06801
2495,43.0,51.268627
2496,43.0,48.599396
2497,58.0,48.99562
2498,58.0,66.74427
2499,63.0,62.99425
2500,63.0,66.67736
2501,70.0,62.75155
2502,70.0,69.64512
2503,92.0,69.70613
2504,92.0,101.76502
2505,113.0,96.75227
2506,113.0,126.99692
2507,143.0,117.54218
2508,143.0,148.00954
2509,151.0,140.75722
2510,151.0,150.84695
2511,130.0,147.56808
2512,130.0,121.92337
2513,146.0,129.28976
2514,146.0,146.82376
2515,151.0,143.57718
2516,151.0,147.61797
2517,156.0,145.80531
2518,156.0,151.14302
2519,158.0,150.23534
2520,158.0,152.36533
2521,151.0,153.01123
2522,151.0,147.2598
2523,121.0,149.1228
2524,121.0,117.49924
2525,136.0,120.23753
2526,136.0,139.70732
2527,122.0,140.82613
2528,122.0,121.12251
2529,95.0,121.1778
2530,95.0,91.45053
2531,83.0,90.625244
2532,83.0,84.47788
2533,65.0,80.78332
2534,65.0,65.83881
2535,55.0,60.198265
2536,55.0,56.881107
2537,48.000004,56.26215
2538,48.000004,53.838955
2539,45.0,52.50295
2540,45.0,51.64326
2541,45.0,51.59843
2542,45.0,51.66681
2543,57.0,50.964924
2544,57.0,59.797176
2545,58.0,59.3648
2546,58.0,66.64448
2547,63.0,61.747837
2548,63.0,67.94322
2549,57.0,69.19171
2550,57.0,62.404182
2551,50.0,59.568398
2552,50.0,55.538307
2553,50.0,53.81959
2554,50.0,52.527412
2555,43.0,55.19852
2556,43.0,47.323727
2557,54.0,46.591606
2558,54.0,56.73266
2559,56.0,57.61443
2560,56.0,58.336506
2561,51.0,57.259815
2562,51.0,53.263382
2563,59.0,53.351906
2564,59.0,60.984154
2565,61.0,61.36468
2566,61.0,63.382446
2567,58.0,61.373066
2568,58.0,59.0297
2569,62.0,58.205837
2570,62.0,64.98743
2571,75.0,66.762085
2572,75.0,85.61492
2573,83.0,85.8661
2574,83.0,95.673
2575,85.0,87.3502
2576,85.0,89.80736
2577,99.0,82.32687
2578,99.0,107.87935
2579,95.0,110.22663
2580,95.0,95.81415
2581,78.0,86.92921
2582,78.0,75.84665
2583,77.0,75.98976
2584,77.0,76.47297
2585,81.0,74.63891
2586,81.0,79.54752
2587,83.0,79.99478
2588,83.0,79.6381
2589,77.0,80.55334
2590,77.0,78.286674
2591,92.0,78.63182
2592,92.0,90.76889
2593,100.0,87.26671
2594,100.0,88.73445
2595,81.0,89.41264
2596,81.0,78.62328
2597,80.0,82.48457
2598,80.0,86.60971
2599,72.0,84.89427
2600,72.0,73.73674
2601,53.0,73.27837
2602,53.0,52.834354
2603,52.0,54.926525
2604,52.0,51.478256
2605,32.0,55.61399
2606,32.0,46.57928
2607,33.0,50.841618
2608,33.0,47.36686
2609,31.0,45.518875
2610,31.0,44.6285
2611,32.0,41.475746
2612,32.0,43.394375
2613,30.0,44.158573
2614,30.0,42.3903
2615,28.0,43.22257
2616,28.0,41.795662
2617,24.000002,42.11199
2618,24.000002,34.800842
2619,53.0,39.53301
2620,53.0,48.67896
2621,58.0,58.005497
2622,58.0,63.87179
2623,60.0,62.549763
2624,60.0,63.291477
2625,52.0,60.576553
2626,52.0,56.41626
2627,56.0,54.419044
2628,56.0,57.119743
2629,58.0,55.08828
2630,58.0,56.927525
2631,45.0,52.911922
2632,45.0,48.040314
2633,35.0,45.138123
2634,35.0,39.880093
2635,43.0,39.735264
2636,43.0,46.110046
2637,42.0,47.57712
2638,42.0,47.36472
2639,46.0,48.614597
2640,46.0,52.6353
2641,52.0,49.831154
2642,52.0,55.719334
2643,59.0,54.273975
2644,59.0,57.222057
2645,64.0,56.2184
2646,64.0,64.55744
2647,60.0,65.9002
2648,60.0,61.232666
2649,61.0,60.706192
2650,61.0,62.88551
2651,60.0,63.61373
2652,60.0,62.483818
2653,55.0,61.96232
2654,55.0,58.19843
2655,58.0,57.113106
2656,58.0,59.85039
2657,30.0,60.712727
2658,30.0,38.229702
2659,48.000004,48.757977
2660,48.000004,58.32873
2661,41.0,57.392754
2662,41.0,57.838066
2663,31.0,52.19669
2664,31.0,43.364193
2665,34.0,42.610188
2666,34.0,44.552963
2667,59.0,45.76865
2668,59.0,65.57478
2669,54.0,65.86379
2670,54.0,59.336933
2671,69.0,57.185703
2672,69.0,71.78981
2673,64.0,71.35455
2674,64.0,63.035698
2675,60.0,63.098717
2676,60.0,55.469692
2677,60.0,58.0868
2678,60.0,58.56552
2679,58.0,58.23908
2680,58.0,57.04657
2681,67.0,57.554436
2682,67.0,67.6386
2683,72.0,67.213295
2684,72.0,72.82537
2685,64.0,73.758446
2686,64.0,67.647385
2687,56.0,67.5669
2688,56.0,62.13101
2689,55.0,60.823223
2690,55.0,60.11338
2691,59.0,56.54507
2692,59.0,60.761097
2693,62.0,60.64273
2694,62.0,62.738777
2695,55.0,62.693405
2696,55.0,57.91902
2697,46.0,55.39358
2698,46.0,48.23832
2699,48.000004,48.685173
2700,48.000004,49.763676
2701,43.0,50.79642
2702,43.0,46.97401
2703,51.0,46.588333
2704,51.0,53.380478
2705,44.0,55.037422
2706,44.0,50.549076
2707,40.0,47.68562
2708,40.0,45.598854
2709,61.0,45.76578
2710,61.0,64.2986
2711,63.0,66.72295
2712,63.0,67.73858
2713,72.0,64.95648
2714,72.0,75.040184
2715,68.0,75.80538
2716,68.0,72.38736
2717,83.0,71.45634
2718,83.0,86.01945
2719,85.0,84.92267
2720,85.0,86.53335
2721,82.0,85.523224
2722,82.0,80.677956
2723,73.0,84.71883
2724,73.0,70.73835
2725,74.0,72.85473
2726,74.0,74.66239
2727,66.0,72.11716
2728,66.0,69.05294
2729,61.0,67.03165
2730,61.0,65.075615
2731,59.0,66.67449
2732,59.0,63.422268
2733,70.0,60.984497
2734,70.0,71.57232
2735,61.0,73.65857
2736,61.0,66.36048
2737,72.0,67.20233
2738,72.0,75.588135
2739,60.0,76.811104
2740,60.0,66.95527
2741,71.0,62.860268
2742,71.0,73.029655
2743,80.0,72.805145
2744,80.0,80.58999
2745,86.0,81.66488
2746,86.0,89.055695
2747,82.0,87.68722
2748,82.0,83.30402
2749,77.0,82.820915
2750,77.0,77.82038
2751,58.0,77.82138
2752,30.0,65.29971
2753,46.0,43.86026
2754,40.0,51.05499
2755,28.0,46.675278
2756,24.000002,40.29054
2757,37.0,37.32299
2758,31.0,43.70802
2759,47.0,40.416847
2760,44.0,52.93376
2761,52.0,54.17506
2762,41.0,54.962635
2763,37.0,44.117916
2764,35.0,39.39929
2765,24.000002,38.690723
2766,22.0,34.404873
2767,40.0,33.827606
2768,37.0,45.092503
2769,35.0,46.15852
2770,30.0,40.14961
2771,54.0,36.068836
2772,47.0,60.829742
2773,36.0,56.78887
2774,51.0,43.718853
2775,28.0,52.730316
2776,45.0,39.30322
2777,43.0,48.678272
2778,47.0,48.822464
2779,42.0,54.60156
2780,57.0,51.70345
2781,31.0,60.559566
2782,52.0,48.506573
2783,57.0,57.324306
2784,50.0,61.478622
2785,39.0,55.57006
2786,34.0,44.391228
2787,40.0,36.55459
2788,43.0,42.148026
2789,38.0,44.153
2790,44.0,44.32197
2791,45.0,48.5702
2792,45.0,51.460922
2793,45.0,51.112057
2794,41.0,51.01401
2795,38.0,47.948658
2796,29.0,46.289364
2797,20.0,38.76773
2798,14.0,29.323454
2799,24.000002,23.013775
2800,22.0,28.27169
2801,21.0,30.83707
2802,21.0,32.515327
2803,25.0,31.783133
2804,25.0,33.61346
2805,21.0,32.86864
2806,17.0,29.582394
2807,13.0,28.989704
2808,10.0,27.691576
2809,18.0,26.67192
2810,30.0,28.59819
2811,31.0,34.214466
2812,32.0,32.65136
2813,26.0,34.12661
2814,21.0,36.104656
2815,38.0,31.27533
2816,53.0,46.61499
2817,50.0,58.61353
2818,54.0,57.578907
2819,47.0,59.403904
2820,54.0,55.21494
2821,41.0,58.729496
2822,41.0,48.29966
2823,33.0,50.411682
2824,33.0,42.484516
2825,25.0,40.38387
2826,27.0,35.791836
2827,24.000002,38.584892
2828,45.0,42.009293
2829,45.0,55.196587
2830,48.000004,52.572773
2831,42.0,52.777927
2832,40.0,52.62278
2833,40.0,47.177666
2834,53.0,45.859554
2835,53.0,52.156433
2836,48.000004,53.51473
2837,45.0,48.854317
2838,47.0,47.29482
2839,45.0,49.93942
2840,33.0,52.42615
2841,27.0,45.106396
2842,30.0,40.10697
2843,36.0,42.92764
2844,35.0,44.623917
2845,25.0,40.92052
2846,29.0,33.7975
2847,31.0,36.070328
2848,26.0,38.509575
2849,25.0,37.325504
2850,31.0,38.100357
2851,38.0,40.851776
2852,46.0,44.748432
2853,54.0,52.354485
2854,54.0,60.40724
2855,45.0,60.971333
2856,39.0,53.290997
2857,34.0,48.36243
2858,29.0,43.19668
2859,29.0,33.75467
2860,27.0,30.908422
2861,30.0,30.696524
2862,32.0,36.0595
2863,35.0,36.641853
2864,55.0,40.39598
2865,64.0,59.285954
2866,71.0,69.847046
2867,67.0,69.26806
2868,72.0,69.62751
2869,68.0,75.115326
2870,45.0,71.8226
2871,39.0,52.342793
2872,28.0,47.477234
2873,18.0,40.688663
2874,25.0,33.587315
2875,25.0,32.355118
2876,25.0,33.601048
2877,21.0,35.225163
2878,29.0,33.500713
2879,33.0,39.549328
2880,29.0,44.254097
2881,31.0,43.20642
2882,38.0,41.221413
2883,36.0,41.91186
2884,35.0,35.922302
2885,44.0,36.587025
2886,51.0,45.198544
2887,58.0,54.62906
2888,80.0,62.58085
2889,67.0,77.15972
2890,61.0,69.84259
2891,57.0,63.80023
2892,60.0,60.460136
2893,55.0,61.58092
2894,52.0,58.202457
2895,59.0,56.165512
2896,54.0,60.64855
2897,43.0,57.269558
2898,32.0,49.533043
2899,47.0,37.998257
2900,15.0,48.466026
2901,37.0,30.787086
2902,23.0,41.90243
2903,18.0,34.655354
2904,19.0,31.11713
2905,28.0,30.767178
2906,28.0,34.02121
2907,25.0,34.128387
2908,23.0,28.521124
2909,32.0,26.431807
2910,45.0,35.888847
2911,37.0,44.652695
2912,39.0,40.766697
2913,38.0,44.99246
2914,32.0,46.939224
2915,33.0,45.00687
2916,27.0,42.569206
2917,26.0,33.220303
2918,23.0,29.422247
2919,35.0,28.290195
2920,40.0,37.503635
2921,33.0,43.56909
2922,33.0,38.741997
2923,27.0,38.311893
2924,38.0,34.57492
2925,32.0,42.0359
2926,24.000002,37.905872
2927,27.0,33.14378
2928,24.000002,32.572037
2929,24.000002,32.371864
2930,23.0,33.069084
2931,24.000002,31.56673
2932,24.000002,31.052729
2933,29.0,32.733982
2934,27.0,35.396244
2935,24.000002,41.177776
2936,41.0,36.494064
2937,29.0,45.487637
2938,12.000001,38.61326
2939,10.0,27.450356
2940,34.0,28.663868
2941,36.0,41.7666
2942,30.0,44.584736
2943,38.0,43.054188
2944,35.0,45.732964
2945,36.0,43.94445
2946,35.0,45.862717
2947,25.0,44.747375
2948,31.0,40.496796
2949,26.0,42.305702
2950,21.0,37.445087
2951,27.0,32.05468
2952,30.0,31.095028
2953,25.0,31.444002
2954,25.0,29.6015
2955,25.0,31.139242
2956,25.0,34.251358
2957,23.0,32.107414
2958,30.0,30.433086
2959,40.0,40.38102
2960,60.0,47.536434
2961,51.0,65.5227
2962,48.000004,57.209904
2963,45.0,54.05417
2964,35.0,48.672955
2965,25.0,37.52765
2966,35.0,29.12216
2967,39.0,32.16157
2968,51.0,35.65738
2969,33.0,48.3716
2970,35.0,34.570885
2971,30.0,36.507107
2972,34.0,34.50063
2973,31.0,38.173386
2974,30.0,36.35371
2975,28.0,35.901115
2976,22.0,33.29998
2977,21.0,31.084608
2978,23.0,30.39857
2979,20.0,33.632236
2980,18.0,26.816046
2981,19.0,19.128294
2982,20.0,17.958113
2983,31.0,21.46426
2984,32.0,37.84196
2985,45.0,36.807465
2986,60.0,49.83469
2987,56.0,67.1065
2988,64.0,57.901196
2989,46.0,62.373844
2990,42.0,43.81779
2991,27.0,42.39078
2992,20.0,31.28466
2993,20.0,22.898407
2994,23.0,23.505516
2995,26.0,26.758682
2996,23.0,28.391243
2997,18.0,24.636608
2998,46.0,21.639486
2999,33.0,49.450336
3000,31.0,37.041634
3001,32.0,35.10016
3002,33.0,40.04413
3003,29.0,41.399014
3004,27.0,34.883606
3005,28.0,35.523724
3006,39.0,34.824543
3007,54.0,42.442047
3008,57.0,61.741127
3009,39.0,65.99852
3010,51.0,51.223648
3011,58.0,57.746788
3012,47.0,63.75394
3013,36.0,51.053333
3014,41.0,43.25552
3015,37.0,46.834152
3016,58.0,43.23884
3017,26.0,57.402176
3018,30.0,34.827885
3019,27.0,35.25637
3020,22.0,34.33658
3021,19.0,32.222057
3022,30.0,32.740734
3023,28.0,39.152126
3024,30.0,38.085606
3025,36.0,38.296665
3026,45.0,40.15445
3027,41.0,46.283207
3028,39.0,45.852245
3029,40.0,42.580185
3030,37.0,45.02793
3031,31.0,41.43175
3032,40.0,37.798435
3033,56.0,43.56345
3034,46.0,60.809456
3035,40.0,51.666653
3036,45.0,50.241653
3037,37.0,52.30367
3038,45.0,43.984406
3039,41.0,48.026615
3040,41.0,45.014202
3041,39.0,45.1022
3042,40.0,44.32284
3043,45.0,44.606728
3044,45.0,48.136093
3045,47.0,49.100376
3046,47.0,53.620365
3047,50.0,55.931232
3048,50.0,61.09345
3049,47.0,60.05308
3050,41.0,53.785946
3051,58.0,47.373547
3052,64.0,59.263233
3053,59.0,62.60954
3054,53.0,58.230644
3055,42.0,54.606888
3056,38.0,50.05201
3057,29.0,44.654896
3058,33.0,38.231827
3059,29.0,39.36952
3060,31.0,40.836166
3061,24.000002,41.165123
3062,18.0,36.16765
3063,9.0,29.20336
3064,10.0,21.135777
3065,11.0,21.938236
3066,3.0000002,25.620134
3067,27.0,22.91506
3068,36.0,35.117237
3069,22.0,46.815784
3070,32.0,46.29735
3071,22.0,48.735886
3072,25.0,41.2137
3073,35.0,40.572285
3074,36.0,42.06424
3075,33.0,41.523083
3076,33.0,37.39544
3077,33.0,37.8569
3078,25.0,36.402374
3079,29.0,35.916695
3080,37.0,35.953625
3081,58.0,42.439495
3082,54.0,61.110497
3083,39.0,56.732292
3084,28.0,50.322025
3085,24.000002,41.11914
3086,18.0,32.928726
3087,18.0,29.396498
3088,19.0,29.573881
3089,22.0,30.813223
3090,21.0,33.454487
3091,23.0,34.423237
3092,20.0,36.459354
3093,26.0,35.249043
3094,21.0,36.22727
3095,10.0,33.903915
3096,18.0,26.388494
3097,30.0,29.886599
3098,42.0,37.3522
3099,52.0,47.17692
3100,54.0,55.602776
3101,55.0,59.446327
3102,53.0,57.00498
3103,58.0,57.25241
3104,64.0,62.9467
3105,66.0,66.10137
3106,66.0,71.4648
3107,76.0,70.38692
3108,60.0,82.24599
3109,64.0,68.58932
3110,60.0,67.662415
3111,68.0,63.87608
3112,60.0,70.20082
3113,70.0,65.41111
3114,65.0,73.02343
3115,70.0,69.997314
3116,75.0,76.4094
3117,75.0,81.37914
3118,84.0,77.62106
3119,64.0,85.42941
3120,62.0,67.37193
3121,61.0,66.33392
3122,57.0,64.26929
3123,54.0,62.27888
3124,52.0,58.05176
3125,57.0,57.311687
3126,55.0,63.225967
3127,50.0,63.08708
3128,58.0,56.97567
3129,45.0,65.80114
3130,45.0,54.38723
3131,45.0,48.931583
3132,54.0,48.96577
3133,53.0,56.856598
3134,70.0,59.921986
3135,59.0,69.04725
3136,60.0,59.93616
3137,60.0,67.5071
3138,55.0,66.00214
3139,60.0,58.02008
3140,61.0,66.66809
3141,62.0,70.84487
3142,58.0,67.15978
3143,72.0,70.13136
3144,75.0,74.96165
3145,76.0,81.90763
3146,78.0,72.385605
3147,65.0,62.45128
3148,58.0,45.512856
3149,54.0,58.472034
3150,49.0,73.560455
3151,56.0,57.80959
3152,64.0,60.620995
3153,66.0,67.273605
3154,44.0,69.93171
3155,52.0,55.64004
3156,52.0,59.394386
3157,53.0,58.076805
3158,66.0,58.111935
3159,56.0,70.2596
3160,69.0,60.03233
3161,41.0,73.31332
3162,39.0,55.374855
3163,38.0,53.619446
3164,51.0,54.540924
3165,31.0,62.525646
3166,38.0,52.382298
3167,36.0,57.55075
3168,39.0,59.1163
3169,46.0,62.20522
3170,52.0,67.770386
3171,55.0,68.49885
3172,56.0,62.689583
3173,57.0,57.345516
3174,59.0,55.158623
3175,60.0,57.24281
3176,58.0,59.0033
3177,59.0,59.529663
3178,55.0,61.60726
3179,49.0,58.180946
3180,59.0,53.35458
3181,45.0,60.274498
3182,31.0,49.3715
3183,49.0,38.630302
3184,43.0,50.684822
3185,46.0,47.279907
3186,38.0,51.747643
3187,48.000004,44.562637
3188,40.0,50.807426
3189,28.0,45.9141
3190,50.0,37.45528
3191,25.0,53.743465
3192,41.0,38.371166
3193,43.0,46.048065
3194,47.0,45.723324
3195,42.0,45.773903
3196,40.0,46.36426
3197,36.0,44.240498
3198,30.0,42.01541
3199,32.0,35.00951
3200,35.0,40.998867
3201,30.0,44.200115
3202,33.0,48.69514
3203,35.0,45.537136
3204,32.0,44.125977
3205,30.0,40.303432
3206,44.0,37.427265
3207,33.0,47.631382
3208,27.0,41.385056
3209,30.0,35.947113
3210,51.0,34.307533
3211,23.0,53.439133
3212,30.0,39.77779
3213,34.0,36.12694
3214,50.0,42.27656
3215,44.0,55.582867
3216,43.0,48.31713
3217,34.0,46.36888
3218,29.0,39.144627
3219,27.0,32.132805
3220,26.0,32.884476
3221,30.0,31.156052
3222,25.0,34.525063
3223,40.0,29.823046
3224,38.0,44.588333
3225,46.0,52.359745
3226,46.0,55.60981
3227,44.0,53.49196
3228,49.0,52.13426
3229,49.0,55.215107
3230,39.0,52.45852
3231,56.0,44.915333
3232,37.0,58.64187
3233,53.0,44.67663
3234,23.0,56.401447
3235,24.000002,35.09395
3236,30.0,30.892866
3237,32.0,34.05194
3238,54.0,37.866825
3239,42.0,59.709587
3240,31.0,47.350334
3241,34.0,40.23357
3242,44.0,37.994465
3243,39.0,44.415802
3244,36.0,40.496212
3245,41.0,37.207935
3246,52.0,44.747395
3247,53.0,51.763416
3248,52.0,58.556828
3249,52.0,51.953495
3250,54.0,57.04003
3251,53.0,59.479973
3252,52.0,56.899605
3253,49.0,54.656174
3254,51.0,52.216175
3255,59.0,53.398094
3256,54.0,60.628296
3257,42.0,55.09565
3258,57.0,44.320484
3259,61.0,55.694374
3260,53.0,61.33394
3261,52.0,55.06268
3262,52.0,54.59095
3263,62.0,52.498962
3264,55.0,62.928978
3265,53.0,56.884624
3266,42.0,53.26403
3267,27.0,44.75258
3268,20.0,31.57768
3269,16.0,23.82559
3270,33.0,20.474773
3271,43.0,35.488785
3272,47.0,51.000904
3273,52.0,54.3338
3274,62.0,58.016907
3275,65.0,68.414764
3276,64.0,66.35346
3277,67.0,62.820305
3278,67.0,65.71373
3279,64.0,64.88164
3280,63.0,61.575775
3281,67.0,60.858746
3282,48.000004,65.8191
3283,43.0,49.897865
3284,40.0,44.547024
3285,43.0,41.780464
3286,44.0,45.07499
3287,49.0,47.359207
3288,39.0,51.207657
3289,34.0,44.246696
3290,36.0,38.10004
3291,32.0,35.88503
3292,30.0,31.568106
3293,30.0,32.70917
3294,41.0,30.990986
3295,56.0,42.165028
3296,40.0,57.616474
3297,41.0,46.694397
3298,35.0,45.991806
3299,36.0,43.461224
3300,43.0,42.244022
3301,36.0,46.7693
3302,58.0,42.8753
3303,48.000004,61.45198
3304,39.0,51.271046
3305,28.0,43.96362
3306,30.0,33.434887
3307,51.0,33.801033
3308,51.0,54.466476
3309,36.0,53.093193
3310,44.0,42.274387
3311,40.0,45.749744
3312,41.0,40.229652
3313,33.0,44.818176
3314,37.0,37.8641
3315,33.0,36.426807
3316,31.0,36.160923
3317,47.0,33.59887
3318,44.0,51.637848
3319,47.0,49.615227
3320,48.000004,52.57904
3321,52.0,53.865673
3322,53.0,58.760498
3323,70.0,58.48259
3324,58.0,71.74728
3325,52.0,66.660835
3326,39.0,57.75625
3327,38.0,45.040398
3328,31.0,42.524887
3329,34.0,38.79505
3330,32.0,41.25528
3331,51.0,40.036175
3332,17.0,54.91119
3333,64.0,34.065556
3334,69.0,67.70719
3335,74.0,69.50081
3336,76.0,78.11708
3337,68.0,76.32142
3338,65.0,68.60517
3339,64.0,64.95311
3340,64.0,64.371895
3341,58.0,62.99962
3342,47.0,58.40567
3343,30.0,50.02858
3344,48.000004,36.89273
3345,30.0,51.16132
3346,52.0,41.94419
3347,79.0,56.089832
3348,80.0,87.95572
3349,81.0,84.08367
3350,75.0,84.6536
3351,72.0,78.51922
3352,62.0,72.941505
3353,64.0,63.098217
3354,64.0,65.02373
3355,63.0,64.399536
3356,66.0,65.08162
3357,62.0,68.53865
3358,66.0,65.485306
3359,61.0,71.125496
3360,56.0,64.43372
3361,49.0,55.47663
3362,45.0,46.326996
3363,53.0,41.221073
3364,55.0,50.55086
3365,50.0,55.482582
3366,54.0,49.9696
3367,54.0,55.13585
3368,56.0,57.56997
3369,55.0,56.328754
3370,54.0,57.778183
3371,54.0,56.133965
3372,59.0,56.17383
3373,57.0,59.792946
3374,59.0,59.246525
3375,60.0,60.518738
3376,63.0,59.251923
3377,59.0,63.064426
3378,60.0,62.489834
3379,61.0,62.48618
3380,67.0,64.451866
3381,65.0,72.206024
3382,69.0,68.070076
3383,79.0,71.92561
3384,79.0,80.96025
3385,73.0,74.708336
3386,61.0,69.47508
3387,64.0,55.79008
3388,66.0,63.806355
3389,69.0,75.51408
3390,78.0,68.56802
3391,81.0,81.60511
3392,77.0,84.8936
3393,76.0,75.95787
3394,68.0,81.57947
3395,68.0,77.02494
3396,75.0,72.280556
3397,64.0,78.07182
3398,64.0,65.638725
3399,53.0,64.16601
3400,42.0,53.26062
3401,46.0,45.06915
3402,48.000004,47.34543
3403,51.0,49.54558
3404,63.0,53.806816
3405,61.0,69.63324
3406,78.0,64.51022
3407,87.0,87.522705
3408,81.0,91.36973
3409,75.0,75.98805
3410,75.0,73.31808
3411,72.0,79.29252
3412,71.0,72.51418
3413,70.0,74.48261
3414,60.0,75.27851
3415,62.0,63.74293
3416,67.0,67.47083
3417,60.0,71.810616
3418,69.0,62.665432
3419,61.0,74.701965
3420,60.0,64.626274
3421,40.0,61.527756
3422,47.0,49.551735
3423,42.0,50.590614
3424,40.0,47.791096
3425,51.0,47.799564
3426,46.0,56.09697
3427,31.0,51.247944
3428,32.0,49.773293
3429,30.0,27.958546
3430,25.0,45.700108
3431,21.0,39.036636
3432,31.0,32.4336
3433,47.0,36.956696
3434,44.0,54.849648
3435,49.0,40.579933
3436,52.0,47.163467
3437,59.0,54.270554
3438,54.0,64.754074
3439,60.0,62.879993
3440,65.0,65.0805
3441,63.0,68.50772
3442,62.0,65.14713
3443,63.0,63.32904
3444,63.0,62.803627
3445,59.0,62.167942
3446,54.0,59.142975
3447,64.0,52.421875
3448,68.0,65.7414
3449,64.0,70.335754
3450,61.0,63.23513
3451,62.0,59.651314
3452,64.0,61.889336
3453,68.0,67.33249
3454,71.0,79.55072
3455,70.0,79.6882
3456,70.0,67.63795
3457,79.0,71.33296
3458,84.0,72.105995
3459,83.0,89.969406
3460,83.0,80.948425
3461,74.0,82.18716
3462,71.0,75.39744
3463,47.0,74.19855
3464,67.0,54.525486
3465,81.0,69.91792
3466,94.0,87.97217
3467,67.0,101.08467
3468,60.0,68.46026
3469,52.0,57.424335
3470,52.0,49.09731
3471,48.000004,54.12898
3472,38.0,51.26809
3473,44.0,41.381123
3474,54.0,45.996155
3475,54.0,59.007904
3476,63.0,58.203835
3477,103.0,69.15594
3478,83.0,124.39241
3479,80.0,80.26451
3480,73.0,74.14206
3481,76.0,66.7661
3482,77.0,69.39017
3483,79.0,70.04942
3484,79.0,75.345505
3485,63.0,75.061615
3486,54.0,61.186775
3487,51.0,56.70373
3488,46.0,55.992546
3489,53.0,53.348988
3490,48.000004,58.61763
3491,40.0,52.6897
3492,30.0,44.843918
3493,21.0,34.011982
3494,33.0,25.214705
3495,35.0,32.857582
3496,40.0,36.639416
3497,43.0,41.911697
3498,51.0,46.14616
3499,60.0,55.15296
3500,80.0,67.61345
3501,57.0,89.01483
3502,72.0,62.933895
3503,54.0,80.54665
3504,53.0,58.701656
3505,55.0,56.59524
3506,66.0,58.18619
3507,61.0,75.91816
3508,59.0,60.73502
3509,62.0,59.97684
3510,70.0,63.01141
3511,75.0,77.09857
3512,75.0,74.62726
3513,67.0,80.4145
3514,63.0,64.73708
3515,64.0,54.200367
3516,68.0,58.56706
3517,68.0,68.46102
3518,71.0,70.96777
3519,67.0,74.52199
3520,76.0,72.16074
3521,70.0,81.59047
3522,69.0,71.33245
3523,66.0,71.93809
3524,73.0,67.2363
3525,75.0,78.160446
3526,81.0,85.50717
3527,84.0,90.66675
3528,97.0,84.087036
3529,101.0,93.948326
3530,97.0,94.29522
3531,95.0,88.87824
3532,94.0,93.030876
3533,91.0,93.68906
3534,90.0,88.92559
3535,87.0,87.78664
3536,89.0,90.91181
3537,96.00001,96.24826
3538,109.0,101.65158
3539,78.0,113.82495
3540,62.0,76.73915
3541,63.0,58.442436
3542,56.0,60.023018
3543,53.0,56.842384
3544,70.0,54.369392
3545,62.0,77.611404
3546,62.0,66.30638
3547,63.0,62.63535
3548,55.0,62.289536
3549,52.0,55.23042
3550,48.000004,52.88029
3551,58.0,49.639828
3552,58.0,60.873634
3553,62.0,62.346577
3554,75.0,64.52354
3555,84.0,74.34983
3556,80.0,80.268105
3557,78.0,74.49381
3558,58.0,75.21571
3559,61.0,60.310383
3560,66.0,62.70961
3561,56.0,72.88103
3562,63.0,62.909145
3563,83.0,68.05541
3564,83.0,89.98112
3565,79.0,83.39108
3566,86.0,75.95332
3567,93.0,86.28641
3568,81.0,96.45593
3569,71.0,82.40646
3570,69.0,71.24402
3571,74.0,68.678215
3572,77.0,74.35122
3573,80.0,78.46841
3574,72.0,82.60103
3575,68.0,74.01277
3576,66.0,66.569695
3577,59.0,62.690098
3578,59.0,55.770977
3579,47.0,53.271973
3580,42.0,45.77521
3581,42.0,45.551258
3582,41.0,47.064445
3583,34.0,47.559162
3584,31.0,40.758785
3585,53.0,39.505833
3586,59.0,54.08303
3587,81.0,63.379395
3588,74.0,74.80431
3589,145.0,68.893616
3590,95.0,113.38439
3591,69.0,88.901146
3592,58.0,72.94226
3593,57.0,61.610615
3594,50.0,56.75241
3595,57.0,52.258038
3596,46.0,57.519653
3597,38.0,50.436302
3598,72.0,42.599037
3599,122.0,73.12413
3600,87.0,112.47442
3601,71.0,80.01069
3602,59.0,62.679222
3603,47.0,53.260456
3604,36.0,45.198715
3605,30.0,37.2068
3606,23.0,34.329426
3607,20.0,30.604395
3608,20.0,27.849636
3609,80.0,27.946472
3610,81.0,69.22885
3611,83.0,67.6579
3612,81.0,80.16798
3613,83.0,82.4775
3614,86.0,79.677086
3615,88.0,78.57248
3616,97.0,82.55921
3617,95.0,94.843704
3618,91.0,90.46419
3619,89.0,84.153404
3620,75.0,83.27799
3621,79.0,66.30347
3622,68.0,71.00886
3623,61.0,66.35474
3624,54.0,58.768753
3625,53.0,53.50712
3626,48.000004,53.890545
3627,37.0,55.3762
3628,31.0,45.68722
3629,30.0,39.84612
3630,42.0,32.59864
3631,55.0,43.603542
3632,97.0,56.059845
3633,122.0,110.91627
3634,122.0,121.76542
3635,98.0,117.781334
3636,84.0,86.855
3637,71.0,74.75676
3638,80.0,64.9055
3639,79.0,74.247055
3640,79.0,74.45666
3641,76.0,76.02007
3642,72.0,71.6347
3643,64.0,65.11036
3644,58.0,56.545834
3645,56.0,49.659912
3646,55.0,51.120544
3647,54.0,53.896313
3648,52.0,54.578117
3649,54.0,57.17822
3650,53.0,62.263836
3651,52.0,60.29387
3652,53.0,56.811287
3653,56.0,52.986416
3654,57.0,57.042908
3655,59.0,58.560913
3656,77.0,63.46359
3657,78.0,83.67439
3658,86.0,79.90044
3659,87.0,86.743576
3660,90.0,89.44772
3661,105.0,94.048676
3662,111.0,115.7175
3663,98.0,118.62813
3664,101.0,101.26606
3665,113.0,103.39913
3666,93.0,113.5227
3667,88.0,90.711845
3668,94.0,82.59113
3669,93.0,92.02849
3670,85.0,91.64367
3671,81.0,86.13222
3672,74.0,81.581535
3673,61.0,76.469124
3674,65.0,67.03767
3675,60.0,65.9003
3676,52.0,64.6082
3677,41.0,60.872303
3678,37.0,52.64195
3679,53.0,39.451332
3680,56.0,49.766735
3681,59.0,61.45216
3682,65.0,65.12173
3683,113.0,75.68431
3684,136.0,128.57068
3685,110.0,142.77739
3686,91.0,110.4464
3687,90.0,92.885796
3688,89.0,96.41094
3689,86.0,99.87368
3690,83.0,92.34607
3691,79.0,83.62901
3692,74.0,73.17319
3693,67.0,66.791374
3694,59.0,58.107162
3695,58.0,57.66564
3696,54.0,67.53748
3697,59.0,65.8812
3698,43.0,66.22369
3699,38.0,54.319508
3700,51.0,49.940918
3701,52.0,61.768795
3702,61.0,55.760834
3703,79.0,64.01019
3704,97.0,87.156525
3705,109.0,109.74732
3706,96.00001,117.458305
3707,88.0,97.96218
3708,92.0,91.637695
3709,87.0,100.96825
3710,80.0,98.69583
3711,71.0,89.19708
3712,72.0,76.92941
3713,71.0,81.10928
3714,79.0,77.59489
3715,85.0,80.82722
3716,90.0,87.97816
3717,87.0,87.55467
3718,68.0,77.36348
3719,58.0,66.29726
3720,56.0,65.79874
3721,47.0,68.351295
3722,48.000004,59.163567
3723,55.0,56.868835
3724,58.0,53.877434
3725,59.0,61.203205
3726,66.0,68.739815
3727,72.0,72.54598
3728,71.0,81.165886
3729,65.0,79.90159
3730,65.0,71.30564
3731,68.0,69.2616
3732,66.0,71.61258
3733,68.0,69.0156
3734,71.0,71.559364
3735,70.0,76.020546
3736,72.0,73.25783
3737,74.0,73.0973
3738,75.0,77.1831
3739,78.0,76.39814
3740,70.0,76.9743
3741,66.0,71.69818
3742,55.0,69.01579
3743,50.0,60.192184
3744,54.0,51.44671
3745,54.0,47.602272
3746,62.0,52.62942
3747,67.0,60.84119
3748,89.0,69.397964
3749,93.0,92.4936
3750,93.0,88.460724
3751,89.0,85.36039
3752,91.0,81.257935
3753,90.0,81.92254
3754,101.0,87.46391
3755,110.0,104.33018
3756,121.0,107.95415
3757,108.0,115.37144
3758,120.0,100.71609
3759,107.0,110.482025
3760,89.0,103.877075
3761,81.0,86.9562
3762,82.0,76.78292
3763,83.0,78.07816
3764,81.0,81.02024
3765,66.0,77.240456
3766,58.0,62.55247
3767,58.0,55.449814
3768,62.0,57.686787
3769,56.0,63.297398
3770,61.0,58.203407
3771,77.0,59.595768
3772,88.0,80.19377
3773,76.0,94.78373
3774,83.0,74.0536
3775,80.0,81.072586
3776,71.0,75.81613
3777,64.0,67.84951
3778,64.0,64.64218
3779,73.0,66.008934
3780,71.0,76.507095
3781,70.0,72.37273
3782,65.0,71.72609
3783,66.0,68.16003
3784,79.0,69.62116
3785,65.0,82.23985
3786,66.0,61.97758
3787,64.0,59.46755
3788,59.0,55.986996
3789,56.0,52.309177
3790,54.0,51.406578
3791,58.0,54.811386
3792,46.0,60.351677
3793,44.0,49.126213
3794,51.0,44.320164
3795,51.0,54.39774
3796,57.0,55.901478
3797,56.0,57.594635
3798,60.0,52.736275
3799,59.0,56.055965
3800,55.0,56.93285
3801,50.0,53.155533
3802,40.0,47.70531
3803,28.0,38.76571
3804,22.0,28.603216
3805,21.0,24.589481
3806,23.0,26.14062
3807,26.0,29.660723
3808,46.0,32.441147
3809,60.0,51.35497
3810,63.0,65.25733
3811,62.0,60.248158
3812,60.0,54.97853
3813,71.0,53.584465
3814,80.0,66.280846
3815,77.0,76.81002
3816,69.0,74.59703
3817,63.0,68.043076
3818,60.0,62.26641
3819,63.0,65.649635
3820,61.0,66.16395
3821,61.0,62.14791
3822,65.0,59.76057
3823,58.0,64.67796
3824,60.0,59.920143
3825,55.0,64.35672
3826,63.0,66.849434
3827,80.0,70.30117
3828,87.0,76.50749
3829,91.0,90.6938
3830,103.0,101.120445
3831,106.0,104.92495
3832,99.0,104.841385
3833,98.0,108.00182
3834,99.0,108.06337
3835,93.0,96.809555
3836,77.0,84.39269
3837,78.0,65.57083
3838,78.0,67.42281
3839,72.0,73.10505
3840,64.0,66.99037
3841,60.0,61.143654
3842,58.0,58.695972
3843,55.0,59.341312
3844,60.0,59.157124
3845,63.0,58.41403
3846,67.0,57.91936
3847,62.0,63.754868
3848,60.0,59.86281
3849,60.0,58.738174
3850,63.0,58.997917
3851,62.0,62.656136
3852,59.0,62.7294
3853,54.0,62.209778
3854,59.0,59.534992
3855,73.0,62.412895
3856,75.0,77.50277
3857,78.0,74.8088
3858,80.0,75.81322
3859,73.0,80.01519
3860,68.0,75.10127
3861,65.0,71.580826
3862,63.0,62.86509
3863,62.0,68.41364
3864,60.0,65.199036
3865,59.0,62.85781
3866,61.0,66.5403
3867,58.0,62.97142
3868,54.0,65.82145
3869,61.0,54.42772
3870,63.0,61.564774
3871,67.0,63.29409
3872,66.0,66.8485
3873,70.0,67.75646
3874,64.0,71.13136
3875,72.0,64.128296
3876,73.0,71.430855
3877,77.0,69.294846
3878,86.0,69.6957
3879,111.0,79.555244
3880,142.0,116.58883
3881,154.0,138.2997
3882,152.0,145.7894
3883,131.0,141.03906
3884,122.0,109.016304
3885,101.0,100.36759
3886,91.0,84.31879
3887,77.0,76.1228
3888,72.0,69.07449
3889,67.0,69.25164
3890,61.0,65.42679
3891,59.0,62.42958
3892,61.0,60.559517
3893,65.0,63.067516
3894,61.0,63.17038
3895,67.0,58.82891
3896,59.0,69.75578
3897,68.0,68.11849
3898,78.0,69.60445
3899,80.0,75.21682
3900,81.0,78.73735
3901,71.0,73.83037
3902,75.0,64.39283
3903,76.0,70.101814
3904,70.0,74.581795
3905,71.0,69.448326
3906,74.0,68.00199
3907,71.0,71.127106
3908,59.0,68.58703
3909,50.0,59.104996
3910,52.0,50.9851
3911,61.0,50.784016
3912,62.0,61.844788
3913,69.0,65.01016
3914,58.0,70.16224
3915,80.0,57.123028
3916,68.0,83.099785
3917,72.0,68.3321
3918,89.0,71.66835
3919,66.0,90.12965
3920,69.0,64.04612
3921,95.0,67.1321
3922,101.0,101.96299
3923,92.0,98.58899
3924,85.0,80.00068
3925,81.0,77.20638
3926,79.0,74.50062
3927,79.0,74.94757
3928,75.0,76.507744
3929,72.0,73.00786
3930,68.0,70.90812
3931,69.0,68.80689
3932,62.0,72.99948
3933,57.0,66.44261
3934,55.0,56.906624
3935,70.0,53.1934
3936,72.0,71.02666
3937,77.0,72.42106
3938,67.0,74.49256
3939,74.0,64.58478
3940,64.0,73.58434
3941,70.0,63.368706
3942,71.0,68.53269
3943,80.0,70.245415
3944,85.0,78.32106
3945,77.0,79.93946
3946,65.0,71.664734
3947,63.0,60.09258
3948,50.0,56.78294
3949,41.0,42.855335
3950,50.0,30.489744
3951,53.0,37.914375
3952,33.0,48.0146
3953,25.0,38.77933
3954,33.0,29.853779
3955,33.0,37.9152
3956,52.0,36.88887
3957,51.0,57.360622
3958,57.0,55.37373
3959,57.0,56.232773
3960,62.0,54.02269
3961,63.0,61.58557
3962,61.0,73.10351
3963,59.0,63.81761
3964,93.0,59.987858
3965,122.0,90.46105
3966,111.0,127.63785
3967,113.0,114.43461
3968,114.0,112.93768
3969,112.0,116.467224
3970,96.00001,115.90373
3971,108.0,98.73954
3972,137.0,109.56745
3973,133.0,132.66682
3974,125.0,125.56598
3975,121.0,107.01146
3976,102.0,102.375694
3977,84.0,96.26029
3978,92.0,84.13306
3979,94.0,88.73015
3980,102.0,81.58519
3981,130.0,82.40139
3982,127.0,115.73039
3983,111.0,107.44069
3984,115.0,91.36363
3985,107.0,105.36989
3986,102.0,104.12261
3987,101.0,100.838455
3988,113.0,103.892784
3989,89.0,118.655495
3990,85.0,95.04332
3991,74.0,90.20532
3992,80.0,80.462685
3993,73.0,88.05914
3994,84.0,89.08188
3995,90.0,95.301796
3996,94.0,95.0682
3997,80.0,89.31249
3998,71.0,68.591415
3999,61.0,57.607758
4000,56.0,50.486168
4001,52.0,53.331974
4002,51.0,53.31464
4003,59.0,53.765488
4004,63.0,70.67946
4005,66.0,68.84761
4006,63.0,76.1911
4007,57.0,77.74162
4008,54.0,65.43581
4009,56.0,51.032093
4010,68.0,54.391026
4011,68.0,74.028595
4012,62.0,78.41891
4013,79.0,70.807556
4014,78.0,89.42151
4015,85.0,86.614555
4016,100.0,87.92313
4017,104.0,109.7208
4018,93.0,104.982864
4019,95.0,96.730705
4020,103.0,101.39641
4021,95.0,112.81681
4022,94.0,78.68863
4023,93.0,79.278305
4024,93.0,90.50355
4025,93.0,90.49425
4026,79.0,85.96648
4027,56.0,69.639656
4028,56.0,54.883526
4029,55.0,58.32149
4030,52.0,53.790398
4031,49.0,47.038094
4032,79.0,45.563953
4033,68.0,75.41539
4034,68.0,61.893677
4035,71.0,62.70164
4036,64.0,67.431305
4037,59.0,60.787403
4038,68.0,56.824417
4039,68.0,71.18445
4040,68.0,69.31173
4041,75.0,66.7927
4042,77.0,74.06629
4043,76.0,75.87723
4044,75.0,69.78308
4045,65.0,63.84516
4046,57.0,62.265003
4047,53.0,54.896465
4048,48.000004,45.555767
4049,47.0,41.966526
4050,48.000004,43.416023
4051,52.0,47.989666
4052,48.000004,52.017452
4053,55.0,66.917816
4054,50.0,68.47236
4055,54.0,53.698948
4056,61.0,56.75608
4057,55.0,71.16402
4058,53.0,65.55104
4059,55.0,73.97696
4060,57.0,77.63915
4061,65.0,73.67778
4062,67.0,80.95211
4063,97.0,75.0995
4064,92.0,110.095375
4065,138.0,102.09302
4066,152.0,140.65616
4067,134.0,142.93791
4068,108.0,114.47375
4069,85.0,92.04748
4070,75.0,74.55092
4071,70.0,62.232502
4072,65.0,62.087242
4073,59.0,61.005196
4074,56.0,56.414787
4075,55.0,56.128723
4076,59.0,55.806065
4077,69.0,61.0047
4078,61.0,70.14103
4079,62.0,56.713223
4080,66.0,55.399754
4081,59.0,64.746796
4082,70.0,63.17787
4083,61.0,80.4266
4084,76.0,71.01428
4085,80.0,87.500786
4086,88.0,93.14346
4087,79.0,99.22268
4088,73.0,85.92067
4089,77.0,76.66955
4090,79.0,82.90314
4091,92.0,85.341324
4092,93.0,100.31529
4093,92.0,98.680885
4094,84.0,83.92026
4095,80.0,77.80421
4096,79.0,72.98953
4097,81.0,75.44608
4098,62.0,70.89466
4099,55.0,59.72766
4100,59.0,63.062542
4101,58.0,61.872837
4102,59.0,48.14854
4103,75.0,56.68224
4104,76.0,81.796234
4105,97.0,76.54681
4106,84.0,97.308945
4107,107.0,77.12454
4108,98.0,112.33321
4109,88.0,101.68066
4110,77.0,91.43403
4111,91.0,85.78349
4112,107.0,106.40687
4113,106.0,124.16068
4114,103.0,115.59128
4115,88.0,109.45615
4116,78.0,88.88881
4117,76.0,70.21629
4118,70.0,67.37858
4119,66.0,61.737328
4120,63.0,55.16027
4121,56.0,56.151413
4122,58.0,49.008224
4123,56.0,55.147545
4124,56.0,58.603
4125,57.0,55.55366
4126,65.0,63.02909
4127,75.0,66.24294
4128,72.0,74.41586
4129,72.0,68.26274
4130,81.0,69.19906
4131,72.0,79.886215
4132,78.0,69.64492
4133,80.0,75.604454
4134,92.0,76.59297
4135,103.0,85.70558
4136,115.0,88.08467
4137,110.0,101.82751
4138,103.0,93.96233
4139,117.0,88.819824
4140,93.0,109.80309
4141,80.0,77.99504
4142,73.0,67.837456
4143,69.0,68.48812
4144,75.0,54.497063
4145,65.0,57.942867
4146,65.0,58.747986
4147,50.0,61.773224
4148,56.0,52.53656
4149,67.0,59.349995
4150,86.0,71.0363
4151,88.0,86.42576
4152,83.0,79.96537
4153,66.0,71.625465
4154,78.0,73.51522
4155,64.0,88.652306
4156,65.0,76.03566
4157,87.0,74.71614
4158,70.0,100.59103
4159,74.0,80.06638
4160,92.0,81.49574
4161,121.0,106.32109
4162,140.0,131.69875
4163,143.0,141.52814
4164,117.0,135.74413
4165,125.0,98.05475
4166,110.0,107.038475
4167,102.0,97.9351
4168,91.0,89.701965
4169,94.0,79.3183
4170,100.0,82.20525
4171,80.0,90.609245
4172,83.0,78.77572
4173,73.0,79.1478
4174,82.0,68.330345
4175,89.0,78.02639
4176,106.0,87.53242
4177,129.0,105.518036
4178,130.0,128.09166
4179,120.0,133.41408
4180,112.0,128.67355
4181,99.0,116.140625
4182,89.0,95.49314
4183,106.0,86.1766
4184,124.0,119.49087
4185,126.0,131.29857
4186,129.0,121.459656
4187,130.0,118.640396
4188,115.0,119.849
4189,114.0,100.073
4190,96.00001,97.41554
4191,88.0,83.48807
4192,80.0,77.16535
4193,72.0,74.75792
4194,59.0,70.88602
4195,59.0,63.198936
4196,68.0,64.8508
4197,83.0,72.424385
4198,94.0,86.28991
4199,96.00001,98.10103
4200,83.0,93.18865
4201,90.0,82.13452
4202,159.0,94.39898
4203,157.0,148.27524
4204,155.0,150.9932
4205,152.0,159.41292
4206,154.0,155.5778
4207,136.0,155.31296
4208,121.0,130.64238
4209,112.0,114.32009
4210,117.0,109.87451
4211,94.0,115.49644
4212,77.0,92.27833
4213,74.0,71.85267
4214,76.0,72.24097
4215,77.0,69.25217
4216,93.0,71.64629
4217,86.0,93.2229
4218,84.0,85.860596
4219,96.00001,68.387764
4220,96.00001,86.80229
4221,87.0,95.07093
4222,74.0,79.948975
4223,67.0,66.50693
4224,75.0,62.197212
4225,68.0,73.48414
4226,68.0,66.06754
4227,73.0,67.30295
4228,62.0,74.92031
4229,74.0,64.42767
4230,80.0,78.75538
4231,93.0,87.85583
4232,103.0,102.05576
4233,94.0,113.7445
4234,97.0,100.23371
4235,106.0,102.03177
4236,153.0,109.70862
4237,152.0,143.32018
4238,153.0,138.54895
4239,153.0,142.74615
4240,154.0,146.52307
4241,156.0,149.22021
4242,123.0,143.7295
4243,114.0,99.32419
4244,83.0,86.03576
4245,81.0,68.74497
4246,88.0,58.407856
4247,85.0,70.05541
4248,92.0,85.61364
4249,83.0,94.71243
4250,81.0,78.96631
4251,81.0,78.33934
4252,102.0,80.42676
4253,129.0,109.015396
4254,152.0,133.07373
4255,154.0,147.14464
4256,157.0,154.8624
4257,166.0,174.49377
4258,167.0,152.06767
4259,156.0,158.95457
4260,135.0,153.87633
4261,132.0,130.35168
4262,115.0,119.64967
4263,106.0,95.80472
4264,87.0,93.07195
4265,73.0,76.290115
4266,62.0,65.94118
4267,59.0,58.372555
4268,67.0,61.3485
4269,62.0,69.39983
4270,55.0,59.55963
4271,60.0,52.857
4272,65.0,58.03634
4273,56.0,63.855515
4274,60.0,55.617516
4275,75.0,60.039608
4276,55.0,76.62128
4277,61.0,56.055965
4278,71.0,60.741432
4279,96.00001,73.411316
4280,76.0,93.626816
4281,66.0,67.32679
4282,63.0,64.09664
4283,69.0,61.38045
4284,61.0,68.2419
4285,62.0,58.407578
4286,65.0,54.13443
4287,66.0,56.119274
4288,57.0,59.265587
4289,57.0,53.55804
4290,61.0,58.962315
4291,56.0,60.202667
4292,53.0,58.19611
4293,66.0,53.39087
4294,77.0,65.732376
4295,72.0,76.77759
4296,74.0,69.952484
4297,68.0,73.0635
4298,64.0,68.412895
4299,72.0,62.986107
4300,84.0,71.729645
4301,107.0,84.97348
4302,112.0,113.15736
4303,107.0,108.58573
4304,117.0,96.501945
4305,123.0,126.26262
4306,136.0,125.2083
4307,150.0,136.44763
4308,130.0,142.13503
4309,108.0,121.54442
4310,93.0,94.155594
4311,87.0,82.38011
4312,97.0,76.82525
4313,77.0,88.48907
4314,75.0,70.28055
4315,80.0,68.716965
4316,99.0,84.648865
4317,107.0,102.84611
4318,107.0,109.62702
4319,119.0,96.18174
4320,128.0,107.87872
4321,111.0,123.70763
4322,109.0,104.39874
4323,74.0,103.80505
4324,72.0,70.75691
4325,76.0,77.89835
4326,104.0,93.77127
4327,139.0,118.543304
4328,137.0,140.2625
4329,113.0,135.58542
4330,103.0,112.32259
4331,109.0,103.065384
4332,108.0,110.87513
4333,92.0,109.94225
4334,88.0,91.867
4335,86.0,76.12101
4336,92.0,77.39636
4337,105.0,88.26645
4338,110.0,105.57966
4339,105.0,109.16591
4340,85.0,105.41039
4341,87.0,85.709564
4342,90.0,84.906494
4343,93.0,88.29322
4344,88.0,91.635155
4345,97.0,86.652794
4346,113.0,98.65928
4347,104.0,116.74918
4348,108.0,105.17525
4349,133.0,111.55121
4350,109.0,136.74574
4351,91.0,108.92527
4352,94.0,92.222664
4353,87.0,99.54526
4354,89.0,97.28557
4355,78.0,97.732956
4356,89.0,84.08066
4357,103.0,94.5262
4358,97.0,109.97833
4359,95.0,98.23795
4360,94.0,87.10759
4361,99.0,92.10549
4362,84.0,99.20585
4363,75.0,78.76206
4364,68.0,71.001976
4365,74.0,67.36972
4366,85.0,65.49754
4367,89.0,77.38276
4368,75.0,82.89276
4369,61.0,68.57881
4370,55.0,57.888737
4371,64.0,56.321415
4372,63.0,74.159164
4373,68.0,74.67271
4374,71.0,80.82683
4375,92.0,79.82438
4376,86.0,99.79745
4377,92.0,93.72758
4378,103.0,95.09988
4379,95.0,104.812004
4380,88.0,93.61589
4381,91.0,81.92407
4382,93.0,85.06122
4383,94.0,88.23935
4384,95.0,92.20811
4385,90.0,97.31854
4386,90.0,91.376366
4387,90.0,95.02009
4388,92.0,90.09683
4389,98.0,92.61597
4390,96.00001,95.07895
4391,80.0,89.793526
4392,66.0,73.80695
4393,71.0,67.67553
4394,63.0,65.22361
4395,64.0,56.262444
4396,54.0,61.944054
4397,61.0,55.723606
4398,85.0,62.32264
4399,67.0,88.853645
4400,72.0,68.907776
4401,104.0,72.80222
4402,91.0,107.272
4403,86.0,87.65905
4404,77.0,80.78335
4405,83.0,71.89779
4406,81.0,76.642555
4407,81.0,75.63825
4408,70.0,74.17849
4409,66.0,68.49116
4410,81.0,67.04972
4411,69.0,83.38806
4412,71.0,72.06426
4413,70.0,70.4797
4414,76.0,72.57481
4415,61.0,76.14537
4416,55.0,69.11816
4417,52.0,54.568764
4418,55.0,53.557186
4419,53.0,57.922512
4420,58.0,60.921257
4421,65.0,67.55059
4422,70.0,74.51424
4423,70.0,75.04838
4424,77.0,72.29721
4425,93.0,79.84388
4426,92.0,93.86886
4427,75.0,91.71421
4428,74.0,74.225525
4429,75.0,72.53667
4430,66.0,77.56991
4431,62.0,67.87886
4432,53.0,64.44881
4433,57.0,55.416374
4434,67.0,57.118877
4435,74.0,64.707756
4436,92.0,76.403824
4437,82.0,94.85502
4438,80.0,81.43377
4439,81.0,71.63602
4440,75.0,69.59886
4441,75.0,66.292404
4442,76.0,68.90242
4443,71.0,73.328156
4444,54.0,69.088264
4445,41.0,55.668602
4446,56.0,46.099415
4447,55.0,61.51856
4448,71.0,63.454033
4449,87.0,75.46165
4450,90.0,100.392525
4451,87.0,93.97906
4452,94.0,89.01682
4453,91.0,93.20149
4454,93.0,90.717705
4455,94.0,97.39484
4456,93.0,96.33585
4457,93.0,94.54194
4458,83.0,93.37035
4459,85.0,85.18213
4460,104.0,87.025856
4461,100.0,110.38607
4462,83.0,90.66861
4463,56.0,73.7668
4464,52.0,58.085373
4465,57.0,58.271393
4466,45.0,55.53588
4467,39.0,44.755844
4468,32.0,37.951115
4469,33.0,31.235367
4470,52.0,32.51486
4471,47.0,49.854877
4472,53.0,49.97448
4473,61.0,53.60788
4474,77.0,62.26209
4475,69.0,77.47988
4476,69.0,68.03412
4477,60.0,68.25899
4478,55.0,64.20776
4479,53.0,58.71756
4480,40.0,52.68063
4481,52.0,37.649395
4482,49.0,50.142715
4483,61.0,55.319237
4484,59.0,62.757656
4485,82.0,65.93277
4486,92.0,90.90336
4487,91.0,98.187515
4488,73.0,89.27371
4489,60.0,69.50202
4490,58.0,60.76455
4491,56.0,60.63771
4492,62.0,59.11607
4493,67.0,67.17041
4494,103.0,76.64868
4495,107.0,125.00429
4496,99.0,106.52226
4497,91.0,101.57076
4498,107.0,92.39112
4499,87.0,111.1451
4500,92.0,91.07705
4501,85.0,91.97021
4502,81.0,81.89662
4503,80.0,80.217155
4504,78.0,75.642334
4505,70.0,72.622826
4506,75.0,65.45263
4507,71.0,71.907555
4508,74.0,70.90792
4509,83.0,74.19222
4510,83.0,81.1095
4511,93.0,81.73528
4512,94.0,103.07162
4513,110.0,99.71468
4514,105.0,115.787384
4515,110.0,100.221924
4516,105.0,105.96722
4517,111.0,98.73889
4518,99.0,105.50089
4519,102.0,103.56555
4520,93.0,103.09589
4521,95.0,96.24763
4522,98.0,97.811844
4523,101.0,103.392815
4524,101.0,106.50574
4525,106.0,103.89165
4526,115.0,106.015366
4527,119.0,117.62893
4528,116.0,122.889435
4529,117.0,119.9136
4530,107.0,121.17202
4531,99.0,112.369225
4532,118.0,105.82545
4533,131.0,122.03548
4534,134.0,129.57468
4535,141.0,130.2748
4536,106.0,142.41754
4537,97.0,99.083916
4538,87.0,89.275215
4539,82.0,96.30032
4540,91.0,91.25344
4541,96.00001,96.116035
4542,85.0,99.73677
4543,79.0,86.85798
4544,79.0,82.63834
4545,92.0,82.15205
4546,86.0,95.15792
4547,92.0,88.50668
4548,94.0,91.06737
4549,98.0,94.90708
4550,95.0,95.89111
4551,97.0,91.68569
4552,98.0,93.89836
4553,91.0,100.10582
4554,88.0,91.124886
4555,86.0,87.3299
4556,89.0,92.31361
4557,93.0,94.242805
4558,101.0,98.842896
4559,91.0,104.78002
4560,85.0,91.03909
4561,86.0,87.40695
4562,76.0,94.7822
4563,81.0,87.66149
4564,93.0,92.55947
4565,94.0,105.02293
4566,110.0,100.46216
4567,111.0,112.09311
4568,113.0,109.88866
4569,101.0,115.794106
4570,99.0,115.72211
4571,99.0,109.838394
4572,104.0,97.8211
4573,110.0,86.44731
4574,103.0,93.179726
4575,100.0,101.61773
4576,96.00001,96.751785
4577,100.0,99.66931
4578,99.0,105.1329
4579,102.0,105.708176
4580,112.0,110.981384
4581,119.0,117.27569
4582,121.0,120.51366
4583,123.0,121.41665
4584,124.0,124.916664
4585,114.0,126.60898
4586,114.0,115.93043
4587,116.0,115.11961
4588,120.0,126.21205
4589,125.0,133.76576
4590,134.0,130.69829
4591,131.0,128.92693
4592,139.0,135.32224
4593,94.0,138.87987
4594,104.0,98.08259
4595,116.0,109.911736
4596,124.0,118.06881
4597,118.0,126.623825
4598,121.0,101.031006
4599,123.0,117.13689
4600,105.0,134.53276
4601,85.0,99.92353
4602,81.0,82.86797
4603,73.0,90.17626
4604,89.0,78.16023
4605,94.0,94.46409
4606,105.0,102.29545
4607,96.00001,104.0719
4608,82.0,86.23217
4609,78.0,74.998116
4610,89.0,74.260895
4611,72.0,98.686584
4612,80.0,82.47996
4613,88.0,87.58747
4614,93.0,95.15203
4615,79.0,96.05615
4616,89.0,84.09462
4617,106.0,93.26386
4618,100.0,110.934494
4619,98.0,104.076485
4620,104.0,95.76464
4621,100.0,107.510994
4622,103.0,101.72598
4623,104.0,108.20756
4624,105.0,104.02389
4625,95.0,109.1513
4626,95.0,97.91383
4627,97.0,96.915054
4628,108.0,102.4852
4629,107.0,109.47037
4630,121.0,103.05638
4631,120.0,117.236465
4632,118.0,117.54069
4633,133.0,119.0814
4634,110.0,137.05722
4635,85.0,109.05131
4636,103.0,85.343025
4637,137.0,105.4437
4638,126.0,140.48302
4639,153.0,129.392
4640,157.0,150.67024
4641,162.0,151.3908
4642,152.0,162.93008
4643,135.0,160.9163
4644,134.0,136.90875
4645,139.0,118.81517
4646,130.0,134.73549
4647,126.0,127.091095
4648,142.0,124.090706
4649,153.0,136.46704
4650,139.0,151.85164
4651,127.0,132.46213
4652,103.0,122.41469
4653,99.0,103.24894
4654,107.0,106.55594
4655,113.0,110.301765
4656,114.0,110.72046
4657,117.0,114.82025
4658,138.0,118.24874
4659,120.0,143.89818
4660,96.00001,109.40551
4661,110.0,83.26179
4662,92.0,104.53913
4663,89.0,88.33533
4664,74.0,88.079834
4665,94.0,78.98926
4666,108.0,101.62309
4667,99.0,119.25863
4668,107.0,102.15662
4669,119.0,107.95973
4670,126.0,131.5789
4671,129.0,121.15399
4672,131.0,125.63672
4673,149.0,127.38315
4674,140.0,137.5212
4675,127.0,122.5966
4676,106.0,116.34462
4677,93.0,93.632835
4678,117.0,83.7291
4679,128.0,116.83888
4680,130.0,131.31358
4681,104.0,135.3538
4682,84.0,98.86705
4683,73.0,83.16843
4684,70.0,74.88831
4685,68.0,73.21821
4686,63.0,71.72474
4687,75.0,66.70327
4688,81.0,81.256546
4689,81.0,87.35368
4690,87.0,86.48431
4691,84.0,93.33976
4692,93.0,84.091286
4693,98.0,90.20774
4694,100.0,94.54594
4695,101.0,95.93688
4696,102.0,96.886635
4697,118.0,106.01166
4698,113.0,122.959206
4699,110.0,107.49858
4700,108.0,112.5087
4701,97.0,104.877365
4702,71.0,98.66561
4703,80.0,75.1811
4704,75.0,76.5039
4705,68.0,73.25564
4706,75.0,67.367134
4707,77.0,75.08225
4708,68.0,83.49007
4709,140.0,76.73231
4710,161.0,145.67293
4711,166.0,154.72935
4712,169.00002,162.50098
4713,155.0,161.79059
4714,158.0,148.79327
4715,155.0,151.6024
4716,154.0,154.9106
4717,142.0,160.02406
4718,112.0,146.23499
4719,96.00001,113.28668
4720,84.0,93.62099
4721,80.0,84.319954
4722,81.0,81.52344
4723,84.0,82.87252
4724,90.0,89.58319
4725,116.0,95.29423
4726,136.0,122.72054
4727,144.0,132.73013
4728,123.0,139.77898
4729,115.0,111.99714
4730,97.0,104.16969
4731,113.0,93.70583
4732,108.0,114.47923
4733,127.0,114.46194
4734,129.0,136.7061
4735,154.0,130.78378
4736,143.0,150.56476
4737,133.0,123.40397
4738,151.0,128.46158
4739,152.0,147.32716
4740,151.0,159.14455
4741,139.0,141.85
4742,146.0,126.29833
4743,150.0,144.88286
4744,152.0,151.13832
4745,153.0,147.9461
4746,149.0,144.26381
4747,138.0,141.52751
4748,134.0,131.27246
4749,119.0,125.763245
4750,121.0,110.32553
4751,119.0,115.42401
4752,91.0,110.8841
4753,80.0,87.36341
4754,77.0,76.98379
4755,92.0,75.19376
4756,70.0,101.05996
4757,88.0,73.36165
4758,115.0,97.12982
4759,98.0,123.11234
4760,70.0,96.65063
4761,76.0,73.438896
4762,78.0,89.0992
4763,74.0,85.025085
4764,75.0,77.09996
4765,74.0,74.699844
4766,68.0,69.506256
4767,64.0,65.2401
4768,63.0,62.420868
4769,58.0,64.36552
4770,58.0,62.39481
4771,75.0,64.02318
4772,87.0,80.04242
4773,87.0,92.46789
4774,88.0,87.70174
4775,93.0,86.81088
4776,105.0,93.26271
4777,90.0,107.94067
4778,75.0,89.3547
4779,66.0,72.36062
4780,57.0,69.584175
4781,69.0,61.82171
4782,58.0,74.265175
4783,84.0,61.49283
4784,82.0,90.12294
4785,79.0,90.03773
4786,67.0,82.96428
4787,68.0,72.84516
4788,93.0,69.106255
4789,96.00001,99.39283
4790,92.0,96.03355
4791,90.0,96.50747
4792,102.0,88.99273
4793,95.0,105.40494
4794,96.00001,101.0308
4795,88.0,91.25715
4796,89.0,83.27059
4797,91.0,89.1086
4798,94.0,91.53145
4799,77.0,94.39694
4800,68.0,74.165726
4801,65.0,65.05712
4802,75.0,63.076183
4803,86.0,77.70632
4804,86.0,97.20544
4805,132.0,89.62629
4806,156.0,147.05281
4807,150.0,144.21486
4808,127.0,152.14003
4809,110.0,123.15274
4810,111.0,103.39597
4811,121.0,112.20424
4812,113.0,129.38376
4813,91.0,119.21983
4814,90.0,92.13584
4815,89.0,90.95088
4816,91.0,95.84175
4817,106.0,92.4956
4818,105.0,116.80536
4819,92.0,107.77868
4820,100.0,98.85175
4821,98.0,94.73779
4822,87.0,94.908195
4823,92.0,84.555145
4824,85.0,90.489
4825,76.0,83.15552
4826,81.0,75.932396
4827,69.0,79.309875
4828,62.0,65.992615
4829,77.0,61.258163
4830,75.0,81.330345
4831,64.0,78.03943
4832,70.0,63.70962
4833,74.0,64.75388
4834,78.0,70.51158
4835,93.0,83.93233
4836,121.0,101.79385
4837,109.0,131.5563
4838,114.0,98.5173
4839,116.0,111.40618
4840,127.0,117.99298
4841,114.0,130.51695
4842,97.0,109.225044
4843,96.00001,90.19471
4844,75.0,90.28057
4845,70.0,75.19568
4846,63.0,68.09762
4847,63.0,62.884804
4848,71.0,64.15517
4849,70.0,73.146614
4850,79.0,71.772804
4851,83.0,80.05097
4852,81.0,82.07867
4853,87.0,79.740425
4854,79.0,87.18089
4855,71.0,77.05942
4856,96.00001,71.66229
4857,95.0,109.3162
4858,104.0,103.88406
4859,108.0,108.26214
4860,108.0,110.47857
4861,122.0,106.492424
4862,146.0,124.208885
4863,152.0,148.2317
4864,152.0,148.92583
4865,134.0,156.70833
4866,113.0,135.11359
4867,88.0,98.13606
4868,91.0,81.578575
4869,84.0,90.27071
4870,82.0,82.43575
4871,74.0,82.11659
4872,73.0,74.25607
4873,77.0,73.55608
4874,76.0,77.128746
4875,108.0,79.24769
4876,113.0,127.18161
4877,104.0,121.851776
4878,90.0,109.07635
4879,74.0,92.51114
4880,91.0,79.37253
4881,99.0,99.25793
4882,102.0,111.552284
4883,113.0,108.803246
4884,130.0,115.82686
4885,117.0,139.35493
4886,111.0,116.706604
4887,86.0,110.80829
4888,75.0,84.43448
4889,68.0,76.55798
4890,68.0,64.42566
4891,68.0,66.55276
4892,77.0,69.333984
4893,69.0,75.61973
4894,76.0,67.50895
4895,71.0,72.654785
4896,69.0,69.14249
4897,77.0,68.21264
4898,92.0,72.59471
4899,107.0,82.96154
4900,100.0,89.814224
4901,98.0,89.364
4902,98.0,101.17839
4903,109.0,103.835396
4904,117.0,127.338326
4905,127.0,132.452
4906,121.0,137.82047
4907,125.0,121.1217
4908,104.0,119.41278
4909,86.0,92.53532
4910,76.0,74.317726
4911,67.0,64.94117
4912,63.0,60.66528
4913,50.0,59.32107
4914,54.0,48.32734
4915,54.0,51.93304
4916,51.0,55.486553
4917,58.0,54.078564
4918,59.0,59.84491
4919,60.0,60.26163
4920,69.0,60.92111
4921,68.0,69.70986
4922,70.0,69.83888
4923,70.0,70.67555
4924,74.0,70.370285
4925,72.0,75.07193
4926,77.0,72.14439
4927,85.0,78.255554
4928,85.0,88.25191
4929,93.0,85.3435
4930,96.00001,94.26269
4931,97.0,94.91767
4932,100.0,96.8036
4933,96.00001,102.76836
4934,96.00001,90.10904
4935,87.0,88.08222
4936,83.0,81.236115
4937,75.0,77.638374
4938,79.0,72.474396
4939,76.0,79.709885
4940,82.0,79.71283
4941,96.00001,84.03554
4942,96.00001,100.196465
4943,102.0,95.83816
4944,81.0,103.406746
4945,82.0,82.077415
4946,68.0,84.46927
4947,68.0,72.96928
4948,70.0,64.73699
4949,74.0,68.34845
4950,76.0,77.3513
4951,78.0,80.37405
4952,89.0,81.25546
4953,79.0,97.02373
4954,73.0,84.937065
4955,74.0,72.36724
4956,88.0,68.37919
4957,78.0,89.2738
4958,78.0,73.41157
4959,72.0,72.57489
4960,69.0,67.890495
4961,61.0,66.80104
4962,56.0,61.358723
4963,54.0,57.74734
4964,64.0,56.261776
4965,64.0,65.944984
4966,68.0,65.747284
4967,68.0,69.21307
4968,103.0,66.97829
4969,130.0,108.94447
4970,120.0,138.54729
4971,105.0,120.87973
4972,90.0,102.96314
4973,85.0,88.64392
4974,90.0,85.20634
4975,98.0,105.82761
4976,95.0,109.23012
4977,93.0,102.14828
4978,92.0,95.60671
4979,114.0,97.538826
4980,139.0,121.091194
4981,111.0,150.84789
4982,90.0,110.150764
4983,96.00001,79.01572
4984,98.0,97.10352
4985,100.0,96.02763
4986,80.0,96.58857
4987,83.0,79.790146
4988,79.0,84.00892
4989,86.0,80.22863
4990,89.0,88.76954
4991,83.0,89.91331
4992,108.0,81.49195
4993,95.0,113.99445
4994,85.0,94.39146
4995,84.0,85.06718
4996,78.0,84.55809
4997,72.0,78.14125
4998,87.0,71.50891
4999,76.0,97.91518
5000,80.0,84.997856
5001,89.0,85.693756
5002,97.0,99.52549
5003,118.0,105.05234
5004,138.0,124.523254
5005,147.0,146.96039
5006,154.0,147.7174
5007,156.0,148.99733
5008,136.0,147.76614
5009,120.0,124.96991
5010,92.0,105.06405
5011,72.0,83.18765
5012,68.0,68.63164
5013,75.0,63.839363
5014,85.0,76.15909
5015,80.0,87.73774
5016,81.0,78.99983
5017,106.0,76.82205
5018,86.0,111.25058
5019,99.0,85.56754
5020,122.0,102.926636
5021,114.0,129.98897
5022,112.0,117.850365
5023,139.0,116.93186
5024,123.0,151.2206
5025,110.0,120.499
5026,97.0,107.62184
5027,124.0,110.51236
5028,110.0,129.57274
5029,108.0,107.18009
5030,93.0,110.02393
5031,98.0,89.44994
5032,102.0,93.56999
5033,112.0,110.28766
5034,113.0,114.70673
5035,111.0,113.15313
5036,103.0,103.18027
5037,91.0,98.240555
5038,78.0,86.55153
5039,78.0,72.14303
5040,76.0,72.9028
5041,75.0,73.44903
5042,79.0,75.54668
5043,66.0,78.232574
5044,64.0,64.98361
5045,62.0,64.513565
5046,72.0,64.63119
5047,73.0,83.30464
5048,90.0,85.40612
5049,90.0,106.28049
5050,154.0,96.42017
5051,155.0,149.15688
5052,155.0,151.69836
5053,152.0,152.90733
5054,146.0,145.1448
5055,135.0,140.37704
5056,130.0,126.9053
5057,122.0,122.42821
5058,137.0,116.15878
5059,110.0,130.1302
5060,95.0,101.614456
5061,92.0,91.42983
5062,100.0,93.13605
5063,93.0,100.87271
5064,75.0,90.516464
5065,73.0,73.118164
5066,72.0,70.31729
5067,80.0,69.74732
5068,80.0,86.41187
5069,87.0,87.29639
5070,95.0,98.51265
5071,76.0,107.68418
5072,79.0,82.355255
5073,95.0,86.05192
5074,120.0,107.13699
5075,117.0,130.53185
5076,105.0,118.41071
5077,101.0,96.86689
5078,97.0,99.71314
5079,96.00001,92.61479
5080,96.00001,89.40981
5081,75.0,94.787315
5082,65.0,78.11113
5083,60.0,66.690865
5084,65.0,63.25783
5085,68.0,70.07799
5086,59.0,80.85303
5087,61.0,58.836174
5088,93.0,60.785664
5089,79.0,103.29796
5090,93.0,83.24027
5091,116.0,102.35863
5092,139.0,128.68687
5093,116.0,146.23677
5094,115.0,118.15065
5095,116.0,113.949875
5096,156.0,125.818436
5097,129.0,163.12364
5098,117.0,142.21254
5099,112.0,110.01068
5100,97.0,113.921906
5101,85.0,85.09082
5102,86.0,74.42261
5103,85.0,73.74309
5104,85.0,75.136734
5105,72.0,75.4263
5106,63.0,67.693886
5107,61.0,58.604515
5108,68.0,61.89779
5109,77.0,69.32759
5110,85.0,76.12144
5111,89.0,86.6555
5112,77.0,92.29968
5113,73.0,76.92488
5114,63.0,64.3653
5115,55.0,58.174164
5116,55.0,60.488327
5117,50.0,59.678207
5118,45.0,53.451385
5119,41.0,52.65941
5120,33.0,51.519844
5121,52.0,47.946262
5122,60.0,61.241535
5123,54.0,67.39223
5124,57.0,59.748573
5125,59.0,56.319607
5126,59.0,58.771885
5127,50.0,59.908443
5128,45.0,51.15526
5129,53.0,47.529484
5130,58.0,56.472935
5131,59.0,65.26524
5132,70.0,65.740555
5133,65.0,72.72333
5134,63.0,65.242355
5135,62.0,59.48653
5136,59.0,57.061142
5137,62.0,56.867172
5138,73.0,62.70531
5139,54.0,74.77564
5140,52.0,59.06626
5141,56.0,58.564728
5142,52.0,61.70947
5143,58.0,60.136433
5144,60.0,63.42253
5145,70.0,66.19939
5146,71.0,73.9195
5147,66.0,70.02145
5148,79.0,66.008835
5149,74.0,75.750824
5150,73.0,71.00295
5151,64.0,69.85427
5152,59.0,63.345585
5153,59.0,60.141403
5154,56.0,61.270237
5155,68.0,61.61036
5156,68.0,73.57558
5157,69.0,72.54521
5158,76.0,72.23869
5159,83.0,79.70158
5160,78.0,85.31581
5161,72.0,77.139404
