Actual,Predicted
52.0,52.009999288455575
45.0,52.129999234569254
45.0,46.80999910230282
53.0,45.93999937540851
53.0,53.28999917088541
62.0,53.07999938275665
62.0,60.81999982609413
59.0,59.289999729343684
59.0,57.63999909862875
83.0,59.3399996938277
83.0,81.03000269064216
97.0,77.53000247264748
97.0,95.45000325644857
94.0,92.82000347076918
94.0,89.30000303967857
79.0,87.93000308009331
79.0,73.00000223383309
64.0,74.50000226567501
64.0,61.50999959462788
60.0,61.83999975996092
60.0,58.69999961544759
61.0,58.12999936193693
61.0,59.899999350914726
57.0,59.57999946848489
57.0,55.569999205176714
59.0,56.239999466035506
59.0,57.95999913781881
45.0,58.04999917578417
45.0,48.58999947215896
43.0,48.249999376633205
43.0,46.40999911210034
55.0,46.949999104752195
55.0,56.269999413373874
55.0,56.019999316623434
55.0,55.33999920395202
58.0,55.93999928723088
58.0,59.03999927988276
59.0,59.96999956768472
59.0,59.49999932152218
60.0,59.17999932152219
60.0,59.99999955421313
57.0,59.35999939745291
57.0,58.14999949665274
56.0,57.93999947338365
56.0,57.339999546864995
53.0,58.22999944766517
53.0,53.20999906311277
53.0,54.309999300702465
53.0,53.77999959095381
53.0,53.80999918558168
53.0,53.78999909005593
57.0,52.949998996979545
57.0,57.4999993313197
64.0,58.66999951134901
64.0,64.32000027922913
72.0,63.88000045068563
72.0,73.21000323685355
63.0,74.30000354425053
63.0,64.4200006784778
62.0,62.860000007348134
62.0,62.339999522371215
62.0,63.189999663210465
62.0,60.38999973179307
55.0,60.52999957748223
55.0,54.78999943786766
68.0,53.17999946848489
68.0,68.96000217994677
57.0,69.48000235140326
57.0,53.589999506450255
54.0,55.09999960565008
54.0,53.79999921619891
55.0,53.82999916353728
55.0,53.92999936683569
53.0,54.909999423171385
53.0,53.69999928723089
46.0,53.11999941704794
46.0,49.4399996717833
52.0,48.78999974159058
52.0,52.82999979547691
49.0,52.359999706074596
49.0,47.02000010532328
56.0,46.87999982854352
56.0,56.899999365610995
53.0,56.92999927375931
53.0,51.88999945991206
50.0,52.009999170885415
50.0,49.969999303151845
53.0,50.36999921497422
53.0,54.0599989688117
50.0,53.3299991267966
50.0,51.699999218648294
50.0,50.879999142717566
50.0,48.97999931662343
54.0,49.609999308050604
54.0,55.32999884266871
56.0,55.30999909985344
56.0,56.15999963259324
63.0,56.57999963994138
63.0,63.560000176355246
64.0,64.28999997918028
64.0,63.8000000685826
62.0,62.78000025228597
62.0,62.210000037965365
69.0,64.09000000367406
69.0,70.46000221178869
63.0,68.92000171456488
63.0,64.05000020452309
62.0,63.23000020697247
62.0,63.230000226567505
86.0,64.47000021187124
86.0,83.93000274697786
91.0,83.83000289638994
91.0,89.20000338504093
87.0,89.56000361528251
87.0,84.89000302130825
94.0,87.84000253265725
94.0,92.31000362140594
90.0,92.31000330788552
90.0,85.92000347321856
87.0,87.90000325032513
87.0,87.8000033213571
79.0,88.95000324910043
79.0,78.54000286822209
69.0,77.96000295884909
69.0,69.48000227302315
76.0,70.10000237344767
76.0,75.85000314867592
77.0,76.19000324420168
77.0,77.51000269064217
66.0,78.26000262818302
66.0,65.40000085238368
66.0,65.44000065153466
66.0,66.18000101159329
66.0,66.41000116957818
66.0,66.20000091116876
62.0,66.3900008389121
62.0,62.54999958483036
61.0,62.459999821195375
61.0,61.81000004776288
56.0,61.329999557887206
56.0,57.78999969750177
52.0,57.60999954319092
52.0,52.72999908270779
51.0,52.5299992639618
51.0,51.16999927375931
46.0,50.91999921619891
46.0,46.68999929335433
58.0,47.859999238243326
58.0,60.40999978812877
60.0,60.25999954196624
60.0,61.21999954196624
70.0,60.849999655862334
70.0,69.44000204278159
77.0,68.43000223505777
77.0,75.1200024836697
100.0,75.54000280453826
100.0,99.83000348424076
105.0,94.0800031401031
105.0,100.75000274452849
85.0,100.67000295027627
85.0,78.39000226934908
75.0,78.13000243835619
75.0,68.4200016778242
72.0,68.28000120509418
72.0,69.70000250081534
73.0,69.35000255347697
73.0,70.39000254367946
68.0,70.66000285352582
68.0,67.10000211381356
59.0,66.5800022558775
59.0,58.469999457462684
57.0,58.42999926641117
57.0,57.279999338667835
57.0,57.44999928845557
57.0,57.229999217423604
52.0,57.73999938030727
52.0,52.549999320297495
55.0,52.58999939377885
55.0,55.7099992860062
54.0,55.729999577482225
54.0,54.5199991280213
51.0,54.869999192929825
51.0,51.6899994452158
51.0,51.8199994782824
51.0,52.119999265186486
42.0,52.249999415823254
42.0,42.889999229670494
38.0,43.41999925293959
38.0,39.47999912802129
50.0,40.06999920272733
50.0,50.09999917945824
57.0,49.809999205176716
57.0,58.93000008695293
60.0,58.35000013838988
60.0,59.85999963014387
70.0,59.00999976363499
70.0,70.3300019043917
75.0,69.21000227669721
75.0,75.87000269554092
77.0,76.85000306539706
77.0,77.36000240528958
75.0,75.80000220444056
75.0,73.20000252285975
61.0,72.5700024138624
61.0,60.01999961054884
67.0,61.14999967790674
67.0,66.66000161903911
60.0,65.20000079849736
60.0,56.80999954319093
63.0,57.42999938888009
63.0,61.559998971261074
62.0,60.679999000653616
62.0,61.58999923211987
58.0,63.79999951992183
58.0,57.33999919415451
56.0,57.94999893329571
56.0,56.49999964973889
55.0,56.88999963136855
55.0,55.46999931539874
55.0,55.279999230895186
55.0,55.32999931294936
60.0,56.32999942562076
60.0,60.59999948073178
56.0,60.069999379082574
56.0,57.02999959462788
56.0,57.21999948318116
56.0,57.139999492978674
52.0,57.03999944644048
52.0,51.509999526045284
45.0,52.229999398677606
45.0,46.19999928478151
52.0,46.899999042293054
52.0,53.7099991390435
53.0,53.18999916353728
53.0,53.68999920027795
57.0,53.44999926886055
57.0,58.229999721995554
57.0,57.12999960197601
57.0,57.27999941704795
54.0,57.04999929825309
54.0,53.90999884021933
53.0,54.289999087606546
53.0,53.18999904596712
53.0,53.69999885614029
53.0,53.119999064337456
52.0,53.53999922844581
52.0,53.47999945133924
60.0,52.92999945011455
60.0,59.729999871407635
52.0,59.25999939010478
52.0,52.349999344791286
52.0,51.5099992517149
52.0,52.1899992860062
55.0,52.43999930437654
55.0,55.26999922232236
53.0,55.519999397452914
53.0,53.30999942317139
59.0,53.01999944888986
59.0,59.22999936438631
54.0,58.13999913536943
54.0,54.57999898350797
60.0,54.23999912312254
60.0,58.76999932274687
38.0,58.379999301927164
38.0,42.959999132920046
48.000004,42.99999908883124
48.000004,49.12999948440585
43.0,48.84999975383747
43.0,45.3099990704609
44.0,46.90999922722112
44.0,47.24999924436676
45.0,47.24999916598666
45.0,48.22999926151242
48.000004,48.059999292129646
48.000004,48.70999998652842
52.0,48.11999999020249
52.0,51.61999942439608
51.0,50.93999919415451
51.0,51.25999927253462
52.0,51.47999926518648
52.0,52.359999314174054
51.0,52.28999933254438
51.0,51.299999346015966
51.0,50.91999937295913
51.0,50.23999929947778
50.0,50.349999472158956
50.0,49.25999932152219
47.0,49.79999935336411
47.0,47.55999913781881
51.0,47.59999921130016
51.0,50.83999953951686
62.0,51.16999958727974
62.0,60.98999977588188
66.0,61.23999948073178
66.0,64.7600005780533
61.0,64.87000075073448
61.0,60.2099993423419
53.0,61.09999983099289
53.0,51.959999206401406
53.0,51.649999293354334
53.0,51.91999913292005
50.0,52.1399990471918
50.0,51.10999953584279
56.0,50.739999492978676
56.0,55.27999934846535
61.0,54.90999938398134
61.0,60.289999371734446
49.0,59.92999953339342
49.0,48.83999943174421
53.0,48.679999255388964
53.0,52.27999928478151
48.000004,51.04999928845558
48.000004,48.71999964239076
43.0,48.879999779555945
43.0,44.669999266411175
42.0,45.609999014125194
42.0,44.52999906801152
33.0,45.00999918558169
33.0,37.70999906066339
35.0,37.52999904351774
35.0,40.13999902759678
34.0,39.28999900432769
34.0,37.41999908638186
40.0,37.839999074134965
40.0,42.50999906066338
51.0,42.349999080258414
51.0,51.93999942439608
59.0,52.59999940235167
59.0,59.389999540741556
57.0,59.489999508899636
57.0,55.729999459912065
56.0,55.199999593403184
56.0,55.07999952971935
58.0,55.869999344791275
58.0,57.57999920395202
58.0,58.22999952604528
58.0,57.93999947338365
58.0,58.35999948073178
58.0,58.27999952971935
63.0,57.199999701175834
63.0,61.91999982854351
66.0,63.05000001347158
66.0,65.08000034291297
68.0,64.77000023391564
68.0,63.510000251061285
74.0,63.62000011022202
74.0,72.84000284127893
78.0,73.100002789842
78.0,76.4900024040649
69.0,76.11000247019811
69.0,68.81000244325494
65.0,68.04000233180822
65.0,64.5600007593073
63.0,64.18000066868031
63.0,61.89999922354705
59.0,62.109999207626096
59.0,58.389999153739765
63.0,58.019999189255756
63.0,62.4399990594387
62.0,62.409999151290386
62.0,61.79999929457902
56.0,61.44999942562077
56.0,55.99999957380816
60.0,56.31999969137832
60.0,60.1899993643863
57.0,60.35999935336411
57.0,57.37999954196624
56.0,57.41999945868738
56.0,56.92999954808969
61.0,56.97999947338364
61.0,60.99999990202486
66.0,60.779999713422725
66.0,65.03000030004885
67.0,65.540000815643
67.0,66.76000162638725
74.0,66.83000141206665
74.0,73.48000288046899
67.0,73.30000323562885
67.0,66.08000159209595
64.0,66.56000161169098
64.0,63.22999989345204
54.0,62.81000000367407
54.0,55.08999898963141
63.0,54.74999909005593
63.0,63.44000030862168
65.0,62.350000001224686
65.0,65.71000092219097
60.0,65.19000071154441
60.0,60.14999956523533
62.0,59.52999962157104
62.0,63.959999343566594
60.0,63.629999609324145
60.0,61.639999627694486
57.0,61.379999718321486
57.0,58.079999515023076
66.0,57.86999953094404
66.0,66.32000148432331
70.0,65.82000093811192
70.0,70.27000267594589
74.0,69.32000225342811
74.0,73.57000276167413
68.0,72.85000308499208
68.0,66.45000132143964
69.0,66.53000178192279
69.0,68.21000267349652
64.0,68.36000186152758
64.0,63.069999129245986
64.0,62.209999332544385
64.0,62.42999940357637
59.0,63.479999833442264
59.0,58.689999058214006
57.0,58.80999920027796
57.0,57.119999397452915
54.0,57.779999414598564
54.0,54.739999081483106
59.0,55.01999900800175
59.0,58.56999915129039
56.0,58.68999917578417
56.0,56.40999965096358
67.0,56.49999941459857
67.0,66.31000127980022
65.0,66.09000109119808
65.0,65.13000042496715
62.0,64.75000013838988
62.0,62.869999741590576
71.0,62.76999993019272
71.0,69.83000222036152
76.0,69.59000252408444
76.0,74.51000286209864
62.0,74.62000326992015
62.0,61.85999942439608
61.0,61.89999941949732
61.0,59.98999931049998
61.0,59.699999218648294
61.0,60.419999208850776
63.0,60.75999938275665
63.0,63.10999990814831
66.0,61.76999954319093
66.0,65.31000026575755
64.0,65.37000086585526
64.0,64.2900005670311
67.0,64.19000055968297
67.0,66.72000159209595
66.0,66.44000162638724
66.0,66.20000138144943
60.0,65.70000134470874
60.0,60.589999824869444
69.0,59.96999925416428
69.0,67.50000218239616
65.0,67.81000189949295
65.0,64.05000075318385
60.0,63.860000511920084
60.0,59.74999949665274
60.0,60.27999948073178
60.0,60.18999948195647
59.0,60.3899996142229
59.0,58.81999924804083
51.0,58.4499991267966
51.0,52.41999932642094
55.0,52.00999932764563
55.0,56.10999923701863
50.0,56.21999944888986
50.0,51.12999970974866
55.0,50.859999595852564
55.0,56.479999279882755
53.0,56.2199993313197
53.0,51.9999992406927
46.0,51.849999308050606
46.0,47.7299997734325
53.0,47.639999657087024
53.0,52.93999887083656
48.000004,53.74999901657458
48.000004,48.31999961299822
49.0,48.28999939132947
49.0,48.509999423171394
49.0,48.359999451339235
49.0,47.9199993876554
55.0,47.75999936806037
55.0,55.07999905943869
52.0,55.029999290904954
52.0,52.07999934846535
52.0,52.629999506450254
52.0,52.199999490529294
61.0,52.47999941704794
61.0,60.82999971709679
61.0,60.26999962891917
61.0,60.19999937295913
41.0,60.09999913047067
41.0,42.65999928723089
48.000004,41.69999907168559
48.000004,49.53999940480105
49.0,49.18999969260301
49.0,48.819999492978674
47.0,48.68999938153196
47.0,49.34999951624777
58.0,49.699999404801055
58.0,57.38999923701863
56.0,58.06999931049998
56.0,55.71999964728951
52.0,55.28999947460834
52.0,52.10999941337387
49.0,51.66999950645025
49.0,48.279999343566594
41.0,48.16999948440585
41.0,41.51999923089518
43.0,43.379999218648294
43.0,44.659999140268184
43.0,44.89999911087565
43.0,45.54999923701863
40.0,46.5499991733348
40.0,44.25999911087565
45.0,43.129999219872985
45.0,47.129999259063034
50.0,46.669999276208685
50.0,50.049999567684715
50.0,50.44999936193693
50.0,50.459999292129645
41.0,50.07999943664297
41.0,41.50999928110744
54.0,41.83999903494491
54.0,54.15999913292005
44.0,53.409999156189144
44.0,43.0999992529396
38.0,43.639999245591454
38.0,40.40999898473266
38.0,39.73999907658435
38.0,40.08999912189785
44.0,42.38999917333479
44.0,46.50999957013409
54.0,45.68999943541828
54.0,52.68999900922644
55.0,52.759999186806375
55.0,53.78999959952663
59.0,54.60999963626731
59.0,58.489999552988444
65.0,59.899999782005324
65.0,69.01000112548937
67.0,67.13000076788013
67.0,67.09000147819985
64.0,67.36000108262525
64.0,61.60999932764563
72.0,61.28999932764563
72.0,71.01000272248409
77.0,71.70000296129848
77.0,75.8700025387807
71.0,76.31000279841481
71.0,68.17000209054446
64.0,67.19000211258886
64.0,62.24999956278596
60.0,62.98999980527442
60.0,58.37999949787743
56.0,59.35999976975843
56.0,55.90999941827263
55.0,56.379999311724674
55.0,55.69999939500354
59.0,55.80999937173444
59.0,60.19999929457902
59.0,60.159999377857886
59.0,59.4299991047522
66.0,58.979999267635854
66.0,66.75000122591388
69.0,66.56000118060038
69.0,69.7800023342576
74.0,69.94000258899295
74.0,74.72000308131801
75.0,75.63000339116438
75.0,75.43000333727805
75.0,75.12000311071056
75.0,73.8200030935649
71.0,73.59000309234023
71.0,69.84000218974428
71.0,69.31000216647519
71.0,68.3000019276608
71.0,68.65000199256933
71.0,69.67000208319631
76.0,69.33000175253024
76.0,73.8900024481537
77.0,74.60000270411373
77.0,74.16000232690946
72.0,74.44000237099829
72.0,71.1700022326084
67.0,71.7200024689734
67.0,68.15000215177892
62.0,68.4600017904956
62.0,66.5500007017469
62.0,66.8100008854503
62.0,66.710000760532
62.0,67.25000098832419
62.0,67.17000072379132
68.0,65.97000059642363
68.0,68.87000237712174
66.0,69.21000247264749
66.0,67.81000146840235
64.0,68.37000183091034
64.0,64.36000019595028
59.0,64.90000069807284
59.0,59.06999957993161
55.0,59.49999951747246
55.0,55.36999946481082
50.0,55.759999799150975
50.0,51.18999933009501
45.0,50.25999943419359
45.0,47.319999323971565
53.0,48.029999286006195
53.0,54.399999808948486
55.0,54.959999818746
55.0,55.69999959095381
57.0,55.87999966688454
57.0,57.56999966565985
54.0,57.37999942439608
54.0,53.74999933009501
58.0,54.19999944154172
58.0,59.15999922599643
65.0,58.72999921007547
65.0,65.3200004310906
59.0,64.7400006000977
59.0,58.43999923579395
56.0,58.58999940357636
56.0,56.489999641166065
74.0,55.66999944766517
74.0,72.39000296497254
115.0,72.57000249224252
115.0,122.54000112426468
90.0,111.96000224363061
90.0,84.45000315357467
68.0,85.64000327236953
68.0,64.26000093321316
55.0,63.620000698072836
55.0,54.61999927253462
62.0,55.68999956278596
62.0,62.199999872632326
66.0,62.98000003184192
66.0,66.73000163985883
60.0,67.4400017782487
60.0,60.96999975873623
61.0,61.02999992774333
61.0,60.90000001224689
63.0,61.080000362508
63.0,63.32999993999023
62.0,63.75999995591119
62.0,61.829999868958254
55.0,61.55000025596004
55.0,54.619999252939586
53.0,55.78999939377884
53.0,51.74999941827263
57.0,51.9899994672602
57.0,55.49999953706749
58.0,55.419999821195375
58.0,57.339999115774404
53.0,57.21999909128062
53.0,52.419999287230894
54.0,52.20999942072201
54.0,54.329999161087905
106.0,54.45999915496446
106.0,109.9100026416546
90.0,106.74000305927362
90.0,84.3600030372292
76.0,84.9100035479246
76.0,70.97000280576295
57.0,71.78000259879047
57.0,56.94999960442539
59.0,56.899999443991106
59.0,58.26999916843604
53.0,59.059999218648294
53.0,55.819999301927155
48.000004,56.39999921130016
48.000004,50.68999935213942
43.0,49.61999927743338
43.0,46.58999930560123
46.0,46.49999928723089
46.0,47.26999922232236
42.0,47.349999173334794
42.0,43.789999119448474
42.0,45.029999065562144
42.0,45.63999907903373
54.0,47.039999005552374
54.0,56.85999972322024
43.0,56.759999813847244
43.0,46.349998962688254
44.0,46.97999907168559
44.0,46.03999918680637
43.0,47.14999917823355
43.0,45.9499990704609
36.0,48.26999933499377
36.0,39.05999910107813
35.0,41.03999917211011
35.0,40.50999901167582
35.0,40.13999913536943
35.0,38.24999925906304
40.0,38.649998945542606
40.0,44.78999940847512
39.0,44.74999921742361
39.0,42.95999936806038
32.0,40.59999934356659
32.0,32.17999944399111
30.0,32.24999935703817
30.0,31.90999927130993
40.0,32.00999914149288
40.0,42.70999923211988
39.0,41.07999912802129
39.0,38.719999201502645
51.0,39.579999056989315
51.0,50.68999925416428
46.0,50.73999921864829
46.0,46.27999896146356
52.0,47.08999902882147
52.0,51.15999946113675
56.0,50.759999392554164
56.0,55.49999961544759
55.0,55.78999970729928
55.0,54.51999944154173
50.0,54.58999934479128
50.0,49.999999524820595
45.0,50.54999952604528
45.0,47.129999533393416
54.0,47.01999943909235
54.0,53.9699995578872
58.0,54.13999939010478
58.0,58.76999947950709
55.0,58.269999599526635
55.0,55.26999953584279
56.0,55.74999928110744
56.0,56.81999953216872
52.0,56.989999599526634
52.0,51.05999914026818
56.0,51.6599992627371
56.0,56.979999630143865
53.0,57.209999827318825
53.0,53.17999931172467
51.0,52.819999159863215
51.0,51.10999937908258
54.0,51.509999408475124
54.0,54.02999945256393
55.0,53.63999931417405
55.0,53.45999933621846
53.0,53.959999314174055
53.0,53.42999909495468
43.0,53.09999912557191
43.0,44.06999922232236
40.0,45.54999937418382
40.0,43.83999920150264
51.0,44.29999930192716
51.0,51.55999941214919
52.0,51.379999492978676
52.0,51.74999922232236
33.0,53.899999458687375
33.0,39.389999168436034
37.0,39.12999927865807
37.0,42.10999914884101
33.0,41.84999902392271
33.0,40.03999896146356
35.0,40.84999920517671
35.0,40.73999921864829
36.0,42.09999907168559
36.0,42.23999898595735
30.0,40.50999909005593
30.0,31.499999262737102
34.0,31.00999916598666
34.0,37.1499988549156
35.0,36.97999904229305
35.0,38.81999903249554
26.0,39.27999897615983
26.0,26.20999930315185
11.0,27.51999941704794
11.0,20.379999652188268
12.000001,20.289999617896974
12.000001,23.37999963871669
16.0,22.61999967913143
16.0,23.28999960197601
27.0,22.659999592178497
27.0,32.82999961912166
47.0,30.50999958972912
47.0,46.36999943051953
58.0,46.82999931539874
58.0,50.319999132920046
52.0,50.119999079033725
52.0,49.909999173334796
52.0,54.3199993876554
52.0,54.97999944399111
51.0,50.07999943664297
51.0,50.55999941704794
52.0,50.019999306825916
52.0,53.24999974403996
41.0,52.25999967913143
41.0,44.309999388880094
43.0,45.419999321522184
43.0,43.74999937908258
36.0,43.87999929457902
36.0,37.34999911454972
28.0,36.709998957789495
28.0,30.929999322746873
23.0,30.379999399902292
23.0,26.119999372959132
22.0,25.63999934356659
22.0,27.549999266411174
42.0,31.659999076584345
42.0,45.429999114549716
42.0,45.45999904229305
42.0,44.249999121897844
22.0,45.29999917945823
22.0,27.869999393778848
28.0,27.339999365610996
28.0,34.78999947705771
35.0,32.54999934969003
35.0,38.84999911699909
34.0,39.219998865937804
34.0,38.019999032495534
38.0,37.10999898718204
38.0,39.87999919660389
40.0,40.069999379082574
40.0,43.17999910597689
36.0,42.63999907413497
36.0,38.64999914149288
33.0,37.29999915986321
33.0,36.49999910107813
35.0,36.19999902024864
35.0,36.73999903249554
30.0,36.949998996979545
30.0,30.909999158638524
25.0,30.51999933376908
25.0,29.129999229670496
25.0,29.029999241917388
25.0,28.839999284781513
29.0,30.25999939500354
29.0,31.699999297028402
31.0,30.949999418272633
31.0,30.77999922354705
30.0,31.729999214974224
30.0,31.19999926028773
28.0,31.06999925661366
28.0,30.469999339892524
28.0,31.109999300702473
28.0,31.36999940602574
25.0,32.15999942684546
25.0,28.52999939132947
25.0,30.449999224771737
25.0,32.07999926028772
23.0,33.08999930315185
23.0,30.52999928355682
47.0,31.6199991500657
47.0,53.26999962402042
42.0,47.689999464810825
42.0,43.74999930070247
31.0,45.479999177008864
31.0,32.119999304376535
32.0,32.25999941459857
32.0,34.43999946113675
28.0,34.71999943664297
28.0,34.1699995235959
29.0,33.96999949910212
29.0,33.84999949420336
29.0,33.47999938275665
29.0,34.30999942807015
39.0,34.25999941459856
39.0,39.91999928968027
43.0,40.14999933009501
43.0,45.57999900800176
44.0,46.38999905576463
44.0,46.789999143942254
52.0,46.039999108426265
52.0,55.59999958360567
48.000004,54.52999964606482
48.000004,53.40999980282504
40.0,52.00999954319093
40.0,42.559999142717565
41.0,42.52999907780903
41.0,43.979999027596776
41.0,44.78999909495468
41.0,47.429998850016844
45.0,47.23999900065362
45.0,49.05999938520602
41.0,49.12999921007547
41.0,44.66999918803106
43.0,45.36999910230282
43.0,45.13999904229305
40.0,43.92999921987298
40.0,44.44999925416428
49.0,46.54999944766517
49.0,48.99999958850443
49.0,49.11999929947778
49.0,48.509999344791275
48.000004,48.129999332544394
48.000004,48.07999932887032
38.0,48.52999924436676
38.0,44.54999935948755
51.0,40.47999892717227
51.0,48.21999940969981
50.0,48.80999936683569
50.0,49.219999365610995
57.0,49.379999306825916
57.0,55.299999130470674
54.0,56.49999925783835
54.0,53.269999192929816
64.0,52.81999919905327
64.0,62.779999703625215
63.0,63.560000097975134
63.0,62.639999857936054
61.0,62.47999983834102
61.0,59.359999515023084
61.0,59.30999951134901
61.0,60.399999544415614
58.0,61.089999469709575
58.0,58.06999911454972
65.0,57.939999238243324
65.0,64.62000022289344
68.0,63.91000012369361
68.0,65.24000161658974
62.0,65.73000172313769
62.0,60.369999283556815
58.0,60.08999923946801
58.0,58.32999933744315
53.0,57.44999940602574
53.0,53.189999124347224
56.0,54.34999937418382
56.0,56.68999953829217
54.0,56.94999960442539
54.0,55.20999928845558
48.000004,56.11999912802129
48.000004,49.209999406025744
51.0,50.33999947338364
51.0,52.06999945746269
42.0,53.23999951992183
42.0,45.75999926028772
42.0,47.039999240692694
42.0,46.05999924314208
56.0,50.38999934969004
56.0,56.32999954319093
76.0,53.38999943296891
76.0,76.97000301151073
81.0,75.99000295517503
81.0,78.76000329196455
83.0,78.47000312173276
83.0,80.42000271636064
95.0,80.26000269676561
95.0,94.47000296497255
98.0,93.72000314500185
98.0,99.22000300048853
114.0,99.37000316827094
114.0,114.97000184560662
109.0,109.92000245427715
109.0,104.27000286209865
113.0,105.52000260123985
113.0,111.29000221791213
131.0,111.34000226077625
131.0,131.8499986418197
144.0,126.81000004286413
144.0,144.33999723955054
124.0,142.1399982535932
124.0,115.99000283760486
102.0,113.9900030825427
102.0,95.97000307519457
85.0,96.53000324175231
85.0,83.01000329073987
77.0,83.66000298579225
77.0,77.72000243958087
78.0,77.56000269431624
78.0,83.49000299681447
79.0,84.60000316459687
79.0,80.95000293558
74.0,80.9600031401031
74.0,73.48000237099828
68.0,75.39000193133487
68.0,70.50000173660928
57.0,74.60000207707287
57.0,62.600000058785085
48.000004,63.589999927743335
48.000004,53.41999974281527
38.0,53.36999956278596
38.0,42.209999312949364
34.0,43.70999918803106
34.0,41.79999935336411
38.0,43.38999944276642
38.0,44.36999951869714
42.0,45.599999240692696
42.0,50.80999972934369
33.0,51.379999865284184
33.0,41.659999233344564
25.0,41.699999316623426
25.0,32.94999923211987
23.0,33.17999912557191
23.0,29.399999177008862
43.0,30.329999190480443
43.0,48.90999923701863
53.0,46.89999923824332
53.0,57.14999957993161
58.0,59.28999976853374
58.0,59.43999974036589
61.0,58.83999977465719
61.0,63.090000596423636
63.0,63.08000039190055
63.0,64.30000049722382
62.0,64.8800007593073
62.0,64.2100004984485
65.0,64.54000082054176
65.0,69.22000154065901
70.0,68.55000135818032
70.0,73.2800021995418
76.0,74.40000241508709
76.0,74.6900027420791
83.0,74.18000301028604
83.0,84.99000345974697
87.0,81.19000298456757
87.0,86.52000296864661
94.0,86.49000325644857
94.0,91.44000307152051
98.0,91.2300035577221
98.0,96.72000305192547
90.0,96.46000361283312
90.0,86.59000342055693
77.0,86.71000368019104
77.0,75.11000259266703
70.0,77.5900027984148
70.0,71.09000220321587
66.0,73.6000022779219
66.0,69.3000016092416
66.0,70.7000017904956
66.0,72.45000242855868
68.0,72.27000223505779
68.0,72.96000251306222
61.0,73.87000254857821
61.0,62.680000754408546
59.0,61.220000521717594
59.0,59.63999967668205
73.0,59.17999939990229
73.0,75.77000204155688
67.0,76.15000228894411
67.0,69.67000204400627
61.0,72.33000158107374
61.0,61.19000057437923
61.0,60.410000297599474
61.0,62.8100003171945
43.0,64.46000047762878
43.0,44.88999939622823
59.0,45.53999938520602
59.0,59.409999753837475
62.0,58.899999355813485
62.0,64.35000038332771
73.0,63.93000029759947
73.0,75.51000305315016
55.0,75.74000274085442
55.0,55.479999715872104
56.0,54.25999953216873
56.0,56.37999978200532
73.0,56.369999577482226
73.0,75.32000226322565
83.0,75.70000258899296
83.0,83.45000264900273
72.0,81.70000236365016
72.0,70.84000257674607
67.0,70.77000228159598
67.0,68.63000181866344
65.0,68.80000196440147
65.0,66.11000126510393
57.0,66.46000121244231
57.0,59.249999616672284
56.0,58.829999726894314
56.0,59.419999723220236
49.0,59.61999969872646
49.0,49.979999429294836
49.0,51.86999936438631
49.0,52.079999426845454
41.0,51.069999246816145
41.0,43.319999225996426
43.0,43.01999926273711
43.0,44.72999920027796
40.0,45.56999913659412
40.0,43.249999303151846
47.0,44.35999935336411
47.0,46.749999432968906
51.0,46.56999951379839
51.0,54.47999951502308
40.0,54.55999966198578
40.0,46.4699994672602
22.0,47.00999945991206
22.0,26.66999933499377
30.0,25.809999371734442
30.0,36.129999440317036
50.0,31.84999905331525
50.0,51.61999954196624
46.0,51.859999473383645
46.0,47.97999938030726
58.0,47.4999993999023
58.0,54.56999905331526
75.0,55.519999397452914
75.0,76.30000208442101
58.0,73.35000218117146
58.0,58.779999331319694
46.0,58.29999962524511
46.0,46.689999450114556
35.0,46.409999327645636
35.0,42.12999916598666
34.0,42.35999918680638
34.0,40.21999911577441
32.0,39.17999904719181
32.0,32.699999213749535
28.0,31.989999290904958
28.0,30.55999920150264
27.0,31.949999158638523
27.0,30.30999917333479
26.0,30.869999153739766
26.0,28.78999917333479
25.0,27.769999249265524
25.0,27.149999256613658
23.0,26.899999228445807
23.0,26.579999248040835
22.0,26.6899991953792
22.0,27.739999262737108
29.0,28.81999927253462
29.0,33.649999381531956
44.0,32.46999940847512
44.0,43.58999916353728
53.0,43.789999237018634
53.0,54.88999979792628
52.0,53.90999997673091
52.0,53.83000010409858
57.0,52.62999978078063
57.0,56.01999978690408
61.0,56.80999979792628
61.0,58.10000047273003
59.0,57.07000013838988
59.0,57.489999949787745
54.0,56.18999965831171
54.0,52.19999933376908
40.0,51.26999937908258
40.0,41.62999899208079
35.0,40.819999061888076
35.0,37.09999928233213
30.0,37.42999929090496
30.0,31.739999262737108
27.0,32.079999201502645
27.0,29.329999263961792
32.0,30.389999261512415
32.0,34.99999919660389
51.0,35.40999920517671
51.0,51.989999486855226
62.0,52.02999952114652
62.0,62.15000002571847
57.0,61.66999998652842
57.0,56.50999948195647
50.0,56.33999925783834
50.0,49.299999551763754
48.000004,50.069999349690036
48.000004,46.86999934969003
40.0,46.84999929335434
40.0,41.169998832871194
37.0,41.639999020248645
37.0,39.24999914639163
31.0,39.579999272534614
31.0,31.499999184356998
38.0,32.14999924191739
38.0,42.47999901534989
48.000004,42.07999918190762
48.000004,47.54999957993161
52.0,47.89999950767494
52.0,53.179999154964456
54.0,53.489999028821465
54.0,54.38999921252485
52.0,55.1699994109245
52.0,52.40999951379839
71.0,52.63999967178329
71.0,66.48000193500893
83.0,68.70000238814393
83.0,77.30000176600181
69.0,76.29000199746807
69.0,64.72000109242276
72.0,64.47000130919275
72.0,69.81000294782689
69.0,69.69000260981268
69.0,64.64000078869984
59.0,65.05000086585527
59.0,57.36999953339342
52.0,55.869999325196254
52.0,50.549999388880096
53.0,51.14999925661366
53.0,50.479999289680265
48.000004,50.689999195379194
48.000004,50.339999424396076
41.0,49.78999946236144
41.0,44.5799989345204
35.0,44.219998939419156
35.0,40.94999901657458
45.0,42.07999912312254
45.0,47.60999921987298
37.0,47.67999918190762
37.0,41.03999915251508
29.0,40.81999919905327
29.0,32.78999918313231
35.0,32.77999931172467
35.0,40.22999926151242
36.0,40.43999914761632
36.0,41.02999912434722
33.0,41.869999119448465
33.0,39.21999917945824
31.0,39.0999993313197
31.0,31.639999245591458
34.0,32.88999918068293
34.0,38.73999910107813
32.0,38.419999003102994
32.0,32.38999928110744
37.0,32.709999271309925
37.0,39.80999904841649
39.0,41.05999915986322
39.0,41.50999914394225
51.0,44.6999991157744
51.0,49.449999445215795
42.0,48.59999934356659
42.0,41.00999898963141
59.0,42.65999905209056
59.0,57.85999960075132
57.0,57.899999870182945
57.0,55.46999958972912
61.0,54.409999464810824
61.0,60.93000027310569
63.0,63.53000113038812
63.0,62.51000025596004
74.0,63.330000606221155
74.0,75.25000235997608
75.0,73.82000227057377
75.0,71.18000177090057
90.0,69.1700016545551
90.0,90.20000263553115
71.0,87.93000311928338
71.0,65.49000053763855
57.0,66.57000083646273
57.0,56.02999944276642
52.0,56.27999930437654
52.0,52.73999928723089
43.0,52.88999921987298
43.0,43.92999933744314
32.0,43.70999922722112
32.0,36.04999906801152
39.0,35.38999909985344
39.0,43.87999921619892
52.0,44.18999916843604
52.0,53.189999241917384
45.0,53.28999928845558
45.0,45.65999929212964
41.0,45.11999929947778
41.0,44.61999898840673
31.0,44.96999887696001
31.0,31.949999227221117
26.0,31.88999931294936
26.0,27.309999334993766
25.0,27.659999311724675
25.0,26.959999260287724
50.0,27.039999250490215
50.0,48.009999504000874
50.0,48.039999412149186
50.0,49.719999441541724
40.0,50.429999462361444
40.0,40.989999168436036
53.0,41.75999922109767
53.0,52.379999213749535
52.0,52.39999919170513
52.0,50.999999402351676
63.0,51.619999228445806
63.0,61.61999988487921
59.0,60.959999946113676
59.0,57.02999928110744
56.0,57.47999933376908
56.0,54.2299994672602
47.0,53.64999940112698
47.0,48.159999515023074
32.0,47.57999937050975
32.0,31.139999189255754
33.0,31.359999093729993
33.0,36.019999238243315
37.0,40.33999935581348
37.0,39.989999075359655
50.0,40.21999903739429
50.0,51.619999737916515
48.000004,51.99999967178329
48.000004,48.60999964606482
67.0,48.639999554213134
67.0,70.55000221056399
55.0,69.65000226200094
55.0,55.55999943174421
64.0,54.85999953706749
64.0,64.7900004862016
73.0,63.770000160434286
73.0,70.86000255470165
72.0,70.99000231343788
72.0,71.19000248489438
67.0,71.12000305192548
67.0,63.99000066255686
57.0,63.13999997305684
57.0,55.75999952482059
45.0,55.449999455013305
45.0,45.449999229670496
37.0,46.0099991610879
37.0,39.419999213749534
50.0,41.319999098628756
50.0,52.779999282332135
53.0,51.67999943664297
53.0,55.51999904474243
41.0,54.07999914271756
41.0,45.90999915373976
39.0,45.199998936969784
39.0,44.16999928845558
49.0,44.029999070460896
49.0,46.60999953829217
45.0,47.24999946970958
45.0,45.85999932642094
45.0,46.44999940112698
45.0,46.099999277433376
54.0,47.03999937785789
54.0,53.919999632593246
34.0,53.41999951747246
34.0,39.20999918068293
51.0,37.89999920395203
51.0,50.8099993766332
59.0,50.47999940725043
59.0,56.67999917700886
55.0,57.58999911454971
55.0,52.72999927865806
57.0,54.00999955298845
57.0,55.529999347240654
55.0,55.00999950889963
55.0,54.80999925906304
54.0,54.539999184356994
54.0,53.23999908883124
54.0,53.78999920762609
54.0,54.14999924191739
59.0,54.11999921619892
59.0,57.69999915006569
59.0,58.07999896636232
59.0,57.94999912924599
60.0,57.909999173334796
60.0,59.37999953216873
61.0,58.88999946481082
61.0,60.66999973669182
61.0,59.489999548089685
61.0,59.40999963626731
53.0,60.48999966076109
53.0,52.829999207626095
39.0,53.539999071685585
39.0,39.79999893207102
32.0,40.11999910842627
32.0,33.80999918558168
24.000002,33.33999904719181
24.000002,27.909999188031062
23.0,28.639999093729994
23.0,28.909999045967115
24.000002,29.059999086381858
24.000002,30.379999189255752
22.0,29.87999926028773
22.0,24.099999267635862
32.0,24.80999925416428
32.0,32.22999923211987
33.0,31.289999190480444
33.0,38.54999921252485
33.0,38.919999274983994
33.0,41.24999925416429
35.0,40.38999922232236
35.0,40.03999912802129
51.0,42.99999929457903
51.0,50.21999932152219
40.0,48.26999921742361
40.0,43.16999915618914
33.0,42.56999899453017
33.0,33.13999921864829
27.0,32.46999909495469
27.0,29.809999205176712
45.0,29.829999173334794
45.0,44.24999931784812
39.0,41.24999953829217
39.0,36.87999932887032
25.0,37.65999938030727
25.0,26.22999927130993
33.0,27.949999393778846
33.0,35.06999911944847
31.0,35.539999071685585
31.0,31.72999925416428
56.0,32.06999938888009
56.0,51.29999958115629
56.0,54.119999608099455
56.0,54.66999957013409
37.0,53.73999955666251
37.0,37.50999885001685
44.0,35.259999047191805
44.0,42.479999387655404
47.0,41.94999924681615
47.0,47.63999934356659
51.0,47.21999941459857
51.0,50.80999931784812
52.0,51.19999933866784
52.0,52.719999309275295
49.0,52.36999924436677
49.0,46.74999940357636
56.0,46.60999932274688
56.0,57.86999945256393
56.0,58.19999930437654
56.0,57.0799992064014
52.0,56.64999922967049
52.0,51.729999244366766
45.0,52.819999159863215
45.0,46.059999203952025
41.0,46.10999910965096
41.0,43.459999267635865
54.0,43.83999920150264
54.0,53.47999925538897
55.0,52.93999894921667
55.0,53.92999913169536
54.0,53.64999920517671
54.0,53.239999049641185
51.0,53.229999001878305
51.0,50.13999952726997
55.0,50.43999923579395
55.0,54.18999919782858
57.0,54.12999942072201
57.0,56.37999966443516
48.000004,56.28999939132947
48.000004,47.5999993876554
52.0,48.27999938275664
52.0,52.9799992970284
41.0,52.249999415823254
41.0,42.33999897371045
31.0,41.35999899575486
31.0,32.07999927008524
45.0,32.849999322746875
45.0,45.72999921497423
45.0,46.229999212524845
45.0,45.869999295803716
50.0,45.829999457462684
50.0,50.76999967545736
53.0,50.49999963994138
53.0,51.529999347240654
61.0,51.43999934846534
61.0,60.509999560336574
54.0,59.96999948930461
54.0,53.49999919415451
51.0,54.31999907413496
51.0,51.2099992296705
48.000004,51.2299992860062
48.000004,47.5799993313197
41.0,49.10999919292982
41.0,45.44999911210033
41.0,44.66999912924598
41.0,43.469999139043495
43.0,45.03999903494492
43.0,44.93999930192716
73.0,43.489999116999094
73.0,71.81000164475759
61.0,72.50000215790236
61.0,60.290000116345475
66.0,60.34000019839965
66.0,65.29000056213233
73.0,65.63000061846805
73.0,71.25000241876116
61.0,70.48000218974428
61.0,61.210000238814395
63.0,60.120000205747786
63.0,62.60000009797513
59.0,62.79000002571847
59.0,57.019999311724675
60.0,55.93999907168559
60.0,57.989999810173174
63.0,57.81999980160035
63.0,63.789999668109225
58.0,62.7799999779556
58.0,54.33999924804083
64.0,53.58999938888009
64.0,63.34000041884371
35.0,63.90000066378155
35.0,40.989999070460904
30.0,38.99999889288097
30.0,32.87999908393249
48.000004,33.11999910352751
48.000004,48.92999931294936
51.0,48.75999936316162
51.0,52.59999951992183
59.0,52.429999452563926
59.0,58.269999286006204
54.0,58.659999346015965
54.0,52.68999932274688
43.0,52.53999935091473
43.0,42.949999202727334
46.0,43.1599994219467
46.0,46.209999175784176
44.0,46.739999081483106
44.0,44.049999087606544
38.0,44.17999923824332
38.0,41.64999920517671
38.0,41.89999910597689
38.0,40.96999921007547
44.0,38.06999911454972
44.0,45.64999920517671
56.0,45.74999931049998
56.0,54.759999294579025
47.0,54.8199991500657
47.0,46.48999923946801
46.0,45.969999146391636
46.0,46.19999903004616
48.000004,46.82999908025841
48.000004,46.28999912679661
52.0,45.77999921864829
52.0,53.44999942562077
54.0,52.44999939132947
54.0,53.31999907903372
54.0,52.37999913536943
54.0,52.869999085157176
43.0,52.599999167211344
43.0,45.84999918068293
42.0,47.08999922477174
42.0,44.959999142717564
35.0,44.869999202727335
35.0,38.029999374183824
51.0,37.23999923579394
51.0,49.64999944031704
30.0,50.58999932519625
30.0,36.74999919782858
33.0,31.639999186806374
33.0,35.65999902759678
27.0,36.91999901045113
27.0,29.909999232119876
20.0,30.669999276208685
20.0,26.919999333769077
26.0,27.06999931539874
26.0,29.19999930927529
25.0,27.96999938643071
25.0,26.029999369285065
23.0,25.23999935826286
23.0,23.8299994672602
32.0,23.34999937418382
32.0,32.25999922844581
37.0,31.729999205176714
37.0,37.62999905086588
52.0,37.98999914394225
52.0,51.4899992737593
55.0,51.11999930927529
55.0,52.39999934846535
48.000004,52.71999927008524
48.000004,46.97999916966073
39.0,46.60999914639164
39.0,38.739999199053265
32.0,38.41999922844581
32.0,32.85999923334457
24.000002,32.969999180682926
24.000002,27.569999366835685
39.0,28.50999933499377
39.0,38.429999246816145
45.0,39.28999914149288
45.0,43.1599989908561
37.0,44.52999914639163
37.0,35.469999237018634
35.0,36.52999930315185
35.0,35.969999175784174
40.0,36.52999918558168
40.0,42.70999929090496
49.0,45.33999949787743
49.0,48.00999934724066
57.0,47.98999921252484
57.0,55.26999937908258
45.0,53.39999916721135
45.0,45.529999239468005
37.0,46.30999922232236
37.0,32.25999922844581
29.0,32.659999336218455
29.0,30.519999314174047
27.0,30.9499992517149
27.0,29.93999928723089
34.0,30.439999157413833
34.0,35.379999199053266
34.0,37.329999175784174
34.0,36.76999916598666
33.0,35.61999918925575
33.0,35.71999909862875
27.0,36.659999032495534
27.0,30.259999140268185
28.0,29.879999186806373
28.0,31.179999184356998
30.0,31.769999219872982
30.0,31.729999342341902
36.0,31.839999260287726
36.0,38.63999885858967
37.0,38.309998771636735
37.0,38.929998774086116
37.0,38.53999902759678
37.0,39.17999910597689
39.0,39.48999910720158
39.0,40.33999907168559
38.0,39.30999910965095
38.0,38.30999919292982
44.0,39.709999237018636
44.0,45.399999186806376
55.0,44.52999918558168
55.0,54.259999061888074
50.0,54.14999928110744
50.0,50.80999929825309
52.0,49.569999293354336
52.0,51.85999955176376
45.0,52.149999447665174
45.0,44.56999904351773
56.0,45.53999909128062
56.0,55.289999592178496
42.0,55.87999954931438
42.0,42.80999906311276
31.0,43.18999905576463
31.0,32.53999922354705
36.0,32.8899993080506
36.0,37.64999932274687
35.0,36.30999933009501
35.0,36.7299992296705
38.0,36.679999225996426
38.0,39.40999896023887
38.0,39.239999147616324
38.0,39.21999903249554
38.0,41.04999902392271
38.0,40.659999140268184
44.0,39.83999908393248
44.0,43.95999912802129
40.0,44.01999902269802
40.0,41.91999898595734
35.0,41.33999905698932
35.0,38.05999892962164
40.0,40.8399989222735
40.0,43.2499990484165
37.0,39.879999147616324
37.0,35.46999902147333
39.0,35.17999904719181
39.0,38.649999063112766
40.0,39.109999124347226
40.0,41.78999916843603
33.0,41.20999906311277
33.0,36.57999922844581
29.0,37.209999004327685
29.0,31.449999200277958
33.0,31.369999249265522
33.0,38.3099991047522
29.0,37.42999919292982
29.0,30.399999230895187
25.0,30.079999250490214
25.0,28.37999936071224
25.0,27.559999441541727
25.0,28.009999552988443
23.0,29.449999445215795
23.0,25.429999565235338
28.0,25.519999495428053
28.0,34.099999267635866
30.0,32.729999366835685
30.0,32.71999926028773
38.0,32.87999920150264
38.0,43.01999958605506
35.0,42.27999945133924
35.0,36.01999939500354
28.0,35.99999929947778
28.0,33.12999897493514
37.0,33.89999907658434
37.0,37.91999912312254
31.0,37.17999925293959
31.0,32.249999200277955
51.0,32.839999167211346
51.0,49.729999273759304
44.0,49.03999927008524
44.0,44.02999912924598
47.0,43.20999915129038
47.0,45.939998944317914
46.0,45.549999099853444
46.0,46.75999911822378
46.0,47.11999893696978
46.0,47.60999892594758
42.0,47.09999915496446
42.0,41.69999905209057
46.0,42.32999912189785
46.0,46.64999931784812
38.0,46.279999353364104
38.0,39.24999897003639
29.0,38.649998984732655
29.0,31.419999233344562
35.0,32.01999914026818
35.0,36.439999225996424
38.0,37.55999909862875
38.0,38.299999125571915
40.0,40.959999142717564
40.0,44.12999917578417
28.0,45.41999912557191
28.0,30.569999200277955
58.0,30.86999927130993
58.0,56.84999967545736
60.0,60.61000007715542
60.0,60.159999926518644
60.0,58.69999988977797
60.0,58.339999855486674
62.0,56.45999957625754
62.0,60.28999972444493
44.0,60.69999960565008
44.0,42.80999898473266
35.0,42.31999919170513
35.0,35.38999943296891
42.0,36.15999932887032
42.0,45.35999918190762
42.0,47.55999940235167
42.0,47.47999936316162
54.0,48.37999936071224
54.0,52.29999906678684
45.0,52.869999202727335
45.0,46.039999402351675
49.0,44.529999224771736
49.0,47.5999993092753
41.0,47.489999214974226
41.0,44.16999917088541
41.0,45.439999103527505
41.0,44.589999080258416
31.0,43.50999929090495
31.0,32.86999916353728
28.0,33.029999183132304
28.0,31.52999905331525
30.0,32.079999093729995
30.0,32.409999141492875
36.0,32.189999109650955
36.0,36.559998956564804
39.0,36.0999989345204
39.0,38.1299990484165
44.0,38.409998955340114
44.0,43.52999924926552
43.0,44.04999926396179
43.0,43.69999935581348
53.0,45.06999937418382
53.0,53.129999112100336
27.0,52.949998996979545
27.0,34.37999922354705
34.0,30.70999935948755
34.0,40.19999931417405
38.0,38.01999908148311
38.0,40.51999903004616
38.0,40.30999908515717
38.0,39.9499991390435
33.0,39.67999918190762
33.0,38.39999919170513
31.0,40.429999119448475
31.0,32.069999232119876
24.000002,33.37999916966072
24.000002,27.859999385206024
22.0,28.78999929580371
22.0,28.139999199053264
46.0,27.509999359487548
46.0,55.39999945133924
33.0,46.24999936683568
33.0,36.189999413373876
27.0,38.63999939745292
27.0,29.529999347240658
30.0,30.099999306825914
30.0,30.769999381531957
32.0,30.319999319072807
32.0,32.35999918680638
28.0,33.66999919292982
28.0,33.09999936071224
31.0,35.249999518697145
31.0,34.28999939132947
30.0,34.38999931049999
30.0,34.09999944399111
28.0,30.449999293354335
28.0,31.09999919415451
26.0,30.899999248040835
26.0,27.709999305601226
28.0,27.639999323971562
28.0,30.1799992970284
24.000002,30.699999301927157
24.000002,27.459999424396077
41.0,26.49999937540851
41.0,42.00999892594758
37.0,40.329998955340116
37.0,36.68999890145379
27.0,35.869998923498194
27.0,30.23999919170513
18.0,30.429999031270846
18.0,20.88999949910212
17.0,21.83999935826286
17.0,22.449999410924498
17.0,22.97999948318116
17.0,25.00999949910212
21.0,25.069999530944038
21.0,24.289999474608337
21.0,24.369999396228227
21.0,24.289999489304606
23.0,22.96999960197601
23.0,23.239999515023076
28.0,23.48999947950709
28.0,32.999999323971565
35.0,32.16999934724066
35.0,40.8099990827078
48.000004,38.05999914516694
48.000004,43.269999300702466
51.0,44.38999943786766
51.0,49.8599994439911
40.0,49.43999955421313
40.0,41.41999924314208
43.0,43.229999227221114
43.0,45.719999069236216
42.0,45.07999928478151
42.0,46.39999935826286
40.0,46.769999352139415
40.0,43.809999214974226
30.0,44.16999897493515
30.0,30.22999916353728
23.0,32.42999918803106
23.0,23.64999936193693
57.0,25.38999931539874
57.0,60.630000447011554
29.0,53.21999973791651
29.0,36.68999916598666
45.0,31.429999261512414
45.0,45.36999908270779
45.0,44.85999911577441
45.0,44.73999916966073
20.0,45.669999261512416
20.0,25.07999928478151
28.0,24.579999375408512
28.0,33.05999947338364
26.0,32.93999919415451
26.0,25.799999274983996
28.0,25.3299993766332
28.0,31.38999917823355
24.000002,31.579999125571913
24.000002,26.069999261512415
27.0,25.60999935703817
27.0,29.579999223547052
30.0,30.039999235793942
30.0,31.119999074134967
40.0,30.559999123122537
40.0,48.19999917700886
45.0,42.479999181907615
45.0,45.75999926028772
45.0,45.15999921619891
45.0,44.59999920640141
55.0,44.72999921987298
55.0,53.5199996032007
57.0,52.93999938030727
57.0,57.37999977710657
56.0,58.71999959340319
56.0,56.469999545640306
58.0,57.24999966565985
58.0,58.65999950277619
56.0,59.81000019472558
56.0,54.509999746489335
54.0,53.089999430519526
54.0,52.019999218648294
51.0,52.07999927008524
51.0,49.66999912434722
35.0,50.30999920272733
35.0,36.15999907413497
30.0,35.309998962688255
30.0,30.39999931907281
40.0,31.35999916231259
40.0,42.89999912067316
39.0,42.299999056989314
39.0,40.2099988328712
34.0,41.41999900800175
34.0,38.30999908515717
31.0,40.269998982283276
31.0,33.049999161087904
30.0,33.39999922599643
30.0,32.04999924436677
38.0,32.91999929457902
38.0,42.3599989908561
44.0,42.7099990361696
44.0,44.7899991733348
36.0,44.94999911454971
36.0,39.859999003103
28.0,38.769999028821466
28.0,31.639999245591458
27.0,32.759999274984
27.0,30.269999295803714
26.0,30.049999273759305
26.0,27.809999361936928
28.0,28.009999420722007
28.0,31.10999928110744
33.0,29.949999286006197
33.0,39.059999199053266
50.0,38.78999921252485
50.0,48.80999930805061
55.0,48.999999431744214
55.0,55.57999913536943
66.0,54.50999911944847
66.0,62.16000007348135
59.0,62.560000181254
59.0,58.45999976241029
58.0,56.169999601976016
58.0,56.77999957625754
59.0,58.64999957258347
59.0,58.22000000734813
55.0,58.870000368631445
55.0,53.44999942562077
50.0,54.35999946113676
50.0,52.469999330095014
42.0,50.95999928968027
42.0,46.159999181907615
48.000004,45.16999894064384
48.000004,48.83999923579394
40.0,49.52999927865807
40.0,42.99999889288097
49.0,45.61999917945824
49.0,48.97999927743338
56.0,49.389999354588795
56.0,56.009999386430714
30.0,55.78999947215896
30.0,37.319999098628756
23.0,33.68999918068293
23.0,24.82999931539874
30.0,25.19999932887032
30.0,33.909999173334796
32.0,32.73999913047067
32.0,33.92999905331525
49.0,33.56999900922644
49.0,47.439999407250426
20.0,46.73999947338364
20.0,26.12999940112698
25.0,24.689999508899636
25.0,25.299999365610994
27.0,25.939999267635862
27.0,29.73999919415451
24.000002,29.809999214974226
24.000002,24.78999942317139
22.0,24.329999508899633
22.0,25.769999337443146
30.0,26.1299993766332
30.0,30.85999925293959
35.0,32.799999083932484
35.0,39.63999907903373
38.0,41.449999043517735
38.0,41.81999916476197
57.0,40.879999181907614
57.0,53.41999922354705
62.0,53.62999934479128
62.0,61.910000133491124
56.0,58.319999877531075
56.0,55.17999953706748
52.0,55.56999936193693
52.0,52.19999966688454
53.0,51.91999932887032
53.0,50.80999925906304
48.000004,51.00999911699909
48.000004,47.50999927130993
43.0,47.76999929825309
43.0,46.58999916843604
40.0,47.42999922232236
40.0,43.939999012900515
37.0,43.049999053315254
37.0,37.129999141492874
45.0,37.40999922477174
45.0,45.7699993080506
41.0,45.589999212524845
41.0,41.22999902147333
41.0,42.79999907413497
41.0,42.44999898963141
37.0,42.68999901902395
37.0,39.84999885736498
41.0,39.83999892717227
41.0,43.369998739794816
40.0,43.23999890267849
40.0,42.33999887573532
45.0,43.22999909005593
45.0,45.14999920762609
45.0,44.519999255388974
45.0,44.719999191705135
44.0,45.5599992064014
44.0,43.82999915373977
50.0,43.109999143942254
50.0,49.25999928233213
46.0,49.97999939010478
46.0,46.58999914884101
44.0,47.14999915863852
44.0,44.30999921252485
47.0,43.77999913047067
47.0,47.18999931049998
66.0,47.14999931539874
66.0,64.52000111691655
63.0,62.8400005780533
63.0,62.41000005266164
64.0,64.0800000342913
64.0,64.99000081441831
65.0,63.140000521717596
65.0,63.730000478853476
51.0,65.51000071154442
51.0,48.009999249265526
57.0,47.409999361936926
57.0,55.959999441541726
44.0,54.499999365611
44.0,47.60999921987298
32.0,47.45999918925575
32.0,35.5299991610879
35.0,36.30999923211987
35.0,39.219999277433374
30.0,37.909999388880095
30.0,33.309999168436036
35.0,34.149999310499986
35.0,39.46999908025841
32.0,40.32999919048044
32.0,33.41999912557191
30.0,33.54999916843604
30.0,32.239999132920055
34.0,30.759999079033726
34.0,38.91999909862875
31.0,39.50999907535966
31.0,31.779999257838348
30.0,32.559999152515076
30.0,32.86999923211987
34.0,32.16999918068293
34.0,37.98999900677706
40.0,36.07999912312254
40.0,41.61999915986321
34.0,40.64999924926553
34.0,35.629999090055925
30.0,35.42999899697955
30.0,31.79999914761632
30.0,32.18999916843604
30.0,31.83999922109767
35.0,31.499999203952022
35.0,38.09999907168559
38.0,39.209999092505306
38.0,41.5899989577895
53.0,40.41999904229305
53.0,53.549999315398736
59.0,52.89999934601597
59.0,59.07999923579395
59.0,60.88999976853375
59.0,61.58999985916074
63.0,61.449999935091476
63.0,61.24999988120514
73.0,60.369999910597684
73.0,69.80000192031265
76.0,67.49000142921228
76.0,71.77000235507732
68.0,71.96000243958089
68.0,63.159999990202486
53.0,61.45999963014386
53.0,49.869999217423604
42.0,50.22999907535966
42.0,46.02999933499377
37.0,47.59999947583302
37.0,37.629999178233554
23.0,39.15999913781881
23.0,26.049999352139416
24.000002,27.339999321522185
24.000002,30.41999918925575
28.0,28.499999228445805
28.0,33.92999914149287
31.0,33.099999174559485
31.0,33.70999919782858
28.0,33.45999921864829
28.0,32.27999918680637
22.0,32.03999923579394
22.0,23.269999491753985
21.0,24.1899994672602
21.0,24.10999939377885
48.000004,23.93999939010478
48.000004,53.72999950889963
45.0,46.09999923824332
45.0,44.34999922722112
39.0,43.49999924314208
39.0,37.59999898595735
52.0,37.8199990373943
52.0,49.89999932152219
45.0,49.38999923701863
45.0,43.64999913659412
35.0,44.0999991500657
35.0,36.16999897493515
30.0,36.96999913169536
30.0,30.3899992517149
40.0,29.739999154964455
40.0,41.58999891859944
57.0,39.89999899820424
57.0,57.179999684030186
63.0,57.12999948440585
63.0,59.4300000453135
71.0,59.14999960932415
71.0,70.3600016557798
72.0,70.06000143778512
72.0,68.68000162638725
75.0,69.2000015627034
75.0,73.08000269431624
74.0,72.39000229874162
74.0,71.19000240651427
68.0,70.58000223628247
68.0,65.32000082299113
58.0,64.64000090627
58.0,56.3699995578872
55.0,56.06999930070247
55.0,55.73999927253462
52.0,55.14999911944847
52.0,52.02999910965095
38.0,51.439999191705134
38.0,40.38999922232236
53.0,43.37999914026819
53.0,52.679999274984
35.0,52.189999207626094
35.0,38.57999921864829
30.0,39.209999112100334
30.0,34.24999922967049
44.0,34.14999935948755
44.0,46.149999124347225
37.0,46.93999907658435
37.0,39.199998946767295
31.0,38.999998932071016
31.0,33.149999207626095
47.0,33.47999913781881
47.0,47.539999571358784
40.0,46.529999410924496
40.0,42.05999908638186
45.0,41.499999154964456
45.0,44.82999934479128
37.0,45.60999911210033
37.0,38.66999882552306
29.0,36.139998978609206
29.0,31.509999036169603
27.0,30.399999250490215
27.0,29.279999260287724
26.0,28.049999185581683
26.0,26.769999273759307
46.0,26.649999219872985
46.0,47.5799993313197
62.0,46.619999331319704
62.0,61.449999974281525
70.0,61.43999992651865
70.0,69.47000191173983
91.0,68.00000163128601
91.0,93.97000398636334
96.00001,90.92000348791483
96.00001,95.57000390798322
88.0,92.95000346464575
88.0,85.290003207461
64.0,88.60000290986153
64.0,64.09000047395472
59.0,61.2699998983508
59.0,57.13000001347158
60.0,57.32999996938277
60.0,57.39999991182238
40.0,57.2699995456403
40.0,48.769999352139415
37.0,46.58999926641117
37.0,36.479999093729994
31.0,39.86999909005593
31.0,34.379999086381865
28.0,35.729999352139416
28.0,35.14999930560123
24.000002,35.33999936071224
24.000002,28.569999210075466
25.0,28.05999925293959
25.0,26.899999287230887
25.0,26.95999927008524
25.0,27.579999282332132
35.0,28.239999279882753
35.0,39.83999890757724
38.0,39.859998748367644
38.0,40.629999055764635
40.0,41.31999903984367
40.0,42.07999916231259
37.0,42.04999899942893
37.0,37.369999063112765
31.0,32.999999255388964
31.0,31.649999352139414
30.0,32.41999935581348
30.0,31.93999928723089
28.0,30.689999322746875
28.0,30.319999230895185
26.0,30.589999295803715
26.0,27.199999230895187
38.0,27.739999282332132
38.0,40.049998979833894
48.000004,40.34999909985344
48.000004,47.70999942317139
58.0,46.90999926641117
58.0,59.81999963504262
64.0,58.419999728118995
64.0,62.4200003747549
70.0,61.750000192276204
70.0,68.35000204890501
54.0,68.31000189704356
54.0,52.16999938643071
43.0,51.95999928478151
43.0,44.68999926396179
34.0,45.20999923946801
34.0,36.67999903984367
27.0,36.589998992080794
27.0,28.8299992174236
40.0,30.589999246816145
40.0,45.519999132920056
39.0,47.50999927130993
39.0,42.73999914026819
38.0,40.469999016574576
38.0,39.51999896636232
31.0,40.20999900922644
31.0,32.819999081483104
28.0,33.59999920150265
28.0,32.56999932764563
28.0,32.089999366835684
28.0,32.03999934356659
33.0,32.00999918068293
33.0,38.45999905698932
43.0,39.389999070460895
43.0,44.44999909740406
43.0,43.25999917455948
43.0,43.24999906801152
38.0,43.719999177008866
38.0,37.139999091280615
33.0,37.759998897779724
33.0,35.08999928355682
33.0,36.23999909373
33.0,35.91999911332503
33.0,37.3299991267966
33.0,37.95999913781881
40.0,38.569999092505306
40.0,42.12999885246622
43.0,42.37999891002662
43.0,43.869999305601226
53.0,44.979999140268184
53.0,52.759999304376535
50.0,52.77999924314208
50.0,50.13999940969981
44.0,48.95999937785789
44.0,43.919999152515075
51.0,43.62999904106836
51.0,50.68999952849466
58.0,49.85999948318116
58.0,58.319999642390755
56.0,57.73999949787743
56.0,56.40999945501331
55.0,56.00999934724066
55.0,54.709999486855224
52.0,53.619999336218456
52.0,50.75999923579394
40.0,51.57999921374954
40.0,44.29999907658435
47.0,45.01999935091472
47.0,49.1799994096998
51.0,48.329999268860554
51.0,49.449999249265524
44.0,50.44999928355682
44.0,44.669999266411175
54.0,44.92999952849466
54.0,52.659999140268184
55.0,51.85999904229305
55.0,53.569999410924495
45.0,55.89999925293959
45.0,45.81999921374954
35.0,47.06999920762609
35.0,39.6199989345204
32.0,40.70999890880193
32.0,33.829999114549715
37.0,33.63999909862875
37.0,38.89999915986321
48.000004,38.459999252939596
48.000004,46.889999484405855
45.0,48.339999512573705
45.0,45.959999314174055
54.0,45.36999920027796
54.0,53.119999064337456
54.0,54.64999920027795
54.0,54.27999915741383
60.0,54.5799988659378
60.0,59.96999972444493
64.0,58.78999922232236
64.0,62.739999904474246
59.0,62.10999963871669
59.0,58.999999441541725
53.0,59.45999944399111
53.0,52.57999938520602
50.0,52.82999916843604
50.0,49.359999328870316
38.0,49.67999932887032
38.0,41.39999893207102
38.0,42.189999021473334
38.0,42.25999927743338
31.0,42.66999943296891
31.0,32.909999217423604
26.0,32.30999915373977
26.0,29.599999201502644
42.0,29.289999141492874
42.0,47.669999251714906
40.0,47.57999929212965
40.0,46.68999935213942
26.0,46.30999933989252
26.0,29.819999301927158
28.0,30.13999924314208
28.0,33.35999927988275
41.0,37.939999453788616
41.0,42.90999901167582
31.0,42.789999143942254
31.0,32.72999943541828
28.0,33.13999933621845
28.0,32.79999923089518
24.000002,32.54999926151241
24.000002,28.1399993313197
35.0,28.74999931539874
35.0,37.619999003103
32.0,37.10999887940939
32.0,32.34999929580371
43.0,32.6499993080506
43.0,44.45999926273711
51.0,43.67999916231259
51.0,49.93999931662343
46.0,49.169999244366764
46.0,46.77999942929483
54.0,46.36999931294936
54.0,53.20999906311277
52.0,52.869999202727335
52.0,50.69999934111721
45.0,50.68999925416428
45.0,44.01999927743337
48.000004,44.85999913536943
48.000004,48.469999447665174
38.0,48.669999383981335
38.0,40.03999923579394
55.0,39.63999918680638
55.0,56.0999992284458
33.0,56.06999939867761
33.0,35.91999909372999
53.0,36.079999191705134
53.0,51.469999217423606
55.0,52.45999936071224
55.0,54.38999976118561
52.0,56.34999959952663
52.0,56.03999960809946
59.0,51.62999939377885
59.0,59.30999955053907
58.0,57.36999984691385
58.0,59.75999977955595
55.0,57.67999927008524
55.0,55.31999938275665
50.0,54.049999469709576
50.0,48.37999927253462
50.0,48.77999922354705
50.0,49.50999926151241
59.0,48.039999412149186
59.0,57.7599995346181
42.0,57.96999949910212
42.0,45.8299993202975
55.0,45.859999346015975
55.0,54.44999922477174
61.0,55.129999337443145
61.0,61.26000004653819
62.0,62.15000022166875
62.0,63.840000338014214
56.0,64.34000021799469
56.0,57.729999685254874
57.0,57.44999960197601
57.0,58.22999952604528
54.0,58.52999954808969
54.0,54.649999474608336
47.0,54.90999946236144
47.0,48.08999969015363
42.0,49.80999963626731
42.0,41.66999933989252
48.000004,42.4499991267966
48.000004,49.669999398677604
51.0,49.62999924681615
51.0,52.50999916843603
36.0,51.889999107201575
36.0,39.55999902024865
39.0,41.05999926763586
39.0,42.23999943664297
36.0,43.929999200277955
36.0,42.34999931539874
47.0,42.469999251714896
47.0,47.44999929825309
44.0,48.799999475833026
44.0,46.88999919048044
52.0,46.78999924191739
52.0,51.839999495428046
67.0,51.66999934969004
67.0,71.33000264410397
60.0,70.59000224485528
60.0,58.9499998297682
64.0,59.4700000796048
64.0,64.1200002253428
58.0,63.34999995713588
58.0,57.73999934111721
56.0,56.19999941214919
56.0,51.739999625245105
68.0,52.859999468484894
68.0,68.78000190806577
63.0,67.8800013716519
63.0,62.490000278004445
64.0,61.449999543190934
64.0,62.909999815071934
62.0,63.11999999510124
62.0,62.239999554213135
60.0,64.40999961177353
60.0,59.56999987140764
47.0,60.229999829768204
47.0,49.97999944888986
54.0,50.029999570134095
54.0,55.529999131695355
51.0,55.2199992970284
51.0,52.01999961054884
46.0,51.849999621571044
46.0,49.949999795476906
54.0,48.749999550539066
54.0,54.00999904351774
49.0,53.67999907413497
49.0,47.98999952604528
43.0,49.16999944031704
43.0,42.369999175784166
40.0,44.17999912067316
40.0,42.129998911251306
37.0,42.83999903004616
37.0,43.46999935458879
33.0,43.47999948073178
33.0,43.269999281107445
37.0,41.929999190480444
37.0,43.54999924681614
50.0,43.70999918803106
50.0,50.69999930192716
59.0,51.099999527269965
59.0,62.00999990569893
61.0,62.44
61.0,59.81000041027088
57.0,58.62999955543782
57.0,56.29999967423267
53.0,56.429999550539065
53.0,52.05999944888987
43.0,49.76999928845558
43.0,45.95999915741383
40.0,46.089999151290385
40.0,44.82999930560123
37.0,45.59999922109767
37.0,36.199999079033724
52.0,37.109998810826795
52.0,60.86999996693339
53.0,51.57999960565008
53.0,51.25999927253462
53.0,50.37999902759678
53.0,50.81999913047067
48.000004,51.60999914149287
48.000004,49.699999522371215
40.0,48.419999365611
40.0,43.1599992064014
52.0,43.28999929825309
52.0,53.93999937540851
48.000004,54.299999448889864
48.000004,49.64999961667228
40.0,48.88999967055861
40.0,42.189998982283285
33.0,42.459999096179374
33.0,34.8499991953792
37.0,35.10999916353728
37.0,36.499999081483104
35.0,37.089999136594116
35.0,38.44999902882147
26.0,39.3099990018783
26.0,27.40999928355682
25.0,28.159999250490213
25.0,27.079999265186483
27.0,28.199999177008863
27.0,30.01999931662343
28.0,29.5599994219467
28.0,30.96999938643071
39.0,31.699999365610996
39.0,41.34999902637209
44.0,41.69999915006569
44.0,46.029999374183824
52.0,45.349999359487555
52.0,57.789999971832145
55.0,56.91999997060746
55.0,55.669999819970684
73.0,56.2600000122469
73.0,71.70000229506755
73.0,71.59000212238637
73.0,70.93000210524073
66.0,71.59000212238637
66.0,66.5600018468313
66.0,66.72000182723627
66.0,68.23000175008086
59.0,67.82000163373537
59.0,51.78999970729928
54.0,49.309999815071926
54.0,52.45999924314207
43.0,53.02999941827263
43.0,45.87999932397157
44.0,45.16999930315185
44.0,44.74999929580371
35.0,44.6399992406927
35.0,42.36999954808969
30.0,44.33999937540851
30.0,34.139998959014186
27.0,32.109999031270846
27.0,32.32999905331525
43.0,33.07999908883124
43.0,46.5199994219467
44.0,47.249999205176714
44.0,47.129999102302826
39.0,47.569999107201575
39.0,45.34999908515717
30.0,43.969999077809035
30.0,34.299999311724676
23.0,32.78999917333479
23.0,29.409999386430712
53.0,30.089999332544387
53.0,51.959999343566594
48.000004,52.499999355813486
48.000004,48.579999365610995
51.0,47.989999486855226
51.0,52.05999925293959
48.000004,51.49999936071224
48.000004,47.21999937540851
43.0,47.70999942317139
43.0,41.84999927865807
58.0,41.89999928233213
58.0,58.82999980527442
63.0,58.699999654637644
63.0,63.76000038700178
70.0,63.54000023758971
70.0,71.20000190561639
92.0,70.10000209911729
92.0,93.95000322460665
113.0,94.30000348546544
113.0,112.75000248979313
143.0,109.28000182723628
143.0,144.03999596342442
151.0,143.0299967043614
151.0,148.61999526535158
130.0,145.87999581646173
130.0,117.48000164598228
146.0,120.83000032454264
146.0,142.4699970080843
151.0,143.46999692480543
151.0,147.93999625000168
156.0,147.97999565725212
156.0,154.62999457830094
158.0,153.03999544905494
158.0,157.36999543803276
151.0,157.4599954759981
151.0,144.22999561683739
121.0,146.27999545395372
121.0,119.6400021652505
136.0,118.60000190071763
136.0,135.64999751020687
122.0,139.32999658924058
122.0,118.06000182968566
95.0,115.44000201338903
95.0,93.08000369366262
83.0,92.74000383327717
83.0,82.28000278249385
65.0,83.29000302130824
65.0,66.06000079114922
55.0,67.6000010532327
55.0,57.7499996828055
48.000004,58.02999972689431
48.000004,50.2699994329689
45.0,47.81999960565008
45.0,43.68999935703817
45.0,44.129999440317036
45.0,44.81999935581348
57.0,44.599999363161615
57.0,63.35000160311816
58.0,62.560001121815304
58.0,61.98000042864122
63.0,62.120000195950276
63.0,68.98000145248139
57.0,67.8400012589805
57.0,58.95000033923891
50.0,58.380000046538186
50.0,51.25999972322025
50.0,52.47999976975843
50.0,51.459999796701595
43.0,52.09999975751154
43.0,46.039999108426265
54.0,46.419999297028404
54.0,54.259999375408505
56.0,54.01999920885078
56.0,56.67999960809946
51.0,56.20999963626731
51.0,49.31999937295914
59.0,50.41999925783835
59.0,57.57999930192716
61.0,58.599999314174056
61.0,59.92000015186146
58.0,59.809999959585255
58.0,59.2199990814831
62.0,58.92999902882147
62.0,63.27000039802399
75.0,64.43000013838989
75.0,76.10000316704625
83.0,76.43000278371854
83.0,90.22000210401605
85.0,88.90000210891479
85.0,91.01000219341834
99.0,90.47000231833665
99.0,102.68000306662175
95.0,101.03000310213774
95.0,92.31000354302584
78.0,92.40000365937131
78.0,74.3300026294077
77.0,76.72000228771942
77.0,76.7200021309592
81.0,77.61000273718035
81.0,83.61000290373808
83.0,82.62000295639972
83.0,83.70000325522388
77.0,83.23000312663152
77.0,76.47000297477005
92.0,77.4500029135356
92.0,95.89000269309153
100.0,95.29000288414305
100.0,99.21000287434555
81.0,96.39000304335265
81.0,78.47000304335265
80.0,81.57000276167413
80.0,81.18000274085442
72.0,81.68000266002493
72.0,71.77000270778781
53.0,74.03000264655336
53.0,60.80000090627001
52.0,62.06000135940501
52.0,63.490001390022236
32.0,59.25000061601866
32.0,39.71999931417405
33.0,34.91999930437654
33.0,44.119999402351674
31.0,44.339999218648295
31.0,34.7499992860062
32.0,35.65999912557191
32.0,36.20999925416428
30.0,36.019999228445805
30.0,33.939999061888074
28.0,32.98999910965096
28.0,31.979999164761967
24.000002,30.67999933376908
24.000002,34.729999357038174
53.0,32.359999225996425
53.0,49.99999928968027
58.0,52.709999379082575
58.0,56.28999962646979
60.0,57.51999962279573
60.0,59.59999999510125
52.0,60.710000123693604
52.0,49.35999934846535
56.0,49.46999930560123
56.0,57.789999971832145
58.0,62.350000001224686
58.0,57.259999752612785
45.0,56.7099997513881
45.0,48.07999932887032
35.0,49.20999939622823
35.0,43.31999908883124
43.0,43.35999912312254
43.0,47.81999934111721
42.0,46.599999314174056
42.0,44.74999923701863
46.0,47.40999928355682
46.0,47.8999993313197
52.0,47.79999936316162
52.0,56.51999998040497
59.0,56.51999982364476
59.0,58.219999870182946
64.0,57.899999439092355
64.0,65.52000052416697
60.0,64.13000023391564
60.0,60.340000276779755
61.0,62.83000092219096
61.0,64.51000063806306
60.0,63.590000731139455
60.0,61.42000061479398
55.0,60.64000033801422
55.0,58.119999666884546
58.0,56.559999818746
58.0,58.60999985181261
30.0,59.43000000612344
30.0,36.95999906433745
48.000004,34.299999311724676
48.000004,55.87000016778242
41.0,55.440000112671406
41.0,47.94999917823355
31.0,43.82999933009501
31.0,33.01999927253462
34.0,34.69999914516694
34.0,43.709999129245986
59.0,42.99999930437654
59.0,59.63999987263232
54.0,62.60999994978775
54.0,56.87999962279573
69.0,56.33999966933391
69.0,74.96000218974427
64.0,69.68000162148849
64.0,64.89000049354975
60.0,63.6100001016492
60.0,60.54000036985614
60.0,59.07000012859236
60.0,57.94999983466696
58.0,57.969999891002665
58.0,56.649999386430714
67.0,57.64999945991206
67.0,72.23000157372562
72.0,72.32000169007108
72.0,73.10000318174252
64.0,72.50000321603383
64.0,62.16999984691385
56.0,62.63000016288366
56.0,58.35000013838988
55.0,57.280000044088816
55.0,55.68999962157104
59.0,55.929999396228226
59.0,60.06000007593072
62.0,60.51000006980728
62.0,62.880000102873886
55.0,61.98999945746269
55.0,56.21999940969981
46.0,56.03999925538896
46.0,49.30999936438631
48.000004,48.8299995015515
48.000004,48.059999821195376
43.0,48.83999954931437
43.0,46.1099992860062
51.0,47.35999945623799
51.0,53.519999877531085
44.0,52.67999958850443
44.0,47.49999924314208
40.0,47.699999199053266
40.0,45.59999922109767
61.0,46.09999914026819
61.0,61.92000014206395
63.0,62.86000069317409
63.0,63.5100003294414
72.0,63.900000271881
72.0,74.47000298456757
68.0,71.85000238446986
68.0,69.52000266002494
83.0,70.00000232690947
83.0,84.4800027873926
85.0,83.34000290741216
85.0,83.6700032295054
82.0,84.48000384552407
82.0,80.21000296742191
73.0,79.54000302008356
73.0,69.7400027310569
74.0,70.340002971096
74.0,73.55000313642904
66.0,74.64000332625587
66.0,66.28000117570163
61.0,68.43000172558708
61.0,61.48000039190054
59.0,61.580000085728244
59.0,59.15999944154173
70.0,60.159999926518644
70.0,71.62000250081533
61.0,71.74000283882955
61.0,62.4300002265675
72.0,62.12000062704087
72.0,72.9600022779219
60.0,72.52000213585795
60.0,60.970000424967154
71.0,62.38000053641387
71.0,74.32000250326472
80.0,73.65000247754624
80.0,84.02000270656312
86.0,87.01000213463327
86.0,85.99000278861729
82.0,84.38000250571409
82.0,85.64000217504802
77.0,83.57000232078602
77.0,78.42000296129848
58.0,77.73000307519457
30.0,56.23999927008524
46.0,36.23999931907281
40.0,50.859999262737105
28.0,47.649999479507095
24.000002,37.47999936316162
37.0,35.079999225996424
31.0,41.15999913781881
47.0,35.29999929702841
44.0,50.65999999265187
52.0,50.19999922599643
41.0,53.74999952604528
37.0,43.30999909985344
35.0,44.22999928110744
24.000002,43.66999899697955
22.0,33.3899995015515
40.0,30.22999951624777
37.0,43.3099992174236
35.0,41.89999912557192
30.0,40.529999087606555
54.0,30.879999382756647
47.0,55.589999633817925
36.0,48.9799995125737
51.0,37.0899989798339
28.0,49.8199993313197
45.0,34.52999946970957
43.0,46.49999928723089
47.0,44.6999993313197
42.0,48.249999513798386
57.0,46.759999196603886
31.0,59.05000030739699
52.0,36.45999936071224
57.0,60.7200007593073
50.0,58.539999968158085
39.0,50.929999616672276
34.0,42.37999924314207
40.0,36.649998974935144
43.0,40.67999892227351
38.0,43.06999938398133
44.0,41.47999894186854
45.0,45.38999919782858
45.0,46.969999200277954
45.0,47.2199992970284
41.0,47.05999917945824
38.0,42.02999910965095
29.0,41.549999099853444
20.0,33.589999388880095
14.0,28.449999552988444
24.000002,22.729999621571036
22.0,32.61999948807991
21.0,30.12999930315185
21.0,28.669999339892524
25.0,28.02999922232236
25.0,26.999999353364103
21.0,28.53999925293959
17.0,28.43999913781881
13.0,28.129999308050603
10.0,23.44999953829217
18.0,21.09999959830194
30.0,23.39999966565985
31.0,35.28999947460834
32.0,31.11999934846535
26.0,31.879999392554158
21.0,25.38999942317139
38.0,22.259999429294837
53.0,40.33999898350796
50.0,52.30999923211987
54.0,52.98999942317139
47.0,54.739999081483106
54.0,46.5499992517149
41.0,54.70999964361545
41.0,44.01999937540851
33.0,41.67999938765541
33.0,34.95999927008524
25.0,38.4999992970284
27.0,28.01999934601597
24.000002,30.229999339892526
45.0,32.50999924681614
45.0,49.729999175784165
48.000004,49.829999241917385
42.0,50.61999917455948
40.0,47.4299993986776
40.0,44.70999928110744
53.0,43.369999170885414
53.0,50.78999933989252
48.000004,51.28999921987298
45.0,46.28999932274687
47.0,41.74999921252485
45.0,46.99999946113676
33.0,45.34999933989253
27.0,39.58999916353728
30.0,31.999999250490212
36.0,34.07999935826287
35.0,43.55999903984367
25.0,41.86999908025842
29.0,28.299999262737106
31.0,29.93999923824332
26.0,30.12999928355682
25.0,34.0399994905293
31.0,33.62999939377885
38.0,32.659999365611
46.0,41.97999907658435
54.0,47.95999922599643
54.0,57.35999966198578
45.0,55.79999940235167
39.0,45.30999912924598
34.0,45.27999935826286
29.0,38.55999913292005
29.0,33.469999256613654
27.0,33.0499992296705
30.0,31.98999913414474
32.0,32.82999927620869
35.0,32.93999925293959
55.0,42.789998889206906
64.0,58.10999954074155
71.0,65.02000072256662
67.0,71.4600018149894
72.0,69.61000167904888
68.0,70.35000227424783
45.0,68.57000137532597
39.0,41.949999403576356
28.0,39.019998988406726
18.0,31.839999505225563
25.0,26.31999936193693
25.0,31.13999941949732
25.0,31.099999311724673
21.0,32.16999929825309
29.0,32.18999918803107
33.0,33.91999931907281
29.0,37.129999141492874
31.0,33.18999917333479
38.0,34.67999933376908
36.0,42.179999169660725
35.0,38.79999913292005
44.0,42.44999906801152
51.0,45.25999930192716
58.0,53.78999938398133
80.0,63.02000049722381
67.0,82.18000265757556
61.0,69.67000188724606
57.0,63.460000443337485
60.0,58.29999986038543
55.0,60.04000001959503
52.0,54.79999925049022
59.0,50.47999942684545
54.0,57.8599992284458
43.0,51.959999323971566
32.0,41.38999902147333
47.0,30.079999113325023
15.0,48.599999461136754
37.0,24.139999717096796
23.0,40.29999920395203
18.0,28.899999365611
19.0,28.009999455013308
28.0,24.879999426845455
28.0,34.82999926641118
25.0,33.54999925661365
23.0,26.799999456237998
32.0,23.96999949420336
45.0,35.019999223547046
37.0,46.66999933499377
39.0,40.38999912434722
38.0,43.57999919415451
32.0,43.439999093729995
33.0,33.31999926518649
27.0,41.04999928845558
26.0,28.819999414598566
23.0,26.609999312949363
35.0,24.3499994329689
40.0,34.46999920272734
33.0,41.56999923456925
33.0,34.56999905331526
27.0,35.369999131695366
38.0,28.11999923579394
32.0,39.81999924314208
24.000002,31.929999278658066
27.0,27.26999940847512
24.000002,30.299999429294836
24.000002,27.109999369285063
23.0,26.83999948073178
24.000002,23.87999945133924
24.000002,26.829999188031064
29.0,26.279999353364108
27.0,33.62999924681614
24.000002,30.479999162312588
41.0,27.849999298253092
29.0,43.189999114549714
12.000001,30.389999310499984
10.0,22.48999955666251
34.0,23.449999426845455
36.0,36.83999925538897
30.0,37.11999915251508
38.0,27.799999490529295
35.0,39.459998973710455
36.0,33.92999902392271
35.0,34.43999909862875
25.0,36.42999915863852
31.0,31.929999352139415
26.0,32.609999303151845
21.0,30.869999428070148
27.0,27.89999925293959
30.0,31.049999552988442
25.0,32.09999942439608
25.0,28.60999930315185
25.0,28.499999233344564
25.0,27.389999295803715
23.0,26.91999917700886
30.0,25.319999304376537
40.0,33.16999915618914
60.0,44.71999905453994
51.0,60.3099999767309
48.000004,50.10999930560122
45.0,47.42999935948755
35.0,46.309999281107444
25.0,37.029999183132304
35.0,25.909999428070147
39.0,34.619999223547055
51.0,38.05999906678684
33.0,47.33999941949732
35.0,33.94999906066339
30.0,34.9199990594387
34.0,29.979999233344564
31.0,36.289999224771734
30.0,32.53999921374954
28.0,31.739999262737108
22.0,31.449999249265524
21.0,25.0199994782824
23.0,23.61999952726997
20.0,23.999999456237997
18.0,23.509999359487548
19.0,20.529999659536404
20.0,24.629999515023076
31.0,25.48999938153196
32.0,35.149999530944044
45.0,33.82999936928506
60.0,44.26999904106837
56.0,58.3299998861039
64.0,56.989999462361446
46.0,61.7800003747549
42.0,44.279999147616316
27.0,38.019999110875645
20.0,29.04999931784812
20.0,23.279999474608335
23.0,23.709999501551497
26.0,30.229999398677606
23.0,32.13999944888986
18.0,30.04999946970958
46.0,23.539999639941374
33.0,56.37999958605505
31.0,38.32999913169536
32.0,31.919999093729995
33.0,34.71999903494491
29.0,37.0699990704609
27.0,34.109999325196256
28.0,31.969999263961792
39.0,31.869999374183823
54.0,42.70999909495468
57.0,56.80999921007547
39.0,62.00999996448401
51.0,45.75999912312253
58.0,53.889999410924496
47.0,58.36999929335434
36.0,45.52999929825309
41.0,39.24999897003639
37.0,38.429998835320575
58.0,37.34999922232237
26.0,56.33999931662343
30.0,29.539999346015968
27.0,30.5799992970284
22.0,30.76999939132947
19.0,27.519999446440483
30.0,28.19999947093427
28.0,37.80999914639163
30.0,32.73999927743338
36.0,33.68999923946801
45.0,37.94999909985344
41.0,45.1199992406927
39.0,42.8199991500657
40.0,42.81999913047067
37.0,42.51999901045113
31.0,41.01999914516694
40.0,35.03999916231259
56.0,47.17999941949732
46.0,57.029999575032846
40.0,48.65999919905327
45.0,42.779999292129645
37.0,47.5099992517149
45.0,43.029999290904954
41.0,44.25999930682591
41.0,39.68999909250531
39.0,40.689999185581684
40.0,39.29999884634278
45.0,42.3799990471918
45.0,44.309999173334795
47.0,46.72999934724066
47.0,49.98999939867761
50.0,47.75999914271756
50.0,56.16999936683569
47.0,49.37999954196624
41.0,47.46999951134901
58.0,44.86999926151242
64.0,55.80999950889963
59.0,62.230000035515985
53.0,57.239999421946706
42.0,51.06999918803106
38.0,43.129999121897846
29.0,41.46999914884101
33.0,32.089999131695365
29.0,38.939999458687375
31.0,31.369999288455578
24.000002,33.25999931172467
18.0,28.709999354588795
9.0,28.069999393778847
10.0,25.42999940602574
11.0,22.089999584830363
3.0000002,23.369999491753983
27.0,23.06999966321047
36.0,32.999999441541725
22.0,40.799999103527504
32.0,30.799999245591454
22.0,33.2299992860062
25.0,31.209999288455577
35.0,32.32999940112698
36.0,39.68999921007547
33.0,37.459999267635865
33.0,36.62999914394225
33.0,34.79999913292005
25.0,35.26999907535966
29.0,26.7599992064014
37.0,28.079999309275294
58.0,39.56999895044136
54.0,58.89999994366429
39.0,52.039999510124325
28.0,40.39999911332502
24.000002,31.86999925661366
18.0,31.849999415823255
18.0,26.899999478282403
19.0,26.999999431744214
22.0,33.29999935581349
21.0,32.50999939377885
23.0,31.129999229670496
20.0,30.52999927375931
26.0,28.739999404801054
21.0,37.2299995015515
10.0,31.349999227221115
18.0,28.06999946970958
30.0,27.479999431744215
42.0,36.44999967545736
52.0,44.55999921130015
54.0,51.66999934969004
55.0,51.639999441541725
53.0,52.67999958850443
58.0,51.6899995235959
64.0,57.399999617896974
66.0,63.40000035271049
66.0,67.25000098832419
76.0,70.47000127980021
60.0,79.8300027200347
64.0,58.66999951134901
60.0,57.2900001702318
68.0,57.32999949910212
60.0,69.52000160189347
70.0,56.6699995015515
65.0,68.29000152718743
70.0,70.89000187499916
75.0,71.70000123693609
75.0,80.01000310948587
84.0,77.81000267349651
64.0,88.18000294170344
62.0,63.80000081319363
61.0,62.01000006245915
57.0,61.95000020697247
54.0,57.91999973056837
52.0,55.969999665659856
57.0,54.32999955298845
55.0,58.46999969260301
50.0,58.019999306825916
58.0,53.359999622795726
45.0,61.4099997048499
45.0,66.92999926396179
45.0,51.049999484405845
54.0,49.46999934479128
53.0,57.479999980404976
70.0,54.839999676682055
59.0,76.43000231343788
60.0,58.239999652188274
60.0,61.17000002816785
55.0,60.16999981752131
60.0,58.81000014083926
61.0,61.55000031474513
62.0,64.21000132143965
58.0,68.06000144758262
72.0,59.6799996717833
75.0,72.12000218484552
76.0,73.64000254735353
78.0,71.92000303233044
65.0,79.67000293558
58.0,62.76000011757016
54.0,56.16999954319093
49.0,53.769999268860545
56.0,55.34999897738452
64.0,57.419999693827705
66.0,65.2600008499343
44.0,68.36000131286681
52.0,48.31999947583302
52.0,54.479999603200696
53.0,53.009999891002664
66.0,53.12999969995115
56.0,70.11000187254979
69.0,56.10999978567939
41.0,68.7600017341599
39.0,44.98999932519625
38.0,42.539999262737105
51.0,45.399999323971564
31.0,61.40000044088811
38.0,38.90999944276642
36.0,47.98999919292982
39.0,45.269999192929816
46.0,46.229999114549706
52.0,49.71999940235167
55.0,56.3099997611856
56.0,54.639999544415616
57.0,56.21999964484014
59.0,57.92999979792628
60.0,59.649999685254876
58.0,59.75999997550622
59.0,60.17999945378862
55.0,59.13999989467673
49.0,56.03999933376908
59.0,48.1299994109245
45.0,61.019999938765544
31.0,44.77999945868738
49.0,31.759999260287728
43.0,48.50999954074155
46.0,46.46999920272734
38.0,47.34999923211988
48.000004,41.96999945991207
40.0,47.959999539516865
28.0,43.689999366835686
50.0,32.10999909005593
25.0,51.98999966321047
41.0,31.759999368060377
43.0,43.59999928968026
47.0,45.09999922354705
42.0,49.11999937785789
40.0,42.76999926396179
36.0,41.83999915251508
30.0,37.699998993305485
32.0,32.40999911210033
35.0,33.47999916721135
30.0,37.71999904964118
33.0,32.329999278658065
35.0,39.60999915129039
32.0,42.179999150065704
30.0,32.67999936316162
44.0,29.5699993423419
33.0,44.60999925416428
27.0,37.249999097404064
30.0,31.88999946970958
51.0,32.40999927865806
23.0,52.8999996595364
30.0,31.739999321522188
34.0,35.19999930927529
50.0,38.43999915741383
44.0,58.54000034046359
43.0,46.71999936806038
34.0,48.04999924436677
29.0,35.869999031270844
27.0,36.969999582380986
26.0,31.309999364386307
30.0,28.039999441541724
25.0,35.26999926151241
40.0,28.389999408475116
38.0,43.36999899453017
46.0,40.999999137818804
46.0,49.15999931417405
44.0,47.33999936071224
49.0,46.039999010451126
49.0,46.17999954196624
39.0,45.56999931294936
56.0,38.23999908393248
37.0,53.969999793027526
53.0,36.51999892227351
23.0,52.269999315398735
24.000002,30.60999917578417
30.0,32.93999932152219
32.0,31.52999926886055
54.0,34.49999921864829
42.0,56.28999986161013
31.0,47.5399994341936
34.0,34.57999929702841
44.0,35.14999909005593
39.0,43.89999929212964
36.0,39.799998951666055
41.0,35.99999918190762
52.0,44.20999930315185
53.0,52.469999330095014
52.0,52.689999048416496
52.0,52.89999918925575
54.0,53.45999943419359
53.0,54.669999374183824
52.0,55.3399994782824
49.0,50.34999951134901
51.0,47.289999592178496
59.0,49.699999424396076
54.0,58.18999960932415
42.0,52.62999919292982
57.0,42.45999915496446
61.0,56.80999979792628
53.0,61.310000324542635
52.0,54.519999578706916
52.0,61.19000018247869
62.0,52.20999965586233
55.0,62.56000004408881
53.0,53.76999942562077
42.0,50.389999153739765
27.0,41.71999914761632
20.0,31.04999919048044
16.0,23.25999940480105
33.0,21.859999610548833
43.0,42.33999916966073
47.0,45.93999921864829
52.0,49.76999940602574
62.0,55.66999909495468
65.0,63.580000898921874
64.0,67.010001213667
67.0,64.06000072256663
67.0,68.12000098954887
64.0,66.18000108997337
63.0,63.50000047762878
67.0,62.290000420068395
48.000004,73.87000180396718
43.0,44.92999927375931
40.0,43.399999274984
43.0,44.15999922109767
44.0,45.06999941337388
49.0,45.97999940969981
39.0,49.849999513798394
34.0,44.989999383981335
36.0,37.70999914884101
32.0,38.09999904229305
30.0,33.02999905576463
30.0,32.179999159863215
41.0,31.979999184356995
56.0,45.68999923946801
40.0,59.52999985671136
41.0,46.01999928723089
35.0,46.599999353364105
36.0,42.48999918068293
43.0,43.639999010451135
36.0,43.43999913292005
58.0,39.529999121897845
48.000004,57.40999980282504
39.0,47.22999942317139
28.0,40.16999907291028
30.0,29.459999532168727
51.0,29.64999937173444
51.0,50.65999948318116
36.0,50.65999962034635
44.0,37.27999905453994
40.0,45.959999441541726
41.0,44.41999913047067
33.0,43.789999237018634
37.0,37.1599990594387
33.0,36.38999920272734
31.0,36.59999885369091
47.0,32.759999500326806
44.0,48.4199995811563
47.0,42.59999888308345
48.000004,49.209999317848116
52.0,49.309999481956474
53.0,52.21999942929484
70.0,54.44999930315185
58.0,68.41000206115191
52.0,57.349999594627874
39.0,49.559999382756644
38.0,38.63999927008524
31.0,38.87999916231259
34.0,32.72999948440585
32.0,35.25999910597689
51.0,31.72999925416428
17.0,50.28999957748223
64.0,23.549999473383647
69.0,67.29000141451601
74.0,72.3800018590782
76.0,77.08000259634109
68.0,75.17000291843435
65.0,68.17000099322293
64.0,66.17000088545029
64.0,62.320000132266436
58.0,62.29999987998046
47.0,57.45999917945824
30.0,49.85999948318116
48.000004,33.269999212524844
30.0,50.16999939622823
52.0,34.919999343566595
79.0,51.979999321522186
80.0,86.7000030837674
81.0,81.60000274820256
75.0,83.59000261226205
72.0,74.06000231956133
62.0,70.66000203053468
64.0,60.52000003919005
64.0,61.50000068337657
63.0,65.07000060867053
66.0,64.06000123203732
62.0,69.5100019852212
66.0,66.2100009981217
61.0,69.89000187989791
56.0,61.899999968158085
49.0,57.559999970607464
45.0,49.02999959462788
53.0,46.669999158638525
55.0,50.679999206401405
50.0,52.76999943051952
54.0,52.649999484405846
54.0,53.41999936071224
56.0,55.49999934111722
55.0,57.619999630143866
54.0,57.01999946848488
54.0,55.75999921130016
59.0,54.5499990361696
57.0,59.789999452563926
59.0,57.40999952849466
60.0,59.4399993876554
63.0,59.11999985793605
59.0,64.49000054253732
60.0,58.13999956646002
61.0,60.249999807723796
67.0,61.780000100424516
65.0,71.24000252775849
69.0,71.22000231466258
79.0,74.35000288169368
79.0,83.72000311560932
73.0,80.50000282413328
61.0,72.44000253755601
64.0,59.52999966076109
66.0,62.81999942439607
69.0,68.06000113406219
78.0,66.62000181988815
81.0,81.36000305192547
77.0,84.28000245917592
76.0,76.58000322583133
68.0,74.85000260491393
68.0,70.53000246774873
75.0,70.37000209544321
64.0,75.09000249714127
64.0,63.19000009430107
53.0,62.46000001714565
42.0,53.91999951502308
46.0,44.709999339892526
48.000004,50.0099995921785
51.0,53.729999646064826
63.0,58.8700006233668
61.0,69.11000156392811
78.0,67.36000163128601
87.0,85.41000264410397
81.0,90.0400028118864
75.0,80.59000305804892
75.0,75.34000271146188
72.0,77.22000255960042
71.0,73.63000246040059
70.0,73.14000207952225
60.0,73.7200023024157
62.0,61.8499998077238
67.0,65.66000115365722
60.0,71.94000203053469
69.0,63.12000066133216
61.0,71.76000226812438
60.0,64.52000092096627
40.0,60.52000047028065
47.0,46.729999249265525
42.0,50.53999971342272
40.0,44.78999929090496
51.0,45.54999925661365
46.0,56.11000009919982
31.0,48.8299995799316
32.0,36.04999916598666
30.0,37.14999927620868
25.0,34.47999929947778
21.0,35.39999904964119
31.0,31.21999920885078
47.0,35.509999418272635
44.0,50.74999938398134
49.0,47.37999904229305
52.0,48.42999974648934
59.0,49.249999195379196
54.0,58.49999975751154
60.0,57.26999995713587
65.0,60.790000388226474
63.0,67.59000167170075
62.0,67.95000068705063
63.0,63.07000065765809
63.0,61.66000019350089
59.0,62.95000035883393
54.0,56.83999952971935
64.0,55.0699997954769
68.0,62.55000036863145
64.0,72.74000228527004
61.0,61.95000071644318
62.0,60.59999991182238
64.0,65.34000044823625
68.0,66.190000941786
71.0,75.270002573072
70.0,72.66000209911728
70.0,70.38000171211549
79.0,69.43000164230821
84.0,81.45000246284997
83.0,83.26000319154004
83.0,79.90000274085442
74.0,84.07000314132779
71.0,71.130002119937
47.0,70.60000225342812
67.0,49.339999233344564
81.0,69.9600020966679
94.0,84.38000313275496
67.0,100.29000293802939
60.0,67.31000135328156
52.0,60.39999962279573
52.0,52.089999670558605
48.000004,51.18999983956572
38.0,51.12999927865807
44.0,42.219999262737105
54.0,43.4599991500657
54.0,58.36000030372292
63.0,60.32000049477443
103.0,69.60000174885617
83.0,118.11000175497962
80.0,87.13000286454803
73.0,81.33000263430647
76.0,72.16000253265726
77.0,74.96000266002493
79.0,73.56000287067147
79.0,75.30000252041036
63.0,78.45000263430646
54.0,64.0300006576581
51.0,53.69999928723089
46.0,52.549999437867655
53.0,50.92999957748223
48.000004,54.22999923211987
40.0,50.89999963014386
30.0,44.50999926641117
21.0,31.429999232119872
33.0,27.01999931172467
35.0,40.95999904474243
40.0,42.379998988406726
43.0,43.749999241917386
51.0,46.459999390104784
60.0,56.33000013104174
80.0,61.910000447011555
57.0,86.83000264655335
72.0,58.18000007103198
54.0,76.83000261716082
53.0,57.88000000979751
55.0,57.290000209421855
66.0,57.85000029759947
61.0,72.01000201216434
59.0,63.83000095648226
62.0,60.899999698726454
70.0,64.60000073481352
75.0,75.01000231098851
75.0,78.59000295027627
67.0,76.55000284740238
63.0,68.30000130061993
64.0,63.81000054743607
68.0,64.44000046048313
68.0,72.06000189826825
71.0,73.54000171701425
67.0,73.73000238936862
76.0,72.02000237344767
70.0,80.94000253510664
69.0,75.30000228527004
66.0,75.62000236365014
73.0,75.42000223138372
75.0,77.20000258164482
81.0,75.97000282045921
84.0,85.55000233303291
97.0,92.47000277881979
101.0,100.92000304702671
97.0,96.18000337279405
95.0,88.97000326624608
94.0,87.52000315969812
91.0,87.76000336544591
90.0,85.22000373530204
87.0,86.22000361283312
89.0,86.97000405984468
96.00001,89.35000359201341
109.0,96.66000354914928
78.0,108.82000229506755
62.0,75.87000261716081
63.0,63.630000745835716
56.0,65.71000096138101
53.0,56.639999456238
70.0,53.77999974771403
62.0,73.10000263308177
62.0,63.37000036618207
63.0,66.42000113896094
55.0,68.87000210279135
52.0,56.79999994611368
48.000004,60.730000493549745
58.0,51.529999758736224
58.0,61.07999997060746
62.0,60.769999861610124
75.0,65.0500011793757
84.0,75.71000263675583
80.0,87.4000031743944
78.0,83.2300030482514
58.0,76.85000247754624
61.0,57.36999957258347
66.0,59.97000007715542
56.0,67.75000161291567
63.0,57.219999679131426
83.0,64.00000094546006
83.0,82.56000243468212
79.0,82.62000338749031
86.0,77.1400031964388
93.0,84.9000037744921
81.0,91.98000322093257
71.0,75.99000330788552
69.0,66.61000075318385
74.0,67.57000134103467
77.0,72.64000200359152
80.0,76.20000286087397
72.0,82.53000284005424
68.0,71.2700024359068
66.0,67.35000197542368
59.0,64.69000059642363
59.0,57.909999408475116
47.0,57.909999173334796
42.0,52.08999951379839
42.0,44.349998952890736
41.0,44.8099990141252
34.0,45.09999914516695
31.0,40.72999929825309
53.0,36.859999056989324
59.0,50.85999912557192
81.0,62.71000011389609
74.0,86.97000280576295
145.0,71.97000221301339
95.0,125.11999973056838
69.0,90.8400031058118
58.0,64.24000072011725
57.0,60.27000025596004
50.0,56.77999938030727
57.0,48.09999942439608
46.0,56.949999486855226
38.0,48.65999931662343
72.0,43.00999901902396
122.0,70.5700023452798
87.0,121.77000050334726
71.0,83.4500033544237
59.0,66.07000056458172
47.0,56.68999926396179
36.0,43.839999260287726
30.0,31.589999271309928
23.0,33.5499993643863
20.0,25.03999943664297
20.0,26.569999308050605
80.0,28.739999169660724
81.0,92.03000302865638
83.0,83.87000281311107
81.0,86.0500028792443
83.0,78.22000290741215
86.0,84.02000294170345
88.0,90.01000282535799
97.0,88.34000288291837
95.0,98.47000314132778
91.0,94.28000284127893
89.0,87.36000349281359
75.0,88.38000268206935
79.0,68.04000145003201
68.0,87.54000321603382
61.0,67.000001087524
54.0,63.540000747060404
53.0,54.109999364386304
48.000004,54.70000010532327
37.0,53.539999581156295
31.0,38.77999922354705
30.0,35.59999920150265
42.0,37.01999929212964
55.0,46.429999227221124
97.0,56.15000013349112
122.0,102.96000260123985
122.0,128.48999999387655
98.0,123.50999956523535
84.0,95.50000290741215
71.0,87.35000305315016
80.0,70.8000014843233
79.0,88.86000274085443
79.0,86.7800027996395
76.0,85.36000287557023
72.0,76.76000271391125
64.0,70.95000180886593
58.0,62.590000324542636
56.0,58.23999973056838
55.0,58.16999998407904
54.0,56.25999975751154
52.0,53.85999954196624
54.0,51.249999303151846
53.0,55.629999295803714
52.0,53.209999415823255
53.0,55.99999957380816
56.0,56.00999969995115
57.0,57.42999981997069
59.0,57.699999737916514
77.0,62.199999872632326
78.0,88.96000243468212
86.0,85.29000254123008
87.0,91.85000322705602
90.0,95.42000295639971
105.0,95.01000311438462
111.0,114.5300025265338
98.0,116.99000150024426
101.0,96.38000315234999
113.0,100.80000286577271
93.0,113.67000241631177
88.0,86.85000332992992
94.0,81.91000313153027
93.0,93.7800031180587
85.0,92.51000332258178
81.0,78.7400031180587
74.0,77.80000337034467
61.0,67.84000167047607
65.0,61.390000510695394
60.0,70.78000197664836
52.0,62.52000073481352
41.0,58.89000020942185
37.0,46.55999939745292
53.0,47.529999112100334
56.0,54.89999945378862
59.0,60.310000447011554
65.0,61.31000028535259
113.0,73.38000193255955
136.0,125.03000024126378
110.0,142.08999715259762
91.0,113.21000210034197
90.0,87.53000328584112
89.0,91.49000284005425
86.0,94.32000303233045
83.0,90.04000304702672
79.0,83.98000318174253
74.0,79.28000244447963
67.0,71.81000268329403
59.0,66.46000105568208
58.0,59.30999998162966
54.0,58.06999958483036
59.0,55.80999948930461
43.0,60.76000028412789
38.0,65.3099988549156
51.0,44.60999954808969
52.0,53.81999946848489
61.0,59.679999750163404
79.0,64.9100010201661
97.0,91.62000314745123
109.0,108.30000224118122
96.00001,113.17000159577003
88.0,95.50000263308176
92.0,89.60000302253293
87.0,98.07000275922476
80.0,91.58000315234999
71.0,84.5800028339308
72.0,71.51000170109329
71.0,77.48000278249386
79.0,73.87000227424784
85.0,80.4200024028402
90.0,85.59000330788552
87.0,102.28000256694855
68.0,88.45000301640948
58.0,65.78000070787036
56.0,57.06999951134902
47.0,57.95999964728951
48.000004,58.64999933744314
55.0,52.28999950889963
58.0,57.839999583605675
59.0,62.54000028167851
66.0,62.680000362508004
72.0,71.4200022901688
71.0,75.65000282045922
65.0,72.82000251061285
65.0,70.81000196317677
68.0,67.9900012700027
66.0,66.90000084503555
68.0,67.87000106915366
71.0,68.26000142308885
70.0,72.28000255715104
72.0,73.56000220444055
74.0,74.74000272615815
75.0,75.6600028682221
78.0,75.7900023134379
70.0,82.03000264655336
66.0,66.1600011120178
55.0,65.22000058050268
50.0,55.34999940847512
54.0,56.05999978200532
54.0,57.449999327645635
62.0,57.72999945011455
67.0,68.83000124550891
89.0,70.97000139492098
93.0,90.65000278616792
93.0,95.98000296619723
89.0,93.10000355404804
91.0,88.39000359201341
90.0,88.02000358833934
101.0,92.58000326502139
110.0,101.66000266247431
121.0,107.33000254612884
108.0,119.34000124183484
120.0,103.82000282903205
107.0,115.44000224852937
89.0,100.07000341565816
81.0,82.48000314990061
82.0,77.83000284740238
83.0,79.25000328094235
81.0,83.41000320256225
66.0,80.42000275555068
58.0,65.98000134960749
58.0,58.229999721995554
62.0,60.94000000734813
56.0,64.64000123938547
61.0,58.259999747714026
77.0,63.17000080217142
88.0,85.02000293680469
76.0,97.34000256449917
83.0,80.39000284740237
80.0,88.61000291843435
71.0,80.3600026649237
64.0,71.130002119937
64.0,65.99000069194939
73.0,66.11000091239345
71.0,71.84000225832688
70.0,70.71000152473805
65.0,71.58000219219366
66.0,67.45000170844143
79.0,67.30000130551868
65.0,80.1800023930427
66.0,64.40000120999292
64.0,65.23000094178599
59.0,63.040000044088806
56.0,57.71999916721134
54.0,56.31999969137832
58.0,54.389999447665176
46.0,59.1399994439911
44.0,50.019999306825916
51.0,46.31999925049021
51.0,53.14999948195647
57.0,53.4099997048499
56.0,59.07000005021226
60.0,56.8999998750817
59.0,61.42999987875577
55.0,60.07999954441562
50.0,54.709999369285065
40.0,49.80999940112698
28.0,43.98999899697955
22.0,34.98999904106836
21.0,25.489999518697143
23.0,28.659999311724675
26.0,30.319999201502643
46.0,31.32999922477174
60.0,52.10999960932415
63.0,59.409999891002656
62.0,61.919999965708705
60.0,61.18000001714565
71.0,57.40999960687476
80.0,71.40000321358444
77.0,82.19000254857822
69.0,73.93000244325495
63.0,62.680000244937844
60.0,61.460000120019544
63.0,62.01999999265187
61.0,64.400000543762
61.0,61.75999973056838
65.0,61.799999608099455
58.0,66.24000114141033
60.0,57.869999295803716
55.0,59.72999959707726
63.0,54.30999941827264
80.0,62.390000309846364
87.0,96.45000262450895
91.0,98.68000316459688
103.0,97.67000327849297
106.0,110.42000256939792
99.0,108.42000265757555
98.0,102.03000317561907
99.0,99.2800033654459
93.0,96.50000282413328
77.0,88.20000311560932
78.0,71.08000211626293
78.0,78.2300029943651
72.0,77.69000253143257
64.0,69.26000216280111
60.0,62.900000511920084
58.0,59.04999960197601
55.0,60.24999945501331
60.0,58.709999859160746
63.0,63.01000005756039
67.0,61.53000033678953
62.0,68.64000182723628
60.0,62.14000035026111
60.0,60.10999941337387
63.0,59.78999972689431
62.0,64.42000040414743
59.0,66.42000125653111
54.0,62.47000006490853
59.0,59.56000066623093
73.0,66.18000069807285
75.0,78.03000278371854
78.0,76.57000278616792
80.0,82.31000265145211
73.0,81.9000026526768
68.0,73.40000245917591
65.0,64.87000075073448
63.0,68.48000121979044
62.0,64.45000009675044
60.0,63.630000314745125
59.0,61.2999998064991
61.0,61.009999871407636
58.0,65.85000061111991
54.0,61.81000020452309
61.0,57.18999969260301
63.0,62.13000043966342
67.0,67.45000100302046
66.0,68.44000181254002
70.0,72.22000187867323
64.0,69.80000192031265
72.0,68.35000104955864
73.0,76.73000260981269
77.0,78.36000283148142
86.0,84.77000311438462
111.0,95.41000326134733
142.0,122.12000076420605
154.0,141.50999696889423
152.0,155.52999480119436
131.0,136.51999735467135
122.0,116.2900021542283
101.0,106.23000332748053
91.0,88.79000311193525
77.0,81.49000312418214
72.0,72.11000248979313
67.0,68.56000238569456
61.0,66.27000101036859
59.0,61.42000006613321
61.0,61.689999886103905
65.0,62.84000034291297
61.0,70.42000155045653
67.0,61.62000019839965
59.0,71.30000191296453
68.0,60.00999948440585
78.0,75.10000274085442
80.0,85.310002754326
81.0,83.330002663699
71.0,82.32000258164481
75.0,72.54000254490414
76.0,77.01000304580202
70.0,82.17000280576295
71.0,72.93000248734376
74.0,73.0300030041626
71.0,74.25000256082511
59.0,72.74000236365013
50.0,59.710000206972474
52.0,51.85999953216873
61.0,51.86999963871669
62.0,61.740000026943164
69.0,60.469999859160744
58.0,70.25000207094942
80.0,57.45999933621846
68.0,82.30000268206933
72.0,69.78000209911728
89.0,73.18000262328427
66.0,92.9900031854166
69.0,70.31000212238636
95.0,71.71000242121053
101.0,101.12000266982244
92.0,100.74000336299653
85.0,86.01000284495301
81.0,79.89000386879317
79.0,80.2600030494761
79.0,78.57000273718036
75.0,77.82000268206934
72.0,71.490002663699
68.0,69.99000231833664
69.0,68.20000156760217
62.0,69.03000192643611
57.0,61.830000025718476
55.0,59.39999990202487
70.0,57.25999951747246
72.0,72.65000303110575
77.0,71.12000230731444
67.0,80.84000264532865
74.0,68.34000188357199
64.0,77.2800030029379
70.0,66.78000117325226
71.0,68.95000213218388
80.0,71.97000229139348
85.0,85.45000236487483
77.0,86.78000334830027
65.0,79.19000244570432
63.0,66.04000046048314
50.0,61.28999993509147
41.0,47.94999902147334
50.0,43.92999935703818
53.0,49.49999921374953
33.0,51.329999450114556
25.0,37.53999930682591
33.0,26.739999507674945
33.0,41.07999937295913
52.0,40.85999931172467
51.0,51.78999947215896
57.0,54.35999969627708
57.0,60.560000269431626
62.0,57.27999988732859
63.0,63.11000053518918
61.0,78.96000017145649
59.0,63.33000027310569
93.0,64.42000048252754
122.0,99.22000253020788
111.0,125.90000071276911
113.0,112.09000094423537
114.0,109.93000246284997
112.0,110.40000196440147
96.00001,108.3800019962434
108.0,91.21000275677538
137.0,105.84000256204979
133.0,133.63999872632323
125.0,125.59999990692363
121.0,111.9000025057141
102.0,110.32000318909067
84.0,98.4400030372292
92.0,81.13000312908089
94.0,95.01000342790506
102.0,97.81000332013241
130.0,98.82000375489707
127.0,127.56999959707724
111.0,121.20000036740676
115.0,105.18000281923452
107.0,109.27000232813415
102.0,103.55000330298677
101.0,98.5000031278562
113.0,96.66000347076918
89.0,108.51000273473097
85.0,85.29000316827096
74.0,85.83000323930291
80.0,74.65000274697786
73.0,83.6700027200347
84.0,77.41000276167414
90.0,88.67000296987129
94.0,97.73000313397965
80.0,96.44000336054715
71.0,76.26000236365014
61.0,67.53000134593343
56.0,60.81000040537212
52.0,55.06999948195647
51.0,52.79999969137832
59.0,54.39999969137832
63.0,62.45000051804353
66.0,69.09000111569186
63.0,70.9400019962434
57.0,66.71000095648225
54.0,57.08000010777265
56.0,53.7099992174236
68.0,57.54999976608436
68.0,72.55000216157643
62.0,73.05000247264748
79.0,67.34000141819008
78.0,86.50000330421145
85.0,87.88000299803915
100.0,91.1100031413278
104.0,116.91000190194232
93.0,112.0700030825427
95.0,93.90000306417237
103.0,97.95000234283043
95.0,104.71000257307199
94.0,92.36000299803915
93.0,94.49000274697786
93.0,95.84000315969813
93.0,95.1600030470267
79.0,93.61000246284996
56.0,78.52000245917591
56.0,59.570000008572826
55.0,58.79000000612344
52.0,58.79999977955595
49.0,54.149999751388094
79.0,53.36999970974866
68.0,95.52000253265724
68.0,71.66000198644588
71.0,69.66000195705332
64.0,75.87000249959065
59.0,69.11000095648227
68.0,60.54999986895825
68.0,70.11000132388902
68.0,69.84000132756309
75.0,73.37000149289612
77.0,79.00000218484553
76.0,88.55000282780736
75.0,79.15000272493346
65.0,75.1600025963411
57.0,67.23000101036858
53.0,55.2999998750817
48.000004,49.97999939010478
47.0,50.02999923701863
48.000004,52.64999956278596
52.0,52.5599996032007
48.000004,57.119999593403186
55.0,52.519999392554155
50.0,57.01999946848488
54.0,52.31999951502308
61.0,55.189999388880096
55.0,65.75000064296182
53.0,56.05999974281527
55.0,53.97999956646003
57.0,56.63000003551599
65.0,59.19999992651865
67.0,75.6000022681244
97.0,77.39000219586772
92.0,114.6700013924716
138.0,99.90000232935886
152.0,137.1499975420488
134.0,143.18999739018733
108.0,119.18000177090057
85.0,95.4600029123109
75.0,76.9000032650214
70.0,65.22000048252754
65.0,67.71000153943432
59.0,62.32000005388632
56.0,57.29999970852398
55.0,68.36999979302753
59.0,67.58999988855328
69.0,60.710000084503555
61.0,72.210002301191
62.0,64.41000035638456
66.0,65.76000049477445
59.0,74.470001848056
70.0,58.859999870182946
61.0,69.87000166680198
76.0,67.07000112793874
80.0,83.04000323807823
88.0,88.41000317806846
79.0,99.75000259266702
73.0,84.09000315847344
77.0,76.47000297477005
79.0,82.92000278249385
92.0,80.56000283638018
93.0,94.39000297477006
92.0,95.91000220076648
84.0,90.21000303600451
80.0,82.50000324542637
79.0,79.9600030274317
81.0,78.8300030384539
62.0,79.79000237222297
55.0,69.13000091484282
59.0,59.55999996080994
58.0,61.059999835891645
59.0,76.50999916843604
75.0,60.19999992161989
76.0,80.93000272248408
97.0,81.23000321480913
84.0,102.91000251918568
107.0,90.85000291843434
98.0,108.45000264410398
88.0,99.61000337401873
77.0,93.62000290251339
91.0,82.07000303355514
107.0,94.50000322583135
106.0,113.95000242121053
103.0,108.40000217014925
88.0,103.46000318664129
78.0,85.96000303722921
76.0,76.70000274085442
70.0,72.57000245305245
66.0,68.63000189704356
63.0,63.23000055968296
56.0,61.63000006980728
58.0,56.93999951747245
56.0,59.69000003306661
56.0,58.29999982119538
57.0,59.990000015920955
65.0,58.55999965218827
75.0,71.15000186275226
72.0,78.40000274820255
72.0,75.8800028216839
81.0,75.14000257919545
72.0,82.1400026624743
78.0,71.99000226934908
80.0,84.55000284740238
92.0,84.56000262083488
103.0,98.3700030947896
115.0,106.79000223995654
110.0,116.62000196685085
103.0,107.35000228894411
117.0,100.62000263308178
93.0,118.81000157127623
80.0,96.46000204523096
73.0,78.5000028339308
69.0,75.41000226200094
75.0,68.79000121121761
65.0,72.0600021530036
65.0,64.47000095648227
50.0,66.220001359405
56.0,50.79999954441562
67.0,57.6499998518126
86.0,73.66000213340858
88.0,87.78000271636063
83.0,93.56000347811731
66.0,87.8500026979903
78.0,73.3300019288855
64.0,87.15000323440417
65.0,71.83000174028334
87.0,75.96000249836595
70.0,99.96000308621677
74.0,76.57000161046629
92.0,75.8400027873926
121.0,101.4000025963411
140.0,128.0799999559112
143.0,139.70999730690846
117.0,137.21999662230718
125.0,109.72000283148142
110.0,112.57000257062262
102.0,100.75000317561907
91.0,95.39000304825142
94.0,84.06000266247432
100.0,90.92000356629494
80.0,97.84000346342104
83.0,79.36000310091305
73.0,86.24000284617769
82.0,71.91000294537751
89.0,83.080002880469
106.0,96.97000326624608
129.0,107.86000296129848
130.0,137.1099975077575
120.0,130.85999885124153
112.0,119.32000126387925
99.0,110.94000180029312
89.0,101.39000278371854
106.0,92.01000328584112
124.0,113.36000218974429
126.0,132.52999836259056
129.0,127.67000054498669
130.0,127.05999974771402
115.0,129.28999950400086
114.0,111.17000285964927
96.00001,109.86000279474074
88.0,88.4100034915889
80.0,82.44000276289883
72.0,77.98000258409421
59.0,68.79000160311816
59.0,60.720000132266435
68.0,62.10000029637479
83.0,71.8600021187123
94.0,89.44000292455779
96.00001,98.49000304090328
83.0,97.37000333482867
90.0,85.6200030592736
159.0,89.51000361160844
157.0,157.36999551641284
155.0,162.37999663700344
152.0,151.90999459789595
154.0,143.89999647044573
136.0,148.11999569889153
121.0,127.8200007127691
112.0,116.2200019374583
117.0,103.98000269186686
94.0,112.73000192398673
77.0,86.98000340218658
74.0,72.04000242978337
76.0,69.69000166925137
77.0,74.87000262205957
93.0,77.09000272248407
86.0,101.46000335319901
84.0,85.98000285842458
96.00001,81.77000301151074
96.00001,99.73000300661197
87.0,97.13000312908089
74.0,86.32000322828073
67.0,71.630002391818
75.0,67.40000150881708
68.0,75.57000302620699
68.0,67.35000150514303
73.0,69.56000191051515
62.0,72.830002754326
74.0,69.95000177457464
80.0,79.11000320011287
93.0,86.12000290006401
103.0,107.12000169986861
94.0,114.51000156882685
97.0,94.72000298334288
106.0,100.27000315602406
153.0,108.07000231833665
152.0,147.01999483426096
153.0,140.65999659291464
153.0,146.6299956364324
154.0,146.3299958495283
156.0,151.9499956511287
123.0,152.37999598057007
114.0,106.05000348669014
83.0,103.81000376102051
81.0,94.16000007348136
88.0,85.38000254000538
85.0,90.17000300171321
92.0,84.550002573072
83.0,94.74000280453825
81.0,87.04000302253293
81.0,82.30000311315993
102.0,84.66000302008356
129.0,116.7500013728766
152.0,135.80999749061183
154.0,151.49999499102117
157.0,152.9899937993986
166.0,156.09999493713485
167.0,173.10999576380007
156.0,166.16999631980897
135.0,146.9999963847175
132.0,115.85000193378424
115.0,122.15000122101513
106.0,111.17000191908798
87.0,96.13000313397964
73.0,81.16000280208887
62.0,70.23000201461373
59.0,64.83000063806307
67.0,62.06000000734813
62.0,75.59000261226205
55.0,66.46000121244231
60.0,58.269999795476906
65.0,62.140000017145645
56.0,68.19000161781443
60.0,55.989999800375664
75.0,68.69999995836056
55.0,75.5800023685489
61.0,84.7400006000977
71.0,63.23000101036858
96.00001,74.88000255225228
76.0,106.49000213953202
66.0,78.68000224363061
63.0,67.32000112671406
69.0,62.47000018247869
61.0,69.23000198032243
62.0,61.02000023269095
65.0,60.40000019105152
66.0,64.77000062581618
57.0,65.3100006576581
57.0,56.79999971097335
61.0,56.69999958605505
56.0,61.12000004408881
53.0,57.2299996485142
66.0,54.34999925661366
77.0,67.16000177334995
72.0,78.63000255347697
74.0,72.4800024150871
68.0,76.46000280943701
64.0,71.50000228037128
72.0,63.38000068827533
84.0,73.10000224118123
107.0,90.43000349893704
112.0,114.60000199869276
107.0,111.72000207707288
117.0,103.2300032637967
123.0,118.43000183335973
136.0,126.40000074950979
150.0,132.02999824746976
130.0,144.55999601731074
108.0,119.47000151004178
93.0,97.61000275677539
87.0,85.2800029245578
97.0,83.01000332992992
77.0,94.97000355037397
75.0,73.25000268329403
80.0,70.630001848056
99.0,84.57000251183754
107.0,102.45000275187662
107.0,105.53000257062263
119.0,104.55000298456757
128.0,114.30000236854892
111.0,127.82000118304977
109.0,105.1000029466022
74.0,104.96000251306222
72.0,75.57000185050538
76.0,74.2200022215862
104.0,82.5200031841919
139.0,118.68000142063947
137.0,143.67999659536403
113.0,140.78999697869176
103.0,113.91000152473805
109.0,101.20000344382602
108.0,102.94000313275497
92.0,100.61000313397965
88.0,88.01000322705603
86.0,82.26000300048852
92.0,81.33000365324787
105.0,96.29000311438462
110.0,108.38000223138371
105.0,106.43000279351605
85.0,104.7000033091102
87.0,83.17000327114484
90.0,84.71000298456757
93.0,92.30000318174254
88.0,93.39000348913952
97.0,89.5400035589468
113.0,100.62000302498231
104.0,116.76000118549914
108.0,102.73000322705603
133.0,103.90000293680468
109.0,138.55999698726455
91.0,106.9100021076901
94.0,87.35000297477005
87.0,97.13000289394057
89.0,91.95000288169366
78.0,88.63000297477006
89.0,78.85000289883932
103.0,88.92000271391126
97.0,105.23000262695832
95.0,94.64000338504094
94.0,93.25000325154981
99.0,94.74000307886864
84.0,96.60000334095213
75.0,81.84000338504094
68.0,75.40000284127893
74.0,68.2200019374583
85.0,75.7100033421768
89.0,84.02000305927362
75.0,89.8000034683198
61.0,72.65000263920521
55.0,63.11000045680907
64.0,56.79999955421313
63.0,67.88000146962703
68.0,67.59000114263502
71.0,73.26000218239615
92.0,75.10000281923453
86.0,99.07000298946633
92.0,93.3800030494761
103.0,96.96000357119368
95.0,110.62000297599475
88.0,95.20000355159867
91.0,88.49000285475051
93.0,90.27000316582158
94.0,96.7600033997372
95.0,94.78000326992014
90.0,95.8800030372292
90.0,89.07000366549475
90.0,90.6800033997372
92.0,90.87000305315017
98.0,95.31000321480914
96.00001,99.93000302130825
80.0,95.65000350628516
66.0,76.66000286332333
71.0,69.36000166067855
63.0,70.7300020513544
64.0,62.900000002449374
54.0,66.91000104955864
61.0,55.8999993313197
85.0,64.10000099199824
67.0,94.02000281433577
72.0,71.8300017794734
104.0,73.53000253143256
91.0,114.63000261226205
86.0,90.80000362018126
77.0,88.03000320501162
83.0,76.57000327604361
81.0,84.04000350750985
81.0,82.44000307641926
70.0,81.48000319398943
66.0,71.47000190194231
81.0,66.22000069317407
69.0,82.60000286087396
71.0,69.19000186765102
70.0,71.70000209911727
76.0,74.00000222893433
61.0,78.12000223383309
55.0,60.01000015063677
52.0,58.66999974648934
55.0,53.22999947215896
53.0,61.01000014573801
58.0,54.00999943541828
65.0,61.950000324542636
70.0,67.54000147207641
70.0,76.42000254000538
77.0,73.10000239794144
93.0,83.050003207461
92.0,95.87000251918568
75.0,91.65000258531889
74.0,67.97000140961725
75.0,67.27000161291566
66.0,72.44000183213504
62.0,67.10000084013679
53.0,62.32000058295206
57.0,51.80999927375931
67.0,56.92999964606482
74.0,71.00000169496985
92.0,81.10000141819009
82.0,96.65000283515549
80.0,79.12000316949565
81.0,80.16000280698763
75.0,83.32000281188638
75.0,76.79000219096898
76.0,75.03000217137395
71.0,78.13000279106667
54.0,73.72000249836596
41.0,53.899999576257535
56.0,46.5799995125737
55.0,56.99999937295913
71.0,75.86000013961457
87.0,74.07000244570432
90.0,94.6100028106617
87.0,91.21000314867592
94.0,90.61000333972744
91.0,94.04000330176208
93.0,89.86000301028604
94.0,98.40000288536774
93.0,101.13000287434554
93.0,93.3800035589468
83.0,94.08000368876387
85.0,82.04000320378694
104.0,83.16000330176207
100.0,108.92000198889525
83.0,101.7200031058118
56.0,84.29000297721943
52.0,58.57000064051245
57.0,51.32999972444493
45.0,59.58000013471581
39.0,48.09999930682592
32.0,43.09999924314207
33.0,34.68999925416428
52.0,43.38999922722112
47.0,51.92999955298844
53.0,53.09999963504262
61.0,53.49999942929483
77.0,61.880000715218486
69.0,83.79000301885887
69.0,67.58000087932685
60.0,67.84000114141033
55.0,61.140000217994675
53.0,58.200000205747784
40.0,52.56999933744314
52.0,45.12999928845558
49.0,51.05999945378862
61.0,50.149999320297496
59.0,62.4800002498366
82.0,60.35999990202486
92.0,89.7900031070365
91.0,93.47000285230114
73.0,86.58000282413329
60.0,71.65000205625316
58.0,58.62999986895826
56.0,56.479999475833026
62.0,57.51999985793605
67.0,63.730000322093254
103.0,74.60000242978336
107.0,111.4900018015178
99.0,111.84000229751693
91.0,99.87000273473097
107.0,90.59000273473097
87.0,109.0700024701981
92.0,88.26000324542636
85.0,91.65000372183047
81.0,82.00000324787574
80.0,80.21000284985175
78.0,81.07000303845389
70.0,79.89000265390149
75.0,71.9400021872949
71.0,72.33000242365992
74.0,73.00000219464303
83.0,81.91000217137395
83.0,88.66000307886863
93.0,85.53000313887841
94.0,98.0200029123109
110.0,97.23000360670969
105.0,111.07000206850006
110.0,104.14000282903204
105.0,109.74000233915636
111.0,106.89000279596543
99.0,111.71000230364038
102.0,107.1200026404299
93.0,109.91000256327449
95.0,95.58000270166437
98.0,97.77000281556046
101.0,104.40000258164483
101.0,108.30000278984198
106.0,105.86000210891478
115.0,105.36000301273542
119.0,120.16000167047605
116.0,122.20000114630909
117.0,117.88000206727537
107.0,115.92000258164482
99.0,105.41000270288906
118.0,93.71000395942018
131.0,114.72000304212796
134.0,133.97999870427884
141.0,130.4799985254742
106.0,135.66999799763317
97.0,103.56000350750986
87.0,100.54000350506048
82.0,90.94000295639971
91.0,85.49000286944678
96.00001,95.73000286944679
85.0,98.7800030151848
79.0,91.83000297477005
79.0,79.87000287189616
92.0,83.2600028780196
86.0,96.27000348913953
92.0,89.63000277392103
94.0,92.36000378184023
98.0,96.27000364589973
95.0,102.0800027090125
97.0,96.61000276167414
98.0,99.64000351730736
91.0,97.82000313275496
88.0,89.07000276412352
86.0,85.33000320256225
89.0,88.28000314500184
93.0,94.05000315357468
101.0,99.10000340708534
91.0,104.5800031278562
85.0,94.74000362752939
86.0,98.05000164475759
76.0,91.54000264777804
81.0,78.22000271146187
93.0,82.8100031192834
94.0,100.31000311193525
110.0,95.01000272248409
111.0,116.50000158964657
113.0,113.57000193868299
101.0,114.92000219464305
99.0,108.06000250571408
99.0,108.62000259389171
104.0,104.430003116834
110.0,106.14000313275496
103.0,109.15000293068125
100.0,104.39000347444325
96.00001,97.2500034670951
100.0,92.95000330788551
99.0,101.95000318541659
102.0,97.92000337524343
112.0,106.92000262573363
119.0,114.40000135695563
121.0,117.15000214688017
123.0,119.23000185295476
124.0,120.72000183703379
114.0,121.4300008389121
114.0,115.02000181009063
116.0,110.93000241876116
120.0,113.46000211871231
125.0,122.25999939500353
134.0,128.28999982242007
131.0,133.27999724199992
139.0,132.36999822542535
94.0,138.22999619489067
104.0,92.11000258776828
116.0,111.03000281800983
124.0,116.65000199256933
118.0,123.78000226567501
121.0,118.87000146595297
123.0,123.68000123938546
105.0,125.33000183091035
85.0,99.34000333850275
81.0,80.74000353935178
73.0,80.26000273595567
89.0,75.6500018015178
94.0,96.66000284372831
105.0,103.47000315602405
96.00001,110.45000169374516
82.0,95.22000388226475
78.0,81.72000292945654
89.0,81.23000309723896
72.0,96.50000294170344
80.0,77.49000247754624
88.0,80.87000247509685
93.0,100.56000277759509
79.0,98.69000278126916
89.0,80.72000309111553
106.0,94.05000240896365
100.0,118.99000211748762
98.0,113.0200022901688
104.0,105.38000248122032
100.0,108.37000312418215
103.0,101.70000254000539
104.0,108.6000028902665
105.0,109.32000256694855
95.0,104.90000269676561
95.0,92.3800030151848
97.0,98.90000311805869
108.0,99.86000300048853
107.0,110.57000250204003
121.0,103.3200034585223
120.0,119.83000236732421
118.0,118.56000217994676
133.0,118.8700017010933
110.0,131.12999920027795
85.0,105.43000315112529
103.0,90.10000282413328
137.0,110.39000203420875
126.0,137.85999693582764
153.0,125.6900001016492
157.0,151.9899951367592
162.0,159.2899959866935
152.0,162.90999548457094
135.0,141.95999739386139
134.0,125.61000011144672
139.0,132.47999882919714
130.0,132.89999903249554
126.0,131.97999855731612
142.0,122.32000164108352
153.0,137.2799971440248
139.0,148.25999581891108
127.0,129.09999914516695
103.0,117.4300024261093
99.0,96.11000327359422
107.0,94.85000344750009
113.0,103.64000302743169
114.0,111.14000161903911
117.0,113.51000126020517
138.0,118.45000063561369
120.0,137.13999772942626
96.00001,120.11999936316163
110.0,96.96000278739261
92.0,116.77000209544322
89.0,97.9100028571999
74.0,90.91000293068124
94.0,77.65000249714127
108.0,102.41000244325494
99.0,120.69000106670428
107.0,101.39000270533843
119.0,109.22000255960042
126.0,121.89000076298136
129.0,131.65000090014658
131.0,129.17999952726996
149.0,129.99999936806037
140.0,144.56999716239514
127.0,130.2699997954769
106.0,119.22000204033219
93.0,98.77000312418214
117.0,92.09000366794413
128.0,121.73000015553552
130.0,129.80999900922643
104.0,129.9599995689094
84.0,103.36000294415282
73.0,92.69000277147164
70.0,73.74000224118122
68.0,74.88000223873185
63.0,71.52000190561638
75.0,66.67000111814124
81.0,76.8300025387807
81.0,87.55000247999563
87.0,85.26000314255248
84.0,93.13000326624609
93.0,91.3500027984148
98.0,100.41000319766349
100.0,103.31000317561909
101.0,98.69000289883932
102.0,99.38000321603383
118.0,106.38000231956134
113.0,117.1900022203615
110.0,109.65000273228159
108.0,104.3800027996395
97.0,103.14000322583134
71.0,93.23000362630471
80.0,72.80000186642634
75.0,81.12000319888817
68.0,76.4000026404299
75.0,71.27000259266703
77.0,78.21000332992993
68.0,80.16000272860754
140.0,72.7400023244601
161.0,142.20999600138975
166.0,160.069996812134
169.00002,166.8499940810771
155.0,166.84999533515884
158.0,149.55999434683466
155.0,155.1399948979448
154.0,150.66999549436846
142.0,151.15999469954517
112.0,136.76999792170244
96.00001,104.36000309601428
84.0,88.96000345362353
80.0,81.38000267717058
81.0,80.19000287189617
84.0,80.09000282535797
90.0,84.05000292823186
116.0,92.65000336422122
136.0,119.63000141206665
144.0,135.15999791312962
123.0,141.72999637369531
115.0,120.30000155535527
97.0,111.77000219831712
113.0,98.47000318051784
108.0,120.76000132266432
127.0,111.3000026183855
129.0,135.77999938520603
154.0,132.87999972077085
143.0,156.5499944215407
133.0,142.81999711218288
151.0,130.91999874591826
152.0,141.67999723220242
151.0,144.77999691133385
139.0,145.3099965427024
146.0,129.45999906188808
150.0,143.9099963614484
152.0,146.15999668354164
153.0,148.10999565112866
149.0,148.20999605037736
138.0,142.48999796579125
134.0,126.11000006980728
119.0,125.62000039434992
121.0,110.44000313520434
119.0,111.55000247999563
91.0,118.11000120631886
80.0,87.37000299191571
77.0,79.98000253510664
92.0,77.46000264777804
70.0,101.90000247632155
88.0,76.45000240896366
115.0,94.72000361038374
98.0,138.0299971207557
70.0,110.64000181743876
76.0,72.42000205012971
78.0,79.44000238569456
74.0,84.47000258286951
75.0,74.35000233303292
74.0,74.2000021652505
68.0,74.44000241018834
64.0,66.80000142553823
63.0,62.79000010409858
58.0,63.83000036863145
58.0,61.42000018370338
75.0,62.28000001959502
87.0,77.90000259389171
87.0,90.95000296497254
88.0,88.82000309846366
93.0,89.65000337891749
105.0,93.52000360058624
90.0,107.44000252285974
75.0,93.57000305559954
66.0,77.11000211258887
57.0,72.23000153453556
69.0,58.389999663210475
58.0,73.2600022215862
84.0,59.54999959952663
82.0,91.95000284250362
79.0,86.37000307519456
67.0,82.07000283760486
68.0,68.1000018345844
93.0,71.3100018039672
96.00001,102.66000242243524
92.0,102.22000275065193
90.0,93.78000280453826
102.0,86.84000300783666
95.0,105.06000330421145
96.00001,94.48000340463595
88.0,97.80000350750986
89.0,85.9400029808935
91.0,87.64000365447255
94.0,95.01000248734375
77.0,91.89000326134732
68.0,75.27000327849298
65.0,68.10000195215457
75.0,69.3800016778242
86.0,77.26000333850274
86.0,91.00000285107645
132.0,91.57000330053738
156.0,142.64999559479295
150.0,159.37999492733738
127.0,148.1699957809457
110.0,129.22000034536237
111.0,105.37000235507732
121.0,110.44000235140325
113.0,123.1400012467336
91.0,112.39000265145211
90.0,84.02000317684377
89.0,88.27000294047876
91.0,90.09000344260133
106.0,93.0500027665729
105.0,105.49000261471143
92.0,105.11000275922476
100.0,89.30000331400896
98.0,97.5100032197079
87.0,96.2100036728429
92.0,84.74000336299653
85.0,94.08000337524342
76.0,83.0200029466022
81.0,74.31000304335265
69.0,80.15000311193525
62.0,70.23000205380377
77.0,69.1500015198393
75.0,83.58000295639972
64.0,79.20000331645835
70.0,69.84000179784374
74.0,77.04000244447964
78.0,79.200003081318
93.0,84.61000246774873
121.0,102.39000246529935
109.0,126.87999990692362
114.0,104.35000351853205
116.0,115.32000183213503
127.0,116.27000158842189
114.0,126.84000112671406
97.0,110.98000281433578
96.00001,89.05000341320878
75.0,91.86000390185977
70.0,72.90000242243524
63.0,68.93000215422829
63.0,63.910000241263766
71.0,63.02000010532328
70.0,68.90000189336949
79.0,71.24000248856845
83.0,78.27000279351604
81.0,84.19000281311108
87.0,79.43000257307199
79.0,89.62000370590951
71.0,80.74000287312086
96.00001,72.42000244203025
95.0,108.51000214688015
104.0,103.26000285842458
108.0,110.01000202196187
108.0,107.91000296497253
122.0,108.22000319154004
146.0,122.95000080951955
152.0,144.23999660516156
152.0,143.9799964606482
134.0,139.4199971758667
113.0,120.99000202931
88.0,100.75000364589974
91.0,81.06000346097167
84.0,85.02000305437484
82.0,82.29000286944678
74.0,80.050003026207
73.0,72.29000299681447
77.0,73.2700028571999
76.0,78.71000289638994
108.0,76.9000031866413
113.0,120.79000052539166
104.0,117.07000102016609
90.0,103.93000355037397
74.0,91.80000290986153
91.0,75.5300020513544
99.0,97.42000271146188
102.0,113.10000212361106
113.0,114.74000149167144
130.0,117.57000215422829
117.0,138.10999695419798
111.0,114.93000216402581
86.0,106.34000322583134
75.0,81.43000291598497
68.0,71.10000225097875
68.0,67.62000099199824
68.0,68.34000168762171
77.0,69.61000222770964
69.0,78.66000281433577
76.0,68.95000193623362
71.0,77.25000250693878
69.0,71.13000208074693
77.0,69.79000195092988
92.0,78.38000261348674
107.0,98.9200031743944
100.0,114.02000252041037
98.0,106.54000237834641
98.0,110.03000188234729
109.0,112.68000113651158
117.0,119.59000153453556
127.0,129.8199997624103
121.0,129.47999915741383
125.0,126.44000078380108
104.0,124.55000100546982
86.0,98.33000282535797
76.0,78.77000306539705
67.0,72.16000216035174
63.0,65.36000089647249
50.0,61.719999735467134
54.0,53.009999479507094
54.0,57.09999985058792
51.0,58.36999960687477
58.0,55.199999593403184
59.0,61.089999979180284
60.0,61.93000018982682
69.0,61.559999990202485
68.0,68.38000211381356
70.0,68.3100022889441
70.0,70.02000277514571
74.0,70.70000241753647
72.0,76.48000325767326
77.0,73.04000289516526
85.0,81.27000317072033
85.0,88.68000309601429
93.0,90.14000321113507
96.00001,93.46000276534821
97.0,94.31000306294769
100.0,100.00000288536773
96.00001,98.13000312418214
96.00001,86.48000375734645
87.0,89.46000364712442
83.0,83.15000344994947
75.0,78.94000246652404
79.0,68.76000240039083
76.0,77.52000305192547
82.0,77.00000288046898
96.00001,81.95000324420168
96.00001,98.30000354425053
102.0,101.92000319888817
81.0,102.70000331890772
82.0,79.06000315724874
68.0,80.65000303110575
68.0,72.7700020758482
70.0,74.08000245427715
74.0,73.7400025155116
76.0,78.39000293558
78.0,81.21000257062262
89.0,85.20000281678514
79.0,100.02000258899295
73.0,81.8300027102372
74.0,72.6100028008642
88.0,74.83000301885887
78.0,91.99000299436508
78.0,76.94000271146187
72.0,75.82000222158621
69.0,70.72000239549207
61.0,67.91000143656042
56.0,61.73000041027088
54.0,57.669999790578146
64.0,56.789999839565716
64.0,65.44000116100536
68.0,65.25000084136148
68.0,70.74000186397696
103.0,70.70000214320609
130.0,108.09000280576295
120.0,130.45999944888985
105.0,122.25000130674337
90.0,100.40000283638018
85.0,87.35000305315016
90.0,90.37000305559954
98.0,95.50000326012264
95.0,108.73000280576294
93.0,99.75000333727806
92.0,95.92000354180115
114.0,91.38000372550454
139.0,117.32000139124693
111.0,138.27999682560562
90.0,105.61000256082511
96.00001,84.20000313520434
98.0,96.15000346464574
100.0,97.0900031731697
80.0,98.0000033654459
83.0,75.90000268206934
79.0,81.93000303110576
86.0,81.00000262573364
89.0,85.26000341688285
83.0,90.21000378061555
108.0,82.71000283760488
95.0,114.17000143411104
85.0,97.22000410760755
84.0,86.13000306539706
78.0,86.6700034107594
72.0,80.8200029025134
87.0,76.39000302375763
76.0,94.17000325644857
80.0,83.52000306172299
89.0,86.63000274942725
97.0,98.3700030947896
118.0,104.7700031731697
138.0,124.40000122958796
147.0,140.21999668599102
154.0,144.72999682927966
156.0,152.41999570134092
136.0,154.35999462116507
120.0,118.50000220688993
92.0,106.15000349403827
72.0,86.88000347321855
68.0,70.38000245672653
75.0,67.79000137287659
85.0,78.24000312050808
80.0,83.4200026624743
81.0,82.36000316459688
106.0,80.03000285230114
86.0,109.72000220444055
99.0,87.02000312295745
122.0,103.68000235630201
114.0,127.26999981017318
112.0,115.17000170354268
139.0,114.02000197174961
123.0,143.59999652678144
110.0,128.24000013226643
97.0,109.37000217872207
124.0,98.92000305682423
110.0,128.72000007348134
108.0,106.11000314622655
93.0,104.36000309601428
98.0,89.31000308744146
102.0,97.44000390430915
112.0,105.1000029466022
113.0,111.13000266859775
111.0,111.7400022901688
103.0,107.55000289149119
91.0,101.81000290863685
78.0,85.90000349526296
78.0,77.0100032417523
76.0,77.07000294047876
75.0,75.67000326869547
79.0,73.72000285107644
66.0,81.39000276412351
64.0,68.27000158842189
62.0,68.30000161414036
72.0,66.34000083523803
73.0,77.07000274452848
90.0,83.33000293802938
90.0,100.27000245060307
154.0,100.7100023575267
155.0,156.69999560826454
155.0,154.63999501796437
152.0,152.239994763229
146.0,144.85999619611536
135.0,139.06999605282672
130.0,126.93000022411812
122.0,126.83999971587211
137.0,113.85000280576295
110.0,129.59999965218827
95.0,98.81000331523364
92.0,92.31000338626562
100.0,92.70000360303563
93.0,99.99000330788552
75.0,94.45000353567771
73.0,74.16000185662882
72.0,68.62000141819009
80.0,70.4200023342576
80.0,82.25000334462618
87.0,85.19000339606313
95.0,94.10000401942993
76.0,103.60000330666084
79.0,82.77000188969542
95.0,85.04000260123985
120.0,101.6100026196102
117.0,130.7799994880799
105.0,122.54000104588457
101.0,100.2100029478269
97.0,98.12000229261817
96.00001,93.29000328584111
96.00001,96.62000335809778
75.0,95.42000311315994
65.0,74.25000228649472
60.0,66.32000120999292
65.0,61.64000001959502
68.0,70.39000183825848
59.0,70.38000214320608
61.0,59.939999463586126
93.0,64.53000089034904
79.0,97.11000279841481
93.0,80.66000288291838
116.0,94.3500033323793
139.0,126.90999918803107
116.0,137.63999807968733
115.0,116.22000189826825
116.0,118.56000131776558
156.0,119.42000111446717
129.0,156.94999515635422
117.0,126.77000055723357
112.0,114.72000163128601
97.0,108.17000263920522
85.0,88.67000324420168
86.0,80.53000269309155
85.0,82.69000305559955
85.0,80.78000310336243
72.0,79.88000291965903
63.0,68.50000155045652
61.0,64.7200009748526
68.0,63.23000038332771
77.0,70.47000167170074
85.0,79.93000300171322
89.0,85.10000308376739
77.0,91.34000353445302
73.0,80.56000279719011
63.0,78.80000281678515
55.0,69.44000074950978
55.0,63.09999993876554
50.0,56.659999826094136
45.0,54.56999964116607
41.0,50.40999950400088
33.0,49.7099994329689
52.0,45.63999937295913
60.0,52.83999964728951
54.0,62.27000048130286
57.0,54.209999450114545
59.0,59.28000019105151
59.0,60.38000011512079
50.0,60.359999706074596
45.0,54.70999980037566
53.0,46.82999917823355
58.0,54.27999982364476
59.0,61.96000013716519
70.0,62.760000039190054
65.0,76.48000255225229
63.0,69.6700013385853
62.0,64.84000060744584
59.0,63.55000063806307
62.0,59.4299996142229
73.0,61.760000435989355
54.0,72.56000252285975
52.0,54.98999951134901
56.0,49.619999336218456
52.0,55.679999652188265
58.0,54.12999947950709
60.0,61.50999990814831
70.0,62.30000042864122
71.0,73.04000258164481
66.0,72.25000249224252
79.0,65.99000124061016
74.0,80.88000295395034
73.0,73.31000238202049
64.0,70.85000203665814
59.0,62.54000047762879
59.0,59.409999440317044
56.0,60.37999960565008
68.0,58.299999938765545
68.0,70.3200021309592
69.0,71.38000194235705
76.0,69.26000216280111
83.0,77.09000311438463
78.0,84.06000219219366
72.0,81.99000241631178
